<?xml version="1.0" encoding="UTF-8"?>
<xigt-corpus>
<igt id="i70433">
  <metadata type="xigt-meta">
    <meta type="language" name="kotoko" iso-639-3="aal" tiers="phrases words morphemes"/>
    <meta type="language" name="English" iso-639-3="eng" tiers="translations"/>
    <meta type="odin-source" doc-id="4082" line-range="1116-1119" line-types="L+CR L+CR G T+LN"/>
  </metadata>
  <tier id="o" type="odin-raw">
    <item id="o1" line="1116" tag="L+CR">          c.   dar-`-d´</item>
    <item id="o2" line="1117" tag="L+CR">                 `ie</item>
    <item id="o3" line="1118" tag="G">               gun-pl-def</item>
    <item id="o4" line="1119" tag="T+LN">               `the guns' (Kotoko)</item>
  </tier>
  <tier id="c" type="odin-clean">
    <item id="c1" line="1116" tag="L+CR">dar-`-d´</item>
    <item id="c3" line="1118" tag="G">gun-pl-def</item>
    <item id="c4" line="1119" tag="T+LN">the guns' (Kotoko)</item>
  </tier>
  <tier id="p" type="phrases" content="c">
    <item id="p0" content="c1[0:8]"/>
  </tier>
  <tier id="g" type="glosses" content="c">
    <item id="g0" content="c3[0:10]" alignment="p1"/>
  </tier>
  <tier id="t" type="translations" content="c">
    <item id="t0" content="c4[0:18]" alignment="p1"/>
  </tier>
</igt>
</xigt-corpus>
