<?xml version="1.0" encoding="UTF-8"?>
<xigt-corpus>
<igt id="i129084">
  <metadata type="xigt-meta">
    <meta type="language" name="abe" iso-639-3="aba" tiers="phrases words morphemes"/>
    <meta type="language" name="English" iso-639-3="eng" tiers="translations"/>
    <meta type="odin-source" doc-id="4000" line-range="3243-3244" line-types="L+SY G"/>
  </metadata>
  <tier id="o" type="odin-raw">
    <item id="o1" line="3243" tag="L+SY">       13.   Yapii hE [kO Oj / ni, (j) ye sE].</item>
    <item id="o2" line="3244" tag="G">             Yapi said kO he            is handsome</item>
  </tier>
  <tier id="c" type="odin-clean">
    <item id="c1" line="3243" tag="L+SY">Yapii hE [kO Oj / ni, (j) ye sE].</item>
    <item id="c2" line="3244" tag="G">Yapi said kO he            is handsome</item>
  </tier>
  <tier id="p" type="phrases" content="c">
    <item id="p0" content="c1[0:33]"/>
  </tier>
  <tier id="g" type="glosses" content="c">
    <item id="g0" content="c2[0:38]" alignment="p1"/>
  </tier>
</igt>
<igt id="i129085">
  <metadata type="xigt-meta">
    <meta type="language" name="abe" iso-639-3="aba" tiers="phrases words morphemes"/>
    <meta type="language" name="English" iso-639-3="eng" tiers="translations"/>
    <meta type="odin-source" doc-id="4000" line-range="3251-3252" line-types="L+SY G"/>
  </metadata>
  <tier id="o" type="odin-raw">
    <item id="o1" line="3251" tag="L+SY">       14.   Yapii kolo ye nj, *i wu api.</item>
    <item id="o2" line="3252" tag="G">             Yapi wants ye he see Api</item>
  </tier>
  <tier id="c" type="odin-clean">
    <item id="c1" line="3251" tag="L+SY">Yapii kolo ye nj, *i wu api.</item>
    <item id="c2" line="3252" tag="G">Yapi wants ye he see Api</item>
  </tier>
  <tier id="p" type="phrases" content="c">
    <item id="p0" content="c1[0:28]"/>
  </tier>
  <tier id="g" type="glosses" content="c">
    <item id="g0" content="c2[0:24]" alignment="p1"/>
  </tier>
</igt>
</xigt-corpus>
