<?xml version="1.0" encoding="UTF-8"?>
<xigt-corpus>
<igt id="i1765">
  <metadata type="xigt-meta">
    <meta type="language" name="abkhaz" iso-639-3="abk" tiers="phrases words morphemes"/>
    <meta type="language" name="English" iso-639-3="eng" tiers="translations"/>
    <meta type="odin-source" doc-id="560" line-range="1241-1244" line-types="M+AC+LN L G T"/>
  </metadata>
  <tier id="o" type="odin-raw">
    <item id="o1" line="1241" tag="M+AC+LN">  (29) Abkhaz (Northwest Caucasian; Hewitt 1979:116)</item>
    <item id="o2" line="1242" tag="L">       \a-«cflk°'n y-y°n\</item>
    <item id="o3" line="1243" tag="G">       ART-boy     3SG-house</item>
    <item id="o4" line="1244" tag="T">       `the boy's house'</item>
  </tier>
  <tier id="c" type="odin-clean">
    <item id="c1" line="1241" tag="M+AC+LN">Abkhaz (Northwest Caucasian; Hewitt 1979:116</item>
    <item id="c2" line="1242" tag="L">\a-«cflk°'n y-y°n\</item>
    <item id="c3" line="1243" tag="G">ART-boy     3SG-house</item>
    <item id="c4" line="1244" tag="T">the boy's house</item>
  </tier>
  <tier id="p" type="phrases" content="c">
    <item id="p0" content="c2[0:18]"/>
  </tier>
  <tier id="g" type="glosses" content="c">
    <item id="g0" content="c3[0:21]" alignment="p1"/>
  </tier>
  <tier id="t" type="translations" content="c">
    <item id="t0" content="c4[0:15]" alignment="p1"/>
  </tier>
</igt>
<igt id="i1776">
  <metadata type="xigt-meta">
    <meta type="language" name="abkhaz" iso-639-3="abk" tiers="phrases words morphemes"/>
    <meta type="language" name="English" iso-639-3="eng" tiers="translations"/>
    <meta type="odin-source" doc-id="560" line-range="1355-1359" line-types="M+AC+LN L+CR L+CR G T"/>
  </metadata>
  <tier id="o" type="odin-raw">
    <item id="o1" line="1355" tag="M+AC+LN">  (36) Abkhaz (West Caucasian, Georgia; Hewitt 1989:67)</item>
    <item id="o2" line="1356" tag="L+CR">       a-p°ws               a-arp Ø-y+z-l-ÔÔwa-yt'</item>
    <item id="o3" line="1357" tag="L+CR">                a-ac'a</item>
    <item id="o4" line="1358" tag="G">         DET-woman DET-man           DET-shirt 3SG.P-3SG.M.IO+for-3SG.F.A-wash-AOR</item>
    <item id="o5" line="1359" tag="T">         `the woman washed the shirt for the man'</item>
  </tier>
  <tier id="c" type="odin-clean">
    <item id="c1" line="1355" tag="M+AC+LN">Abkhaz (West Caucasian, Georgia; Hewitt 1989:67</item>
    <item id="c2" line="1356 1357" tag="L+CR">a-p°ws  a-ac'a       a-arp Ø-y+z-l-ÔÔwa-yt</item>
    <item id="c4" line="1358" tag="G">DET-woman DET-man           DET-shirt 3SG.P-3SG.M.IO+for-3SG.F.A-wash-AOR</item>
    <item id="c5" line="1359" tag="T">the woman washed the shirt for the man</item>
  </tier>
  <tier id="p" type="phrases" content="c">
    <item id="p0" content="c2[0:42]"/>
  </tier>
  <tier id="g" type="glosses" content="c">
    <item id="g0" content="c4[0:73]" alignment="p1"/>
  </tier>
  <tier id="t" type="translations" content="c">
    <item id="t0" content="c5[0:38]" alignment="p1"/>
  </tier>
</igt>
<igt id="i1810">
  <metadata type="xigt-meta">
    <meta type="language" name="abkhaz" iso-639-3="abk" tiers="phrases words morphemes"/>
    <meta type="language" name="English" iso-639-3="eng" tiers="translations"/>
    <meta type="odin-source" doc-id="560" line-range="2379-2383" line-types="M+AC+LN L B G T"/>
  </metadata>
  <tier id="o" type="odin-raw">
    <item id="o1" line="2379" tag="M+AC+LN">  (55) Abkhaz (Northwest Caucasian; Hewitt 1979)</item>
    <item id="o2" line="2380" tag="L">       a. bz\ya b-z-bo-ytfl. [105]</item>
    <item id="o3" line="2381" tag="B">                        \</item>
    <item id="o4" line="2382" tag="G">            well    2SG.F-1SG-see-FIN</item>
    <item id="o5" line="2383" tag="T">           `I love you.'</item>
  </tier>
  <tier id="c" type="odin-clean">
    <item id="c1" line="2379" tag="M+AC+LN">Abkhaz (Northwest Caucasian; Hewitt 1979</item>
    <item id="c2" line="2380" tag="L">bz\ya b-z-bo-ytfl. [105]</item>
    <item id="c3" line="2381" tag="B">\</item>
    <item id="c4" line="2382" tag="G">well    2SG.F-1SG-see-FIN</item>
    <item id="c5" line="2383" tag="T">I love you.</item>
  </tier>
  <tier id="p" type="phrases" content="c">
    <item id="p0" content="c2[0:24]"/>
  </tier>
  <tier id="g" type="glosses" content="c">
    <item id="g0" content="c4[0:25]" alignment="p1"/>
  </tier>
  <tier id="t" type="translations" content="c">
    <item id="t0" content="c5[0:11]" alignment="p1"/>
  </tier>
</igt>
<igt id="i1811">
  <metadata type="xigt-meta">
    <meta type="language" name="abkhaz" iso-639-3="abk" tiers="phrases words morphemes"/>
    <meta type="language" name="English" iso-639-3="eng" tiers="translations"/>
    <meta type="odin-source" doc-id="560" line-range="2384-2387" line-types="L+CR L+CR G T"/>
  </metadata>
  <tier id="o" type="odin-raw">
    <item id="o1" line="2384" tag="L+CR">        b. b- ca-r,       b</item>
    <item id="o2" line="2385" tag="L+CR">                        d-b- b\o-n. [173]</item>
    <item id="o3" line="2386" tag="G">            2SG.F-go-if   3SG.HUM-2SG.F-see-FIN</item>
    <item id="o4" line="2387" tag="T">            `If you had gone, you would have seen him.'</item>
  </tier>
  <tier id="c" type="odin-clean">
    <item id="c1" line="2384" tag="L+CR">b-ca-r,       b</item>
    <item id="c3" line="2386" tag="G">2SG.F-go-if   3SG.HUM-2SG.F-see-FIN</item>
    <item id="c4" line="2387" tag="T">If you had gone, you would have seen him.</item>
  </tier>
  <tier id="p" type="phrases" content="c">
    <item id="p0" content="c1[0:15]"/>
  </tier>
  <tier id="g" type="glosses" content="c">
    <item id="g0" content="c3[0:35]" alignment="p1"/>
  </tier>
  <tier id="t" type="translations" content="c">
    <item id="t0" content="c4[0:41]" alignment="p1"/>
  </tier>
</igt>
<igt id="i6412">
  <metadata type="xigt-meta">
    <meta type="language" name="abkhaz" iso-639-3="abk" tiers="phrases words morphemes"/>
    <meta type="language" name="English" iso-639-3="eng" tiers="translations"/>
    <meta type="odin-source" doc-id="1702" line-range="188-192" line-types="M+AC+LN L+CR L+CR G T"/>
  </metadata>
  <tier id="o" type="odin-raw">
    <item id="o1" line="188" tag="M+AC+LN">  Abkhaz (Hewitt, p. 67)</item>
    <item id="o2" line="189" tag="L+CR">  a-p°ws a-ac'a a-arp             -y+z-l-ÔÔwa-yt'</item>
    <item id="o3" line="190" tag="L+CR">                              Ø</item>
    <item id="o4" line="191" tag="G">  DET-woman DET-man DET-shirt 3SG.P-3SG.M.IO+for-3SG.F.A-wash-AOR</item>
    <item id="o5" line="192" tag="T">  `The woman washed the shirt for the man.'</item>
  </tier>
  <tier id="c" type="odin-clean">
    <item id="c1" line="188" tag="M+AC+LN">Abkhaz (Hewitt, p. 67)</item>
    <item id="c2" line="189 190" tag="L+CR">a-p°ws a-ac'a a-arp        Ø-y+z-l-ÔÔwa-yt</item>
    <item id="c4" line="191" tag="G">DET-woman DET-man DET-shirt 3SG.P-3SG.M.IO+for-3SG.F.A-wash-AOR</item>
    <item id="c5" line="192" tag="T">The woman washed the shirt for the man.</item>
  </tier>
  <tier id="p" type="phrases" content="c">
    <item id="p0" content="c2[0:42]"/>
  </tier>
  <tier id="g" type="glosses" content="c">
    <item id="g0" content="c4[0:63]" alignment="p1"/>
  </tier>
  <tier id="t" type="translations" content="c">
    <item id="t0" content="c5[0:39]" alignment="p1"/>
  </tier>
</igt>
<igt id="i6413">
  <metadata type="xigt-meta">
    <meta type="language" name="abkhaz" iso-639-3="abk" tiers="phrases words morphemes"/>
    <meta type="language" name="English" iso-639-3="eng" tiers="translations"/>
    <meta type="odin-source" doc-id="1702" line-range="238-241" line-types="M+LN+CN L G T"/>
  </metadata>
  <tier id="o" type="odin-raw">
    <item id="o1" line="238" tag="M+LN+CN">  · Konfigurationelle Morphologie: Abkhaz</item>
    <item id="o2" line="239" tag="L">  a. bz\ya b-z-b\o-ytfl.</item>
    <item id="o3" line="240" tag="G">    well    2SG.F-1SG-see-FIN</item>
    <item id="o4" line="241" tag="T">     `I love you (O).'</item>
  </tier>
  <tier id="c" type="odin-clean">
    <item id="c1" line="238" tag="M+LN+CN">· Konfigurationelle Morphologie: Abkhaz</item>
    <item id="c2" line="239" tag="L">bz\ya b-z-b\o-ytfl.</item>
    <item id="c3" line="240" tag="G">well    2SG.F-1SG-see-FIN</item>
    <item id="c4" line="241" tag="T">I love you (O).</item>
  </tier>
  <tier id="p" type="phrases" content="c">
    <item id="p0" content="c2[0:19]"/>
  </tier>
  <tier id="g" type="glosses" content="c">
    <item id="g0" content="c3[0:25]" alignment="p1"/>
  </tier>
  <tier id="t" type="translations" content="c">
    <item id="t0" content="c4[0:15]" alignment="p1"/>
  </tier>
</igt>
<igt id="i6414">
  <metadata type="xigt-meta">
    <meta type="language" name="abkhaz" iso-639-3="abk" tiers="phrases words morphemes"/>
    <meta type="language" name="English" iso-639-3="eng" tiers="translations"/>
    <meta type="odin-source" doc-id="1702" line-range="242-244" line-types="L G T"/>
  </metadata>
  <tier id="o" type="odin-raw">
    <item id="o1" line="242" tag="L">  b. b-ca-r,         d-b-b\o-n.</item>
    <item id="o2" line="243" tag="G">    2SG.F-go-if     3SG.HUM-2SG.F-see-FIN</item>
    <item id="o3" line="244" tag="T">     `If you (S) had gone, you (A) would have seen him.'</item>
  </tier>
  <tier id="c" type="odin-clean">
    <item id="c1" line="242" tag="L">b-ca-r,         d-b-b\o-n.</item>
    <item id="c2" line="243" tag="G">2SG.F-go-if     3SG.HUM-2SG.F-see-FIN</item>
    <item id="c3" line="244" tag="T">If you (S) had gone, you (A) would have seen him.</item>
  </tier>
  <tier id="p" type="phrases" content="c">
    <item id="p0" content="c1[0:26]"/>
  </tier>
  <tier id="g" type="glosses" content="c">
    <item id="g0" content="c2[0:37]" alignment="p1"/>
  </tier>
  <tier id="t" type="translations" content="c">
    <item id="t0" content="c3[0:49]" alignment="p1"/>
  </tier>
</igt>
<igt id="i6415">
  <metadata type="xigt-meta">
    <meta type="language" name="abkhaz" iso-639-3="abk" tiers="phrases words morphemes"/>
    <meta type="language" name="English" iso-639-3="eng" tiers="translations"/>
    <meta type="odin-source" doc-id="1702" line-range="257-259" line-types="L G T"/>
  </metadata>
  <tier id="o" type="odin-raw">
    <item id="o1" line="257" tag="L">   a-ma-«s-x°\-l-c'</item>
    <item id="o2" line="258" tag="G">   ART-hand-foot-arc-out-come</item>
    <item id="o3" line="259" tag="T">   `elbow'</item>
  </tier>
  <tier id="c" type="odin-clean">
    <item id="c1" line="257" tag="L">a-ma-«s-x°\-l-c</item>
    <item id="c2" line="258" tag="G">ART-hand-foot-arc-out-come</item>
    <item id="c3" line="259" tag="T">elbow</item>
  </tier>
  <tier id="p" type="phrases" content="c">
    <item id="p0" content="c1[0:15]"/>
  </tier>
  <tier id="g" type="glosses" content="c">
    <item id="g0" content="c2[0:26]" alignment="p1"/>
  </tier>
  <tier id="t" type="translations" content="c">
    <item id="t0" content="c3[0:5]" alignment="p1"/>
  </tier>
</igt>
<igt id="i6416">
  <metadata type="xigt-meta">
    <meta type="language" name="abkhaz" iso-639-3="abk" tiers="phrases words morphemes"/>
    <meta type="language" name="English" iso-639-3="eng" tiers="translations"/>
    <meta type="odin-source" doc-id="1702" line-range="260-260" line-types="L-T"/>
  </metadata>
  <tier id="o" type="odin-raw">
    <item id="o1" line="260" tag="L-T">   cf. a-«s-x°a `heel'</item>
  </tier>
  <tier id="c" type="odin-clean">
    <item id="c1" line="260" tag="L-T">cf. a-«s-x°a `heel</item>
  </tier>
</igt>
<igt id="i6417">
  <metadata type="xigt-meta">
    <meta type="language" name="abkhaz" iso-639-3="abk" tiers="phrases words morphemes"/>
    <meta type="language" name="English" iso-639-3="eng" tiers="translations"/>
    <meta type="odin-source" doc-id="1702" line-range="261-261" line-types="L-T"/>
  </metadata>
  <tier id="o" type="odin-raw">
    <item id="o1" line="261" tag="L-T">       l-c' `come out, exit'</item>
  </tier>
  <tier id="c" type="odin-clean">
    <item id="c1" line="261" tag="L-T">l-c' `come out, exit</item>
  </tier>
</igt>
<igt id="i8278">
  <metadata type="xigt-meta">
    <meta type="language" name="abkhaz" iso-639-3="abk" tiers="phrases words morphemes"/>
    <meta type="language" name="English" iso-639-3="eng" tiers="translations"/>
    <meta type="odin-source" doc-id="3209" line-range="434-436" line-types="L G T"/>
  </metadata>
  <tier id="o" type="odin-raw">
    <item id="o1" line="434" tag="L">  (26) a . d«-z-ba-yt".</item>
    <item id="o2" line="435" tag="G">             3s.OBJ-1s.SBJ-see-AOR.FIN</item>
    <item id="o3" line="436" tag="T">             'I saw him.'</item>
  </tier>
  <tier id="c" type="odin-clean">
    <item id="c1" line="434" tag="L">a . d«-z-ba-yt".</item>
    <item id="c2" line="435" tag="G">3s.OBJ-1s.SBJ-see-AOR.FIN</item>
    <item id="c3" line="436" tag="T">I saw him.</item>
  </tier>
  <tier id="p" type="phrases" content="c">
    <item id="p0" content="c1[0:16]"/>
  </tier>
  <tier id="g" type="glosses" content="c">
    <item id="g0" content="c2[0:25]" alignment="p1"/>
  </tier>
  <tier id="t" type="translations" content="c">
    <item id="t0" content="c3[0:10]" alignment="p1"/>
  </tier>
</igt>
<igt id="i8279">
  <metadata type="xigt-meta">
    <meta type="language" name="abkhaz" iso-639-3="abk" tiers="phrases words morphemes"/>
    <meta type="language" name="English" iso-639-3="eng" tiers="translations"/>
    <meta type="odin-source" doc-id="3209" line-range="437-440" line-types="L+CR L+CR G T+AC"/>
  </metadata>
  <tier id="o" type="odin-raw">
    <item id="o1" line="437" tag="L+CR">        b. d-an«-z-ba                a-s&amp; "« (ø-)l«-s-ta-yt"</item>
    <item id="o2" line="438" tag="L+CR">                                         °q°                  .</item>
    <item id="o3" line="439" tag="G">            3s.OBJ-when-1s.SBJ-see the-book 3s.OBJ-3sf.IO-1s.SBJ-give-AOR</item>
    <item id="o4" line="440" tag="T+AC">           'When I saw her, I gave her the book.' (Hewitt 1987, 138)</item>
  </tier>
  <tier id="c" type="odin-clean">
    <item id="c1" line="437" tag="L+CR">d-an«-z-ba                a-s&amp; "« (ø-)l«-s-ta-yt</item>
    <item id="c3" line="439" tag="G">3s.OBJ-when-1s.SBJ-see the-book 3s.OBJ-3sf.IO-1s.SBJ-give-AOR</item>
    <item id="c4" line="440" tag="T+AC">When I saw her, I gave her the book.' (Hewitt 1987, 138)</item>
  </tier>
  <tier id="p" type="phrases" content="c">
    <item id="p0" content="c1[0:48]"/>
  </tier>
  <tier id="g" type="glosses" content="c">
    <item id="g0" content="c3[0:61]" alignment="p1"/>
  </tier>
  <tier id="t" type="translations" content="c">
    <item id="t0" content="c4[0:56]" alignment="p1"/>
  </tier>
</igt>
<igt id="i8280">
  <metadata type="xigt-meta">
    <meta type="language" name="abkhaz" iso-639-3="abk" tiers="phrases words morphemes"/>
    <meta type="language" name="English" iso-639-3="eng" tiers="translations"/>
    <meta type="odin-source" doc-id="3209" line-range="441-443" line-types="L G T+AC"/>
  </metadata>
  <tier id="o" type="odin-raw">
    <item id="o1" line="441" tag="L">        c. w«y d«-z-b(a)-àa-nJa</item>
    <item id="o2" line="442" tag="G">            he     3s.OBJ-1s.SBJ-see-before</item>
    <item id="o3" line="443" tag="T+AC">            'Before I saw him [they took him out of hospital].' (Hewitt 1987, 168)</item>
  </tier>
  <tier id="c" type="odin-clean">
    <item id="c1" line="441" tag="L">w«y d«-z-b(a)-àa-nJa</item>
    <item id="c2" line="442" tag="G">he     3s.OBJ-1s.SBJ-see-before</item>
    <item id="c3" line="443" tag="T+AC">Before I saw him [they took him out of hospital].' (Hewitt 1987, 168)</item>
  </tier>
  <tier id="p" type="phrases" content="c">
    <item id="p0" content="c1[0:20]"/>
  </tier>
  <tier id="g" type="glosses" content="c">
    <item id="g0" content="c2[0:31]" alignment="p1"/>
  </tier>
  <tier id="t" type="translations" content="c">
    <item id="t0" content="c3[0:69]" alignment="p1"/>
  </tier>
</igt>
<igt id="i9630">
  <metadata type="xigt-meta">
    <meta type="language" name="abkhaz" iso-639-3="abk" tiers="phrases words morphemes"/>
    <meta type="language" name="English" iso-639-3="eng" tiers="translations"/>
    <meta type="odin-source" doc-id="1927" line-range="92-94" line-types="L+LN G T"/>
  </metadata>
  <tier id="o" type="odin-raw">
    <item id="o1" line="92" tag="L+LN">       (1)         a-xàc'a a-p                                                                           Abkhaz</item>
    <item id="o2" line="93" tag="G">                   the-man the-woman                      the-book it(OBJ)-to.her-he(SUBJ)-gave-FINITE</item>
    <item id="o3" line="94" tag="T">                   `He gave it to her.'</item>
  </tier>
  <tier id="c" type="odin-clean">
    <item id="c1" line="92" tag="L+LN">a-xàc'a a-p                                                                           Abkhaz</item>
    <item id="c2" line="93" tag="G">the-man the-woman                      the-book it(OBJ)-to.her-he(SUBJ)-gave-FINITE</item>
    <item id="c3" line="94" tag="T">He gave it to her.</item>
  </tier>
  <tier id="p" type="phrases" content="c">
    <item id="p0" content="c1[0:92]"/>
  </tier>
  <tier id="g" type="glosses" content="c">
    <item id="g0" content="c2[0:83]" alignment="p1"/>
  </tier>
  <tier id="t" type="translations" content="c">
    <item id="t0" content="c3[0:18]" alignment="p1"/>
  </tier>
</igt>
<igt id="i22944">
  <metadata type="xigt-meta">
    <meta type="language" name="abkhaz" iso-639-3="abk" tiers="phrases words morphemes"/>
    <meta type="language" name="English" iso-639-3="eng" tiers="translations"/>
    <meta type="odin-source" doc-id="1241" line-range="912-915" line-types="M+AC+LN+CN L G T"/>
  </metadata>
  <tier id="o" type="odin-raw">
    <item id="o1" line="912" tag="M+AC+LN+CN">  (6)   Abkhaz postpositions (DM, Nichols 1986:60)</item>
    <item id="o2" line="913" tag="L">        a-jëyas a-q'në</item>
    <item id="o3" line="914" tag="G">        the-river its-at</item>
    <item id="o4" line="915" tag="T">        `at the river'</item>
  </tier>
  <tier id="c" type="odin-clean">
    <item id="c1" line="912" tag="M+AC+LN+CN">Abkhaz postpositions (DM, Nichols 1986:60</item>
    <item id="c2" line="913" tag="L">a-jëyas a-q'në</item>
    <item id="c3" line="914" tag="G">the-river its-at</item>
    <item id="c4" line="915" tag="T">at the river</item>
  </tier>
  <tier id="p" type="phrases" content="c">
    <item id="p0" content="c2[0:14]"/>
  </tier>
  <tier id="g" type="glosses" content="c">
    <item id="g0" content="c3[0:16]" alignment="p1"/>
  </tier>
  <tier id="t" type="translations" content="c">
    <item id="t0" content="c4[0:12]" alignment="p1"/>
  </tier>
</igt>
<igt id="i27321">
  <metadata type="xigt-meta">
    <meta type="language" name="abkhaz" iso-639-3="abk" tiers="phrases words morphemes"/>
    <meta type="language" name="English" iso-639-3="eng" tiers="translations"/>
    <meta type="odin-source" doc-id="3877" line-range="148-151" line-types="L+CR L+CR G T+AC"/>
  </metadata>
  <tier id="o" type="odin-raw">
    <item id="o1" line="148" tag="L+CR">             «                           a-sta-[a-a]x' d«-c´</item>
    <item id="o2" line="149" tag="L+CR">  (4)   d-an´-y-ba                       `                 a-yt'</item>
    <item id="o3" line="150" tag="G">        her-when-he-see.NON-FINAOR it-after            he-go-FINAOR</item>
    <item id="o4" line="151" tag="T+AC">        `After he saw her, he went' (Hewitt 1987: 151)</item>
  </tier>
  <tier id="c" type="odin-clean">
    <item id="c1" line="148" tag="L+CR">«                           a-sta-[a-a]x' d«-c´</item>
    <item id="c3" line="150" tag="G">her-when-he-see.NON-FINAOR it-after            he-go-FINAOR</item>
    <item id="c4" line="151" tag="T+AC">After he saw her, he went' (Hewitt 1987: 151)</item>
  </tier>
  <tier id="p" type="phrases" content="c">
    <item id="p0" content="c1[0:47]"/>
  </tier>
  <tier id="g" type="glosses" content="c">
    <item id="g0" content="c3[0:59]" alignment="p1"/>
  </tier>
  <tier id="t" type="translations" content="c">
    <item id="t0" content="c4[0:45]" alignment="p1"/>
  </tier>
</igt>
<igt id="i31789">
  <metadata type="xigt-meta">
    <meta type="language" name="abkhaz" iso-639-3="abk" tiers="phrases words morphemes"/>
    <meta type="language" name="English" iso-639-3="eng" tiers="translations"/>
    <meta type="odin-source" doc-id="1456" line-range="775-778" line-types="M+AC+LN L+DB G+DB T+DB"/>
  </metadata>
  <tier id="o" type="odin-raw">
    <item id="o1" line="775" tag="M+AC+LN">  (2)    Abkhaz (Northwest Caucasian, slightly adapted from Kathman (1994:133)):</item>
    <item id="o2" line="776" tag="L+DB">         a. sarà s -yw nà-le-yt'          b. Zaira sarà s -l-bé-yt'</item>
    <item id="o3" line="777" tag="G+DB">            1SG 1SG-in-come-AOR.ACT           Zaira 1SG 1SG-3SG.F.ERG-see-AOR.ACT</item>
    <item id="o4" line="778" tag="T+DB">            `I came in.'                      `Zaira saw me.'</item>
  </tier>
  <tier id="c" type="odin-clean">
    <item id="c1" line="775" tag="M+AC+LN">Abkhaz (Northwest Caucasian, slightly adapted from Kathman (1994:133)):</item>
    <item id="c2" line="776" tag="L+DB">sarà s-yw nà-le-yt'          b. Zaira sarà s-l-bé-yt</item>
    <item id="c3" line="777" tag="G+DB">1SG 1SG-in-come-AOR.ACT           Zaira 1SG 1SG-3SG.F.ERG-see-AOR.ACT</item>
    <item id="c4" line="778" tag="T+DB">I came in.'                      `Zaira saw me.</item>
  </tier>
  <tier id="p" type="phrases" content="c">
    <item id="p0" content="c2[0:52]"/>
  </tier>
  <tier id="g" type="glosses" content="c">
    <item id="g0" content="c3[0:69]" alignment="p1"/>
  </tier>
  <tier id="t" type="translations" content="c">
    <item id="t0" content="c4[0:47]" alignment="p1"/>
  </tier>
</igt>
<igt id="i31790">
  <metadata type="xigt-meta">
    <meta type="language" name="abkhaz" iso-639-3="abk" tiers="phrases words morphemes"/>
    <meta type="language" name="English" iso-639-3="eng" tiers="translations"/>
    <meta type="odin-source" doc-id="1456" line-range="785-787" line-types="L G T"/>
  </metadata>
  <tier id="o" type="odin-raw">
    <item id="o1" line="785" tag="L">          c. sarà Zaira d -z-gw -yt'</item>
    <item id="o2" line="786" tag="G">             1SG Zaira 3SG.H-1SG.ERG-kiss-   AOR.ACT</item>
    <item id="o3" line="787" tag="T">             `I kissed Zaira.'</item>
  </tier>
  <tier id="c" type="odin-clean">
    <item id="c1" line="785" tag="L">sarà Zaira d-z-gw-yt</item>
    <item id="c2" line="786" tag="G">1SG Zaira 3SG.H-1SG.ERG-kiss-AOR.ACT</item>
    <item id="c3" line="787" tag="T">I kissed Zaira.</item>
  </tier>
  <tier id="p" type="phrases" content="c">
    <item id="p0" content="c1[0:20]"/>
  </tier>
  <tier id="g" type="glosses" content="c">
    <item id="g0" content="c2[0:36]" alignment="p1"/>
  </tier>
  <tier id="t" type="translations" content="c">
    <item id="t0" content="c3[0:15]" alignment="p1"/>
  </tier>
</igt>
<igt id="i42709">
  <metadata type="xigt-meta">
    <meta type="language" name="abkhaz" iso-639-3="abk" tiers="phrases words morphemes"/>
    <meta type="language" name="English" iso-639-3="eng" tiers="translations"/>
    <meta type="odin-source" doc-id="3499" line-range="416-420" line-types="M+LN L G T M+AC"/>
  </metadata>
  <tier id="o" type="odin-raw">
    <item id="o1" line="416" tag="M+LN">  (48) Abkhaz</item>
    <item id="o2" line="417" tag="L">       à-        l-xatà</item>
    <item id="o3" line="418" tag="G">       ART-girl POSS.3SG-        INT</item>
    <item id="o4" line="419" tag="T">       `The girl herself.'</item>
    <item id="o5" line="420" tag="M+AC">       Hewitt (1989: 58)</item>
  </tier>
  <tier id="c" type="odin-clean">
    <item id="c1" line="416" tag="M+LN">Abkhaz</item>
    <item id="c2" line="417" tag="L">à-l-xatà</item>
    <item id="c3" line="418" tag="G">ART-girl POSS.3SG-INT</item>
    <item id="c4" line="419" tag="T">The girl herself.</item>
    <item id="c5" line="420" tag="M+AC">Hewitt (1989: 58)</item>
  </tier>
  <tier id="p" type="phrases" content="c">
    <item id="p0" content="c2[0:8]"/>
  </tier>
  <tier id="g" type="glosses" content="c">
    <item id="g0" content="c3[0:21]" alignment="p1"/>
  </tier>
  <tier id="t" type="translations" content="c">
    <item id="t0" content="c4[0:17]" alignment="p1"/>
  </tier>
</igt>
<igt id="i58133">
  <metadata type="xigt-meta">
    <meta type="language" name="abkhaz" iso-639-3="abk" tiers="phrases words morphemes"/>
    <meta type="language" name="English" iso-639-3="eng" tiers="translations"/>
    <meta type="odin-source" doc-id="3181" line-range="232-236" line-types="L+CR L+CR L+CR G T+AC"/>
  </metadata>
  <tier id="o" type="odin-raw">
    <item id="o1" line="232" tag="L+CR">                wy        ´- j ab</item>
    <item id="o2" line="233" tag="L+CR">                          a</item>
    <item id="o3" line="234" tag="L+CR">  (3 0 )   a.    ¢          £</item>
    <item id="o4" line="235" tag="G">                that.one art-girl</item>
    <item id="o5" line="236" tag="T+AC">                `that girl' (Abkhaz, Rijkhoff 2002:183)</item>
  </tier>
  <tier id="c" type="odin-clean">
    <item id="c1" line="232" tag="L+CR">wy        ´-j ab</item>
    <item id="c4" line="235" tag="G">that.one art-girl</item>
    <item id="c5" line="236" tag="T+AC">that girl' (Abkhaz, Rijkhoff 2002:183)</item>
  </tier>
  <tier id="p" type="phrases" content="c">
    <item id="p0" content="c1[0:16]"/>
  </tier>
  <tier id="g" type="glosses" content="c">
    <item id="g0" content="c4[0:17]" alignment="p1"/>
  </tier>
  <tier id="t" type="translations" content="c">
    <item id="t0" content="c5[0:38]" alignment="p1"/>
  </tier>
</igt>
<igt id="i58553">
  <metadata type="xigt-meta">
    <meta type="language" name="abkhaz" iso-639-3="abk" tiers="phrases words morphemes"/>
    <meta type="language" name="English" iso-639-3="eng" tiers="translations"/>
    <meta type="odin-source" doc-id="3186" line-range="462-464" line-types="L G T"/>
  </metadata>
  <tier id="o" type="odin-raw">
    <item id="o1" line="462" tag="L">   (22) ydEq9E9</item>
    <item id="o2" line="463" tag="G">        it-prev.-do-imp.</item>
    <item id="o3" line="464" tag="T">          `(You-s) do it!'</item>
  </tier>
  <tier id="c" type="odin-clean">
    <item id="c1" line="462" tag="L">ydEq9E9</item>
    <item id="c2" line="463" tag="G">it-prev.-do-imp.</item>
    <item id="c3" line="464" tag="T">(You-s) do it!</item>
  </tier>
  <tier id="p" type="phrases" content="c">
    <item id="p0" content="c1[0:7]"/>
  </tier>
  <tier id="g" type="glosses" content="c">
    <item id="g0" content="c2[0:16]" alignment="p1"/>
  </tier>
  <tier id="t" type="translations" content="c">
    <item id="t0" content="c3[0:14]" alignment="p1"/>
  </tier>
</igt>
<igt id="i58554">
  <metadata type="xigt-meta">
    <meta type="language" name="abkhaz" iso-639-3="abk" tiers="phrases words morphemes"/>
    <meta type="language" name="English" iso-639-3="eng" tiers="translations"/>
    <meta type="odin-source" doc-id="3186" line-range="472-474" line-types="L G T"/>
  </metadata>
  <tier id="o" type="odin-raw">
    <item id="o1" line="472" tag="L">   (23) ydEq9Ew E9</item>
    <item id="o2" line="473" tag="G">        it-prev.-you.p-do.imp</item>
    <item id="o3" line="474" tag="T">        `You-p do it!'</item>
  </tier>
  <tier id="c" type="odin-clean">
    <item id="c1" line="472" tag="L">ydEq9Ew E9</item>
    <item id="c2" line="473" tag="G">it-prev.-you.p-do.imp</item>
    <item id="c3" line="474" tag="T">You-p do it!</item>
  </tier>
  <tier id="p" type="phrases" content="c">
    <item id="p0" content="c1[0:10]"/>
  </tier>
  <tier id="g" type="glosses" content="c">
    <item id="g0" content="c2[0:21]" alignment="p1"/>
  </tier>
  <tier id="t" type="translations" content="c">
    <item id="t0" content="c3[0:12]" alignment="p1"/>
  </tier>
</igt>
<igt id="i58555">
  <metadata type="xigt-meta">
    <meta type="language" name="abkhaz" iso-639-3="abk" tiers="phrases words morphemes"/>
    <meta type="language" name="English" iso-639-3="eng" tiers="translations"/>
    <meta type="odin-source" doc-id="3186" line-range="480-482" line-types="L G T"/>
  </metadata>
  <tier id="o" type="odin-raw">
    <item id="o1" line="480" tag="L">   (24) w Etw 9</item>
    <item id="o2" line="481" tag="G">        you.p-sit.imp</item>
    <item id="o3" line="482" tag="T">        `You sit down!'</item>
  </tier>
  <tier id="c" type="odin-clean">
    <item id="c1" line="480" tag="L">w Etw 9</item>
    <item id="c2" line="481" tag="G">you.p-sit.imp</item>
    <item id="c3" line="482" tag="T">You sit down!</item>
  </tier>
  <tier id="p" type="phrases" content="c">
    <item id="p0" content="c1[0:7]"/>
  </tier>
  <tier id="g" type="glosses" content="c">
    <item id="g0" content="c2[0:13]" alignment="p1"/>
  </tier>
  <tier id="t" type="translations" content="c">
    <item id="t0" content="c3[0:13]" alignment="p1"/>
  </tier>
</igt>
<igt id="i58622">
  <metadata type="xigt-meta">
    <meta type="language" name="abkhaz" iso-639-3="abk" tiers="phrases words morphemes"/>
    <meta type="language" name="English" iso-639-3="eng" tiers="translations"/>
    <meta type="odin-source" doc-id="3186" line-range="1346-1349" line-types="L+CR L+CR G T"/>
  </metadata>
  <tier id="o" type="odin-raw">
    <item id="o1" line="1346" tag="L+CR">          a. w Etw 9</item>
    <item id="o2" line="1347" tag="L+CR">   (64)</item>
    <item id="o3" line="1348" tag="G">             2p-sit.imp</item>
    <item id="o4" line="1349" tag="T">             `Sit down!'</item>
  </tier>
  <tier id="c" type="odin-clean">
    <item id="c1" line="1346 1347" tag="L+CR">w Etw 9</item>
    <item id="c3" line="1348" tag="G">2p-sit.imp</item>
    <item id="c4" line="1349" tag="T">Sit down!</item>
  </tier>
  <tier id="p" type="phrases" content="c">
    <item id="p0" content="c1[0:7]"/>
  </tier>
  <tier id="g" type="glosses" content="c">
    <item id="g0" content="c3[0:10]" alignment="p1"/>
  </tier>
  <tier id="t" type="translations" content="c">
    <item id="t0" content="c4[0:9]" alignment="p1"/>
  </tier>
</igt>
<igt id="i58623">
  <metadata type="xigt-meta">
    <meta type="language" name="abkhaz" iso-639-3="abk" tiers="phrases words morphemes"/>
    <meta type="language" name="English" iso-639-3="eng" tiers="translations"/>
    <meta type="odin-source" doc-id="3186" line-range="1350-1354" line-types="L+CR L+CR L+CR G T"/>
  </metadata>
  <tier id="o" type="odin-raw">
    <item id="o1" line="1350" tag="L+CR">          b. Erxw</item>
    <item id="o2" line="1351" tag="L+CR">                        g9d Et¡ dp     E9  y</item>
    <item id="o3" line="1352" tag="L+CR">                                           d dEq9Ez        Xyt9</item>
    <item id="o4" line="1353" tag="G">             the-cattle also its-place it-in it-be-non.fin sub j</item>
    <item id="o5" line="1354" tag="T">             `Let the cattle also be in its place'</item>
  </tier>
  <tier id="c" type="odin-clean">
    <item id="c1" line="1350 1351 1352" tag="L+CR">Erxw       g9d Et¡ dp     E9 dydEq9Ez        Xyt9</item>
    <item id="c4" line="1353" tag="G">the-cattle also its-place it-in it-be-non.fin sub j</item>
    <item id="c5" line="1354" tag="T">Let the cattle also be in its place</item>
  </tier>
  <tier id="p" type="phrases" content="c">
    <item id="p0" content="c1[0:49]"/>
  </tier>
  <tier id="g" type="glosses" content="c">
    <item id="g0" content="c4[0:51]" alignment="p1"/>
  </tier>
  <tier id="t" type="translations" content="c">
    <item id="t0" content="c5[0:35]" alignment="p1"/>
  </tier>
</igt>
<igt id="i58695">
  <metadata type="xigt-meta">
    <meta type="language" name="abkhaz" iso-639-3="abk" tiers="phrases words morphemes"/>
    <meta type="language" name="English" iso-639-3="eng" tiers="translations"/>
    <meta type="odin-source" doc-id="3182" line-range="793-805" line-types="M+AC+LN+CN B L+CR L+CR B G B B L B G B T"/>
  </metadata>
  <tier id="o" type="odin-raw">
    <item id="o1" line="793" tag="M+AC+LN+CN">  (16) Abkhaz, relative clause with undergoer-coreference (Hewitt 1987: 201):</item>
    <item id="o2" line="794" tag="B"></item>
    <item id="o3" line="795" tag="L+CR">                   y´&gt;-y-ba(k *a)-z]REL                      à- *sa</item>
    <item id="o4" line="796" tag="L+CR">       [a-xàc»a</item>
    <item id="o5" line="797" tag="B"></item>
    <item id="o6" line="798" tag="G">       DET-man REL-3sm-see-(PL)-NFIN:PST.INDEF DET-women</item>
    <item id="o7" line="799" tag="B"></item>
    <item id="o8" line="800" tag="B"></item>
    <item id="o9" line="801" tag="L">       (ø-)z-d´&gt;r-wa-yt».</item>
    <item id="o10" line="802" tag="B"></item>
    <item id="o11" line="803" tag="G">       3pf.U-1s.A-know-DYN-FIN:PRS</item>
    <item id="o12" line="804" tag="B"></item>
    <item id="o13" line="805" tag="T">       `I know the women whom the man saw.'</item>
  </tier>
  <tier id="c" type="odin-clean">
    <item id="c1" line="793" tag="M+AC+LN+CN">Abkhaz, relative clause with undergoer-coreference (Hewitt 1987: 201):</item>
    <item id="c2" line="794" tag="B"/>
    <item id="c3" line="795 796" tag="L+CR">[a-xàc»a  y´&gt;-y-ba(k *a)-z]REL                      à-*sa</item>
    <item id="c5" line="797" tag="B"/>
    <item id="c6" line="798" tag="G">DET-man REL-3sm-see-(PL)-NFIN:PST.INDEF DET-women</item>
    <item id="c7" line="799" tag="B"/>
    <item id="c8" line="800" tag="B"/>
    <item id="c9" line="801" tag="L">(ø-)z-d´&gt;r-wa-yt».</item>
    <item id="c10" line="802" tag="B"/>
    <item id="c11" line="803" tag="G">3pf.U-1s.A-know-DYN-FIN:PRS</item>
    <item id="c12" line="804" tag="B"/>
    <item id="c13" line="805" tag="T">I know the women whom the man saw.</item>
  </tier>
  <tier id="p" type="phrases" content="c">
    <item id="p0" content="c3[0:57]"/>
    <item id="p1" content="c9[0:18]"/>
  </tier>
  <tier id="g" type="glosses" content="c">
    <item id="g0" content="c6[0:49]" alignment="p1"/>
    <item id="g1" content="c11[0:27]" alignment="p2"/>
  </tier>
  <tier id="t" type="translations" content="c">
    <item id="t0" content="c13[0:34]" alignment="p2"/>
  </tier>
</igt>
<igt id="i58696">
  <metadata type="xigt-meta">
    <meta type="language" name="abkhaz" iso-639-3="abk" tiers="phrases words morphemes"/>
    <meta type="language" name="English" iso-639-3="eng" tiers="translations"/>
    <meta type="odin-source" doc-id="3182" line-range="808-823" line-types="M+AC+LN+CN B L+CR L+CR B B G B M B B L B G B T"/>
  </metadata>
  <tier id="o" type="odin-raw">
    <item id="o1" line="808" tag="M+AC+LN+CN">  (17) Abkhaz, relative clause with actor-coreference (Hewitt 1987: 201):</item>
    <item id="o2" line="809" tag="B"></item>
    <item id="o3" line="810" tag="L+CR">       [a-p *´&gt;s        d´-z-s&amp;´-z]                          a-xàc»a</item>
    <item id="o4" line="811" tag="L+CR">                                      REL</item>
    <item id="o5" line="812" tag="B"></item>
    <item id="o6" line="813" tag="B"></item>
    <item id="o7" line="814" tag="G">       DET-woman        3sh-REL-kill-NFIN:PST.INDEF DET-man</item>
    <item id="o8" line="815" tag="B"></item>
    <item id="o9" line="816" tag="M">                                                                                                  17</item>
    <item id="o10" line="817" tag="B"></item>
    <item id="o11" line="818" tag="B"></item>
    <item id="o12" line="819" tag="L">       d-aa-ø-yt».</item>
    <item id="o13" line="820" tag="B"></item>
    <item id="o14" line="821" tag="G">       3sh-come-AOR-FIN</item>
    <item id="o15" line="822" tag="B"></item>
    <item id="o16" line="823" tag="T">       `The man who killed the woman came.'</item>
  </tier>
  <tier id="c" type="odin-clean">
    <item id="c1" line="808" tag="M+AC+LN+CN">Abkhaz, relative clause with actor-coreference (Hewitt 1987: 201):</item>
    <item id="c2" line="809" tag="B"/>
    <item id="c3" line="810 811" tag="L+CR">[a-p *´&gt;s        d´-z-s&amp;´-z]REL                       a-xàc»a</item>
    <item id="c5" line="812" tag="B"/>
    <item id="c6" line="813" tag="B"/>
    <item id="c7" line="814" tag="G">DET-woman        3sh-REL-kill-NFIN:PST.INDEF DET-man</item>
    <item id="c8" line="815" tag="B"/>
    <item id="c9" line="816" tag="M">17</item>
    <item id="c10" line="817" tag="B"/>
    <item id="c11" line="818" tag="B"/>
    <item id="c12" line="819" tag="L">d-aa-ø-yt».</item>
    <item id="c13" line="820" tag="B"/>
    <item id="c14" line="821" tag="G">3sh-come-AOR-FIN</item>
    <item id="c15" line="822" tag="B"/>
    <item id="c16" line="823" tag="T">The man who killed the woman came.</item>
  </tier>
  <tier id="p" type="phrases" content="c">
    <item id="p0" content="c3[0:61]"/>
    <item id="p1" content="c12[0:11]"/>
  </tier>
  <tier id="g" type="glosses" content="c">
    <item id="g0" content="c7[0:52]" alignment="p1"/>
    <item id="g1" content="c14[0:16]" alignment="p2"/>
  </tier>
  <tier id="t" type="translations" content="c">
    <item id="t0" content="c16[0:34]" alignment="p2"/>
  </tier>
</igt>
<igt id="i58697">
  <metadata type="xigt-meta">
    <meta type="language" name="abkhaz" iso-639-3="abk" tiers="phrases words morphemes"/>
    <meta type="language" name="English" iso-639-3="eng" tiers="translations"/>
    <meta type="odin-source" doc-id="3182" line-range="827-833" line-types="M+AC+LN B L B G B T"/>
  </metadata>
  <tier id="o" type="odin-raw">
    <item id="o1" line="827" tag="M+AC+LN">  (18) Abkhaz, dependent clause (Hewitt 1987: 138)</item>
    <item id="o2" line="828" tag="B"></item>
    <item id="o3" line="829" tag="L">        a. d´-z-ba-ø-yt».</item>
    <item id="o4" line="830" tag="B"></item>
    <item id="o5" line="831" tag="G">           3s.U-1s.A-see-AOR-FIN</item>
    <item id="o6" line="832" tag="B"></item>
    <item id="o7" line="833" tag="T">           `I saw him.'</item>
  </tier>
  <tier id="c" type="odin-clean">
    <item id="c1" line="827" tag="M+AC+LN">Abkhaz, dependent clause (Hewitt 1987: 138</item>
    <item id="c2" line="828" tag="B"/>
    <item id="c3" line="829" tag="L">d´-z-ba-ø-yt».</item>
    <item id="c4" line="830" tag="B"/>
    <item id="c5" line="831" tag="G">3s.U-1s.A-see-AOR-FIN</item>
    <item id="c6" line="832" tag="B"/>
    <item id="c7" line="833" tag="T">I saw him.</item>
  </tier>
  <tier id="p" type="phrases" content="c">
    <item id="p0" content="c3[0:14]"/>
  </tier>
  <tier id="g" type="glosses" content="c">
    <item id="g0" content="c5[0:21]" alignment="p1"/>
  </tier>
  <tier id="t" type="translations" content="c">
    <item id="t0" content="c7[0:10]" alignment="p1"/>
  </tier>
</igt>
<igt id="i58698">
  <metadata type="xigt-meta">
    <meta type="language" name="abkhaz" iso-639-3="abk" tiers="phrases words morphemes"/>
    <meta type="language" name="English" iso-639-3="eng" tiers="translations"/>
    <meta type="odin-source" doc-id="3182" line-range="836-840" line-types="L B G B T"/>
  </metadata>
  <tier id="o" type="odin-raw">
    <item id="o1" line="836" tag="L">        b. [d-an´&gt;-z-ba-ø]          a-s&amp; *q *»´&gt;   (ø-)l´&gt;-s-ta-yt».</item>
    <item id="o2" line="837" tag="B"></item>
    <item id="o3" line="838" tag="G">           3s.U-when-1s.A-see       the-book       3s.U-3sf.BEN-1s.A-give-AOR:FIN</item>
    <item id="o4" line="839" tag="B"></item>
    <item id="o5" line="840" tag="T">           `When I saw her, I gave her the book.'</item>
  </tier>
  <tier id="c" type="odin-clean">
    <item id="c1" line="836" tag="L">[d-an´&gt;-z-ba-ø]          a-s&amp; *q *»´&gt;   (ø-)l´&gt;-s-ta-yt».</item>
    <item id="c2" line="837" tag="B"/>
    <item id="c3" line="838" tag="G">3s.U-when-1s.A-see       the-book       3s.U-3sf.BEN-1s.A-give-AOR:FIN</item>
    <item id="c4" line="839" tag="B"/>
    <item id="c5" line="840" tag="T">When I saw her, I gave her the book.</item>
  </tier>
  <tier id="p" type="phrases" content="c">
    <item id="p0" content="c1[0:57]"/>
  </tier>
  <tier id="g" type="glosses" content="c">
    <item id="g0" content="c3[0:70]" alignment="p1"/>
  </tier>
  <tier id="t" type="translations" content="c">
    <item id="t0" content="c5[0:36]" alignment="p1"/>
  </tier>
</igt>
<igt id="i58699">
  <metadata type="xigt-meta">
    <meta type="language" name="abkhaz" iso-639-3="abk" tiers="phrases words morphemes"/>
    <meta type="language" name="English" iso-639-3="eng" tiers="translations"/>
    <meta type="odin-source" doc-id="3182" line-range="844-855" line-types="M+AC+LN B L B G B B L B G B T"/>
  </metadata>
  <tier id="o" type="odin-raw">
    <item id="o1" line="844" tag="M+AC+LN">  (19) Abkhaz, dependent clause (Hewitt 1987: 89):</item>
    <item id="o2" line="845" tag="B"></item>
    <item id="o3" line="846" tag="L">        [(a-)a&gt;s&amp; *a   (ø-)y´- *a-wà-zar],                          zag¤ ´&gt;     r-x´</item>
    <item id="o4" line="847" tag="B"></item>
    <item id="o5" line="848" tag="G">        DET-song 3snh.U-3sm.A-say-DYN-COND                    all             their-head</item>
    <item id="o6" line="849" tag="B"></item>
    <item id="o7" line="850" tag="B"></item>
    <item id="o8" line="851" tag="L">        (ø-)r´&gt;-x ¤-wa-yt».</item>
    <item id="o9" line="852" tag="B"></item>
    <item id="o10" line="853" tag="G">        3snh.U-3p.U-pain-DYN-FIN:PRS</item>
    <item id="o11" line="854" tag="B"></item>
    <item id="o12" line="855" tag="T">        `If he sings, everyone's head aches.'</item>
  </tier>
  <tier id="c" type="odin-clean">
    <item id="c1" line="844" tag="M+AC+LN">Abkhaz, dependent clause (Hewitt 1987: 89):</item>
    <item id="c2" line="845" tag="B"/>
    <item id="c3" line="846" tag="L">[(a-)a&gt;s&amp; *a   (ø-)y´-*a-wà-zar],                          zag¤ ´&gt;     r-x´</item>
    <item id="c4" line="847" tag="B"/>
    <item id="c5" line="848" tag="G">DET-song 3snh.U-3sm.A-say-DYN-COND                    all             their-head</item>
    <item id="c6" line="849" tag="B"/>
    <item id="c7" line="850" tag="B"/>
    <item id="c8" line="851" tag="L">(ø-)r´&gt;-x ¤-wa-yt».</item>
    <item id="c9" line="852" tag="B"/>
    <item id="c10" line="853" tag="G">3snh.U-3p.U-pain-DYN-FIN:PRS</item>
    <item id="c11" line="854" tag="B"/>
    <item id="c12" line="855" tag="T">If he sings, everyone's head aches.</item>
  </tier>
  <tier id="p" type="phrases" content="c">
    <item id="p0" content="c3[0:75]"/>
    <item id="p1" content="c8[0:19]"/>
  </tier>
  <tier id="g" type="glosses" content="c">
    <item id="g0" content="c5[0:80]" alignment="p1"/>
    <item id="g1" content="c10[0:28]" alignment="p2"/>
  </tier>
  <tier id="t" type="translations" content="c">
    <item id="t0" content="c12[0:35]" alignment="p2"/>
  </tier>
</igt>
<igt id="i73518">
  <metadata type="xigt-meta">
    <meta type="language" name="abkhaz" iso-639-3="abk" tiers="phrases words morphemes"/>
    <meta type="language" name="English" iso-639-3="eng" tiers="translations"/>
    <meta type="odin-source" doc-id="980" line-range="1783-1785" line-types="L G T"/>
  </metadata>
  <tier id="o" type="odin-raw">
    <item id="o1" line="1783" tag="L">  (32)   a.      a-c°g°\ a-la       y.a-ba.yt'</item>
    <item id="o2" line="1784" tag="G">                 def-cat def-dog 3i-3i-see-past26</item>
    <item id="o3" line="1785" tag="T">                 `The dog saw the cat.'</item>
  </tier>
  <tier id="c" type="odin-clean">
    <item id="c1" line="1783" tag="L">a-c°g°\ a-la       y.a-ba.yt</item>
    <item id="c2" line="1784" tag="G">def-cat def-dog 3i-3i-see-past26</item>
    <item id="c3" line="1785" tag="T">The dog saw the cat.</item>
  </tier>
  <tier id="p" type="phrases" content="c">
    <item id="p0" content="c1[0:28]"/>
  </tier>
  <tier id="g" type="glosses" content="c">
    <item id="g0" content="c2[0:32]" alignment="p1"/>
  </tier>
  <tier id="t" type="translations" content="c">
    <item id="t0" content="c3[0:20]" alignment="p1"/>
  </tier>
</igt>
<igt id="i73519">
  <metadata type="xigt-meta">
    <meta type="language" name="abkhaz" iso-639-3="abk" tiers="phrases words morphemes"/>
    <meta type="language" name="English" iso-639-3="eng" tiers="translations"/>
    <meta type="odin-source" doc-id="980" line-range="1806-1808" line-types="L G T+AC"/>
  </metadata>
  <tier id="o" type="odin-raw">
    <item id="o1" line="1806" tag="L">         b.      a-c°g°\ a-la       a-ba.yt'</item>
    <item id="o2" line="1807" tag="G">                 def-cat def-dog 3i-see-past</item>
    <item id="o3" line="1808" tag="T+AC">                 `The cat saw the dog.'                             (Anderson 1974)</item>
  </tier>
  <tier id="c" type="odin-clean">
    <item id="c1" line="1806" tag="L">a-c°g°\ a-la       a-ba.yt</item>
    <item id="c2" line="1807" tag="G">def-cat def-dog 3i-see-past</item>
    <item id="c3" line="1808" tag="T+AC">The cat saw the dog.'                             (Anderson 1974)</item>
  </tier>
  <tier id="p" type="phrases" content="c">
    <item id="p0" content="c1[0:26]"/>
  </tier>
  <tier id="g" type="glosses" content="c">
    <item id="g0" content="c2[0:27]" alignment="p1"/>
  </tier>
  <tier id="t" type="translations" content="c">
    <item id="t0" content="c3[0:65]" alignment="p1"/>
  </tier>
</igt>
<igt id="i73532">
  <metadata type="xigt-meta">
    <meta type="language" name="abkhaz" iso-639-3="abk" tiers="phrases words morphemes"/>
    <meta type="language" name="English" iso-639-3="eng" tiers="translations"/>
    <meta type="odin-source" doc-id="980" line-range="1988-1990" line-types="L G T"/>
  </metadata>
  <tier id="o" type="odin-raw">
    <item id="o1" line="1988" tag="L">  (40)   a.      a-c°g°\ a-la       y.a-ba.yt'</item>
    <item id="o2" line="1989" tag="G">                 def-cat def-dog 3i-3i-see-past</item>
    <item id="o3" line="1990" tag="T">                 `The dog saw the cat.'</item>
  </tier>
  <tier id="c" type="odin-clean">
    <item id="c1" line="1988" tag="L">a-c°g°\ a-la       y.a-ba.yt</item>
    <item id="c2" line="1989" tag="G">def-cat def-dog 3i-3i-see-past</item>
    <item id="c3" line="1990" tag="T">The dog saw the cat.</item>
  </tier>
  <tier id="p" type="phrases" content="c">
    <item id="p0" content="c1[0:28]"/>
  </tier>
  <tier id="g" type="glosses" content="c">
    <item id="g0" content="c2[0:30]" alignment="p1"/>
  </tier>
  <tier id="t" type="translations" content="c">
    <item id="t0" content="c3[0:20]" alignment="p1"/>
  </tier>
</igt>
<igt id="i73533">
  <metadata type="xigt-meta">
    <meta type="language" name="abkhaz" iso-639-3="abk" tiers="phrases words morphemes"/>
    <meta type="language" name="English" iso-639-3="eng" tiers="translations"/>
    <meta type="odin-source" doc-id="980" line-range="1992-1994" line-types="L G T+AC"/>
  </metadata>
  <tier id="o" type="odin-raw">
    <item id="o1" line="1992" tag="L">         b.      a-c°g°\ a-la       a-ba.yt'</item>
    <item id="o2" line="1993" tag="G">                 def-cat def-dog 3i-see-past</item>
    <item id="o3" line="1994" tag="T+AC">                 `The cat saw the dog.'                              (Anderson 1974)</item>
  </tier>
  <tier id="c" type="odin-clean">
    <item id="c1" line="1992" tag="L">a-c°g°\ a-la       a-ba.yt</item>
    <item id="c2" line="1993" tag="G">def-cat def-dog 3i-see-past</item>
    <item id="c3" line="1994" tag="T+AC">The cat saw the dog.'                              (Anderson 1974)</item>
  </tier>
  <tier id="p" type="phrases" content="c">
    <item id="p0" content="c1[0:26]"/>
  </tier>
  <tier id="g" type="glosses" content="c">
    <item id="g0" content="c2[0:27]" alignment="p1"/>
  </tier>
  <tier id="t" type="translations" content="c">
    <item id="t0" content="c3[0:66]" alignment="p1"/>
  </tier>
</igt>
<igt id="i75612">
  <metadata type="xigt-meta">
    <meta type="language" name="abkhaz" iso-639-3="abk" tiers="phrases words morphemes"/>
    <meta type="language" name="English" iso-639-3="eng" tiers="translations"/>
    <meta type="odin-source" doc-id="3695" line-range="1130-1133" line-types="M+AC+LN L G T"/>
  </metadata>
  <tier id="o" type="odin-raw">
    <item id="o1" line="1130" tag="M+AC+LN">  (23) Abkhaz (Northwest Caucasian; Hewitt 1979:116)</item>
    <item id="o2" line="1131" tag="L">       \a-Çcßk°'ún yú-y°n\ú</item>
    <item id="o3" line="1132" tag="G">        ART-boy      3SG-house</item>
    <item id="o4" line="1133" tag="T">        `the boy's house'</item>
  </tier>
  <tier id="c" type="odin-clean">
    <item id="c1" line="1130" tag="M+AC+LN">Abkhaz (Northwest Caucasian; Hewitt 1979:116</item>
    <item id="c2" line="1131" tag="L">\a-Çcßk°'ún yú-y°n\ú</item>
    <item id="c3" line="1132" tag="G">ART-boy      3SG-house</item>
    <item id="c4" line="1133" tag="T">the boy's house</item>
  </tier>
  <tier id="p" type="phrases" content="c">
    <item id="p0" content="c2[0:20]"/>
  </tier>
  <tier id="g" type="glosses" content="c">
    <item id="g0" content="c3[0:22]" alignment="p1"/>
  </tier>
  <tier id="t" type="translations" content="c">
    <item id="t0" content="c4[0:15]" alignment="p1"/>
  </tier>
</igt>
<igt id="i75650">
  <metadata type="xigt-meta">
    <meta type="language" name="abkhaz" iso-639-3="abk" tiers="phrases words morphemes"/>
    <meta type="language" name="English" iso-639-3="eng" tiers="translations"/>
    <meta type="odin-source" doc-id="3695" line-range="2188-2191" line-types="M+AC+LN L+EX G T"/>
  </metadata>
  <tier id="o" type="odin-raw">
    <item id="o1" line="2188" tag="M+AC+LN">  (48) Abkhaz (Northwest Caucasian; Hewitt 1979)</item>
    <item id="o2" line="2189" tag="L+EX">       a. bzÎúya bú-z-bÎo-ytß. [105]</item>
    <item id="o3" line="2190" tag="G">              well     2SG.F-1SG-see-FIN</item>
    <item id="o4" line="2191" tag="T">           `I love you.'</item>
  </tier>
  <tier id="c" type="odin-clean">
    <item id="c1" line="2188" tag="M+AC+LN">Abkhaz (Northwest Caucasian; Hewitt 1979</item>
    <item id="c2" line="2189" tag="L+EX">bzÎúya bú-z-bÎo-ytß. [105]</item>
    <item id="c3" line="2190" tag="G">well     2SG.F-1SG-see-FIN</item>
    <item id="c4" line="2191" tag="T">I love you.</item>
  </tier>
  <tier id="p" type="phrases" content="c">
    <item id="p0" content="c2[0:26]"/>
  </tier>
  <tier id="g" type="glosses" content="c">
    <item id="g0" content="c3[0:26]" alignment="p1"/>
  </tier>
  <tier id="t" type="translations" content="c">
    <item id="t0" content="c4[0:11]" alignment="p1"/>
  </tier>
</igt>
<igt id="i75651">
  <metadata type="xigt-meta">
    <meta type="language" name="abkhaz" iso-639-3="abk" tiers="phrases words morphemes"/>
    <meta type="language" name="English" iso-639-3="eng" tiers="translations"/>
    <meta type="odin-source" doc-id="3695" line-range="2192-2195" line-types="L+CR+EX L+CR G T"/>
  </metadata>
  <tier id="o" type="odin-raw">
    <item id="o1" line="2192" tag="L+CR+EX">                         dú-b-b\o-n. [173]</item>
    <item id="o2" line="2193" tag="L+CR">        b. b-ca-r,</item>
    <item id="o3" line="2194" tag="G">              2SG.F-go-if   3SG.HUM-2SG.F-see-FIN</item>
    <item id="o4" line="2195" tag="T">              `If you had gone, you would have seen him.'</item>
  </tier>
  <tier id="c" type="odin-clean">
    <item id="c1" line="2192 2193" tag="L+CR+EX">b-ca-r,       dú-b-b\o-n. [173]</item>
    <item id="c3" line="2194" tag="G">2SG.F-go-if   3SG.HUM-2SG.F-see-FIN</item>
    <item id="c4" line="2195" tag="T">If you had gone, you would have seen him.</item>
  </tier>
  <tier id="p" type="phrases" content="c">
    <item id="p0" content="c1[0:31]"/>
  </tier>
  <tier id="g" type="glosses" content="c">
    <item id="g0" content="c3[0:35]" alignment="p1"/>
  </tier>
  <tier id="t" type="translations" content="c">
    <item id="t0" content="c4[0:41]" alignment="p1"/>
  </tier>
</igt>
<igt id="i75688">
  <metadata type="xigt-meta">
    <meta type="language" name="abkhaz" iso-639-3="abk" tiers="phrases words morphemes"/>
    <meta type="language" name="English" iso-639-3="eng" tiers="translations"/>
    <meta type="odin-source" doc-id="3695" line-range="3018-3021" line-types="M+LN L+AC G T"/>
  </metadata>
  <tier id="o" type="odin-raw">
    <item id="o1" line="3018" tag="M+LN">  (67) Abkhaz (Northwest Caucasian; Abkhazia)28</item>
    <item id="o2" line="3019" tag="L+AC">       c. ÎAxra =yú-z\ú (Hewitt 1979: 113)</item>
    <item id="o3" line="3020" tag="G">                 Axra =3SG-for</item>
    <item id="o4" line="3021" tag="T">               `for Axra'</item>
  </tier>
  <tier id="c" type="odin-clean">
    <item id="c1" line="3018" tag="M+LN">Abkhaz (Northwest Caucasian; Abkhazia)28</item>
    <item id="c2" line="3019" tag="L+AC">ÎAxra =yú-z\ú (Hewitt 1979: 113)</item>
    <item id="c3" line="3020" tag="G">Axra =3SG-for</item>
    <item id="c4" line="3021" tag="T">for Axra</item>
  </tier>
  <tier id="p" type="phrases" content="c">
    <item id="p0" content="c2[0:32]"/>
  </tier>
  <tier id="g" type="glosses" content="c">
    <item id="g0" content="c3[0:13]" alignment="p1"/>
  </tier>
  <tier id="t" type="translations" content="c">
    <item id="t0" content="c4[0:8]" alignment="p1"/>
  </tier>
</igt>
<igt id="i75689">
  <metadata type="xigt-meta">
    <meta type="language" name="abkhaz" iso-639-3="abk" tiers="phrases words morphemes"/>
    <meta type="language" name="English" iso-639-3="eng" tiers="translations"/>
    <meta type="odin-source" doc-id="3695" line-range="3022-3024" line-types="L+AC G T"/>
  </metadata>
  <tier id="o" type="odin-raw">
    <item id="o1" line="3022" tag="L+AC">            b. a-y°n      =a-q'n\ú. (Hewitt 1979: 103)</item>
    <item id="o2" line="3023" tag="G">                 DET-house =3SG.NHUM-at</item>
    <item id="o3" line="3024" tag="T">                 `at home'</item>
  </tier>
  <tier id="c" type="odin-clean">
    <item id="c1" line="3022" tag="L+AC">a-y°n      =a-q'n\ú. (Hewitt 1979: 103)</item>
    <item id="c2" line="3023" tag="G">DET-house =3SG.NHUM-at</item>
    <item id="c3" line="3024" tag="T">at home</item>
  </tier>
  <tier id="p" type="phrases" content="c">
    <item id="p0" content="c1[0:39]"/>
  </tier>
  <tier id="g" type="glosses" content="c">
    <item id="g0" content="c2[0:22]" alignment="p1"/>
  </tier>
  <tier id="t" type="translations" content="c">
    <item id="t0" content="c3[0:7]" alignment="p1"/>
  </tier>
</igt>
<igt id="i75690">
  <metadata type="xigt-meta">
    <meta type="language" name="abkhaz" iso-639-3="abk" tiers="phrases words morphemes"/>
    <meta type="language" name="English" iso-639-3="eng" tiers="translations"/>
    <meta type="odin-source" doc-id="3695" line-range="3025-3027" line-types="L+AC G T"/>
  </metadata>
  <tier id="o" type="odin-raw">
    <item id="o1" line="3025" tag="L+AC">            c.   apsn|ú a-ps                    a-b|a-ra. (Comrie 1981b: 233)</item>
    <item id="o2" line="3026" tag="G">                 Abkhazia 3SG.NHUM-soul         3SG.NHUM-see-ABSTRACT</item>
    <item id="o3" line="3027" tag="T">                 `Abkhazia's beauty' (literally `Abkhazia its-soul its-sight')</item>
  </tier>
  <tier id="c" type="odin-clean">
    <item id="c1" line="3025" tag="L+AC">apsn|ú a-ps                    a-b|a-ra. (Comrie 1981b: 233)</item>
    <item id="c2" line="3026" tag="G">Abkhazia 3SG.NHUM-soul         3SG.NHUM-see-ABSTRACT</item>
    <item id="c3" line="3027" tag="T">Abkhazia's beauty' (literally `Abkhazia its-soul its-sight')</item>
  </tier>
  <tier id="p" type="phrases" content="c">
    <item id="p0" content="c1[0:60]"/>
  </tier>
  <tier id="g" type="glosses" content="c">
    <item id="g0" content="c2[0:52]" alignment="p1"/>
  </tier>
  <tier id="t" type="translations" content="c">
    <item id="t0" content="c3[0:60]" alignment="p1"/>
  </tier>
</igt>
<igt id="i75712">
  <metadata type="xigt-meta">
    <meta type="language" name="abkhaz" iso-639-3="abk" tiers="phrases words morphemes"/>
    <meta type="language" name="English" iso-639-3="eng" tiers="translations"/>
    <meta type="odin-source" doc-id="3695" line-range="3310-3313" line-types="M+AC+LN L G T"/>
  </metadata>
  <tier id="o" type="odin-raw">
    <item id="o1" line="3310" tag="M+AC+LN">  (79) Abkhaz (Northwest Caucasian; Anderson 1974)</item>
    <item id="o2" line="3311" tag="L">       a. a-ph°ús           d-Çzac°'ad.</item>
    <item id="o3" line="3312" tag="G">             ART-woman            3SG.HUM.S-sit.up:PT</item>
    <item id="o4" line="3313" tag="T">           `The woman sat up.'</item>
  </tier>
  <tier id="c" type="odin-clean">
    <item id="c1" line="3310" tag="M+AC+LN">Abkhaz (Northwest Caucasian; Anderson 1974</item>
    <item id="c2" line="3311" tag="L">a-ph°ús           d-Çzac°'ad.</item>
    <item id="c3" line="3312" tag="G">ART-woman            3SG.HUM.S-sit.up:PT</item>
    <item id="c4" line="3313" tag="T">The woman sat up.</item>
  </tier>
  <tier id="p" type="phrases" content="c">
    <item id="p0" content="c2[0:29]"/>
  </tier>
  <tier id="g" type="glosses" content="c">
    <item id="g0" content="c3[0:40]" alignment="p1"/>
  </tier>
  <tier id="t" type="translations" content="c">
    <item id="t0" content="c4[0:17]" alignment="p1"/>
  </tier>
</igt>
<igt id="i75713">
  <metadata type="xigt-meta">
    <meta type="language" name="abkhaz" iso-639-3="abk" tiers="phrases words morphemes"/>
    <meta type="language" name="English" iso-639-3="eng" tiers="translations"/>
    <meta type="odin-source" doc-id="3695" line-range="3314-3316" line-types="L G T"/>
  </metadata>
  <tier id="o" type="odin-raw">
    <item id="o1" line="3314" tag="L">        b. a-qac°a-k°a       nxayd.</item>
    <item id="o2" line="3315" tag="G">             ART-man-PL           work:PRES</item>
    <item id="o3" line="3316" tag="T">             `The men are working.'</item>
  </tier>
  <tier id="c" type="odin-clean">
    <item id="c1" line="3314" tag="L">a-qac°a-k°a       nxayd.</item>
    <item id="c2" line="3315" tag="G">ART-man-PL           work:PRES</item>
    <item id="c3" line="3316" tag="T">The men are working.</item>
  </tier>
  <tier id="p" type="phrases" content="c">
    <item id="p0" content="c1[0:24]"/>
  </tier>
  <tier id="g" type="glosses" content="c">
    <item id="g0" content="c2[0:30]" alignment="p1"/>
  </tier>
  <tier id="t" type="translations" content="c">
    <item id="t0" content="c3[0:20]" alignment="p1"/>
  </tier>
</igt>
<igt id="i75714">
  <metadata type="xigt-meta">
    <meta type="language" name="abkhaz" iso-639-3="abk" tiers="phrases words morphemes"/>
    <meta type="language" name="English" iso-639-3="eng" tiers="translations"/>
    <meta type="odin-source" doc-id="3695" line-range="3317-3320" line-types="L+CR L+CR G T"/>
  </metadata>
  <tier id="o" type="odin-raw">
    <item id="o1" line="3317" tag="L+CR">                                                  yú-nxayd.</item>
    <item id="o2" line="3318" tag="L+CR">        c.   a-qac°a-k°a       waxc°'a</item>
    <item id="o3" line="3319" tag="G">             ART-man-PL           today        3PL.S-work:PRES</item>
    <item id="o4" line="3320" tag="T">             `The men are working today.'</item>
  </tier>
  <tier id="c" type="odin-clean">
    <item id="c1" line="3317 3318" tag="L+CR">a-qac°a-k°a       waxc°'a         yú-nxayd.</item>
    <item id="c3" line="3319" tag="G">ART-man-PL           today        3PL.S-work:PRES</item>
    <item id="c4" line="3320" tag="T">The men are working today.</item>
  </tier>
  <tier id="p" type="phrases" content="c">
    <item id="p0" content="c1[0:43]"/>
  </tier>
  <tier id="g" type="glosses" content="c">
    <item id="g0" content="c3[0:49]" alignment="p1"/>
  </tier>
  <tier id="t" type="translations" content="c">
    <item id="t0" content="c4[0:26]" alignment="p1"/>
  </tier>
</igt>
<igt id="i78213">
  <metadata type="xigt-meta">
    <meta type="language" name="abkhaz" iso-639-3="abk" tiers="phrases words morphemes"/>
    <meta type="language" name="English" iso-639-3="eng" tiers="translations"/>
    <meta type="odin-source" doc-id="2508" line-range="2010-2013" line-types="M+AC+LN L G T"/>
  </metadata>
  <tier id="o" type="odin-raw">
    <item id="o1" line="2010" tag="M+AC+LN">  (9) Abkhaz (Spruit, pc.)</item>
    <item id="o2" line="2011" tag="L">       A °-g´ `    d -s -m-ba-yt'.</item>
    <item id="o3" line="2012" tag="G">       INDEF -even him-I-NEG -see-DECL</item>
    <item id="o4" line="2013" tag="T">      `I saw no-one.'</item>
  </tier>
  <tier id="c" type="odin-clean">
    <item id="c1" line="2010" tag="M+AC+LN">Abkhaz (Spruit, pc.</item>
    <item id="c2" line="2011" tag="L">A °-g´ `    d-s-m-ba-yt'.</item>
    <item id="c3" line="2012" tag="G">INDEF-even him-I-NEG-see-DECL</item>
    <item id="c4" line="2013" tag="T">I saw no-one.</item>
  </tier>
  <tier id="p" type="phrases" content="c">
    <item id="p0" content="c2[0:25]"/>
  </tier>
  <tier id="g" type="glosses" content="c">
    <item id="g0" content="c3[0:29]" alignment="p1"/>
  </tier>
  <tier id="t" type="translations" content="c">
    <item id="t0" content="c4[0:13]" alignment="p1"/>
  </tier>
</igt>
<igt id="i78242">
  <metadata type="xigt-meta">
    <meta type="language" name="abkhaz" iso-639-3="abk" tiers="phrases words morphemes"/>
    <meta type="language" name="English" iso-639-3="eng" tiers="translations"/>
    <meta type="odin-source" doc-id="2508" line-range="2649-2652" line-types="M+AC+LN L G T"/>
  </metadata>
  <tier id="o" type="odin-raw">
    <item id="o1" line="2649" tag="M+AC+LN">  (45) Abkhaz (A. Spruit, pc)</item>
    <item id="o2" line="2650" tag="L">       a. A °+g´ `       d -s -m-ba-yt'</item>
    <item id="o3" line="2651" tag="G">           INDEF +even him-I-NEG -see-DECL</item>
    <item id="o4" line="2652" tag="T">          `I saw no-one.'</item>
  </tier>
  <tier id="c" type="odin-clean">
    <item id="c1" line="2649" tag="M+AC+LN">Abkhaz (A. Spruit, pc</item>
    <item id="c2" line="2650" tag="L">A °+g´ `       d-s-m-ba-yt</item>
    <item id="c3" line="2651" tag="G">INDEF +even him-I-NEG-see-DECL</item>
    <item id="c4" line="2652" tag="T">I saw no-one.</item>
  </tier>
  <tier id="p" type="phrases" content="c">
    <item id="p0" content="c2[0:26]"/>
  </tier>
  <tier id="g" type="glosses" content="c">
    <item id="g0" content="c3[0:30]" alignment="p1"/>
  </tier>
  <tier id="t" type="translations" content="c">
    <item id="t0" content="c4[0:13]" alignment="p1"/>
  </tier>
</igt>
<igt id="i78243">
  <metadata type="xigt-meta">
    <meta type="language" name="abkhaz" iso-639-3="abk" tiers="phrases words morphemes"/>
    <meta type="language" name="English" iso-639-3="eng" tiers="translations"/>
    <meta type="odin-source" doc-id="2508" line-range="2654-2656" line-types="L G T"/>
  </metadata>
  <tier id="o" type="odin-raw">
    <item id="o1" line="2654" tag="L">        b.    A°     d -s -m-ba-yt'</item>
    <item id="o2" line="2655" tag="G">              INDEF him-I-NEG -see-DECL</item>
    <item id="o3" line="2656" tag="T">             `I saw no-one.'</item>
  </tier>
  <tier id="c" type="odin-clean">
    <item id="c1" line="2654" tag="L">A°     d-s-m-ba-yt</item>
    <item id="c2" line="2655" tag="G">INDEF him-I-NEG-see-DECL</item>
    <item id="c3" line="2656" tag="T">I saw no-one.</item>
  </tier>
  <tier id="p" type="phrases" content="c">
    <item id="p0" content="c1[0:18]"/>
  </tier>
  <tier id="g" type="glosses" content="c">
    <item id="g0" content="c2[0:24]" alignment="p1"/>
  </tier>
  <tier id="t" type="translations" content="c">
    <item id="t0" content="c3[0:13]" alignment="p1"/>
  </tier>
</igt>
<igt id="i91698">
  <metadata type="xigt-meta">
    <meta type="language" name="abkhaz" iso-639-3="abk" tiers="phrases words morphemes"/>
    <meta type="language" name="English" iso-639-3="eng" tiers="translations"/>
    <meta type="odin-source" doc-id="3766" line-range="2010-2013" line-types="M+AC+LN L G T"/>
  </metadata>
  <tier id="o" type="odin-raw">
    <item id="o1" line="2010" tag="M+AC+LN">  (9) Abkhaz (Spruit, pc.)</item>
    <item id="o2" line="2011" tag="L">       A °-g´ `    d -s -m-ba-yt'.</item>
    <item id="o3" line="2012" tag="G">       INDEF -even him-I-NEG -see-DECL</item>
    <item id="o4" line="2013" tag="T">      `I saw no-one.'</item>
  </tier>
  <tier id="c" type="odin-clean">
    <item id="c1" line="2010" tag="M+AC+LN">Abkhaz (Spruit, pc.</item>
    <item id="c2" line="2011" tag="L">A °-g´ `    d-s-m-ba-yt'.</item>
    <item id="c3" line="2012" tag="G">INDEF-even him-I-NEG-see-DECL</item>
    <item id="c4" line="2013" tag="T">I saw no-one.</item>
  </tier>
  <tier id="p" type="phrases" content="c">
    <item id="p0" content="c2[0:25]"/>
  </tier>
  <tier id="g" type="glosses" content="c">
    <item id="g0" content="c3[0:29]" alignment="p1"/>
  </tier>
  <tier id="t" type="translations" content="c">
    <item id="t0" content="c4[0:13]" alignment="p1"/>
  </tier>
</igt>
<igt id="i91727">
  <metadata type="xigt-meta">
    <meta type="language" name="abkhaz" iso-639-3="abk" tiers="phrases words morphemes"/>
    <meta type="language" name="English" iso-639-3="eng" tiers="translations"/>
    <meta type="odin-source" doc-id="3766" line-range="2649-2652" line-types="M+AC+LN L G T"/>
  </metadata>
  <tier id="o" type="odin-raw">
    <item id="o1" line="2649" tag="M+AC+LN">  (45) Abkhaz (A. Spruit, pc)</item>
    <item id="o2" line="2650" tag="L">       a. A °+g´ `       d -s -m-ba-yt'</item>
    <item id="o3" line="2651" tag="G">           INDEF +even him-I-NEG -see-DECL</item>
    <item id="o4" line="2652" tag="T">          `I saw no-one.'</item>
  </tier>
  <tier id="c" type="odin-clean">
    <item id="c1" line="2649" tag="M+AC+LN">Abkhaz (A. Spruit, pc</item>
    <item id="c2" line="2650" tag="L">A °+g´ `       d-s-m-ba-yt</item>
    <item id="c3" line="2651" tag="G">INDEF +even him-I-NEG-see-DECL</item>
    <item id="c4" line="2652" tag="T">I saw no-one.</item>
  </tier>
  <tier id="p" type="phrases" content="c">
    <item id="p0" content="c2[0:26]"/>
  </tier>
  <tier id="g" type="glosses" content="c">
    <item id="g0" content="c3[0:30]" alignment="p1"/>
  </tier>
  <tier id="t" type="translations" content="c">
    <item id="t0" content="c4[0:13]" alignment="p1"/>
  </tier>
</igt>
<igt id="i91728">
  <metadata type="xigt-meta">
    <meta type="language" name="abkhaz" iso-639-3="abk" tiers="phrases words morphemes"/>
    <meta type="language" name="English" iso-639-3="eng" tiers="translations"/>
    <meta type="odin-source" doc-id="3766" line-range="2654-2656" line-types="L G T"/>
  </metadata>
  <tier id="o" type="odin-raw">
    <item id="o1" line="2654" tag="L">        b.    A°     d -s -m-ba-yt'</item>
    <item id="o2" line="2655" tag="G">              INDEF him-I-NEG -see-DECL</item>
    <item id="o3" line="2656" tag="T">             `I saw no-one.'</item>
  </tier>
  <tier id="c" type="odin-clean">
    <item id="c1" line="2654" tag="L">A°     d-s-m-ba-yt</item>
    <item id="c2" line="2655" tag="G">INDEF him-I-NEG-see-DECL</item>
    <item id="c3" line="2656" tag="T">I saw no-one.</item>
  </tier>
  <tier id="p" type="phrases" content="c">
    <item id="p0" content="c1[0:18]"/>
  </tier>
  <tier id="g" type="glosses" content="c">
    <item id="g0" content="c2[0:24]" alignment="p1"/>
  </tier>
  <tier id="t" type="translations" content="c">
    <item id="t0" content="c3[0:13]" alignment="p1"/>
  </tier>
</igt>
<igt id="i102983">
  <metadata type="xigt-meta">
    <meta type="language" name="abkhaz" iso-639-3="abk" tiers="phrases words morphemes"/>
    <meta type="language" name="English" iso-639-3="eng" tiers="translations"/>
    <meta type="odin-source" doc-id="1336" line-range="168-170" line-types="L G T"/>
  </metadata>
  <tier id="o" type="odin-raw">
    <item id="o1" line="168" tag="L">  (3) a-la-k°a        bz#`Eya-k°a</item>
    <item id="o2" line="169" tag="G">      ART-dog-PL good-PL</item>
    <item id="o3" line="170" tag="T">      `the good dogs'</item>
  </tier>
  <tier id="c" type="odin-clean">
    <item id="c1" line="168" tag="L">a-la-k°a        bz#`Eya-k°a</item>
    <item id="c2" line="169" tag="G">ART-dog-PL good-PL</item>
    <item id="c3" line="170" tag="T">the good dogs</item>
  </tier>
  <tier id="p" type="phrases" content="c">
    <item id="p0" content="c1[0:27]"/>
  </tier>
  <tier id="g" type="glosses" content="c">
    <item id="g0" content="c2[0:18]" alignment="p1"/>
  </tier>
  <tier id="t" type="translations" content="c">
    <item id="t0" content="c3[0:13]" alignment="p1"/>
  </tier>
</igt>
<igt id="i102984">
  <metadata type="xigt-meta">
    <meta type="language" name="abkhaz" iso-639-3="abk" tiers="phrases words morphemes"/>
    <meta type="language" name="English" iso-639-3="eng" tiers="translations"/>
    <meta type="odin-source" doc-id="1336" line-range="172-174" line-types="L G T"/>
  </metadata>
  <tier id="o" type="odin-raw">
    <item id="o1" line="172" tag="L">  (4) a-la        bz#`Eya-k°a</item>
    <item id="o2" line="173" tag="G">      ART-dog good-PL</item>
    <item id="o3" line="174" tag="T">      `the good dogs'</item>
  </tier>
  <tier id="c" type="odin-clean">
    <item id="c1" line="172" tag="L">a-la        bz#`Eya-k°a</item>
    <item id="c2" line="173" tag="G">ART-dog good-PL</item>
    <item id="c3" line="174" tag="T">the good dogs</item>
  </tier>
  <tier id="p" type="phrases" content="c">
    <item id="p0" content="c1[0:23]"/>
  </tier>
  <tier id="g" type="glosses" content="c">
    <item id="g0" content="c2[0:15]" alignment="p1"/>
  </tier>
  <tier id="t" type="translations" content="c">
    <item id="t0" content="c3[0:13]" alignment="p1"/>
  </tier>
</igt>
<igt id="i116030">
  <metadata type="xigt-meta">
    <meta type="language" name="abkhaz" iso-639-3="abk" tiers="phrases words morphemes"/>
    <meta type="language" name="English" iso-639-3="eng" tiers="translations"/>
    <meta type="odin-source" doc-id="3667" line-range="10582-10589" line-types="M+LN+CR+EX M+CR L+CR L+CR G+CR G+CR B T"/>
  </metadata>
  <tier id="o" type="odin-raw">
    <item id="o1" line="10582" tag="M+LN+CR+EX">           Abkhaz: universal quantification</item>
    <item id="o2" line="10583" tag="M+CR">  (44)</item>
    <item id="o3" line="10584" tag="L+CR">           a. a-kha-cva                     a-cva     -r-fa-wa-yt'</item>
    <item id="o4" line="10585" tag="L+CR">                               r -zeg</item>
    <item id="o5" line="10586" tag="G+CR">              DEF-man-PL       3PL.POSS-all GNR-apple 3NHUM-3PL.A-eat-PRS-</item>
    <item id="o6" line="10587" tag="G+CR">                                                      DYN:FIN</item>
    <item id="o7" line="10588" tag="B"></item>
    <item id="o8" line="10589" tag="T">                 `All the men are eating apples.'</item>
  </tier>
  <tier id="c" type="odin-clean">
    <item id="c1" line="10582 10583" tag="M+LN+CR+EX">universal quantification</item>
    <item id="c3" line="10584 10585" tag="L+CR">a-kha-cva        r-zeg       a-cva-r-fa-wa-yt</item>
    <item id="c5" line="10586" tag="G+CR">DEF-man-PL       3PL.POSS-all GNR-apple 3NHUM-3PL.A-eat-PRS-</item>
    <item id="c7" line="10588" tag="B"/>
    <item id="c8" line="10589" tag="T">All the men are eating apples.</item>
  </tier>
  <tier id="p" type="phrases" content="c">
    <item id="p0" content="c3[0:45]"/>
  </tier>
  <tier id="g" type="glosses" content="c">
    <item id="g0" content="c5[0:60]" alignment="p1"/>
  </tier>
  <tier id="t" type="translations" content="c">
    <item id="t0" content="c8[0:30]" alignment="p1"/>
  </tier>
</igt>
<igt id="i116031">
  <metadata type="xigt-meta">
    <meta type="language" name="abkhaz" iso-639-3="abk" tiers="phrases words morphemes"/>
    <meta type="language" name="English" iso-639-3="eng" tiers="translations"/>
    <meta type="odin-source" doc-id="3667" line-range="10590-10593" line-types="L+CR L+CR G+CR G+CR"/>
  </metadata>
  <tier id="o" type="odin-raw">
    <item id="o1" line="10590" tag="L+CR">           b. a-kha-cva                             cva-k'</item>
    <item id="o2" line="10591" tag="L+CR">                               darbanzaalak'g                       -y -fa-wa-yt'</item>
    <item id="o3" line="10592" tag="G+CR">              DEF-man-PL       `every'              apple-INDEF     3NHUM-3SG.M.A      -eat-</item>
    <item id="o4" line="10593" tag="G+CR">                                                                    PRS-DYN:FIN</item>
  </tier>
  <tier id="c" type="odin-clean">
    <item id="c1" line="10590 10591" tag="L+CR">a-kha-cva        darbanzaalak'g       cva-k'-y-fa-wa-yt</item>
    <item id="c3" line="10592" tag="G+CR">DEF-man-PL       `every'              apple-INDEF     3NHUM-3SG.M.A-eat-</item>
  </tier>
  <tier id="p" type="phrases" content="c">
    <item id="p0" content="c1[0:55]"/>
  </tier>
  <tier id="g" type="glosses" content="c">
    <item id="g0" content="c3[0:72]" alignment="p1"/>
  </tier>
</igt>
<igt id="i116032">
  <metadata type="xigt-meta">
    <meta type="language" name="abkhaz" iso-639-3="abk" tiers="phrases words morphemes"/>
    <meta type="language" name="English" iso-639-3="eng" tiers="translations"/>
    <meta type="odin-source" doc-id="3667" line-range="10697-10701" line-types="M+LN+EX L G B T+CR"/>
  </metadata>
  <tier id="o" type="odin-raw">
    <item id="o1" line="10697" tag="M+LN+EX">  (46) Abkhaz: constituent questions</item>
    <item id="o2" line="10698" tag="L">         a. darban yac       a-baht-sac               y -n k-wa-z?</item>
    <item id="o3" line="10699" tag="G">            `who'  yesterday DEF-garden-in            REL-stroll-IMP-Q(HUM)-INF</item>
    <item id="o4" line="10700" tag="B"></item>
    <item id="o5" line="10701" tag="T+CR">            `W ho walked in the garden yesterday?'</item>
  </tier>
  <tier id="c" type="odin-clean">
    <item id="c1" line="10697" tag="M+LN+EX">constituent questions</item>
    <item id="c2" line="10698" tag="L">darban yac       a-baht-sac               y-n k-wa-z?</item>
    <item id="c3" line="10699" tag="G">who'  yesterday DEF-garden-in            REL-stroll-IMP-Q(HUM)-INF</item>
    <item id="c4" line="10700" tag="B"/>
    <item id="c5" line="10701" tag="T+CR">W ho walked in the garden yesterday?</item>
  </tier>
  <tier id="p" type="phrases" content="c">
    <item id="p0" content="c2[0:53]"/>
  </tier>
  <tier id="g" type="glosses" content="c">
    <item id="g0" content="c3[0:66]" alignment="p1"/>
  </tier>
  <tier id="t" type="translations" content="c">
    <item id="t0" content="c5[0:36]" alignment="p1"/>
  </tier>
</igt>
<igt id="i116033">
  <metadata type="xigt-meta">
    <meta type="language" name="abkhaz" iso-639-3="abk" tiers="phrases words morphemes"/>
    <meta type="language" name="English" iso-639-3="eng" tiers="translations"/>
    <meta type="odin-source" doc-id="3667" line-range="10702-10704" line-types="L G T+CR"/>
  </metadata>
  <tier id="o" type="odin-raw">
    <item id="o1" line="10702" tag="L">         b. darban yac       y -r-dzvdzv-wa?</item>
    <item id="o2" line="10703" tag="G">            `who   yesterday REL-3PL-wash-IMP</item>
    <item id="o3" line="10704" tag="T+CR">            `W hom did they wash yesterday?'</item>
  </tier>
  <tier id="c" type="odin-clean">
    <item id="c1" line="10702" tag="L">darban yac       y-r-dzvdzv-wa?</item>
    <item id="c2" line="10703" tag="G">who   yesterday REL-3PL-wash-IMP</item>
    <item id="c3" line="10704" tag="T+CR">W hom did they wash yesterday?</item>
  </tier>
  <tier id="p" type="phrases" content="c">
    <item id="p0" content="c1[0:31]"/>
  </tier>
  <tier id="g" type="glosses" content="c">
    <item id="g0" content="c2[0:32]" alignment="p1"/>
  </tier>
  <tier id="t" type="translations" content="c">
    <item id="t0" content="c3[0:30]" alignment="p1"/>
  </tier>
</igt>
<igt id="i116034">
  <metadata type="xigt-meta">
    <meta type="language" name="abkhaz" iso-639-3="abk" tiers="phrases words morphemes"/>
    <meta type="language" name="English" iso-639-3="eng" tiers="translations"/>
    <meta type="odin-source" doc-id="3667" line-range="10705-10707" line-types="L G T+CR"/>
  </metadata>
  <tier id="o" type="odin-raw">
    <item id="o1" line="10705" tag="L">         c. darban yac       w -z-dzvdzv-wa</item>
    <item id="o2" line="10706" tag="G">            `who'  yesterday 2SG-REL(A)-wash-IMP</item>
    <item id="o3" line="10707" tag="T+CR">            `W ho washed you yesterday?'</item>
  </tier>
  <tier id="c" type="odin-clean">
    <item id="c1" line="10705" tag="L">darban yac       w-z-dzvdzv-wa</item>
    <item id="c2" line="10706" tag="G">who'  yesterday 2SG-REL(A)-wash-IMP</item>
    <item id="c3" line="10707" tag="T+CR">W ho washed you yesterday?</item>
  </tier>
  <tier id="p" type="phrases" content="c">
    <item id="p0" content="c1[0:30]"/>
  </tier>
  <tier id="g" type="glosses" content="c">
    <item id="g0" content="c2[0:35]" alignment="p1"/>
  </tier>
  <tier id="t" type="translations" content="c">
    <item id="t0" content="c3[0:26]" alignment="p1"/>
  </tier>
</igt>
<igt id="i116035">
  <metadata type="xigt-meta">
    <meta type="language" name="abkhaz" iso-639-3="abk" tiers="phrases words morphemes"/>
    <meta type="language" name="English" iso-639-3="eng" tiers="translations"/>
    <meta type="odin-source" doc-id="3667" line-range="10771-10778" line-types="M+LN+CR+EX M+CR L+CR L+CR G+CR G+CR B T"/>
  </metadata>
  <tier id="o" type="odin-raw">
    <item id="o1" line="10771" tag="M+LN+CR+EX">           Abkhaz: repeated from (44b)</item>
    <item id="o2" line="10772" tag="M+CR">  (47)</item>
    <item id="o3" line="10773" tag="L+CR">                                             cva-k'</item>
    <item id="o4" line="10774" tag="L+CR">           a-kha-cva     darbanzaalak'g                    -y -fa-wa-yt'</item>
    <item id="o5" line="10775" tag="G+CR">           DEF-man-PL    `whoever'           apple-INDEF   3NHUM-3SG.M.A    -eat-</item>
    <item id="o6" line="10776" tag="G+CR">                                                           PRS-DYN:FIN</item>
    <item id="o7" line="10777" tag="B"></item>
    <item id="o8" line="10778" tag="T">           `Every man is eating an apple.'</item>
  </tier>
  <tier id="c" type="odin-clean">
    <item id="c1" line="10771 10772" tag="M+LN+CR+EX">repeated from (44b</item>
    <item id="c3" line="10773 10774" tag="L+CR">a-kha-cva     darbanzaalak'g      cva-k'-y-fa-wa-yt</item>
    <item id="c5" line="10775" tag="G+CR">DEF-man-PL    `whoever'           apple-INDEF   3NHUM-3SG.M.A-eat-</item>
    <item id="c7" line="10777" tag="B"/>
    <item id="c8" line="10778" tag="T">Every man is eating an apple.</item>
  </tier>
  <tier id="p" type="phrases" content="c">
    <item id="p0" content="c3[0:51]"/>
  </tier>
  <tier id="g" type="glosses" content="c">
    <item id="g0" content="c5[0:66]" alignment="p1"/>
  </tier>
  <tier id="t" type="translations" content="c">
    <item id="t0" content="c8[0:29]" alignment="p1"/>
  </tier>
</igt>
<igt id="i116036">
  <metadata type="xigt-meta">
    <meta type="language" name="abkhaz" iso-639-3="abk" tiers="phrases words morphemes"/>
    <meta type="language" name="English" iso-639-3="eng" tiers="translations"/>
    <meta type="odin-source" doc-id="3667" line-range="10797-10803" line-types="M+LN+EX L+CR L+CR G L G T"/>
  </metadata>
  <tier id="o" type="odin-raw">
    <item id="o1" line="10797" tag="M+LN+EX">  (48) Abkhaz: negative quantification</item>
    <item id="o2" line="10798" tag="L+CR">                          y-y-m-fa-c-t'</item>
    <item id="o3" line="10799" tag="L+CR">         a. a °-g</item>
    <item id="o4" line="10800" tag="G">            somebody-even 3SG.NHUM-3SG.M.A-NEG-eat-PFV-DYN:FIN</item>
    <item id="o5" line="10801" tag="L">             a-cva         yac</item>
    <item id="o6" line="10802" tag="G">             GNR-apple     yesterday</item>
    <item id="o7" line="10803" tag="T">             `Nobody has eaten an apple yesterday.'</item>
  </tier>
  <tier id="c" type="odin-clean">
    <item id="c1" line="10797" tag="M+LN+EX">negative quantification</item>
    <item id="c2" line="10798 10799" tag="L+CR">a °-g        y-y-m-fa-c-t</item>
    <item id="c4" line="10800" tag="G">somebody-even 3SG.NHUM-3SG.M.A-NEG-eat-PFV-DYN:FIN</item>
    <item id="c5" line="10801" tag="L">a-cva         yac</item>
    <item id="c6" line="10802" tag="G">GNR-apple     yesterday</item>
    <item id="c7" line="10803" tag="T">Nobody has eaten an apple yesterday.</item>
  </tier>
  <tier id="p" type="phrases" content="c">
    <item id="p0" content="c2[0:25]"/>
    <item id="p1" content="c5[0:17]"/>
  </tier>
  <tier id="g" type="glosses" content="c">
    <item id="g0" content="c4[0:50]" alignment="p1"/>
    <item id="g1" content="c6[0:23]" alignment="p2"/>
  </tier>
  <tier id="t" type="translations" content="c">
    <item id="t0" content="c7[0:36]" alignment="p2"/>
  </tier>
</igt>
<igt id="i116037">
  <metadata type="xigt-meta">
    <meta type="language" name="abkhaz" iso-639-3="abk" tiers="phrases words morphemes"/>
    <meta type="language" name="English" iso-639-3="eng" tiers="translations"/>
    <meta type="odin-source" doc-id="3667" line-range="10804-10809" line-types="L G+CR G+CR B T M+AC"/>
  </metadata>
  <tier id="o" type="odin-raw">
    <item id="o1" line="10804" tag="L">         b. yac       a °-g                  d -r-m -dzvdzva-c-t'</item>
    <item id="o2" line="10805" tag="G+CR">            yesterday somebody-even          3SG.HUM-3PL.A-NEG-wash-PFV-</item>
    <item id="o3" line="10806" tag="G+CR">                                             DYN:FIN</item>
    <item id="o4" line="10807" tag="B"></item>
    <item id="o5" line="10808" tag="T">             `Yesterday, they washed nobody'.</item>
    <item id="o6" line="10809" tag="M+AC">                                                                  (Khybla Amychba.)</item>
  </tier>
  <tier id="c" type="odin-clean">
    <item id="c1" line="10804" tag="L">yac       a °-g                  d-r-m-dzvdzva-c-t</item>
    <item id="c2" line="10805" tag="G+CR">yesterday somebody-even          3SG.HUM-3PL.A-NEG-wash-PFV-</item>
    <item id="c4" line="10807" tag="B"/>
    <item id="c5" line="10808" tag="T">Yesterday, they washed nobody'.</item>
    <item id="c6" line="10809" tag="M+AC">Khybla Amychba.</item>
  </tier>
  <tier id="p" type="phrases" content="c">
    <item id="p0" content="c1[0:50]"/>
  </tier>
  <tier id="g" type="glosses" content="c">
    <item id="g0" content="c2[0:60]" alignment="p1"/>
  </tier>
  <tier id="t" type="translations" content="c">
    <item id="t0" content="c5[0:31]" alignment="p1"/>
  </tier>
</igt>
<igt id="i139116">
  <metadata type="xigt-meta">
    <meta type="language" name="abkhaz" iso-639-3="abk" tiers="phrases words morphemes"/>
    <meta type="language" name="English" iso-639-3="eng" tiers="translations"/>
    <meta type="odin-source" doc-id="2149" line-range="1811-1815" line-types="M+AC+LN L G+CR G+CR T"/>
  </metadata>
  <tier id="o" type="odin-raw">
    <item id="o1" line="1811" tag="M+AC+LN">  (2) Abkhaz (Hewitt 1979: 105)</item>
    <item id="o2" line="1812" tag="L">     Sarà a-x°´c&amp;'-k°a a-s&amp;°q°'-k°à                 Ø-r´Y-s-to-yt'.</item>
    <item id="o3" line="1813" tag="G+CR">                                                    3PL(P)-3PL(R)-1   SG(A)-give-FIN</item>
    <item id="o4" line="1814" tag="G+CR">     I       ART-child-PL       ART-book-PL</item>
    <item id="o5" line="1815" tag="T">     'I give the books to the children.'</item>
  </tier>
  <tier id="c" type="odin-clean">
    <item id="c1" line="1811" tag="M+AC+LN">Abkhaz (Hewitt 1979: 105</item>
    <item id="c2" line="1812" tag="L">Sarà a-x°´c&amp;'-k°a a-s&amp;°q°'-k°à                 Ø-r´Y-s-to-yt'.</item>
    <item id="c3" line="1813 1814" tag="G+CR">I       ART-child-PL       ART-book-PL         3PL(P)-3PL(R)-1   SG(A)-give-FIN</item>
    <item id="c5" line="1815" tag="T">I give the books to the children.</item>
  </tier>
  <tier id="p" type="phrases" content="c">
    <item id="p0" content="c2[0:62]"/>
  </tier>
  <tier id="g" type="glosses" content="c">
    <item id="g0" content="c3[0:79]" alignment="p1"/>
  </tier>
  <tier id="t" type="translations" content="c">
    <item id="t0" content="c5[0:33]" alignment="p1"/>
  </tier>
</igt>
</xigt-corpus>
