<?xml version="1.0" encoding="UTF-8"?>
<xigt-corpus>
<igt id="i59056">
  <metadata type="xigt-meta">
    <meta type="language" name="abelam" iso-639-3="abt" tiers="phrases words morphemes"/>
    <meta type="language" name="English" iso-639-3="eng" tiers="translations"/>
    <meta type="odin-source" doc-id="3191" line-range="6744-6747" line-types="L+CR L+CR G T+AC"/>
  </metadata>
  <tier id="o" type="odin-raw">
    <item id="o1" line="6744" tag="L+CR">           w2ny bal@ w2ny ac2 wary2.b@r</item>
    <item id="o2" line="6745" tag="L+CR">    (2)</item>
    <item id="o3" line="6746" tag="G">           that dog that pig fight</item>
    <item id="o4" line="6747" tag="T+AC">           `that dog and that pig fight' (Laylock, 1965, 56)</item>
  </tier>
  <tier id="c" type="odin-clean">
    <item id="c1" line="6744 6745" tag="L+CR">w2ny bal@ w2ny ac2 wary2.b@r</item>
    <item id="c3" line="6746" tag="G">that dog that pig fight</item>
    <item id="c4" line="6747" tag="T+AC">that dog and that pig fight' (Laylock, 1965, 56)</item>
  </tier>
  <tier id="p" type="phrases" content="c">
    <item id="p0" content="c1[0:28]"/>
  </tier>
  <tier id="g" type="glosses" content="c">
    <item id="g0" content="c3[0:23]" alignment="p1"/>
  </tier>
  <tier id="t" type="translations" content="c">
    <item id="t0" content="c4[0:48]" alignment="p1"/>
  </tier>
</igt>
<igt id="i59616">
  <metadata type="xigt-meta">
    <meta type="language" name="abelam" iso-639-3="abt" tiers="phrases words morphemes"/>
    <meta type="language" name="English" iso-639-3="eng" tiers="translations"/>
    <meta type="odin-source" doc-id="3192" line-range="126-129" line-types="L+CR L+CR G T+AC"/>
  </metadata>
  <tier id="o" type="odin-raw">
    <item id="o1" line="126" tag="L+CR">           w2ny bal@ w2ny ac2 wary2.b@r</item>
    <item id="o2" line="127" tag="L+CR">    (2)</item>
    <item id="o3" line="128" tag="G">           that dog that pig fight</item>
    <item id="o4" line="129" tag="T+AC">           `that dog and that pig fight' (Laylock, 1965, 56)</item>
  </tier>
  <tier id="c" type="odin-clean">
    <item id="c1" line="126 127" tag="L+CR">w2ny bal@ w2ny ac2 wary2.b@r</item>
    <item id="c3" line="128" tag="G">that dog that pig fight</item>
    <item id="c4" line="129" tag="T+AC">that dog and that pig fight' (Laylock, 1965, 56)</item>
  </tier>
  <tier id="p" type="phrases" content="c">
    <item id="p0" content="c1[0:28]"/>
  </tier>
  <tier id="g" type="glosses" content="c">
    <item id="g0" content="c3[0:23]" alignment="p1"/>
  </tier>
  <tier id="t" type="translations" content="c">
    <item id="t0" content="c4[0:48]" alignment="p1"/>
  </tier>
</igt>
<igt id="i73329">
  <metadata type="xigt-meta">
    <meta type="language" name="ambulas" iso-639-3="abt" tiers="phrases words morphemes"/>
    <meta type="language" name="English" iso-639-3="eng" tiers="translations"/>
    <meta type="odin-source" doc-id="990" line-range="982-984" line-types="L G T"/>
  </metadata>
  <tier id="o" type="odin-raw">
    <item id="o1" line="982" tag="L">  (75) a. baalé yapap</item>
    <item id="o2" line="983" tag="G">                pig how.many</item>
    <item id="o3" line="984" tag="T">                `how many pigs'</item>
  </tier>
  <tier id="c" type="odin-clean">
    <item id="c1" line="982" tag="L">baalé yapap</item>
    <item id="c2" line="983" tag="G">pig how.many</item>
    <item id="c3" line="984" tag="T">how many pigs</item>
  </tier>
  <tier id="p" type="phrases" content="c">
    <item id="p0" content="c1[0:11]"/>
  </tier>
  <tier id="g" type="glosses" content="c">
    <item id="g0" content="c2[0:12]" alignment="p1"/>
  </tier>
  <tier id="t" type="translations" content="c">
    <item id="t0" content="c3[0:13]" alignment="p1"/>
  </tier>
</igt>
<igt id="i73333">
  <metadata type="xigt-meta">
    <meta type="language" name="ambulas" iso-639-3="abt" tiers="phrases words morphemes"/>
    <meta type="language" name="English" iso-639-3="eng" tiers="translations"/>
    <meta type="odin-source" doc-id="990" line-range="1007-1009" line-types="L G T"/>
  </metadata>
  <tier id="o" type="odin-raw">
    <item id="o1" line="1007" tag="L">  (77) gaan kupuk</item>
    <item id="o2" line="1008" tag="G">           night three</item>
    <item id="o3" line="1009" tag="T">           `three nights'</item>
  </tier>
  <tier id="c" type="odin-clean">
    <item id="c1" line="1007" tag="L">gaan kupuk</item>
    <item id="c2" line="1008" tag="G">night three</item>
    <item id="c3" line="1009" tag="T">three nights</item>
  </tier>
  <tier id="p" type="phrases" content="c">
    <item id="p0" content="c1[0:10]"/>
  </tier>
  <tier id="g" type="glosses" content="c">
    <item id="g0" content="c2[0:11]" alignment="p1"/>
  </tier>
  <tier id="t" type="translations" content="c">
    <item id="t0" content="c3[0:12]" alignment="p1"/>
  </tier>
</igt>
<igt id="i134425">
  <metadata type="xigt-meta">
    <meta type="language" name="ambulas" iso-639-3="abt" tiers="phrases words morphemes"/>
    <meta type="language" name="English" iso-639-3="eng" tiers="translations"/>
    <meta type="odin-source" doc-id="2378" line-range="1362-1365" line-types="M+AC+LN L G T"/>
  </metadata>
  <tier id="o" type="odin-raw">
    <item id="o1" line="1362" tag="M+AC+LN">  (29) Ambulas (Wilson 1980:157, 347)</item>
    <item id="o2" line="1363" tag="L">         (a)   wan kiyadé-na kayékni?</item>
    <item id="o3" line="1364" tag="G">               that who-POSS reflection</item>
    <item id="o4" line="1365" tag="T">               'Whose reflection is that?'</item>
  </tier>
  <tier id="c" type="odin-clean">
    <item id="c1" line="1362" tag="M+AC+LN">Ambulas (Wilson 1980:157, 347</item>
    <item id="c2" line="1363" tag="L">wan kiyadé-na kayékni?</item>
    <item id="c3" line="1364" tag="G">that who-POSS reflection</item>
    <item id="c4" line="1365" tag="T">Whose reflection is that?</item>
  </tier>
  <tier id="p" type="phrases" content="c">
    <item id="p0" content="c2[0:22]"/>
  </tier>
  <tier id="g" type="glosses" content="c">
    <item id="g0" content="c3[0:24]" alignment="p1"/>
  </tier>
  <tier id="t" type="translations" content="c">
    <item id="t0" content="c4[0:25]" alignment="p1"/>
  </tier>
</igt>
<igt id="i134426">
  <metadata type="xigt-meta">
    <meta type="language" name="ambulas" iso-639-3="abt" tiers="phrases words morphemes"/>
    <meta type="language" name="English" iso-639-3="eng" tiers="translations"/>
    <meta type="odin-source" doc-id="2378" line-range="1366-1371" line-types="L G L G T T"/>
  </metadata>
  <tier id="o" type="odin-raw">
    <item id="o1" line="1366" tag="L">         (b)   véte      dé wak a wan            méné      kaapuk yéménén.</item>
    <item id="o2" line="1367" tag="G">               see-and he said ah FOCUS you                not         you-went</item>
    <item id="o3" line="1368" tag="L">               wan      yévét         apaba    kwaate      méné vu.</item>
    <item id="o4" line="1369" tag="G">               FOCUS Yéyet tree on-trunk lie-and           you      see</item>
    <item id="o5" line="1370" tag="T">               `He saw him and said, 'Ah, so you did not   go. It is the Yéyet tree that</item>
    <item id="o6" line="1371" tag="T">               you lie and look.'</item>
  </tier>
  <tier id="c" type="odin-clean">
    <item id="c1" line="1366" tag="L">véte      dé wak a wan            méné      kaapuk yéménén.</item>
    <item id="c2" line="1367" tag="G">see-and he said ah FOCUS you                not         you-went</item>
    <item id="c3" line="1368" tag="L">wan      yévét         apaba    kwaate      méné vu.</item>
    <item id="c4" line="1369" tag="G">FOCUS Yéyet tree on-trunk lie-and           you      see</item>
    <item id="c5" line="1370" tag="T">He saw him and said, 'Ah, so you did not   go. It is the Yéyet tree that</item>
    <item id="c6" line="1371" tag="T">you lie and look.</item>
  </tier>
  <tier id="p" type="phrases" content="c">
    <item id="p0" content="c1[0:59]"/>
    <item id="p1" content="c3[0:52]"/>
  </tier>
  <tier id="g" type="glosses" content="c">
    <item id="g0" content="c2[0:64]" alignment="p1"/>
    <item id="g1" content="c4[0:56]" alignment="p2"/>
  </tier>
  <tier id="t" type="translations" content="c">
    <item id="t0" content="c5[0:72]" alignment="p2"/>
    <item id="t1" content="c6[0:17]" alignment="p2"/>
  </tier>
</igt>
</xigt-corpus>
