<?xml version="1.0" encoding="UTF-8"?>
<xigt-corpus>
<igt id="i102368">
  <metadata type="xigt-meta">
    <meta type="language" name="andegerebinha" iso-639-3="adg" tiers="phrases words morphemes"/>
    <meta type="language" name="English" iso-639-3="eng" tiers="translations"/>
    <meta type="odin-source" doc-id="1310" line-range="115-118" line-types="M+AC+CN L G T"/>
  </metadata>
  <tier id="o" type="odin-raw">
    <item id="o1" line="115" tag="M+AC+CN">          Three-way (Antekerrepenhe; Bittner and Hale 1996a)</item>
    <item id="o2" line="116" tag="L">          a.    arengke nterre- ke.</item>
    <item id="o3" line="117" tag="G">                dog     run-     PST</item>
    <item id="o4" line="118" tag="T">                `The dog ran.'</item>
  </tier>
  <tier id="c" type="odin-clean">
    <item id="c1" line="115" tag="M+AC+CN">Three-way (Antekerrepenhe; Bittner and Hale 1996a)</item>
    <item id="c2" line="116" tag="L">arengke nterre-ke.</item>
    <item id="c3" line="117" tag="G">dog     run-PST</item>
    <item id="c4" line="118" tag="T">The dog ran.</item>
  </tier>
  <tier id="p" type="phrases" content="c">
    <item id="p0" content="c2[0:18]"/>
  </tier>
  <tier id="g" type="glosses" content="c">
    <item id="g0" content="c3[0:15]" alignment="p1"/>
  </tier>
  <tier id="t" type="translations" content="c">
    <item id="t0" content="c4[0:12]" alignment="p1"/>
  </tier>
</igt>
<igt id="i102369">
  <metadata type="xigt-meta">
    <meta type="language" name="andegerebinha" iso-639-3="adg" tiers="phrases words morphemes"/>
    <meta type="language" name="English" iso-639-3="eng" tiers="translations"/>
    <meta type="odin-source" doc-id="1310" line-range="119-121" line-types="L G T"/>
  </metadata>
  <tier id="o" type="odin-raw">
    <item id="o1" line="119" tag="L">          b.    arengke- le     aye- nhe ke- ke.</item>
    <item id="o2" line="120" tag="G">                dog-      ERG me- ACC bite- PST</item>
    <item id="o3" line="121" tag="T">                `The dog bit me.'</item>
  </tier>
  <tier id="c" type="odin-clean">
    <item id="c1" line="119" tag="L">arengke-le     aye-nhe ke-ke.</item>
    <item id="c2" line="120" tag="G">dog-ERG me-ACC bite-PST</item>
    <item id="c3" line="121" tag="T">The dog bit me.</item>
  </tier>
  <tier id="p" type="phrases" content="c">
    <item id="p0" content="c1[0:29]"/>
  </tier>
  <tier id="g" type="glosses" content="c">
    <item id="g0" content="c2[0:23]" alignment="p1"/>
  </tier>
  <tier id="t" type="translations" content="c">
    <item id="t0" content="c3[0:15]" alignment="p1"/>
  </tier>
</igt>
</xigt-corpus>
