<?xml version="1.0" encoding="UTF-8"?>
<xigt-corpus>
<igt id="i57466">
  <metadata type="xigt-meta">
    <meta type="language" name="leggbo" iso-639-3="agb" tiers="phrases words morphemes"/>
    <meta type="language" name="English" iso-639-3="eng" tiers="translations"/>
    <meta type="odin-source" doc-id="2716" line-range="259-261" line-types="L G T"/>
  </metadata>
  <tier id="o" type="odin-raw">
    <item id="o1" line="259" tag="L">  (11)a. wàdum s        e-nii wà s            ntààmi</item>
    <item id="o2" line="260" tag="G">         man     DEF 3S-give child DEF gift</item>
    <item id="o3" line="261" tag="T">         `the man gave the child a gift'</item>
  </tier>
  <tier id="c" type="odin-clean">
    <item id="c1" line="259" tag="L">wàdum s        e-nii wà s            ntààmi</item>
    <item id="c2" line="260" tag="G">man     DEF 3S-give child DEF gift</item>
    <item id="c3" line="261" tag="T">the man gave the child a gift</item>
  </tier>
  <tier id="p" type="phrases" content="c">
    <item id="p0" content="c1[0:43]"/>
  </tier>
  <tier id="g" type="glosses" content="c">
    <item id="g0" content="c2[0:34]" alignment="p1"/>
  </tier>
  <tier id="t" type="translations" content="c">
    <item id="t0" content="c3[0:29]" alignment="p1"/>
  </tier>
</igt>
<igt id="i57467">
  <metadata type="xigt-meta">
    <meta type="language" name="leggbo" iso-639-3="agb" tiers="phrases words morphemes"/>
    <meta type="language" name="English" iso-639-3="eng" tiers="translations"/>
    <meta type="odin-source" doc-id="2716" line-range="262-267" line-types="L G T+AC L G T"/>
  </metadata>
  <tier id="o" type="odin-raw">
    <item id="o1" line="262" tag="L">     b. wàdum s         wà s         ntààmi eè-nii</item>
    <item id="o2" line="263" tag="G">         man     DEF child DEF gift           3S:NEG-give</item>
    <item id="o3" line="264" tag="T+AC">         `the man didn't give the child a gift' (Good 2004)</item>
    <item id="o4" line="265" tag="L">  (12)a. Sùù     kì kó       mbà</item>
    <item id="o5" line="266" tag="G">         PROP TA catch animal</item>
    <item id="o6" line="267" tag="T">         `Suh killed an animal'</item>
  </tier>
  <tier id="c" type="odin-clean">
    <item id="c1" line="262" tag="L">wàdum s         wà s         ntààmi eè-nii</item>
    <item id="c2" line="263" tag="G">man     DEF child DEF gift           3S:NEG-give</item>
    <item id="c3" line="264" tag="T+AC">the man didn't give the child a gift' (Good 2004)</item>
    <item id="c4" line="265" tag="L">Sùù     kì kó       mbà</item>
    <item id="c5" line="266" tag="G">PROP TA catch animal</item>
    <item id="c6" line="267" tag="T">Suh killed an animal</item>
  </tier>
  <tier id="p" type="phrases" content="c">
    <item id="p0" content="c1[0:42]"/>
    <item id="p1" content="c4[0:23]"/>
  </tier>
  <tier id="g" type="glosses" content="c">
    <item id="g0" content="c2[0:48]" alignment="p1"/>
    <item id="g1" content="c5[0:20]" alignment="p2"/>
  </tier>
  <tier id="t" type="translations" content="c">
    <item id="t0" content="c3[0:49]" alignment="p1"/>
    <item id="t1" content="c6[0:20]" alignment="p2"/>
  </tier>
</igt>
<igt id="i57475">
  <metadata type="xigt-meta">
    <meta type="language" name="leggbo" iso-639-3="agb" tiers="phrases words morphemes"/>
    <meta type="language" name="English" iso-639-3="eng" tiers="translations"/>
    <meta type="odin-source" doc-id="2716" line-range="338-340" line-types="L G T+AC"/>
  </metadata>
  <tier id="o" type="odin-raw">
    <item id="o1" line="338" tag="L">  (17)    b a-tt ng         lídzil gèdziE$</item>
    <item id="o2" line="339" tag="G">          3P 3P-begin food eat:NOM</item>
    <item id="o3" line="340" tag="T+AC">          `they began eating food' (Good 2004)</item>
  </tier>
  <tier id="c" type="odin-clean">
    <item id="c1" line="338" tag="L">b a-tt ng         lídzil gèdziE$</item>
    <item id="c2" line="339" tag="G">3P 3P-begin food eat:NOM</item>
    <item id="c3" line="340" tag="T+AC">they began eating food' (Good 2004)</item>
  </tier>
  <tier id="p" type="phrases" content="c">
    <item id="p0" content="c1[0:32]"/>
  </tier>
  <tier id="g" type="glosses" content="c">
    <item id="g0" content="c2[0:24]" alignment="p1"/>
  </tier>
  <tier id="t" type="translations" content="c">
    <item id="t0" content="c3[0:35]" alignment="p1"/>
  </tier>
</igt>
<igt id="i57476">
  <metadata type="xigt-meta">
    <meta type="language" name="leggbo" iso-639-3="agb" tiers="phrases words morphemes"/>
    <meta type="language" name="English" iso-639-3="eng" tiers="translations"/>
    <meta type="odin-source" doc-id="2716" line-range="341-343" line-types="L G T+AC"/>
  </metadata>
  <tier id="o" type="odin-raw">
    <item id="o1" line="341" tag="L">  (18)    n$tààmi bE$           gèniE$       nEE$-dàa   m</item>
    <item id="o2" line="342" tag="G">          gift       children give:NOM 3S:HAB-please 1S</item>
    <item id="o3" line="343" tag="T+AC">          `I like giving gifts to children' (Good 2004)</item>
  </tier>
  <tier id="c" type="odin-clean">
    <item id="c1" line="341" tag="L">n$tààmi bE$           gèniE$       nEE$-dàa   m</item>
    <item id="c2" line="342" tag="G">gift       children give:NOM 3S:HAB-please 1S</item>
    <item id="c3" line="343" tag="T+AC">I like giving gifts to children' (Good 2004)</item>
  </tier>
  <tier id="p" type="phrases" content="c">
    <item id="p0" content="c1[0:47]"/>
  </tier>
  <tier id="g" type="glosses" content="c">
    <item id="g0" content="c2[0:45]" alignment="p1"/>
  </tier>
  <tier id="t" type="translations" content="c">
    <item id="t0" content="c3[0:44]" alignment="p1"/>
  </tier>
</igt>
<igt id="i74228">
  <metadata type="xigt-meta">
    <meta type="language" name="igbo" iso-639-3="agb" tiers="phrases words morphemes"/>
    <meta type="language" name="English" iso-639-3="eng" tiers="translations"/>
    <meta type="odin-source" doc-id="989" line-range="1233-1236" line-types="L+CR L+CR G T"/>
  </metadata>
  <tier id="o" type="odin-raw">
    <item id="o1" line="1233" tag="L+CR">  (93) o           nyèrè dha àkhwa</item>
    <item id="o2" line="1234" tag="L+CR">                             À</item>
    <item id="o3" line="1235" tag="G">           3SG gave Adha egg</item>
    <item id="o4" line="1236" tag="T">           `he gave Adha some eggs'</item>
  </tier>
  <tier id="c" type="odin-clean">
    <item id="c1" line="1233" tag="L+CR">o           nyèrè dha àkhwa</item>
    <item id="c3" line="1235" tag="G">3SG gave Adha egg</item>
    <item id="c4" line="1236" tag="T">he gave Adha some eggs</item>
  </tier>
  <tier id="p" type="phrases" content="c">
    <item id="p0" content="c1[0:27]"/>
  </tier>
  <tier id="g" type="glosses" content="c">
    <item id="g0" content="c3[0:17]" alignment="p1"/>
  </tier>
  <tier id="t" type="translations" content="c">
    <item id="t0" content="c4[0:22]" alignment="p1"/>
  </tier>
</igt>
<igt id="i138629">
  <metadata type="xigt-meta">
    <meta type="language" name="leggbo" iso-639-3="agb" tiers="phrases words morphemes"/>
    <meta type="language" name="English" iso-639-3="eng" tiers="translations"/>
    <meta type="odin-source" doc-id="2153" line-range="3462-3464" line-types="L+DB G+DB T+DB"/>
  </metadata>
  <tier id="o" type="odin-raw">
    <item id="o1" line="3462" tag="L+DB">  (1)      a. wàdum           sÉ                 e-dzi    lídzil            b. wàdum         sÉ             lídzil   e-è-dzi</item>
    <item id="o2" line="3463" tag="G+DB">                man           the                3s-eat food                    man          the            food     3s-NEG-eat</item>
    <item id="o3" line="3464" tag="T+DB">               'The man ate food.'                                             'The man didn't eat food.'</item>
  </tier>
  <tier id="c" type="odin-clean">
    <item id="c1" line="3462" tag="L+DB">wàdum           sÉ                 e-dzi    lídzil            b. wàdum         sÉ             lídzil   e-è-dzi</item>
    <item id="c2" line="3463" tag="G+DB">man           the                3s-eat food                    man          the            food     3s-NEG-eat</item>
    <item id="c3" line="3464" tag="T+DB">The man ate food.'                                             'The man didn't eat food.</item>
  </tier>
  <tier id="p" type="phrases" content="c">
    <item id="p0" content="c1[0:110]"/>
  </tier>
  <tier id="g" type="glosses" content="c">
    <item id="g0" content="c2[0:111]" alignment="p1"/>
  </tier>
  <tier id="t" type="translations" content="c">
    <item id="t0" content="c3[0:88]" alignment="p1"/>
  </tier>
</igt>
<igt id="i138630">
  <metadata type="xigt-meta">
    <meta type="language" name="leggbo" iso-639-3="agb" tiers="phrases words morphemes"/>
    <meta type="language" name="English" iso-639-3="eng" tiers="translations"/>
    <meta type="odin-source" doc-id="2153" line-range="3468-3470" line-types="L G T"/>
  </metadata>
  <tier id="o" type="odin-raw">
    <item id="o1" line="3468" tag="L">  (2)      lEval e-è-vÓNi               tàa      É-kaà             È-sEN nkE        Eppya</item>
    <item id="o2" line="3469" tag="G">           race      3s-NEG-want        COMP 3s-run                3s-go at         market</item>
    <item id="o3" line="3470" tag="T">           'He doesn't want to run a race to the market.'</item>
  </tier>
  <tier id="c" type="odin-clean">
    <item id="c1" line="3468" tag="L">lEval e-è-vÓNi               tàa      É-kaà             È-sEN nkE        Eppya</item>
    <item id="c2" line="3469" tag="G">race      3s-NEG-want        COMP 3s-run                3s-go at         market</item>
    <item id="c3" line="3470" tag="T">He doesn't want to run a race to the market.</item>
  </tier>
  <tier id="p" type="phrases" content="c">
    <item id="p0" content="c1[0:78]"/>
  </tier>
  <tier id="g" type="glosses" content="c">
    <item id="g0" content="c2[0:79]" alignment="p1"/>
  </tier>
  <tier id="t" type="translations" content="c">
    <item id="t0" content="c3[0:44]" alignment="p1"/>
  </tier>
</igt>
</xigt-corpus>
