<?xml version="1.0" encoding="UTF-8"?>
<xigt-corpus>
<igt id="i68113">
  <metadata type="xigt-meta">
    <meta type="language" name="argobba" iso-639-3="agj" tiers="phrases words morphemes"/>
    <meta type="language" name="English" iso-639-3="eng" tiers="translations"/>
    <meta type="odin-source" doc-id="1759" line-range="340-340" line-types="L-T"/>
  </metadata>
  <tier id="o" type="odin-raw">
    <item id="o1" line="340" tag="L-T">  (1)    a.   gddl- `killed' (caused to die)</item>
  </tier>
  <tier id="c" type="odin-clean">
    <item id="c1" line="340" tag="L-T">a.   gddl-`killed' (caused to die</item>
  </tier>
</igt>
<igt id="i68114">
  <metadata type="xigt-meta">
    <meta type="language" name="argobba" iso-639-3="agj" tiers="phrases words morphemes"/>
    <meta type="language" name="English" iso-639-3="eng" tiers="translations"/>
    <meta type="odin-source" doc-id="1759" line-range="341-343" line-types="L G T"/>
  </metadata>
  <tier id="o" type="odin-raw">
    <item id="o1" line="341" tag="L">                   sw-acc jw gddl-ey</item>
    <item id="o2" line="342" tag="G">                   person-pl hyena kill.pf.3pl</item>
    <item id="o3" line="343" tag="T">                   `The people killed a hyena.'</item>
  </tier>
  <tier id="c" type="odin-clean">
    <item id="c1" line="341" tag="L">sw-acc jw gddl-ey</item>
    <item id="c2" line="342" tag="G">person-pl hyena kill.pf.3pl</item>
    <item id="c3" line="343" tag="T">The people killed a hyena.</item>
  </tier>
  <tier id="p" type="phrases" content="c">
    <item id="p0" content="c1[0:17]"/>
  </tier>
  <tier id="g" type="glosses" content="c">
    <item id="g0" content="c2[0:27]" alignment="p1"/>
  </tier>
  <tier id="t" type="translations" content="c">
    <item id="t0" content="c3[0:26]" alignment="p1"/>
  </tier>
</igt>
<igt id="i68115">
  <metadata type="xigt-meta">
    <meta type="language" name="argobba" iso-639-3="agj" tiers="phrases words morphemes"/>
    <meta type="language" name="English" iso-639-3="eng" tiers="translations"/>
    <meta type="odin-source" doc-id="1759" line-range="344-346" line-types="L G T"/>
  </metadata>
  <tier id="o" type="odin-raw">
    <item id="o1" line="344" tag="L">         b.   zynba mohmmd ­n bet nd ­y -sr m -cc</item>
    <item id="o2" line="345" tag="G">              Zeyneba Mohammed -acc house comp -3ms -buy make.pf. 3fs</item>
    <item id="o3" line="346" tag="T">              `Zeyneba (name of a woman) caused Mohammed to buy a house.'</item>
  </tier>
  <tier id="c" type="odin-clean">
    <item id="c1" line="344" tag="L">zynba mohmmd ­n bet nd ­y-sr m-cc</item>
    <item id="c2" line="345" tag="G">Zeyneba Mohammed-acc house comp-3ms-buy make.pf. 3fs</item>
    <item id="c3" line="346" tag="T">Zeyneba (name of a woman) caused Mohammed to buy a house.</item>
  </tier>
  <tier id="p" type="phrases" content="c">
    <item id="p0" content="c1[0:33]"/>
  </tier>
  <tier id="g" type="glosses" content="c">
    <item id="g0" content="c2[0:52]" alignment="p1"/>
  </tier>
  <tier id="t" type="translations" content="c">
    <item id="t0" content="c3[0:57]" alignment="p1"/>
  </tier>
</igt>
<igt id="i68116">
  <metadata type="xigt-meta">
    <meta type="language" name="argobba" iso-639-3="agj" tiers="phrases words morphemes"/>
    <meta type="language" name="English" iso-639-3="eng" tiers="translations"/>
    <meta type="odin-source" doc-id="1759" line-range="347-347" line-types="L-T+DB"/>
  </metadata>
  <tier id="o" type="odin-raw">
    <item id="o1" line="347" tag="L-T+DB">         c.   scc- `drank'        a - scc- `caused to drink'</item>
  </tier>
  <tier id="c" type="odin-clean">
    <item id="c1" line="347" tag="L-T+DB">scc-`drank'        a-scc-`caused to drink</item>
  </tier>
</igt>
<igt id="i68117">
  <metadata type="xigt-meta">
    <meta type="language" name="argobba" iso-639-3="agj" tiers="phrases words morphemes"/>
    <meta type="language" name="English" iso-639-3="eng" tiers="translations"/>
    <meta type="odin-source" doc-id="1759" line-range="348-348" line-types="L-T+DB"/>
  </metadata>
  <tier id="o" type="odin-raw">
    <item id="o1" line="348" tag="L-T+DB">         d.   srr- `bought'       as- srr- `caused to buy'</item>
  </tier>
  <tier id="c" type="odin-clean">
    <item id="c1" line="348" tag="L-T+DB">srr-`bought'       as-srr-`caused to buy</item>
  </tier>
</igt>
<igt id="i68118">
  <metadata type="xigt-meta">
    <meta type="language" name="argobba" iso-639-3="agj" tiers="phrases words morphemes"/>
    <meta type="language" name="English" iso-639-3="eng" tiers="translations"/>
    <meta type="odin-source" doc-id="1759" line-range="364-366" line-types="L G T"/>
  </metadata>
  <tier id="o" type="odin-raw">
    <item id="o1" line="364" tag="L">  (2)    a.   k'aw -cci fll</item>
    <item id="o2" line="365" tag="G">              coffee -def boil.pf.3ms</item>
    <item id="o3" line="366" tag="T">              `The coffee boiled.'</item>
  </tier>
  <tier id="c" type="odin-clean">
    <item id="c1" line="364" tag="L">k'aw-cci fll</item>
    <item id="c2" line="365" tag="G">coffee-def boil.pf.3ms</item>
    <item id="c3" line="366" tag="T">The coffee boiled.</item>
  </tier>
  <tier id="p" type="phrases" content="c">
    <item id="p0" content="c1[0:12]"/>
  </tier>
  <tier id="g" type="glosses" content="c">
    <item id="g0" content="c2[0:22]" alignment="p1"/>
  </tier>
  <tier id="t" type="translations" content="c">
    <item id="t0" content="c3[0:18]" alignment="p1"/>
  </tier>
</igt>
<igt id="i68119">
  <metadata type="xigt-meta">
    <meta type="language" name="argobba" iso-639-3="agj" tiers="phrases words morphemes"/>
    <meta type="language" name="English" iso-639-3="eng" tiers="translations"/>
    <meta type="odin-source" doc-id="1759" line-range="367-369" line-types="L G T"/>
  </metadata>
  <tier id="o" type="odin-raw">
    <item id="o1" line="367" tag="L">         b.   zynba k'awa a-           fll- cc</item>
    <item id="o2" line="368" tag="G">              Zeyneba coffee caus- boil.pf- 3fs</item>
    <item id="o3" line="369" tag="T">              `Zeyneba boiled coffee.'</item>
  </tier>
  <tier id="c" type="odin-clean">
    <item id="c1" line="367" tag="L">zynba k'awa a-fll-cc</item>
    <item id="c2" line="368" tag="G">Zeyneba coffee caus-boil.pf-3fs</item>
    <item id="c3" line="369" tag="T">Zeyneba boiled coffee.</item>
  </tier>
  <tier id="p" type="phrases" content="c">
    <item id="p0" content="c1[0:20]"/>
  </tier>
  <tier id="g" type="glosses" content="c">
    <item id="g0" content="c2[0:31]" alignment="p1"/>
  </tier>
  <tier id="t" type="translations" content="c">
    <item id="t0" content="c3[0:22]" alignment="p1"/>
  </tier>
</igt>
<igt id="i68120">
  <metadata type="xigt-meta">
    <meta type="language" name="argobba" iso-639-3="agj" tiers="phrases words morphemes"/>
    <meta type="language" name="English" iso-639-3="eng" tiers="translations"/>
    <meta type="odin-source" doc-id="1759" line-range="370-372" line-types="L G T"/>
  </metadata>
  <tier id="o" type="odin-raw">
    <item id="o1" line="370" tag="L">         c.   zynba mohammd -n k'awa as- fll- cc</item>
    <item id="o2" line="371" tag="G">              Zeyneba Mohammed ­Acc coffee Caus- boil.pf- 3fs</item>
    <item id="o3" line="372" tag="T">              `Zeyneba caused Mohammed to boil coffee.'</item>
  </tier>
  <tier id="c" type="odin-clean">
    <item id="c1" line="370" tag="L">zynba mohammd-n k'awa as-fll-cc</item>
    <item id="c2" line="371" tag="G">Zeyneba Mohammed ­Acc coffee Caus-boil.pf-3fs</item>
    <item id="c3" line="372" tag="T">Zeyneba caused Mohammed to boil coffee.</item>
  </tier>
  <tier id="p" type="phrases" content="c">
    <item id="p0" content="c1[0:31]"/>
  </tier>
  <tier id="g" type="glosses" content="c">
    <item id="g0" content="c2[0:45]" alignment="p1"/>
  </tier>
  <tier id="t" type="translations" content="c">
    <item id="t0" content="c3[0:39]" alignment="p1"/>
  </tier>
</igt>
</xigt-corpus>
