<?xml version="1.0" encoding="UTF-8"?>
<xigt-corpus>
<igt id="i2638">
  <metadata type="xigt-meta">
    <meta type="language" name="aghem" iso-639-3="agq" tiers="phrases words morphemes"/>
    <meta type="language" name="English" iso-639-3="eng" tiers="translations"/>
    <meta type="odin-source" doc-id="567" line-range="3439-3441" line-types="L G T"/>
  </metadata>
  <tier id="o" type="odin-raw">
    <item id="o1" line="3439" tag="L">  (94)    a. m naa                       zi       b.-'k.            n.</item>
    <item id="o2" line="3440" tag="G">             I      PAST.1.FOC           ate      fufu              today</item>
    <item id="o3" line="3441" tag="T">             'I did eat fufu today.'</item>
  </tier>
  <tier id="c" type="odin-clean">
    <item id="c1" line="3439" tag="L">m naa                       zi       b.-'k.            n.</item>
    <item id="c2" line="3440" tag="G">I      PAST.1.FOC           ate      fufu              today</item>
    <item id="c3" line="3441" tag="T">I did eat fufu today.</item>
  </tier>
  <tier id="p" type="phrases" content="c">
    <item id="p0" content="c1[0:57]"/>
  </tier>
  <tier id="g" type="glosses" content="c">
    <item id="g0" content="c2[0:60]" alignment="p1"/>
  </tier>
  <tier id="t" type="translations" content="c">
    <item id="t0" content="c3[0:21]" alignment="p1"/>
  </tier>
</igt>
<igt id="i2639">
  <metadata type="xigt-meta">
    <meta type="language" name="aghem" iso-639-3="agq" tiers="phrases words morphemes"/>
    <meta type="language" name="English" iso-639-3="eng" tiers="translations"/>
    <meta type="odin-source" doc-id="567" line-range="3443-3445" line-types="L G T"/>
  </metadata>
  <tier id="o" type="odin-raw">
    <item id="o1" line="3443" tag="L">          b. n      m.           zi        kib.       n.</item>
    <item id="o2" line="3444" tag="G">             I      PAST.1       ate       fufu       today</item>
    <item id="o3" line="3445" tag="T">             'I ate fufu today.'</item>
  </tier>
  <tier id="c" type="odin-clean">
    <item id="c1" line="3443" tag="L">n      m.           zi        kib.       n.</item>
    <item id="c2" line="3444" tag="G">I      PAST.1       ate       fufu       today</item>
    <item id="c3" line="3445" tag="T">I ate fufu today.</item>
  </tier>
  <tier id="p" type="phrases" content="c">
    <item id="p0" content="c1[0:43]"/>
  </tier>
  <tier id="g" type="glosses" content="c">
    <item id="g0" content="c2[0:46]" alignment="p1"/>
  </tier>
  <tier id="t" type="translations" content="c">
    <item id="t0" content="c3[0:17]" alignment="p1"/>
  </tier>
</igt>
<igt id="i31945">
  <metadata type="xigt-meta">
    <meta type="language" name="aghem" iso-639-3="agq" tiers="phrases words morphemes"/>
    <meta type="language" name="English" iso-639-3="eng" tiers="translations"/>
    <meta type="odin-source" doc-id="2023" line-range="434-436" line-types="L G T"/>
  </metadata>
  <tier id="o" type="odin-raw">
    <item id="o1" line="434" tag="L">       (21) a.     a mo nin ndugho</item>
    <item id="o2" line="435" tag="G">                   DS P2 run who</item>
    <item id="o3" line="436" tag="T">                   `Who ran?'</item>
  </tier>
  <tier id="c" type="odin-clean">
    <item id="c1" line="434" tag="L">a mo nin ndugho</item>
    <item id="c2" line="435" tag="G">DS P2 run who</item>
    <item id="c3" line="436" tag="T">Who ran?</item>
  </tier>
  <tier id="p" type="phrases" content="c">
    <item id="p0" content="c1[0:15]"/>
  </tier>
  <tier id="g" type="glosses" content="c">
    <item id="g0" content="c2[0:13]" alignment="p1"/>
  </tier>
  <tier id="t" type="translations" content="c">
    <item id="t0" content="c3[0:8]" alignment="p1"/>
  </tier>
</igt>
<igt id="i31946">
  <metadata type="xigt-meta">
    <meta type="language" name="aghem" iso-639-3="agq" tiers="phrases words morphemes"/>
    <meta type="language" name="English" iso-639-3="eng" tiers="translations"/>
    <meta type="odin-source" doc-id="2023" line-range="437-439" line-types="L G T"/>
  </metadata>
  <tier id="o" type="odin-raw">
    <item id="o1" line="437" tag="L">             b.    *ndugho mo nin (no)</item>
    <item id="o2" line="438" tag="G">                     who   P2 run FOC</item>
    <item id="o3" line="439" tag="T">                   `Who ran?'</item>
  </tier>
  <tier id="c" type="odin-clean">
    <item id="c1" line="437" tag="L">*ndugho mo nin (no)</item>
    <item id="c2" line="438" tag="G">who   P2 run FOC</item>
    <item id="c3" line="439" tag="T">Who ran?</item>
  </tier>
  <tier id="p" type="phrases" content="c">
    <item id="p0" content="c1[0:19]"/>
  </tier>
  <tier id="g" type="glosses" content="c">
    <item id="g0" content="c2[0:16]" alignment="p1"/>
  </tier>
  <tier id="t" type="translations" content="c">
    <item id="t0" content="c3[0:8]" alignment="p1"/>
  </tier>
</igt>
<igt id="i31947">
  <metadata type="xigt-meta">
    <meta type="language" name="aghem" iso-639-3="agq" tiers="phrases words morphemes"/>
    <meta type="language" name="English" iso-639-3="eng" tiers="translations"/>
    <meta type="odin-source" doc-id="2023" line-range="440-443" line-types="L B G T"/>
  </metadata>
  <tier id="o" type="odin-raw">
    <item id="o1" line="440" tag="L">             c.    fil   a mo zi AN SOM be-ko</item>
    <item id="o2" line="441" tag="B"></item>
    <item id="o3" line="442" tag="G">                    friends SM P2 eat in farm fufu</item>
    <item id="o4" line="443" tag="T">                    `Friends eat fufu in the farm.'</item>
  </tier>
  <tier id="c" type="odin-clean">
    <item id="c1" line="440" tag="L">fil   a mo zi AN SOM be-ko</item>
    <item id="c2" line="441" tag="B"/>
    <item id="c3" line="442" tag="G">friends SM P2 eat in farm fufu</item>
    <item id="c4" line="443" tag="T">Friends eat fufu in the farm.</item>
  </tier>
  <tier id="p" type="phrases" content="c">
    <item id="p0" content="c1[0:26]"/>
  </tier>
  <tier id="g" type="glosses" content="c">
    <item id="g0" content="c3[0:30]" alignment="p1"/>
  </tier>
  <tier id="t" type="translations" content="c">
    <item id="t0" content="c4[0:29]" alignment="p1"/>
  </tier>
</igt>
<igt id="i32224">
  <metadata type="xigt-meta">
    <meta type="language" name="aghem" iso-639-3="agq" tiers="phrases words morphemes"/>
    <meta type="language" name="English" iso-639-3="eng" tiers="translations"/>
    <meta type="odin-source" doc-id="2024" line-range="1393-1396" line-types="L G T T+AC+AL"/>
  </metadata>
  <tier id="o" type="odin-raw">
    <item id="o1" line="1393" tag="L">            b. wìzÍn `vÚ       ndzÈ      à        wÍn       NÍ'á       é        Ngé      `lÍghá wò</item>
    <item id="o2" line="1394" tag="G">            [woman that]       said      to       him       [that     LOG-3 much          like    you]</item>
    <item id="o3" line="1395" tag="T">             `the woman said to him that she liked him a lot', or</item>
    <item id="o4" line="1396" tag="T+AC+AL">             `the woman said to him "I like you"'                               [Aghem, Bantu; Hyman 1979]</item>
  </tier>
  <tier id="c" type="odin-clean">
    <item id="c1" line="1393" tag="L">wìzÍn `vÚ       ndzÈ      à        wÍn       NÍ'á       é        Ngé      `lÍghá wò</item>
    <item id="c2" line="1394" tag="G">[woman that]       said      to       him       [that     LOG-3 much          like    you]</item>
    <item id="c3" line="1395" tag="T">the woman said to him that she liked him a lot', or</item>
    <item id="c4" line="1396" tag="T+AC+AL">the woman said to him "I like you"'                               [Aghem, Bantu; Hyman 1979]</item>
  </tier>
  <tier id="p" type="phrases" content="c">
    <item id="p0" content="c1[0:83]"/>
  </tier>
  <tier id="g" type="glosses" content="c">
    <item id="g0" content="c2[0:90]" alignment="p1"/>
  </tier>
  <tier id="t" type="translations" content="c">
    <item id="t0" content="c3[0:51]" alignment="p1"/>
    <item id="t1" content="c4[0:92]" alignment="p1"/>
  </tier>
</igt>
<igt id="i57485">
  <metadata type="xigt-meta">
    <meta type="language" name="aghem" iso-639-3="agq" tiers="phrases words morphemes"/>
    <meta type="language" name="English" iso-639-3="eng" tiers="translations"/>
    <meta type="odin-source" doc-id="2716" line-range="481-483" line-types="L G T"/>
  </metadata>
  <tier id="o" type="odin-raw">
    <item id="o1" line="481" tag="L">  (25)a. fíl      á mç$ á'zç@ç           zí kí-bE@</item>
    <item id="o2" line="482" tag="G">         friends 3P PST yesterday eat CL-fufu</item>
    <item id="o3" line="483" tag="T">         `the friends ate FUFU (not yams) yesterday'</item>
  </tier>
  <tier id="c" type="odin-clean">
    <item id="c1" line="481" tag="L">fíl      á mç$ á'zç@ç           zí kí-bE@</item>
    <item id="c2" line="482" tag="G">friends 3P PST yesterday eat CL-fufu</item>
    <item id="c3" line="483" tag="T">the friends ate FUFU (not yams) yesterday</item>
  </tier>
  <tier id="p" type="phrases" content="c">
    <item id="p0" content="c1[0:41]"/>
  </tier>
  <tier id="g" type="glosses" content="c">
    <item id="g0" content="c2[0:36]" alignment="p1"/>
  </tier>
  <tier id="t" type="translations" content="c">
    <item id="t0" content="c3[0:41]" alignment="p1"/>
  </tier>
</igt>
<igt id="i57486">
  <metadata type="xigt-meta">
    <meta type="language" name="aghem" iso-639-3="agq" tiers="phrases words morphemes"/>
    <meta type="language" name="English" iso-639-3="eng" tiers="translations"/>
    <meta type="odin-source" doc-id="2716" line-range="484-487" line-types="L+CR L+CR G T"/>
  </metadata>
  <tier id="o" type="odin-raw">
    <item id="o1" line="484" tag="L+CR">                  á mç$ bE@-'kí        zí á'zç@ç</item>
    <item id="o2" line="485" tag="L+CR">     b. fíl</item>
    <item id="o3" line="486" tag="G">         friends 3P PST fufu-CL eat yesterday</item>
    <item id="o4" line="487" tag="T">         `the friends ate fufu YESTERDAY (not two days ago)'</item>
  </tier>
  <tier id="c" type="odin-clean">
    <item id="c1" line="484 485" tag="L+CR">fíl      á mç$ bE@-'kí        zí á'zç@ç</item>
    <item id="c3" line="486" tag="G">friends 3P PST fufu-CL eat yesterday</item>
    <item id="c4" line="487" tag="T">the friends ate fufu YESTERDAY (not two days ago)</item>
  </tier>
  <tier id="p" type="phrases" content="c">
    <item id="p0" content="c1[0:39]"/>
  </tier>
  <tier id="g" type="glosses" content="c">
    <item id="g0" content="c3[0:36]" alignment="p1"/>
  </tier>
  <tier id="t" type="translations" content="c">
    <item id="t0" content="c4[0:49]" alignment="p1"/>
  </tier>
</igt>
<igt id="i57487">
  <metadata type="xigt-meta">
    <meta type="language" name="aghem" iso-639-3="agq" tiers="phrases words morphemes"/>
    <meta type="language" name="English" iso-639-3="eng" tiers="translations"/>
    <meta type="odin-source" doc-id="2716" line-range="488-491" line-types="L G T M+AC"/>
  </metadata>
  <tier id="o" type="odin-raw">
    <item id="o1" line="488" tag="L">     c. fíl       á máà        bE@-'kç@ á'zç@ç     zí</item>
    <item id="o2" line="489" tag="G">         friends 3P PST.PF fufu-CL yesterday eat</item>
    <item id="o3" line="490" tag="T">         `the friends DID TOO eat fufu yesterday'</item>
    <item id="o4" line="491" tag="M+AC">         (Watters 1979: 149, 148, 150)</item>
  </tier>
  <tier id="c" type="odin-clean">
    <item id="c1" line="488" tag="L">fíl       á máà        bE@-'kç@ á'zç@ç     zí</item>
    <item id="c2" line="489" tag="G">friends 3P PST.PF fufu-CL yesterday eat</item>
    <item id="c3" line="490" tag="T">the friends DID TOO eat fufu yesterday</item>
    <item id="c4" line="491" tag="M+AC">149, 148, 150</item>
  </tier>
  <tier id="p" type="phrases" content="c">
    <item id="p0" content="c1[0:45]"/>
  </tier>
  <tier id="g" type="glosses" content="c">
    <item id="g0" content="c2[0:39]" alignment="p1"/>
  </tier>
  <tier id="t" type="translations" content="c">
    <item id="t0" content="c3[0:38]" alignment="p1"/>
  </tier>
</igt>
<igt id="i85156">
  <metadata type="xigt-meta">
    <meta type="language" name="aghem" iso-639-3="agq" tiers="phrases words morphemes"/>
    <meta type="language" name="English" iso-639-3="eng" tiers="translations"/>
    <meta type="odin-source" doc-id="289" line-range="18035-18041" line-types="M+LN B L+CR L+CR G+CR G+CR T+AC"/>
  </metadata>
  <tier id="o" type="odin-raw">
    <item id="o1" line="18035" tag="M+LN">  (A.2) A   GHEM</item>
    <item id="o2" line="18036" tag="B"></item>
    <item id="o3" line="18037" tag="L+CR">                           mùn</item>
    <item id="o4" line="18038" tag="L+CR">        a. ghé    à</item>
    <item id="o5" line="18039" tag="G+CR">           3+3             1</item>
    <item id="o6" line="18040" tag="G+CR">                  COM</item>
    <item id="o7" line="18041" tag="T+AC">           `them and me'                                                      (Hyman, 1979: 53)</item>
  </tier>
  <tier id="c" type="odin-clean">
    <item id="c1" line="18035" tag="M+LN">(A.2) A   GHEM</item>
    <item id="c2" line="18036" tag="B"/>
    <item id="c3" line="18037 18038" tag="L+CR">ghé    à      mùn</item>
    <item id="c5" line="18039 18040" tag="G+CR">3+3    COM      1</item>
    <item id="c7" line="18041" tag="T+AC">them and me'                                                      (Hyman, 1979: 53)</item>
  </tier>
  <tier id="p" type="phrases" content="c">
    <item id="p0" content="c3[0:17]"/>
  </tier>
  <tier id="g" type="glosses" content="c">
    <item id="g0" content="c5[0:17]" alignment="p1"/>
  </tier>
  <tier id="t" type="translations" content="c">
    <item id="t0" content="c7[0:83]" alignment="p1"/>
  </tier>
</igt>
<igt id="i85157">
  <metadata type="xigt-meta">
    <meta type="language" name="aghem" iso-639-3="agq" tiers="phrases words morphemes"/>
    <meta type="language" name="English" iso-639-3="eng" tiers="translations"/>
    <meta type="odin-source" doc-id="289" line-range="18042-18044" line-types="L G T+AC"/>
  </metadata>
  <tier id="o" type="odin-raw">
    <item id="o1" line="18042" tag="L">        b. ghà!-à          ghé</item>
    <item id="o2" line="18043" tag="G">           1+3-COM         3+3</item>
    <item id="o3" line="18044" tag="T+AC">           `us and them', `me and them', `us and him'                         (Hyman, 1979: 53)</item>
  </tier>
  <tier id="c" type="odin-clean">
    <item id="c1" line="18042" tag="L">ghà!-à          ghé</item>
    <item id="c2" line="18043" tag="G">1+3-COM         3+3</item>
    <item id="c3" line="18044" tag="T+AC">us and them', `me and them', `us and him'                         (Hyman, 1979: 53)</item>
  </tier>
  <tier id="p" type="phrases" content="c">
    <item id="p0" content="c1[0:19]"/>
  </tier>
  <tier id="g" type="glosses" content="c">
    <item id="g0" content="c2[0:19]" alignment="p1"/>
  </tier>
  <tier id="t" type="translations" content="c">
    <item id="t0" content="c3[0:83]" alignment="p1"/>
  </tier>
</igt>
<igt id="i88363">
  <metadata type="xigt-meta">
    <meta type="language" name="aghem" iso-639-3="agq" tiers="phrases words morphemes"/>
    <meta type="language" name="English" iso-639-3="eng" tiers="translations"/>
    <meta type="odin-source" doc-id="3256" line-range="4364-4367" line-types="L+CR L+CR G+CR T"/>
  </metadata>
  <tier id="o" type="odin-raw">
    <item id="o1" line="4364" tag="L+CR">           a. fu k´ mO n`n a k´-`be</item>
    <item id="o2" line="4365" tag="L+CR">                 ´1      ^ ~1 ´ 1 ´</item>
    <item id="o3" line="4366" tag="G+CR">               rat SM P S T run in compound</item>
    <item id="o4" line="4367" tag="T">               `The rat ran in the compound.'</item>
  </tier>
  <tier id="c" type="odin-clean">
    <item id="c1" line="4364" tag="L+CR">fu k´ mO n`n a k´-`be</item>
    <item id="c3" line="4366" tag="G+CR">rat SM P S T run in compound</item>
    <item id="c4" line="4367" tag="T">The rat ran in the compound.</item>
  </tier>
  <tier id="p" type="phrases" content="c">
    <item id="p0" content="c1[0:21]"/>
  </tier>
  <tier id="g" type="glosses" content="c">
    <item id="g0" content="c3[0:28]" alignment="p1"/>
  </tier>
  <tier id="t" type="translations" content="c">
    <item id="t0" content="c4[0:28]" alignment="p1"/>
  </tier>
</igt>
<igt id="i88364">
  <metadata type="xigt-meta">
    <meta type="language" name="aghem" iso-639-3="agq" tiers="phrases words morphemes"/>
    <meta type="language" name="English" iso-639-3="eng" tiers="translations"/>
    <meta type="odin-source" doc-id="3256" line-range="4368-4371" line-types="L+CR L+CR G+CR T+CR"/>
  </metadata>
  <tier id="o" type="odin-raw">
    <item id="o1" line="4368" tag="L+CR">           b. fu k´ maa             n`n</item>
    <item id="o2" line="4369" tag="L+CR">                 ´1      ´`         ~1</item>
    <item id="o3" line="4370" tag="G+CR">               rat SM P S T / F O C run</item>
    <item id="o4" line="4371" tag="T+CR">               `The rat D I D run.'</item>
  </tier>
  <tier id="c" type="odin-clean">
    <item id="c1" line="4368" tag="L+CR">fu k´ maa             n`n</item>
    <item id="c3" line="4370" tag="G+CR">rat SM P S T / F O C run</item>
    <item id="c4" line="4371" tag="T+CR">The rat D I D run.</item>
  </tier>
  <tier id="p" type="phrases" content="c">
    <item id="p0" content="c1[0:25]"/>
  </tier>
  <tier id="g" type="glosses" content="c">
    <item id="g0" content="c3[0:24]" alignment="p1"/>
  </tier>
  <tier id="t" type="translations" content="c">
    <item id="t0" content="c4[0:18]" alignment="p1"/>
  </tier>
</igt>
<igt id="i88365">
  <metadata type="xigt-meta">
    <meta type="language" name="aghem" iso-639-3="agq" tiers="phrases words morphemes"/>
    <meta type="language" name="English" iso-639-3="eng" tiers="translations"/>
    <meta type="odin-source" doc-id="3256" line-range="4372-4375" line-types="L+CR L+CR G+CR T+CR"/>
  </metadata>
  <tier id="o" type="odin-raw">
    <item id="o1" line="4372" tag="L+CR">           c. fu k´ mO n`n no a k´-`be</item>
    <item id="o2" line="4373" tag="L+CR">                 ´1      ^ ~1 ^ ´ 1 ´</item>
    <item id="o3" line="4374" tag="G+CR">               rat SM P S T run F O C in compound</item>
    <item id="o4" line="4375" tag="T+CR">               `The rat R A N [i.e. did not walk] inside the compound.'</item>
  </tier>
  <tier id="c" type="odin-clean">
    <item id="c1" line="4372" tag="L+CR">fu k´ mO n`n no a k´-`be</item>
    <item id="c3" line="4374" tag="G+CR">rat SM P S T run F O C in compound</item>
    <item id="c4" line="4375" tag="T+CR">The rat R A N [i.e. did not walk] inside the compound.</item>
  </tier>
  <tier id="p" type="phrases" content="c">
    <item id="p0" content="c1[0:24]"/>
  </tier>
  <tier id="g" type="glosses" content="c">
    <item id="g0" content="c3[0:34]" alignment="p1"/>
  </tier>
  <tier id="t" type="translations" content="c">
    <item id="t0" content="c4[0:54]" alignment="p1"/>
  </tier>
</igt>
<igt id="i88386">
  <metadata type="xigt-meta">
    <meta type="language" name="aghem" iso-639-3="agq" tiers="phrases words morphemes"/>
    <meta type="language" name="English" iso-639-3="eng" tiers="translations"/>
    <meta type="odin-source" doc-id="3256" line-range="4591-4598" line-types="M+AC+LN+CN L+CR L+CR L+CR M G+CR G+CR T"/>
  </metadata>
  <tier id="o" type="odin-raw">
    <item id="o1" line="4591" tag="M+AC+LN+CN">  (30)     Focus in Aghem (Watters 1979: 152f, ex. (39a), (41a, b))</item>
    <item id="o2" line="4592" tag="L+CR">           a. f´l      ´                  `^       ``</item>
    <item id="o3" line="4593" tag="L+CR">                       a mO z´Om nzan a baPtom</item>
    <item id="o4" line="4594" tag="L+CR">                                `</item>
    <item id="o5" line="4595" tag="M">                1</item>
    <item id="o6" line="4596" tag="G+CR">                                      Nzan for chief</item>
    <item id="o7" line="4597" tag="G+CR">               friends SM P S T sing</item>
    <item id="o8" line="4598" tag="T">               `The friends sang Nzan for the chief.'</item>
  </tier>
  <tier id="c" type="odin-clean">
    <item id="c1" line="4591" tag="M+AC+LN+CN">Focus in Aghem (Watters 1979: 152f, ex. (39a), (41a, b)</item>
    <item id="c2" line="4592 4594" tag="L+CR">f´l      ´      `           `^</item>
    <item id="c5" line="4595" tag="M">1</item>
    <item id="c6" line="4596 4597" tag="G+CR">friends SM P S T sing  Nzan for chief</item>
    <item id="c8" line="4598" tag="T">The friends sang Nzan for the chief.</item>
  </tier>
  <tier id="p" type="phrases" content="c">
    <item id="p0" content="c2[0:30]"/>
  </tier>
  <tier id="g" type="glosses" content="c">
    <item id="g0" content="c6[0:37]" alignment="p1"/>
  </tier>
  <tier id="t" type="translations" content="c">
    <item id="t0" content="c8[0:36]" alignment="p1"/>
  </tier>
</igt>
<igt id="i88387">
  <metadata type="xigt-meta">
    <meta type="language" name="aghem" iso-639-3="agq" tiers="phrases words morphemes"/>
    <meta type="language" name="English" iso-639-3="eng" tiers="translations"/>
    <meta type="odin-source" doc-id="3256" line-range="4599-4604" line-types="L+CR L+CR L+CR B G+CR T+CR"/>
  </metadata>
  <tier id="o" type="odin-raw">
    <item id="o1" line="4599" tag="L+CR">           b. a mO z´Om a-f´n nzan a baPtom</item>
    <item id="o2" line="4600" tag="L+CR">               `                 ´1       `^       ``</item>
    <item id="o3" line="4601" tag="L+CR">                     `</item>
    <item id="o4" line="4602" tag="B"></item>
    <item id="o5" line="4603" tag="G+CR">               DS P S T sing friends Nzan for chief</item>
    <item id="o6" line="4604" tag="T+CR">               `The F R I E N D S sang Nzan for the chief.'</item>
  </tier>
  <tier id="c" type="odin-clean">
    <item id="c1" line="4599" tag="L+CR">a mO z´Om a-f´n nzan a baPtom</item>
    <item id="c4" line="4602" tag="B"/>
    <item id="c5" line="4603" tag="G+CR">DS P S T sing friends Nzan for chief</item>
    <item id="c6" line="4604" tag="T+CR">The F R I E N D S sang Nzan for the chief.</item>
  </tier>
  <tier id="p" type="phrases" content="c">
    <item id="p0" content="c1[0:29]"/>
  </tier>
  <tier id="g" type="glosses" content="c">
    <item id="g0" content="c5[0:36]" alignment="p1"/>
  </tier>
  <tier id="t" type="translations" content="c">
    <item id="t0" content="c6[0:42]" alignment="p1"/>
  </tier>
</igt>
<igt id="i88388">
  <metadata type="xigt-meta">
    <meta type="language" name="aghem" iso-639-3="agq" tiers="phrases words morphemes"/>
    <meta type="language" name="English" iso-639-3="eng" tiers="translations"/>
    <meta type="odin-source" doc-id="3256" line-range="4605-4611" line-types="L+CR L+CR L+CR M G+CR G+CR T+CR"/>
  </metadata>
  <tier id="o" type="odin-raw">
    <item id="o1" line="4605" tag="L+CR">           c. f´l      ´                ^    `´        `</item>
    <item id="o2" line="4606" tag="L+CR">                       a mO z´Om a baPtom nzan</item>
    <item id="o3" line="4607" tag="L+CR">                                `</item>
    <item id="o4" line="4608" tag="M">                1</item>
    <item id="o5" line="4609" tag="G+CR">                                      for chief Nzan</item>
    <item id="o6" line="4610" tag="G+CR">               friends SM P S T sing</item>
    <item id="o7" line="4611" tag="T+CR">               `The friends sang Nzan for the C H I E F.'</item>
  </tier>
  <tier id="c" type="odin-clean">
    <item id="c1" line="4605 4607" tag="L+CR">f´l      ´      `         ^    `´</item>
    <item id="c4" line="4608" tag="M">1</item>
    <item id="c5" line="4609 4610" tag="G+CR">friends SM P S T sing  for chief Nzan</item>
    <item id="c7" line="4611" tag="T+CR">The friends sang Nzan for the C H I E F.</item>
  </tier>
  <tier id="p" type="phrases" content="c">
    <item id="p0" content="c1[0:33]"/>
  </tier>
  <tier id="g" type="glosses" content="c">
    <item id="g0" content="c5[0:37]" alignment="p1"/>
  </tier>
  <tier id="t" type="translations" content="c">
    <item id="t0" content="c7[0:40]" alignment="p1"/>
  </tier>
</igt>
<igt id="i132889">
  <metadata type="xigt-meta">
    <meta type="language" name="aghem" iso-639-3="agq" tiers="phrases words morphemes"/>
    <meta type="language" name="English" iso-639-3="eng" tiers="translations"/>
    <meta type="odin-source" doc-id="202.txt" line-range="32-37" line-types="L G T+CR T+CR T+CR+AL T+AC+CR+AL"/>
  </metadata>
  <tier id="o" type="odin-raw">
    <item id="o1" line="32" tag="L">  (3)    a.wìzÍn `vÚ        ndzÈ  à       wÍn NÍ'á é              Ngé `lÍghá wò</item>
    <item id="o2" line="33" tag="G">         [woman that]       said  to      him [that LOG-3 much like you]</item>
    <item id="o3" line="34" tag="T+CR">           `the woman     said to</item>
    <item id="o4" line="35" tag="T+CR">                                him that she liked him a lot', or</item>
    <item id="o5" line="36" tag="T+CR+AL">           `the woman     said to</item>
    <item id="o6" line="37" tag="T+AC+CR+AL">                                him "I like you"'                 [Aghem, Bantu; Hyman 1979]</item>
  </tier>
  <tier id="c" type="odin-clean">
    <item id="c1" line="32" tag="L">a.wìzÍn `vÚ        ndzÈ  à       wÍn NÍ'á é              Ngé `lÍghá wò</item>
    <item id="c2" line="33" tag="G">[woman that]       said  to      him [that LOG-3 much like you]</item>
    <item id="c3" line="34" tag="T+CR">the woman     said to</item>
  </tier>
  <tier id="p" type="phrases" content="c">
    <item id="p0" content="c1[0:70]"/>
  </tier>
  <tier id="g" type="glosses" content="c">
    <item id="g0" content="c2[0:63]" alignment="p1"/>
  </tier>
  <tier id="t" type="translations" content="c">
    <item id="t0" content="c3[0:21]" alignment="p1"/>
  </tier>
</igt>
<igt id="i155536">
  <metadata type="xigt-meta">
    <meta type="language" name="aghem" iso-639-3="agq" tiers="phrases words morphemes"/>
    <meta type="language" name="English" iso-639-3="eng" tiers="translations"/>
    <meta type="odin-source" doc-id="3301" line-range="1055-1059" line-types="L+CR L+CR B G T"/>
  </metadata>
  <tier id="o" type="odin-raw">
    <item id="o1" line="1055" tag="L+CR">               m m         z         kí-b   n</item>
    <item id="o2" line="1056" tag="L+CR">  (28)    a.</item>
    <item id="o3" line="1057" tag="B"></item>
    <item id="o4" line="1058" tag="G">               I PAST eat            fufu   today</item>
    <item id="o5" line="1059" tag="T">               'I ate fufu today.'</item>
  </tier>
  <tier id="c" type="odin-clean">
    <item id="c1" line="1055 1056" tag="L+CR">m m         z         kí-b   n</item>
    <item id="c3" line="1057" tag="B"/>
    <item id="c4" line="1058" tag="G">I PAST eat            fufu   today</item>
    <item id="c5" line="1059" tag="T">I ate fufu today.</item>
  </tier>
  <tier id="p" type="phrases" content="c">
    <item id="p0" content="c1[0:30]"/>
  </tier>
  <tier id="g" type="glosses" content="c">
    <item id="g0" content="c4[0:34]" alignment="p1"/>
  </tier>
  <tier id="t" type="translations" content="c">
    <item id="t0" content="c5[0:17]" alignment="p1"/>
  </tier>
</igt>
<igt id="i155537">
  <metadata type="xigt-meta">
    <meta type="language" name="aghem" iso-639-3="agq" tiers="phrases words morphemes"/>
    <meta type="language" name="English" iso-639-3="eng" tiers="translations"/>
    <meta type="odin-source" doc-id="3301" line-range="1060-1063" line-types="L+CR L+CR B T"/>
  </metadata>
  <tier id="o" type="odin-raw">
    <item id="o1" line="1060" tag="L+CR">               m m zí n b-k</item>
    <item id="o2" line="1061" tag="L+CR">          b.</item>
    <item id="o3" line="1062" tag="B"></item>
    <item id="o4" line="1063" tag="T">               'I ate fufu TODAY.'</item>
  </tier>
  <tier id="c" type="odin-clean">
    <item id="c1" line="1060 1061" tag="L+CR">m m zí n b-k</item>
    <item id="c3" line="1062" tag="B"/>
    <item id="c4" line="1063" tag="T">I ate fufu TODAY.</item>
  </tier>
  <tier id="p" type="phrases" content="c">
    <item id="p0" content="c1[0:12]"/>
  </tier>
  <tier id="t" type="translations" content="c">
    <item id="t0" content="c4[0:17]" alignment="p1"/>
  </tier>
</igt>
<igt id="i155538">
  <metadata type="xigt-meta">
    <meta type="language" name="aghem" iso-639-3="agq" tiers="phrases words morphemes"/>
    <meta type="language" name="English" iso-639-3="eng" tiers="translations"/>
    <meta type="odin-source" doc-id="3301" line-range="1064-1066" line-types="L+CR L+CR T"/>
  </metadata>
  <tier id="o" type="odin-raw">
    <item id="o1" line="1064" tag="L+CR">               m m z kÍ-b n n</item>
    <item id="o2" line="1065" tag="L+CR">          c.</item>
    <item id="o3" line="1066" tag="T">               'I ate FUFU today.'</item>
  </tier>
  <tier id="c" type="odin-clean">
    <item id="c1" line="1064 1065" tag="L+CR">m m z kÍ-b n n</item>
    <item id="c3" line="1066" tag="T">I ate FUFU today.</item>
  </tier>
  <tier id="p" type="phrases" content="c">
    <item id="p0" content="c1[0:14]"/>
  </tier>
  <tier id="t" type="translations" content="c">
    <item id="t0" content="c3[0:17]" alignment="p1"/>
  </tier>
</igt>
<igt id="i155539">
  <metadata type="xigt-meta">
    <meta type="language" name="aghem" iso-639-3="agq" tiers="phrases words morphemes"/>
    <meta type="language" name="English" iso-639-3="eng" tiers="translations"/>
    <meta type="odin-source" doc-id="3301" line-range="1068-1072" line-types="L+CR L+CR L+CR G+SY+EX T"/>
  </metadata>
  <tier id="o" type="odin-raw">
    <item id="o1" line="1068" tag="L+CR">                m                    m b-'k</item>
    <item id="o2" line="1069" tag="L+CR">                           z                         n</item>
    <item id="o3" line="1070" tag="L+CR">          d.</item>
    <item id="o4" line="1071" tag="G+SY+EX">               DS PAST eat           I        fufu today (DS = dummy subject)</item>
    <item id="o5" line="1072" tag="T">               `I ate fufu today.'</item>
  </tier>
  <tier id="c" type="odin-clean">
    <item id="c1" line="1068 1069 1070" tag="L+CR">m          z         m b-'k          n</item>
    <item id="c4" line="1071" tag="G+SY+EX">DS PAST eat           I        fufu today (DS = dummy subject)</item>
    <item id="c5" line="1072" tag="T">I ate fufu today.</item>
  </tier>
  <tier id="p" type="phrases" content="c">
    <item id="p0" content="c1[0:38]"/>
  </tier>
  <tier id="g" type="glosses" content="c">
    <item id="g0" content="c4[0:62]" alignment="p1"/>
  </tier>
  <tier id="t" type="translations" content="c">
    <item id="t0" content="c5[0:17]" alignment="p1"/>
  </tier>
</igt>
<igt id="i155900">
  <metadata type="xigt-meta">
    <meta type="language" name="aghem" iso-639-3="agq" tiers="phrases words morphemes"/>
    <meta type="language" name="English" iso-639-3="eng" tiers="translations"/>
    <meta type="odin-source" doc-id="3302" line-range="80-83" line-types="L+CR L+CR G T"/>
  </metadata>
  <tier id="o" type="odin-raw">
    <item id="o1" line="80" tag="L+CR">              fíl á mç zí kí-bE@ án !sóm</item>
    <item id="o2" line="81" tag="L+CR">  (1)   a.</item>
    <item id="o3" line="82" tag="G">              friends they past eat fufu in farm</item>
    <item id="o4" line="83" tag="T">              `Friends ate fufu on the farm.'</item>
  </tier>
  <tier id="c" type="odin-clean">
    <item id="c1" line="80 81" tag="L+CR">fíl á mç zí kí-bE@ án !sóm</item>
    <item id="c3" line="82" tag="G">friends they past eat fufu in farm</item>
    <item id="c4" line="83" tag="T">Friends ate fufu on the farm.</item>
  </tier>
  <tier id="p" type="phrases" content="c">
    <item id="p0" content="c1[0:26]"/>
  </tier>
  <tier id="g" type="glosses" content="c">
    <item id="g0" content="c3[0:34]" alignment="p1"/>
  </tier>
  <tier id="t" type="translations" content="c">
    <item id="t0" content="c4[0:29]" alignment="p1"/>
  </tier>
</igt>
<igt id="i155901">
  <metadata type="xigt-meta">
    <meta type="language" name="aghem" iso-639-3="agq" tiers="phrases words morphemes"/>
    <meta type="language" name="English" iso-639-3="eng" tiers="translations"/>
    <meta type="odin-source" doc-id="3302" line-range="84-87" line-types="L+CR L+CR G T"/>
  </metadata>
  <tier id="o" type="odin-raw">
    <item id="o1" line="84" tag="L+CR">              fíl á mç zí án !sóm bE@-!kç@</item>
    <item id="o2" line="85" tag="L+CR">        b.</item>
    <item id="o3" line="86" tag="G">              friends they past eat in farm fufu</item>
    <item id="o4" line="87" tag="T">              `Friends ate fufu on the farm.'</item>
  </tier>
  <tier id="c" type="odin-clean">
    <item id="c1" line="84 85" tag="L+CR">fíl á mç zí án !sóm bE@-!kç@</item>
    <item id="c3" line="86" tag="G">friends they past eat in farm fufu</item>
    <item id="c4" line="87" tag="T">Friends ate fufu on the farm.</item>
  </tier>
  <tier id="p" type="phrases" content="c">
    <item id="p0" content="c1[0:28]"/>
  </tier>
  <tier id="g" type="glosses" content="c">
    <item id="g0" content="c3[0:34]" alignment="p1"/>
  </tier>
  <tier id="t" type="translations" content="c">
    <item id="t0" content="c4[0:29]" alignment="p1"/>
  </tier>
</igt>
<igt id="i155902">
  <metadata type="xigt-meta">
    <meta type="language" name="aghem" iso-639-3="agq" tiers="phrases words morphemes"/>
    <meta type="language" name="English" iso-639-3="eng" tiers="translations"/>
    <meta type="odin-source" doc-id="3302" line-range="88-91" line-types="L+CR L+CR G T"/>
  </metadata>
  <tier id="o" type="odin-raw">
    <item id="o1" line="88" tag="L+CR">              kí mç^ dzç$ç nç$</item>
    <item id="o2" line="89" tag="L+CR">        c.</item>
    <item id="o3" line="90" tag="G">              it was good FOC</item>
    <item id="o4" line="91" tag="T">              `It was good.'</item>
  </tier>
  <tier id="c" type="odin-clean">
    <item id="c1" line="88 89" tag="L+CR">kí mç^ dzç$ç nç$</item>
    <item id="c3" line="90" tag="G">it was good FOC</item>
    <item id="c4" line="91" tag="T">It was good.</item>
  </tier>
  <tier id="p" type="phrases" content="c">
    <item id="p0" content="c1[0:16]"/>
  </tier>
  <tier id="g" type="glosses" content="c">
    <item id="g0" content="c3[0:15]" alignment="p1"/>
  </tier>
  <tier id="t" type="translations" content="c">
    <item id="t0" content="c4[0:12]" alignment="p1"/>
  </tier>
</igt>
<igt id="i155903">
  <metadata type="xigt-meta">
    <meta type="language" name="aghem" iso-639-3="agq" tiers="phrases words morphemes"/>
    <meta type="language" name="English" iso-639-3="eng" tiers="translations"/>
    <meta type="odin-source" doc-id="3302" line-range="102-104" line-types="L+CR L+CR T"/>
  </metadata>
  <tier id="o" type="odin-raw">
    <item id="o1" line="102" tag="L+CR">                   kí mç^ dzç$ç nç$ nE@</item>
    <item id="o2" line="103" tag="L+CR">           d.</item>
    <item id="o3" line="104" tag="T">                   `It was good today.'</item>
  </tier>
  <tier id="c" type="odin-clean">
    <item id="c1" line="102 103" tag="L+CR">kí mç^ dzç$ç nç$ nE@</item>
    <item id="c3" line="104" tag="T">It was good today.</item>
  </tier>
  <tier id="p" type="phrases" content="c">
    <item id="p0" content="c1[0:20]"/>
  </tier>
  <tier id="t" type="translations" content="c">
    <item id="t0" content="c3[0:18]" alignment="p1"/>
  </tier>
</igt>
<igt id="i155904">
  <metadata type="xigt-meta">
    <meta type="language" name="aghem" iso-639-3="agq" tiers="phrases words morphemes"/>
    <meta type="language" name="English" iso-639-3="eng" tiers="translations"/>
    <meta type="odin-source" doc-id="3302" line-range="105-108" line-types="L+CR L+CR G T"/>
  </metadata>
  <tier id="o" type="odin-raw">
    <item id="o1" line="105" tag="L+CR">                   kí má dzç$</item>
    <item id="o2" line="106" tag="L+CR">           e.</item>
    <item id="o3" line="107" tag="G">                   it was.FOC good</item>
    <item id="o4" line="108" tag="T">                   `It was good/came out well.'</item>
  </tier>
  <tier id="c" type="odin-clean">
    <item id="c1" line="105 106" tag="L+CR">kí má dzç$</item>
    <item id="c3" line="107" tag="G">it was.FOC good</item>
    <item id="c4" line="108" tag="T">It was good/came out well.</item>
  </tier>
  <tier id="p" type="phrases" content="c">
    <item id="p0" content="c1[0:10]"/>
  </tier>
  <tier id="g" type="glosses" content="c">
    <item id="g0" content="c3[0:15]" alignment="p1"/>
  </tier>
  <tier id="t" type="translations" content="c">
    <item id="t0" content="c4[0:26]" alignment="p1"/>
  </tier>
</igt>
<igt id="i155946">
  <metadata type="xigt-meta">
    <meta type="language" name="aghem" iso-639-3="agq" tiers="phrases words morphemes"/>
    <meta type="language" name="English" iso-639-3="eng" tiers="translations"/>
    <meta type="odin-source" doc-id="3302" line-range="727-732" line-types="M+CN+DB L+DB+CR L+DB+CR L+LN+DB+CR G+DB T+DB"/>
  </metadata>
  <tier id="o" type="odin-raw">
    <item id="o1" line="727" tag="M+CN+DB">  (15)                          Non-verb focus              Verb-focus</item>
    <item id="o2" line="728" tag="L+DB+CR">                                                            o má-a bó ghâmfç</item>
    <item id="o3" line="729" tag="L+DB+CR">                                o mç bo fíghâm</item>
    <item id="o4" line="730" tag="L+LN+DB+CR">          a. Aghem</item>
    <item id="o5" line="731" tag="G+DB">                                3 P1 hit mat                3 P1-Focus hit mat</item>
    <item id="o6" line="732" tag="T+DB">                                `He hit the mat'            `He did hit the mat'</item>
  </tier>
  <tier id="c" type="odin-clean">
    <item id="c1" line="727 730" tag="M+CN+DB+L+LN+CR">Aghem              Non-verb focus              Verb-focus</item>
    <item id="c5" line="731" tag="G+DB">3 P1 hit mat                3 P1-Focus hit mat</item>
    <item id="c6" line="732" tag="T+DB">He hit the mat'            `He did hit the mat</item>
  </tier>
  <tier id="p" type="phrases" content="c">
    <item id="p0" content="c1[0:57]"/>
  </tier>
  <tier id="g" type="glosses" content="c">
    <item id="g0" content="c5[0:46]" alignment="p1"/>
  </tier>
  <tier id="t" type="translations" content="c">
    <item id="t0" content="c6[0:46]" alignment="p1"/>
  </tier>
</igt>
<igt id="i156045">
  <metadata type="xigt-meta">
    <meta type="language" name="aghem" iso-639-3="agq" tiers="phrases words morphemes"/>
    <meta type="language" name="English" iso-639-3="eng" tiers="translations"/>
    <meta type="odin-source" doc-id="3294" line-range="2011-2017" line-types="L+CR L+CR L+CR L+CR G T T+AC+AL"/>
  </metadata>
  <tier id="o" type="odin-raw">
    <item id="o1" line="2011" tag="L+CR">                w` ´      ´      `   a wIn N´ a e</item>
    <item id="o2" line="2012" tag="L+CR">                                     ` ´ I' ´ ´           Nge `l´ ha w`</item>
    <item id="o3" line="2013" tag="L+CR">                                                             ´ Ig ´ o</item>
    <item id="o4" line="2014" tag="L+CR">         b.       izIn `vU ndzE</item>
    <item id="o5" line="2015" tag="G">                [woman that] said    to him [that LOG-3 much like you]</item>
    <item id="o6" line="2016" tag="T">                `the woman said to   him that she liked him a lot', or</item>
    <item id="o7" line="2017" tag="T+AC+AL">                `the woman said to   him "I like you" ' [Aghem, Bantu; Hyman 1979]</item>
  </tier>
  <tier id="c" type="odin-clean">
    <item id="c1" line="2011 2013" tag="L+CR">w` ´      ´      `   a wIn N´ a e         ´ Ig ´ o</item>
    <item id="c5" line="2015" tag="G">[woman that] said    to him [that LOG-3 much like you]</item>
    <item id="c6" line="2016" tag="T">the woman said to   him that she liked him a lot', or</item>
    <item id="c7" line="2017" tag="T+AC+AL">the woman said to   him "I like you" ' [Aghem, Bantu; Hyman 1979]</item>
  </tier>
  <tier id="p" type="phrases" content="c">
    <item id="p0" content="c1[0:50]"/>
  </tier>
  <tier id="g" type="glosses" content="c">
    <item id="g0" content="c5[0:54]" alignment="p1"/>
  </tier>
  <tier id="t" type="translations" content="c">
    <item id="t0" content="c6[0:53]" alignment="p1"/>
    <item id="t1" content="c7[0:65]" alignment="p1"/>
  </tier>
</igt>
</xigt-corpus>
