<?xml version="1.0" encoding="UTF-8"?>
<xigt-corpus>
<igt id="i47540">
  <metadata type="xigt-meta">
    <meta type="language" name="akha" iso-639-3="ahk" tiers="phrases words morphemes"/>
    <meta type="language" name="English" iso-639-3="eng" tiers="translations"/>
    <meta type="odin-source" doc-id="3413" line-range="10007-10010" line-types="L+CR L+CR G T+AC"/>
  </metadata>
  <tier id="o" type="odin-raw">
    <item id="o1" line="10007" tag="L+CR">                  aÇ a a i</item>
    <item id="o2" line="10008" tag="L+CR">  (5 5 6 )        `j`q `z`q d` s`q m´.</item>
    <item id="o3" line="10009" tag="G">                  he pig beat kill prt</item>
    <item id="o4" line="10010" tag="T+AC">                  `He will kill a pig.' (ex. &amp; tr. Hansson 2003: 242)</item>
  </tier>
  <tier id="c" type="odin-clean">
    <item id="c1" line="10007" tag="L+CR">aÇ a a i</item>
    <item id="c3" line="10009" tag="G">he pig beat kill prt</item>
    <item id="c4" line="10010" tag="T+AC">He will kill a pig.' (ex. &amp; tr. Hansson 2003: 242)</item>
  </tier>
  <tier id="p" type="phrases" content="c">
    <item id="p0" content="c1[0:8]"/>
  </tier>
  <tier id="g" type="glosses" content="c">
    <item id="g0" content="c3[0:20]" alignment="p1"/>
  </tier>
  <tier id="t" type="translations" content="c">
    <item id="t0" content="c4[0:50]" alignment="p1"/>
  </tier>
</igt>
<igt id="i49311">
  <metadata type="xigt-meta">
    <meta type="language" name="akha" iso-639-3="ahk" tiers="phrases words morphemes"/>
    <meta type="language" name="English" iso-639-3="eng" tiers="translations"/>
    <meta type="odin-source" doc-id="3423" line-range="942-945" line-types="L+CR L+CR G T+AC"/>
  </metadata>
  <tier id="o" type="odin-raw">
    <item id="o1" line="942" tag="L+CR">         n-màq           ajq-á</item>
    <item id="o2" line="943" tag="L+CR">  (41)                                  di-á.</item>
    <item id="o3" line="944" tag="G">         you-PL          he-OBJ         beat-VIS</item>
    <item id="o4" line="945" tag="T+AC">         `You (pl.) are beating him (I see it).'               (Thurgood 1986:214)</item>
  </tier>
  <tier id="c" type="odin-clean">
    <item id="c1" line="942 943" tag="L+CR">n-màq           ajq-á        di-á.</item>
    <item id="c3" line="944" tag="G">you-PL          he-OBJ         beat-VIS</item>
    <item id="c4" line="945" tag="T+AC">You (pl.) are beating him (I see it).'               (Thurgood 1986:214)</item>
  </tier>
  <tier id="p" type="phrases" content="c">
    <item id="p0" content="c1[0:34]"/>
  </tier>
  <tier id="g" type="glosses" content="c">
    <item id="g0" content="c3[0:39]" alignment="p1"/>
  </tier>
  <tier id="t" type="translations" content="c">
    <item id="t0" content="c4[0:72]" alignment="p1"/>
  </tier>
</igt>
<igt id="i65043">
  <metadata type="xigt-meta">
    <meta type="language" name="akha" iso-639-3="ahk" tiers="phrases words morphemes"/>
    <meta type="language" name="English" iso-639-3="eng" tiers="translations"/>
    <meta type="odin-source" doc-id="1416" line-range="81-83" line-types="L-T+LN B G"/>
  </metadata>
  <tier id="o" type="odin-raw">
    <item id="o1" line="81" tag="L-T+LN">  (4) a. N·-m´q ´ j·Ý q- ´N dÒ-¾                    'You(pl) will beat him'                   Akha</item>
    <item id="o2" line="82" tag="B"></item>
    <item id="o3" line="83" tag="G">          you-PL he-OBL beat-NONSENSORIAL</item>
  </tier>
  <tier id="c" type="odin-clean">
    <item id="c1" line="81" tag="L-T+LN">N·-m´q ´ j·Ý q-´N dÒ-¾                    'You(pl) will beat him'                   Akha</item>
    <item id="c2" line="82" tag="B"/>
    <item id="c3" line="83" tag="G">you-PL he-OBL beat-NONSENSORIAL</item>
  </tier>
  <tier id="g" type="glosses" content="c">
    <item id="g0" content="c3[0:31]"/>
  </tier>
</igt>
<igt id="i65044">
  <metadata type="xigt-meta">
    <meta type="language" name="akha" iso-639-3="ahk" tiers="phrases words morphemes"/>
    <meta type="language" name="English" iso-639-3="eng" tiers="translations"/>
    <meta type="odin-source" doc-id="1416" line-range="85-87" line-types="L-T B G"/>
  </metadata>
  <tier id="o" type="odin-raw">
    <item id="o1" line="85" tag="L-T">     b. N·-m´q ´ j·Ý q- ´N dÒ- N´                   'You(pl) will beat him (I see it now)'</item>
    <item id="o2" line="86" tag="B"></item>
    <item id="o3" line="87" tag="G">         you-PL he-OBL beat-VISUAL</item>
  </tier>
  <tier id="c" type="odin-clean">
    <item id="c1" line="85" tag="L-T">N·-m´q ´ j·Ý q-´N dÒ-N´                   'You(pl) will beat him (I see it now)</item>
    <item id="c2" line="86" tag="B"/>
    <item id="c3" line="87" tag="G">you-PL he-OBL beat-VISUAL</item>
  </tier>
  <tier id="g" type="glosses" content="c">
    <item id="g0" content="c3[0:25]"/>
  </tier>
</igt>
<igt id="i65045">
  <metadata type="xigt-meta">
    <meta type="language" name="akha" iso-639-3="ahk" tiers="phrases words morphemes"/>
    <meta type="language" name="English" iso-639-3="eng" tiers="translations"/>
    <meta type="odin-source" doc-id="1416" line-range="89-91" line-types="L-T B G"/>
  </metadata>
  <tier id="o" type="odin-raw">
    <item id="o1" line="89" tag="L-T">     c. N·-m´q ´ j·Ý q- ´N dÒ- nja                  'You(pl) will beat him (I guess from sound of</item>
    <item id="o2" line="90" tag="B"></item>
    <item id="o3" line="91" tag="G">          you-PL he-OBL beat-NONVISUAL                                    beating)'</item>
  </tier>
  <tier id="c" type="odin-clean">
    <item id="c1" line="89" tag="L-T">N·-m´q ´ j·Ý q-´N dÒ-nja                  'You(pl) will beat him (I guess from sound of</item>
    <item id="c2" line="90" tag="B"/>
    <item id="c3" line="91" tag="G">you-PL he-OBL beat-NONVISUAL                                    beating)</item>
  </tier>
  <tier id="g" type="glosses" content="c">
    <item id="g0" content="c3[0:72]"/>
  </tier>
</igt>
<igt id="i65050">
  <metadata type="xigt-meta">
    <meta type="language" name="akha" iso-639-3="ahk" tiers="phrases words morphemes"/>
    <meta type="language" name="English" iso-639-3="eng" tiers="translations"/>
    <meta type="odin-source" doc-id="1416" line-range="914-922" line-types="M+AC+LN B L+DB B B G+DB+CR G+DB+CR B T+DB"/>
  </metadata>
  <tier id="o" type="odin-raw">
    <item id="o1" line="914" tag="M+AC+LN">  (28)     Akha:              (Thrugood 1986)</item>
    <item id="o2" line="915" tag="B"></item>
    <item id="o3" line="916" tag="L+DB">         a. Na nc- «N di- À                      b. Nc-m´q ´jcq- ´N dÒ-m&lt;</item>
    <item id="o4" line="917" tag="B"></item>
    <item id="o5" line="918" tag="B"></item>
    <item id="o6" line="919" tag="G+DB+CR">           I you-OBJ hit- À                                            hit-m&lt;</item>
    <item id="o7" line="920" tag="G+DB+CR">                                                    you-PL he-OBJ</item>
    <item id="o8" line="921" tag="B"></item>
    <item id="o9" line="922" tag="T+DB">           `I hit you'                             `You hit him'</item>
  </tier>
  <tier id="c" type="odin-clean">
    <item id="c1" line="914" tag="M+AC+LN">             (Thrugood 1986</item>
    <item id="c2" line="915" tag="B"/>
    <item id="c3" line="916" tag="L+DB">Na nc-«N di-À                      b. Nc-m´q ´jcq-´N dÒ-m&lt;</item>
    <item id="c4" line="917" tag="B"/>
    <item id="c5" line="918" tag="B"/>
    <item id="c6" line="919 920" tag="G+DB+CR">I you-OBJ hit-À                        you-PL he-OBJ       hit-m&lt;</item>
    <item id="c8" line="921" tag="B"/>
    <item id="c9" line="922" tag="T+DB">I hit you'                             `You hit him</item>
  </tier>
  <tier id="p" type="phrases" content="c">
    <item id="p0" content="c3[0:58]"/>
  </tier>
  <tier id="g" type="glosses" content="c">
    <item id="g0" content="c6[0:65]" alignment="p1"/>
  </tier>
  <tier id="t" type="translations" content="c">
    <item id="t0" content="c9[0:51]" alignment="p1"/>
  </tier>
</igt>
<igt id="i65051">
  <metadata type="xigt-meta">
    <meta type="language" name="akha" iso-639-3="ahk" tiers="phrases words morphemes"/>
    <meta type="language" name="English" iso-639-3="eng" tiers="translations"/>
    <meta type="odin-source" doc-id="1416" line-range="924-928" line-types="L B G B T"/>
  </metadata>
  <tier id="o" type="odin-raw">
    <item id="o1" line="924" tag="L">     c. Nc n´- «N di- À-lÙ</item>
    <item id="o2" line="925" tag="B"></item>
    <item id="o3" line="926" tag="G">         you me-OBJ hit- À-Q</item>
    <item id="o4" line="927" tag="B"></item>
    <item id="o5" line="928" tag="T">         `Will you beat me?'</item>
  </tier>
  <tier id="c" type="odin-clean">
    <item id="c1" line="924" tag="L">Nc n´-«N di-À-lÙ</item>
    <item id="c2" line="925" tag="B"/>
    <item id="c3" line="926" tag="G">you me-OBJ hit-À-Q</item>
    <item id="c4" line="927" tag="B"/>
    <item id="c5" line="928" tag="T">Will you beat me?</item>
  </tier>
  <tier id="p" type="phrases" content="c">
    <item id="p0" content="c1[0:16]"/>
  </tier>
  <tier id="g" type="glosses" content="c">
    <item id="g0" content="c3[0:18]" alignment="p1"/>
  </tier>
  <tier id="t" type="translations" content="c">
    <item id="t0" content="c5[0:17]" alignment="p1"/>
  </tier>
</igt>
<igt id="i68989">
  <metadata type="xigt-meta">
    <meta type="language" name="akha" iso-639-3="ahk" tiers="phrases words morphemes"/>
    <meta type="language" name="English" iso-639-3="eng" tiers="translations"/>
    <meta type="odin-source" doc-id="3085" line-range="111-113" line-types="L-T+LN B G"/>
  </metadata>
  <tier id="o" type="odin-raw">
    <item id="o1" line="111" tag="L-T+LN">  (4) a. N-màq     àj q-à dì-é                'You(pl) will beat him'         Akha</item>
    <item id="o2" line="112" tag="B"></item>
    <item id="o3" line="113" tag="G">          you-PL he-OBL beat-NONSENSORIAL</item>
  </tier>
  <tier id="c" type="odin-clean">
    <item id="c1" line="111" tag="L-T+LN">N-màq     àj q-à dì-é                'You(pl) will beat him'         Akha</item>
    <item id="c2" line="112" tag="B"/>
    <item id="c3" line="113" tag="G">you-PL he-OBL beat-NONSENSORIAL</item>
  </tier>
  <tier id="g" type="glosses" content="c">
    <item id="g0" content="c3[0:31]"/>
  </tier>
</igt>
<igt id="i68990">
  <metadata type="xigt-meta">
    <meta type="language" name="akha" iso-639-3="ahk" tiers="phrases words morphemes"/>
    <meta type="language" name="English" iso-639-3="eng" tiers="translations"/>
    <meta type="odin-source" doc-id="3085" line-range="115-117" line-types="L-T B G"/>
  </metadata>
  <tier id="o" type="odin-raw">
    <item id="o1" line="115" tag="L-T">     b.   N-màq     àj q-à dì-à               'You(pl) will beat him (I see it now)'</item>
    <item id="o2" line="116" tag="B"></item>
    <item id="o3" line="117" tag="G">          you-PL he-OBL beat-VISUAL</item>
  </tier>
  <tier id="c" type="odin-clean">
    <item id="c1" line="115" tag="L-T">N-màq     àj q-à dì-à               'You(pl) will beat him (I see it now)</item>
    <item id="c2" line="116" tag="B"/>
    <item id="c3" line="117" tag="G">you-PL he-OBL beat-VISUAL</item>
  </tier>
  <tier id="g" type="glosses" content="c">
    <item id="g0" content="c3[0:25]"/>
  </tier>
</igt>
<igt id="i68991">
  <metadata type="xigt-meta">
    <meta type="language" name="akha" iso-639-3="ahk" tiers="phrases words morphemes"/>
    <meta type="language" name="English" iso-639-3="eng" tiers="translations"/>
    <meta type="odin-source" doc-id="3085" line-range="119-123" line-types="L-T B T B G-T"/>
  </metadata>
  <tier id="o" type="odin-raw">
    <item id="o1" line="119" tag="L-T">     c.   N-màq    àj q-à dì         -nja               `You(pl) will beat him (I</item>
    <item id="o2" line="120" tag="B"></item>
    <item id="o3" line="121" tag="T">     guess from</item>
    <item id="o4" line="122" tag="B"></item>
    <item id="o5" line="123" tag="G-T">          you-PL he-OBL beat-NONVISUAL                  sound of beating)'</item>
  </tier>
  <tier id="c" type="odin-clean">
    <item id="c1" line="119" tag="L-T">N-màq    àj q-à dì-nja               `You(pl) will beat him (I</item>
    <item id="c2" line="120" tag="B"/>
    <item id="c3" line="121" tag="T">guess from</item>
    <item id="c4" line="122" tag="B"/>
    <item id="c5" line="123" tag="G-T">you-PL he-OBL beat-NONVISUAL                  sound of beating)</item>
  </tier>
  <tier id="t" type="translations" content="c">
    <item id="t0" content="c3[0:10]"/>
  </tier>
</igt>
<igt id="i69000">
  <metadata type="xigt-meta">
    <meta type="language" name="akha" iso-639-3="ahk" tiers="phrases words morphemes"/>
    <meta type="language" name="English" iso-639-3="eng" tiers="translations"/>
    <meta type="odin-source" doc-id="3085" line-range="1242-1248" line-types="M+AC+LN B L+DB B G+DB B T+DB"/>
  </metadata>
  <tier id="o" type="odin-raw">
    <item id="o1" line="1242" tag="M+AC+LN">  (34)     Akha:          (Thurgood 1986)</item>
    <item id="o2" line="1243" tag="B"></item>
    <item id="o3" line="1244" tag="L+DB">         a. a nc-á    dì-è                       b. Nc-màq àjcq-à dì-mÉ</item>
    <item id="o4" line="1245" tag="B"></item>
    <item id="o5" line="1246" tag="G+DB">           I you-OBJ hit-è                           you-PL he-OBJ         hit- mÉ</item>
    <item id="o6" line="1247" tag="B"></item>
    <item id="o7" line="1248" tag="T+DB">         `I hit you'                              `You hit him'</item>
  </tier>
  <tier id="c" type="odin-clean">
    <item id="c1" line="1242" tag="M+AC+LN">         (Thurgood 1986</item>
    <item id="c2" line="1243" tag="B"/>
    <item id="c3" line="1244" tag="L+DB">a nc-á    dì-è                       b. Nc-màq àjcq-à dì-mÉ</item>
    <item id="c4" line="1245" tag="B"/>
    <item id="c5" line="1246" tag="G+DB">I you-OBJ hit-è                           you-PL he-OBJ         hit-mÉ</item>
    <item id="c6" line="1247" tag="B"/>
    <item id="c7" line="1248" tag="T+DB">I hit you'                              `You hit him</item>
  </tier>
  <tier id="p" type="phrases" content="c">
    <item id="p0" content="c3[0:59]"/>
  </tier>
  <tier id="g" type="glosses" content="c">
    <item id="g0" content="c5[0:70]" alignment="p1"/>
  </tier>
  <tier id="t" type="translations" content="c">
    <item id="t0" content="c7[0:52]" alignment="p1"/>
  </tier>
</igt>
<igt id="i69001">
  <metadata type="xigt-meta">
    <meta type="language" name="akha" iso-639-3="ahk" tiers="phrases words morphemes"/>
    <meta type="language" name="English" iso-639-3="eng" tiers="translations"/>
    <meta type="odin-source" doc-id="3085" line-range="1250-1254" line-types="L B G B T"/>
  </metadata>
  <tier id="o" type="odin-raw">
    <item id="o1" line="1250" tag="L">      c. c    nà-á       dì-è-ló</item>
    <item id="o2" line="1251" tag="B"></item>
    <item id="o3" line="1252" tag="G">         you me-OBJ hit-è -Q</item>
    <item id="o4" line="1253" tag="B"></item>
    <item id="o5" line="1254" tag="T">         `Will you beat me?'</item>
  </tier>
  <tier id="c" type="odin-clean">
    <item id="c1" line="1250" tag="L">c    nà-á       dì-è-ló</item>
    <item id="c2" line="1251" tag="B"/>
    <item id="c3" line="1252" tag="G">you me-OBJ hit-è-Q</item>
    <item id="c4" line="1253" tag="B"/>
    <item id="c5" line="1254" tag="T">Will you beat me?</item>
  </tier>
  <tier id="p" type="phrases" content="c">
    <item id="p0" content="c1[0:23]"/>
  </tier>
  <tier id="g" type="glosses" content="c">
    <item id="g0" content="c3[0:18]" alignment="p1"/>
  </tier>
  <tier id="t" type="translations" content="c">
    <item id="t0" content="c5[0:17]" alignment="p1"/>
  </tier>
</igt>
<igt id="i115569">
  <metadata type="xigt-meta">
    <meta type="language" name="akha" iso-639-3="ahk" tiers="phrases words morphemes"/>
    <meta type="language" name="English" iso-639-3="eng" tiers="translations"/>
    <meta type="odin-source" doc-id="3380" line-range="1444-1448" line-types="M+LN B L G T+AC"/>
  </metadata>
  <tier id="o" type="odin-raw">
    <item id="o1" line="1444" tag="M+LN">         c.    Akha (Burmese-Lolo)</item>
    <item id="o2" line="1445" tag="B"></item>
    <item id="o3" line="1446" tag="L">              [mínaq       ng?ner máw ow] gh?</item>
    <item id="o4" line="1447" tag="G">              yesterday 1SG by see             PTCL person</item>
    <item id="o5" line="1448" tag="T+AC">              `the man I saw yesterday' (Dellinger 1969: 112)</item>
  </tier>
  <tier id="c" type="odin-clean">
    <item id="c1" line="1444" tag="M+LN">Akha (Burmese-Lolo)</item>
    <item id="c2" line="1445" tag="B"/>
    <item id="c3" line="1446" tag="L">[mínaq       ng?ner máw ow] gh?</item>
    <item id="c4" line="1447" tag="G">yesterday 1SG by see             PTCL person</item>
    <item id="c5" line="1448" tag="T+AC">the man I saw yesterday' (Dellinger 1969: 112)</item>
  </tier>
  <tier id="p" type="phrases" content="c">
    <item id="p0" content="c3[0:31]"/>
  </tier>
  <tier id="g" type="glosses" content="c">
    <item id="g0" content="c4[0:44]" alignment="p1"/>
  </tier>
  <tier id="t" type="translations" content="c">
    <item id="t0" content="c5[0:46]" alignment="p1"/>
  </tier>
</igt>
<igt id="i115614">
  <metadata type="xigt-meta">
    <meta type="language" name="akha" iso-639-3="ahk" tiers="phrases words morphemes"/>
    <meta type="language" name="English" iso-639-3="eng" tiers="translations"/>
    <meta type="odin-source" doc-id="3380" line-range="2189-2193" line-types="M+LN B L G T+AC"/>
  </metadata>
  <tier id="o" type="odin-raw">
    <item id="o1" line="2189" tag="M+LN">  (83)   a.   Akha</item>
    <item id="o2" line="2190" tag="B"></item>
    <item id="o3" line="2191" tag="L">              ádzèr ghaq dzów</item>
    <item id="o4" line="2192" tag="G">              very hard too</item>
    <item id="o5" line="2193" tag="T+AC">              `too hard' (Dellinger 1969: 140)</item>
  </tier>
  <tier id="c" type="odin-clean">
    <item id="c1" line="2189" tag="M+LN">Akha</item>
    <item id="c2" line="2190" tag="B"/>
    <item id="c3" line="2191" tag="L">ádzèr ghaq dzów</item>
    <item id="c4" line="2192" tag="G">very hard too</item>
    <item id="c5" line="2193" tag="T+AC">too hard' (Dellinger 1969: 140)</item>
  </tier>
  <tier id="p" type="phrases" content="c">
    <item id="p0" content="c3[0:15]"/>
  </tier>
  <tier id="g" type="glosses" content="c">
    <item id="g0" content="c4[0:13]" alignment="p1"/>
  </tier>
  <tier id="t" type="translations" content="c">
    <item id="t0" content="c5[0:31]" alignment="p1"/>
  </tier>
</igt>
</xigt-corpus>
