<?xml version="1.0" encoding="UTF-8"?>
<xigt-corpus>
<igt id="i29173">
  <metadata type="xigt-meta">
    <meta type="language" name="arosi" iso-639-3="aia" tiers="phrases words morphemes"/>
    <meta type="language" name="English" iso-639-3="eng" tiers="translations"/>
    <meta type="odin-source" doc-id="2791" line-range="487-487" line-types="L-T+LN"/>
  </metadata>
  <tier id="o" type="odin-raw">
    <item id="o1" line="487" tag="L-T+LN">                            Arosi                rumu        `oil'</item>
  </tier>
  <tier id="c" type="odin-clean">
    <item id="c1" line="487" tag="L-T+LN">Arosi                rumu        `oil</item>
  </tier>
</igt>
<igt id="i29174">
  <metadata type="xigt-meta">
    <meta type="language" name="arosi" iso-639-3="aia" tiers="phrases words morphemes"/>
    <meta type="language" name="English" iso-639-3="eng" tiers="translations"/>
    <meta type="odin-source" doc-id="2791" line-range="488-488" line-types="L-T"/>
  </metadata>
  <tier id="o" type="odin-raw">
    <item id="o1" line="488" tag="L-T">                                                 marumu-rumu `soft'</item>
  </tier>
  <tier id="c" type="odin-clean">
    <item id="c1" line="488" tag="L-T">marumu-rumu `soft</item>
  </tier>
</igt>
<igt id="i73292">
  <metadata type="xigt-meta">
    <meta type="language" name="arosi" iso-639-3="aia" tiers="phrases words morphemes"/>
    <meta type="language" name="English" iso-639-3="eng" tiers="translations"/>
    <meta type="odin-source" doc-id="990" line-range="663-667" line-types="L+CR L+CR G+CR G+CR T"/>
  </metadata>
  <tier id="o" type="odin-raw">
    <item id="o1" line="663" tag="L+CR">                                    mwani he`u</item>
    <item id="o2" line="664" tag="L+CR">  (50) na</item>
    <item id="o3" line="665" tag="G+CR">                                               star</item>
    <item id="o4" line="666" tag="G+CR">          COMMON.DEF.SUBJ           PLUR</item>
    <item id="o5" line="667" tag="T">          `the stars'</item>
  </tier>
  <tier id="c" type="odin-clean">
    <item id="c1" line="663 664" tag="L+CR">na                           mwani he`u</item>
    <item id="c3" line="665 666" tag="G+CR">COMMON.DEF.SUBJ           PLUR       star</item>
    <item id="c5" line="667" tag="T">the stars</item>
  </tier>
  <tier id="p" type="phrases" content="c">
    <item id="p0" content="c1[0:39]"/>
  </tier>
  <tier id="g" type="glosses" content="c">
    <item id="g0" content="c3[0:41]" alignment="p1"/>
  </tier>
  <tier id="t" type="translations" content="c">
    <item id="t0" content="c5[0:9]" alignment="p1"/>
  </tier>
</igt>
</xigt-corpus>
