<?xml version="1.0" encoding="UTF-8"?>
<xigt-corpus>
<igt id="i49101">
  <metadata type="xigt-meta">
    <meta type="language" name="ainu" iso-639-3="aib:ain" tiers="phrases words morphemes"/>
    <meta type="language" name="English" iso-639-3="eng" tiers="translations"/>
    <meta type="odin-source" doc-id="3405" line-range="7345-7348" line-types="M+AC+LN L G T"/>
  </metadata>
  <tier id="o" type="odin-raw">
    <item id="o1" line="7345" tag="M+AC+LN">  (147) Ainu (Tamura 1988)</item>
    <item id="o2" line="7346" tag="L">  a.    tu      okkaypo ek</item>
    <item id="o3" line="7347" tag="G">        two     youth     come.SG</item>
    <item id="o4" line="7348" tag="T">         `Two youths came'</item>
  </tier>
  <tier id="c" type="odin-clean">
    <item id="c1" line="7345" tag="M+AC+LN">Ainu (Tamura 1988</item>
    <item id="c2" line="7346" tag="L">tu      okkaypo ek</item>
    <item id="c3" line="7347" tag="G">two     youth     come.SG</item>
    <item id="c4" line="7348" tag="T">Two youths came</item>
  </tier>
  <tier id="p" type="phrases" content="c">
    <item id="p0" content="c2[0:18]"/>
  </tier>
  <tier id="g" type="glosses" content="c">
    <item id="g0" content="c3[0:25]" alignment="p1"/>
  </tier>
  <tier id="t" type="translations" content="c">
    <item id="t0" content="c4[0:15]" alignment="p1"/>
  </tier>
</igt>
<igt id="i49135">
  <metadata type="xigt-meta">
    <meta type="language" name="ainu" iso-639-3="aib:ain" tiers="phrases words morphemes"/>
    <meta type="language" name="English" iso-639-3="eng" tiers="translations"/>
    <meta type="odin-source" doc-id="3405" line-range="8083-8086" line-types="M+AC+LN M M L-T+DB"/>
  </metadata>
  <tier id="o" type="odin-raw">
    <item id="o1" line="8083" tag="M+AC+LN">  (164) Ainu (Isolate, Asia), (Tamura 1988)</item>
    <item id="o2" line="8084" tag="M">                                 Gloss</item>
    <item id="o3" line="8085" tag="M">        SG            PL</item>
    <item id="o4" line="8086" tag="L-T+DB">        maka          makpa      `open'</item>
  </tier>
  <tier id="c" type="odin-clean">
    <item id="c1" line="8083" tag="M+AC+LN">Ainu (Isolate, Asia), (Tamura 1988</item>
    <item id="c2" line="8084" tag="M">Gloss</item>
    <item id="c3" line="8085" tag="M">SG            PL</item>
    <item id="c4" line="8086" tag="L-T+DB">maka          makpa      `open</item>
  </tier>
</igt>
<igt id="i49138">
  <metadata type="xigt-meta">
    <meta type="language" name="ainu" iso-639-3="aib:ain" tiers="phrases words morphemes"/>
    <meta type="language" name="English" iso-639-3="eng" tiers="translations"/>
    <meta type="odin-source" doc-id="3405" line-range="8107-8109" line-types="M+AC+LN T L-G"/>
  </metadata>
  <tier id="o" type="odin-raw">
    <item id="o1" line="8107" tag="M+AC+LN">  (165) Ainu (Isolate, Asia), (Tamura 1988)</item>
    <item id="o2" line="8108" tag="T">  a.     `stand'</item>
    <item id="o3" line="8109" tag="L-G">         as         stand.SG</item>
  </tier>
  <tier id="c" type="odin-clean">
    <item id="c1" line="8107" tag="M+AC+LN">Ainu (Isolate, Asia), (Tamura 1988</item>
    <item id="c2" line="8108" tag="T">`stand</item>
    <item id="c3" line="8109" tag="L-G">as         stand.SG</item>
  </tier>
  <tier id="t" type="translations" content="c">
    <item id="t0" content="c2[0:6]"/>
  </tier>
</igt>
</xigt-corpus>
