<?xml version="1.0" encoding="UTF-8"?>
<xigt-corpus>
<igt id="i29166">
  <metadata type="xigt-meta">
    <meta type="language" name="amara" iso-639-3="aie" tiers="phrases words morphemes"/>
    <meta type="language" name="English" iso-639-3="eng" tiers="translations"/>
    <meta type="odin-source" doc-id="2791" line-range="479-479" line-types="L-T+LN"/>
  </metadata>
  <tier id="o" type="odin-raw">
    <item id="o1" line="479" tag="L-T+LN">                            Amara                mulum       `soft'</item>
  </tier>
  <tier id="c" type="odin-clean">
    <item id="c1" line="479" tag="L-T+LN">Amara                mulum       `soft</item>
  </tier>
</igt>
</xigt-corpus>
