<?xml version="1.0" encoding="UTF-8"?>
<xigt-corpus>
<igt id="i12077">
  <metadata type="xigt-meta">
    <meta type="language" name="ainu" iso-639-3="ain" tiers="phrases words morphemes"/>
    <meta type="language" name="English" iso-639-3="eng" tiers="translations"/>
    <meta type="odin-source" doc-id="2499" line-range="5820-5821" line-types="L-T G"/>
  </metadata>
  <tier id="o" type="odin-raw">
    <item id="o1" line="5820" tag="L-T">  (54)         a.     a-e-kore                                  `I give you'</item>
    <item id="o2" line="5821" tag="G">                      S1s-2sg-give</item>
  </tier>
  <tier id="c" type="odin-clean">
    <item id="c1" line="5820" tag="L-T">a-e-kore                                  `I give you</item>
    <item id="c2" line="5821" tag="G">S1s-2sg-give</item>
  </tier>
  <tier id="g" type="glosses" content="c">
    <item id="g0" content="c2[0:12]"/>
  </tier>
</igt>
<igt id="i12078">
  <metadata type="xigt-meta">
    <meta type="language" name="ainu" iso-639-3="ain" tiers="phrases words morphemes"/>
    <meta type="language" name="English" iso-639-3="eng" tiers="translations"/>
    <meta type="odin-source" doc-id="2499" line-range="5822-5823" line-types="L-T G"/>
  </metadata>
  <tier id="o" type="odin-raw">
    <item id="o1" line="5822" tag="L-T">               b.     e-i-kore                                  `you give me/us'</item>
    <item id="o2" line="5823" tag="G">                      2sg-O1-give</item>
  </tier>
  <tier id="c" type="odin-clean">
    <item id="c1" line="5822" tag="L-T">e-i-kore                                  `you give me/us</item>
    <item id="c2" line="5823" tag="G">2sg-O1-give</item>
  </tier>
  <tier id="g" type="glosses" content="c">
    <item id="g0" content="c2[0:11]"/>
  </tier>
</igt>
<igt id="i12089">
  <metadata type="xigt-meta">
    <meta type="language" name="ainu" iso-639-3="ain" tiers="phrases words morphemes"/>
    <meta type="language" name="English" iso-639-3="eng" tiers="translations"/>
    <meta type="odin-source" doc-id="2499" line-range="6010-6011" line-types="L-T G"/>
  </metadata>
  <tier id="o" type="odin-raw">
    <item id="o1" line="6010" tag="L-T">  (62)    eci-un-kore                      `You give us'</item>
    <item id="o2" line="6011" tag="G">          2pl-O1p-give</item>
  </tier>
  <tier id="c" type="odin-clean">
    <item id="c1" line="6010" tag="L-T">eci-un-kore                      `You give us</item>
    <item id="c2" line="6011" tag="G">2pl-O1p-give</item>
  </tier>
  <tier id="g" type="glosses" content="c">
    <item id="g0" content="c2[0:12]"/>
  </tier>
</igt>
<igt id="i12090">
  <metadata type="xigt-meta">
    <meta type="language" name="ainu" iso-639-3="ain" tiers="phrases words morphemes"/>
    <meta type="language" name="English" iso-639-3="eng" tiers="translations"/>
    <meta type="odin-source" doc-id="2499" line-range="6036-6037" line-types="L-T G"/>
  </metadata>
  <tier id="o" type="odin-raw">
    <item id="o1" line="6036" tag="L-T">  (64)        a.     e-kore                               `you give (intrans.)'</item>
    <item id="o2" line="6037" tag="G">                     2sg-give</item>
  </tier>
  <tier id="c" type="odin-clean">
    <item id="c1" line="6036" tag="L-T">a.     e-kore                               `you give (intrans.</item>
    <item id="c2" line="6037" tag="G">2sg-give</item>
  </tier>
  <tier id="g" type="glosses" content="c">
    <item id="g0" content="c2[0:8]"/>
  </tier>
</igt>
<igt id="i12091">
  <metadata type="xigt-meta">
    <meta type="language" name="ainu" iso-639-3="ain" tiers="phrases words morphemes"/>
    <meta type="language" name="English" iso-639-3="eng" tiers="translations"/>
    <meta type="odin-source" doc-id="2499" line-range="6038-6039" line-types="L-T G"/>
  </metadata>
  <tier id="o" type="odin-raw">
    <item id="o1" line="6038" tag="L-T">              b.     *e/eci-kore                         `I give you'</item>
    <item id="o2" line="6039" tag="G">                     2sg-/2-give</item>
  </tier>
  <tier id="c" type="odin-clean">
    <item id="c1" line="6038" tag="L-T">*e/eci-kore                         `I give you</item>
    <item id="c2" line="6039" tag="G">2sg-/2-give</item>
  </tier>
  <tier id="g" type="glosses" content="c">
    <item id="g0" content="c2[0:11]"/>
  </tier>
</igt>
<igt id="i30243">
  <metadata type="xigt-meta">
    <meta type="language" name="ainu" iso-639-3="ain" tiers="phrases words morphemes"/>
    <meta type="language" name="English" iso-639-3="eng" tiers="translations"/>
    <meta type="odin-source" doc-id="36.txt" line-range="107-111" line-types="L G G+AL B T"/>
  </metadata>
  <tier id="o" type="odin-raw">
    <item id="o1" line="107" tag="L">  an                        -e                   -raj                       -ki                     -i</item>
    <item id="o2" line="108" tag="G">  1st, 3rd person           2nd person           to die                     causative `do'          pl.</item>
    <item id="o3" line="109" tag="G+AL">  (subject)</item>
    <item id="o4" line="110" tag="B"></item>
    <item id="o5" line="111" tag="T">  "They will kill you."</item>
  </tier>
  <tier id="c" type="odin-clean">
    <item id="c1" line="107" tag="L">an-e-raj-ki-i</item>
    <item id="c2" line="108" tag="G">1st, 3rd person           2nd person           to die                     causative `do'          pl.</item>
    <item id="c3" line="109" tag="G+AL">subject</item>
    <item id="c4" line="110" tag="B"/>
    <item id="c5" line="111" tag="T">They will kill you.</item>
  </tier>
  <tier id="p" type="phrases" content="c">
    <item id="p0" content="c1[0:13]"/>
  </tier>
  <tier id="g" type="glosses" content="c">
    <item id="g0" content="c2[0:101]" alignment="p1"/>
    <item id="g1" content="c3[0:7]" alignment="p1"/>
  </tier>
  <tier id="t" type="translations" content="c">
    <item id="t0" content="c5[0:19]" alignment="p1"/>
  </tier>
</igt>
<igt id="i30244">
  <metadata type="xigt-meta">
    <meta type="language" name="ainu" iso-639-3="ain" tiers="phrases words morphemes"/>
    <meta type="language" name="English" iso-639-3="eng" tiers="translations"/>
    <meta type="odin-source" doc-id="36.txt" line-range="160-161" line-types="L G"/>
  </metadata>
  <tier id="o" type="odin-raw">
    <item id="o1" line="160" tag="L">           anerájkii `they will kill you'</item>
    <item id="o2" line="161" tag="G">           an- 1st, 3rd person (subject); e- 2nd person; -raj- `to die'; -ki- causative `do'; -i plural;</item>
  </tier>
  <tier id="c" type="odin-clean">
    <item id="c1" line="160" tag="L">anerájkii `they will kill you</item>
    <item id="c2" line="161" tag="G">an-1st, 3rd person (subject); e-2nd person;-raj-`to die';-ki-causative `do';-i plural;</item>
  </tier>
  <tier id="p" type="phrases" content="c">
    <item id="p0" content="c1[0:29]"/>
  </tier>
  <tier id="g" type="glosses" content="c">
    <item id="g0" content="c2[0:86]" alignment="p1"/>
  </tier>
</igt>
<igt id="i38471">
  <metadata type="xigt-meta">
    <meta type="language" name="ainu" iso-639-3="ain" tiers="phrases words morphemes"/>
    <meta type="language" name="English" iso-639-3="eng" tiers="translations"/>
    <meta type="odin-source" doc-id="1178" line-range="292-293" line-types="L+LN G"/>
  </metadata>
  <tier id="o" type="odin-raw">
    <item id="o1" line="292" tag="L+LN">  (4)   a.    mukcar-aha a-tuye. [AINU]</item>
    <item id="o2" line="293" tag="G">              chest-poss 1s.A-cut</item>
  </tier>
  <tier id="c" type="odin-clean">
    <item id="c1" line="292" tag="L+LN">mukcar-aha a-tuye. [AINU]</item>
    <item id="c2" line="293" tag="G">chest-poss 1s.A-cut</item>
  </tier>
  <tier id="p" type="phrases" content="c">
    <item id="p0" content="c1[0:25]"/>
  </tier>
  <tier id="g" type="glosses" content="c">
    <item id="g0" content="c2[0:19]" alignment="p1"/>
  </tier>
</igt>
<igt id="i38472">
  <metadata type="xigt-meta">
    <meta type="language" name="ainu" iso-639-3="ain" tiers="phrases words morphemes"/>
    <meta type="language" name="English" iso-639-3="eng" tiers="translations"/>
    <meta type="odin-source" doc-id="1178" line-range="294-296" line-types="L G T"/>
  </metadata>
  <tier id="o" type="odin-raw">
    <item id="o1" line="294" tag="L">        b.    a-mukcar-tuye.</item>
    <item id="o2" line="295" tag="G">              1s.A-chest-cut</item>
    <item id="o3" line="296" tag="T">              `I cut his chest.'</item>
  </tier>
  <tier id="c" type="odin-clean">
    <item id="c1" line="294" tag="L">a-mukcar-tuye.</item>
    <item id="c2" line="295" tag="G">1s.A-chest-cut</item>
    <item id="c3" line="296" tag="T">I cut his chest.</item>
  </tier>
  <tier id="p" type="phrases" content="c">
    <item id="p0" content="c1[0:14]"/>
  </tier>
  <tier id="g" type="glosses" content="c">
    <item id="g0" content="c2[0:14]" alignment="p1"/>
  </tier>
  <tier id="t" type="translations" content="c">
    <item id="t0" content="c3[0:16]" alignment="p1"/>
  </tier>
</igt>
<igt id="i38473">
  <metadata type="xigt-meta">
    <meta type="language" name="ainu" iso-639-3="ain" tiers="phrases words morphemes"/>
    <meta type="language" name="English" iso-639-3="eng" tiers="translations"/>
    <meta type="odin-source" doc-id="1178" line-range="715-716" line-types="L+LN G"/>
  </metadata>
  <tier id="o" type="odin-raw">
    <item id="o1" line="715" tag="L+LN">  (5)   a. a-kor         kotan ta sirepa-an.[AINU]</item>
    <item id="o2" line="716" tag="G">           1sA-have      village to arrive-1sg.S</item>
  </tier>
  <tier id="c" type="odin-clean">
    <item id="c1" line="715" tag="L+LN">a-kor         kotan ta sirepa-an.[AINU]</item>
    <item id="c2" line="716" tag="G">1sA-have      village to arrive-1sg.S</item>
  </tier>
  <tier id="p" type="phrases" content="c">
    <item id="p0" content="c1[0:39]"/>
  </tier>
  <tier id="g" type="glosses" content="c">
    <item id="g0" content="c2[0:37]" alignment="p1"/>
  </tier>
</igt>
<igt id="i38474">
  <metadata type="xigt-meta">
    <meta type="language" name="ainu" iso-639-3="ain" tiers="phrases words morphemes"/>
    <meta type="language" name="English" iso-639-3="eng" tiers="translations"/>
    <meta type="odin-source" doc-id="1178" line-range="717-720" line-types="L+CR L+CR G T"/>
  </metadata>
  <tier id="o" type="odin-raw">
    <item id="o1" line="717" tag="L+CR">                         kotan a-e-sirepa.</item>
    <item id="o2" line="718" tag="L+CR">        b. a-kor</item>
    <item id="o3" line="719" tag="G">           1sA-have      village 1sA-appl-arrive</item>
    <item id="o4" line="720" tag="T">           `I arrived   at my village.'</item>
  </tier>
  <tier id="c" type="odin-clean">
    <item id="c1" line="717 718" tag="L+CR">a-kor         kotan a-e-sirepa.</item>
    <item id="c3" line="719" tag="G">1sA-have      village 1sA-appl-arrive</item>
    <item id="c4" line="720" tag="T">I arrived   at my village.</item>
  </tier>
  <tier id="p" type="phrases" content="c">
    <item id="p0" content="c1[0:31]"/>
  </tier>
  <tier id="g" type="glosses" content="c">
    <item id="g0" content="c3[0:37]" alignment="p1"/>
  </tier>
  <tier id="t" type="translations" content="c">
    <item id="t0" content="c4[0:26]" alignment="p1"/>
  </tier>
</igt>
<igt id="i38477">
  <metadata type="xigt-meta">
    <meta type="language" name="ainu" iso-639-3="ain" tiers="phrases words morphemes"/>
    <meta type="language" name="English" iso-639-3="eng" tiers="translations"/>
    <meta type="odin-source" doc-id="1178" line-range="737-739" line-types="L+LN G T"/>
  </metadata>
  <tier id="o" type="odin-raw">
    <item id="o1" line="737" tag="L+LN">  (7)   a. Tam-kurpoki a-ko-tam-etaye.[AINU]</item>
    <item id="o2" line="738" tag="G">           sword-bottom 1s.A-appl-sword-draw.out</item>
    <item id="o3" line="739" tag="T">           `I drew the sword out from the bottom of the (other) sword.'</item>
  </tier>
  <tier id="c" type="odin-clean">
    <item id="c1" line="737" tag="L+LN">Tam-kurpoki a-ko-tam-etaye.[AINU]</item>
    <item id="c2" line="738" tag="G">sword-bottom 1s.A-appl-sword-draw.out</item>
    <item id="c3" line="739" tag="T">I drew the sword out from the bottom of the (other) sword.</item>
  </tier>
  <tier id="p" type="phrases" content="c">
    <item id="p0" content="c1[0:33]"/>
  </tier>
  <tier id="g" type="glosses" content="c">
    <item id="g0" content="c2[0:37]" alignment="p1"/>
  </tier>
  <tier id="t" type="translations" content="c">
    <item id="t0" content="c3[0:58]" alignment="p1"/>
  </tier>
</igt>
<igt id="i38478">
  <metadata type="xigt-meta">
    <meta type="language" name="ainu" iso-639-3="ain" tiers="phrases words morphemes"/>
    <meta type="language" name="English" iso-639-3="eng" tiers="translations"/>
    <meta type="odin-source" doc-id="1178" line-range="740-742" line-types="L G T"/>
  </metadata>
  <tier id="o" type="odin-raw">
    <item id="o1" line="740" tag="L">        b. Ratki apa a-sapa-e-puni.</item>
    <item id="o2" line="741" tag="G">           hung door 1s.A-head-appl-lift</item>
    <item id="o3" line="742" tag="T">           `I lifted the suspended door with my head.'</item>
  </tier>
  <tier id="c" type="odin-clean">
    <item id="c1" line="740" tag="L">Ratki apa a-sapa-e-puni.</item>
    <item id="c2" line="741" tag="G">hung door 1s.A-head-appl-lift</item>
    <item id="c3" line="742" tag="T">I lifted the suspended door with my head.</item>
  </tier>
  <tier id="p" type="phrases" content="c">
    <item id="p0" content="c1[0:24]"/>
  </tier>
  <tier id="g" type="glosses" content="c">
    <item id="g0" content="c2[0:29]" alignment="p1"/>
  </tier>
  <tier id="t" type="translations" content="c">
    <item id="t0" content="c3[0:41]" alignment="p1"/>
  </tier>
</igt>
<igt id="i42797">
  <metadata type="xigt-meta">
    <meta type="language" name="ainu" iso-639-3="ain" tiers="phrases words morphemes"/>
    <meta type="language" name="English" iso-639-3="eng" tiers="translations"/>
    <meta type="odin-source" doc-id="3507" line-range="518-521" line-types="L+CR L+CR G T"/>
  </metadata>
  <tier id="o" type="odin-raw">
    <item id="o1" line="518" tag="L+CR">                                         kor...</item>
    <item id="o2" line="519" tag="L+CR">   (37)      a.    asir cise ci-kar</item>
    <item id="o3" line="520" tag="G">                   new house 1pl.ex-make and</item>
    <item id="o4" line="521" tag="T">                   `We made a new house and...'</item>
  </tier>
  <tier id="c" type="odin-clean">
    <item id="c1" line="518 519" tag="L+CR">asir cise ci-kar      kor...</item>
    <item id="c3" line="520" tag="G">new house 1pl.ex-make and</item>
    <item id="c4" line="521" tag="T">We made a new house and...</item>
  </tier>
  <tier id="p" type="phrases" content="c">
    <item id="p0" content="c1[0:28]"/>
  </tier>
  <tier id="g" type="glosses" content="c">
    <item id="g0" content="c3[0:25]" alignment="p1"/>
  </tier>
  <tier id="t" type="translations" content="c">
    <item id="t0" content="c4[0:26]" alignment="p1"/>
  </tier>
</igt>
<igt id="i42798">
  <metadata type="xigt-meta">
    <meta type="language" name="ainu" iso-639-3="ain" tiers="phrases words morphemes"/>
    <meta type="language" name="English" iso-639-3="eng" tiers="translations"/>
    <meta type="odin-source" doc-id="3507" line-range="522-524" line-types="L G T+AC"/>
  </metadata>
  <tier id="o" type="odin-raw">
    <item id="o1" line="522" tag="L">             b.    ney ta cise-kar-as</item>
    <item id="o2" line="523" tag="G">                   there at house-make-1pl.ex</item>
    <item id="o3" line="524" tag="T+AC">                   `We made a house there'                                               [Shibatani (1990:61)]</item>
  </tier>
  <tier id="c" type="odin-clean">
    <item id="c1" line="522" tag="L">ney ta cise-kar-as</item>
    <item id="c2" line="523" tag="G">there at house-make-1pl.ex</item>
    <item id="c3" line="524" tag="T+AC">We made a house there'                                               [Shibatani (1990:61)]</item>
  </tier>
  <tier id="p" type="phrases" content="c">
    <item id="p0" content="c1[0:18]"/>
  </tier>
  <tier id="g" type="glosses" content="c">
    <item id="g0" content="c2[0:26]" alignment="p1"/>
  </tier>
  <tier id="t" type="translations" content="c">
    <item id="t0" content="c3[0:90]" alignment="p1"/>
  </tier>
</igt>
<igt id="i42799">
  <metadata type="xigt-meta">
    <meta type="language" name="ainu" iso-639-3="ain" tiers="phrases words morphemes"/>
    <meta type="language" name="English" iso-639-3="eng" tiers="translations"/>
    <meta type="odin-source" doc-id="3507" line-range="525-527" line-types="L G T+AC"/>
  </metadata>
  <tier id="o" type="odin-raw">
    <item id="o1" line="525" tag="L">   (38)     kane rakko o-tumi-osma</item>
    <item id="o2" line="526" tag="G">            golden otter app-war-begin</item>
    <item id="o3" line="527" tag="T+AC">            `The war started because of the golden sea otter'                            [Shibatani (1990:63)]</item>
  </tier>
  <tier id="c" type="odin-clean">
    <item id="c1" line="525" tag="L">kane rakko o-tumi-osma</item>
    <item id="c2" line="526" tag="G">golden otter app-war-begin</item>
    <item id="c3" line="527" tag="T+AC">The war started because of the golden sea otter'                            [Shibatani (1990:63)]</item>
  </tier>
  <tier id="p" type="phrases" content="c">
    <item id="p0" content="c1[0:22]"/>
  </tier>
  <tier id="g" type="glosses" content="c">
    <item id="g0" content="c2[0:26]" alignment="p1"/>
  </tier>
  <tier id="t" type="translations" content="c">
    <item id="t0" content="c3[0:97]" alignment="p1"/>
  </tier>
</igt>
<igt id="i49102">
  <metadata type="xigt-meta">
    <meta type="language" name="ainu" iso-639-3="ain" tiers="phrases words morphemes"/>
    <meta type="language" name="English" iso-639-3="eng" tiers="translations"/>
    <meta type="odin-source" doc-id="3405" line-range="7349-7352" line-types="L+CR L+CR G T"/>
  </metadata>
  <tier id="o" type="odin-raw">
    <item id="o1" line="7349" tag="L+CR">  b.    tupesaniw ka                          ruwe        ne</item>
    <item id="o2" line="7350" tag="L+CR">                                 arki</item>
    <item id="o3" line="7351" tag="G">        eight          even      come.PL      NMLZ        COP</item>
    <item id="o4" line="7352" tag="T">         `Eight people came'</item>
  </tier>
  <tier id="c" type="odin-clean">
    <item id="c1" line="7349 7350" tag="L+CR">tupesaniw ka             arki         ruwe        ne</item>
    <item id="c3" line="7351" tag="G">eight          even      come.PL      NMLZ        COP</item>
    <item id="c4" line="7352" tag="T">Eight people came</item>
  </tier>
  <tier id="p" type="phrases" content="c">
    <item id="p0" content="c1[0:52]"/>
  </tier>
  <tier id="g" type="glosses" content="c">
    <item id="g0" content="c3[0:53]" alignment="p1"/>
  </tier>
  <tier id="t" type="translations" content="c">
    <item id="t0" content="c4[0:17]" alignment="p1"/>
  </tier>
</igt>
<igt id="i49136">
  <metadata type="xigt-meta">
    <meta type="language" name="ainu" iso-639-3="ain" tiers="phrases words morphemes"/>
    <meta type="language" name="English" iso-639-3="eng" tiers="translations"/>
    <meta type="odin-source" doc-id="3405" line-range="8087-8087" line-types="L-T+DB"/>
  </metadata>
  <tier id="o" type="odin-raw">
    <item id="o1" line="8087" tag="L-T+DB">        osura         osurpa     `throw away'</item>
  </tier>
  <tier id="c" type="odin-clean">
    <item id="c1" line="8087" tag="L-T+DB">osura         osurpa     `throw away</item>
  </tier>
</igt>
<igt id="i49137">
  <metadata type="xigt-meta">
    <meta type="language" name="ainu" iso-639-3="ain" tiers="phrases words morphemes"/>
    <meta type="language" name="English" iso-639-3="eng" tiers="translations"/>
    <meta type="odin-source" doc-id="3405" line-range="8088-8088" line-types="L-T+DB"/>
  </metadata>
  <tier id="o" type="odin-raw">
    <item id="o1" line="8088" tag="L-T+DB">        yasa          yaspa      `tear, split'</item>
  </tier>
  <tier id="c" type="odin-clean">
    <item id="c1" line="8088" tag="L-T+DB">yasa          yaspa      `tear, split</item>
  </tier>
</igt>
<igt id="i49139">
  <metadata type="xigt-meta">
    <meta type="language" name="ainu" iso-639-3="ain" tiers="phrases words morphemes"/>
    <meta type="language" name="English" iso-639-3="eng" tiers="translations"/>
    <meta type="odin-source" doc-id="3405" line-range="8110-8110" line-types="L-G"/>
  </metadata>
  <tier id="o" type="odin-raw">
    <item id="o1" line="8110" tag="L-G">         roski      stand.PL</item>
  </tier>
  <tier id="c" type="odin-clean">
    <item id="c1" line="8110" tag="L-G">roski      stand.PL</item>
  </tier>
</igt>
<igt id="i49140">
  <metadata type="xigt-meta">
    <meta type="language" name="ainu" iso-639-3="ain" tiers="phrases words morphemes"/>
    <meta type="language" name="English" iso-639-3="eng" tiers="translations"/>
    <meta type="odin-source" doc-id="3405" line-range="8112-8113" line-types="T L-G+CR"/>
  </metadata>
  <tier id="o" type="odin-raw">
    <item id="o1" line="8112" tag="T">  b.      'kill'</item>
    <item id="o2" line="8113" tag="L-G+CR">          rayke       kill.SG.OB   J</item>
  </tier>
  <tier id="c" type="odin-clean">
    <item id="c1" line="8112" tag="T">'kill</item>
    <item id="c2" line="8113" tag="L-G+CR">rayke       kill.SG.OB   J</item>
  </tier>
  <tier id="t" type="translations" content="c">
    <item id="t0" content="c1[0:5]"/>
  </tier>
</igt>
<igt id="i49141">
  <metadata type="xigt-meta">
    <meta type="language" name="ainu" iso-639-3="ain" tiers="phrases words morphemes"/>
    <meta type="language" name="English" iso-639-3="eng" tiers="translations"/>
    <meta type="odin-source" doc-id="3405" line-range="8114-8114" line-types="L-G+CR"/>
  </metadata>
  <tier id="o" type="odin-raw">
    <item id="o1" line="8114" tag="L-G+CR">          ronnu       kill.PL.OB   J</item>
  </tier>
  <tier id="c" type="odin-clean">
    <item id="c1" line="8114" tag="L-G+CR">ronnu       kill.PL.OB   J</item>
  </tier>
</igt>
<igt id="i64302">
  <metadata type="xigt-meta">
    <meta type="language" name="ainu" iso-639-3="ain" tiers="phrases words morphemes"/>
    <meta type="language" name="English" iso-639-3="eng" tiers="translations"/>
    <meta type="odin-source" doc-id="3053" line-range="93-94" line-types="L+LN G"/>
  </metadata>
  <tier id="o" type="odin-raw">
    <item id="o1" line="93" tag="L+LN">       (13) a.    Poro      cise ta     horari.                                         Ainu</item>
    <item id="o2" line="94" tag="G">                  big       house in live</item>
  </tier>
  <tier id="c" type="odin-clean">
    <item id="c1" line="93" tag="L+LN">Poro      cise ta     horari.                                         Ainu</item>
    <item id="c2" line="94" tag="G">big       house in live</item>
  </tier>
  <tier id="p" type="phrases" content="c">
    <item id="p0" content="c1[0:74]"/>
  </tier>
  <tier id="g" type="glosses" content="c">
    <item id="g0" content="c2[0:23]" alignment="p1"/>
  </tier>
</igt>
<igt id="i64303">
  <metadata type="xigt-meta">
    <meta type="language" name="ainu" iso-639-3="ain" tiers="phrases words morphemes"/>
    <meta type="language" name="English" iso-639-3="eng" tiers="translations"/>
    <meta type="odin-source" doc-id="3053" line-range="95-97" line-types="L G T"/>
  </metadata>
  <tier id="o" type="odin-raw">
    <item id="o1" line="95" tag="L">             b.   Poro cise         e-horari.</item>
    <item id="o2" line="96" tag="G">                  big    house      APPL-live</item>
    <item id="o3" line="97" tag="T">                  `He lives in a big house.'</item>
  </tier>
  <tier id="c" type="odin-clean">
    <item id="c1" line="95" tag="L">Poro cise         e-horari.</item>
    <item id="c2" line="96" tag="G">big    house      APPL-live</item>
    <item id="c3" line="97" tag="T">He lives in a big house.</item>
  </tier>
  <tier id="p" type="phrases" content="c">
    <item id="p0" content="c1[0:27]"/>
  </tier>
  <tier id="g" type="glosses" content="c">
    <item id="g0" content="c2[0:27]" alignment="p1"/>
  </tier>
  <tier id="t" type="translations" content="c">
    <item id="t0" content="c3[0:24]" alignment="p1"/>
  </tier>
</igt>
<igt id="i68830">
  <metadata type="xigt-meta">
    <meta type="language" name="ainu" iso-639-3="ain" tiers="phrases words morphemes"/>
    <meta type="language" name="English" iso-639-3="eng" tiers="translations"/>
    <meta type="odin-source" doc-id="3086" line-range="470-473" line-types="M+LN L+AC G T"/>
  </metadata>
  <tier id="o" type="odin-raw">
    <item id="o1" line="470" tag="M+LN">  (47)    Ainu, Korean-Japanese</item>
    <item id="o2" line="471" tag="L+AC">  a.      nupuri ka      wa       hotuypa                                                           (Tamura 2000:133)</item>
    <item id="o3" line="472" tag="G">          hills   top.of from     call.in.loud.voice</item>
    <item id="o4" line="473" tag="T">          `Someone called in a loud voice from the top of the mountain.'</item>
  </tier>
  <tier id="c" type="odin-clean">
    <item id="c1" line="470" tag="M+LN">Ainu, Korean-Japanese</item>
    <item id="c2" line="471" tag="L+AC">nupuri ka      wa       hotuypa                                                           (Tamura 2000:133)</item>
    <item id="c3" line="472" tag="G">hills   top.of from     call.in.loud.voice</item>
    <item id="c4" line="473" tag="T">Someone called in a loud voice from the top of the mountain.</item>
  </tier>
  <tier id="p" type="phrases" content="c">
    <item id="p0" content="c2[0:107]"/>
  </tier>
  <tier id="g" type="glosses" content="c">
    <item id="g0" content="c3[0:42]" alignment="p1"/>
  </tier>
  <tier id="t" type="translations" content="c">
    <item id="t0" content="c4[0:60]" alignment="p1"/>
  </tier>
</igt>
<igt id="i68831">
  <metadata type="xigt-meta">
    <meta type="language" name="ainu" iso-639-3="ain" tiers="phrases words morphemes"/>
    <meta type="language" name="English" iso-639-3="eng" tiers="translations"/>
    <meta type="odin-source" doc-id="3086" line-range="475-477" line-types="L+AC G T+CR"/>
  </metadata>
  <tier id="o" type="odin-raw">
    <item id="o1" line="475" tag="L+AC">  b.      otcike huraye wa        pirpa                                                             (Tamura 2000:149)</item>
    <item id="o2" line="476" tag="G">          tray    wash and        wipe</item>
    <item id="o3" line="477" tag="T+CR">          `W ash and wipe the tray.'</item>
  </tier>
  <tier id="c" type="odin-clean">
    <item id="c1" line="475" tag="L+AC">otcike huraye wa        pirpa                                                             (Tamura 2000:149)</item>
    <item id="c2" line="476" tag="G">tray    wash and        wipe</item>
    <item id="c3" line="477" tag="T+CR">W ash and wipe the tray.</item>
  </tier>
  <tier id="p" type="phrases" content="c">
    <item id="p0" content="c1[0:107]"/>
  </tier>
  <tier id="g" type="glosses" content="c">
    <item id="g0" content="c2[0:28]" alignment="p1"/>
  </tier>
  <tier id="t" type="translations" content="c">
    <item id="t0" content="c3[0:24]" alignment="p1"/>
  </tier>
</igt>
<igt id="i89541">
  <metadata type="xigt-meta">
    <meta type="language" name="ainu" iso-639-3="ain" tiers="phrases words morphemes"/>
    <meta type="language" name="English" iso-639-3="eng" tiers="translations"/>
    <meta type="odin-source" doc-id="638" line-range="122-124" line-types="L G T"/>
  </metadata>
  <tier id="o" type="odin-raw">
    <item id="o1" line="122" tag="L">  (3)   (a)    Sake a-ku.</item>
    <item id="o2" line="123" tag="G">               sake 1SG.TR-drink</item>
    <item id="o3" line="124" tag="T">               `I drink sake.'</item>
  </tier>
  <tier id="c" type="odin-clean">
    <item id="c1" line="122" tag="L">(a)    Sake a-ku.</item>
    <item id="c2" line="123" tag="G">sake 1SG.TR-drink</item>
    <item id="c3" line="124" tag="T">I drink sake.</item>
  </tier>
  <tier id="p" type="phrases" content="c">
    <item id="p0" content="c1[0:17]"/>
  </tier>
  <tier id="g" type="glosses" content="c">
    <item id="g0" content="c2[0:17]" alignment="p1"/>
  </tier>
  <tier id="t" type="translations" content="c">
    <item id="t0" content="c3[0:13]" alignment="p1"/>
  </tier>
</igt>
<igt id="i145493">
  <metadata type="xigt-meta">
    <meta type="language" name="ainu" iso-639-3="ain" tiers="phrases words morphemes"/>
    <meta type="language" name="English" iso-639-3="eng" tiers="translations"/>
    <meta type="odin-source" doc-id="3820" line-range="889-891" line-types="L G T+AC"/>
  </metadata>
  <tier id="o" type="odin-raw">
    <item id="o1" line="889" tag="L">   (33)     kane rakko o-tumi-osma</item>
    <item id="o2" line="890" tag="G">            golden otter app-war-b egin</item>
    <item id="o3" line="891" tag="T+AC">            `The war started b ecause of the golden sea otter.'                  (Shibatani 1990:63)</item>
  </tier>
  <tier id="c" type="odin-clean">
    <item id="c1" line="889" tag="L">kane rakko o-tumi-osma</item>
    <item id="c2" line="890" tag="G">golden otter app-war-b egin</item>
    <item id="c3" line="891" tag="T+AC">The war started b ecause of the golden sea otter.'                  (Shibatani 1990:63)</item>
  </tier>
  <tier id="p" type="phrases" content="c">
    <item id="p0" content="c1[0:22]"/>
  </tier>
  <tier id="g" type="glosses" content="c">
    <item id="g0" content="c2[0:27]" alignment="p1"/>
  </tier>
  <tier id="t" type="translations" content="c">
    <item id="t0" content="c3[0:87]" alignment="p1"/>
  </tier>
</igt>
<igt id="i155673">
  <metadata type="xigt-meta">
    <meta type="language" name="ainu" iso-639-3="ain" tiers="phrases words morphemes"/>
    <meta type="language" name="English" iso-639-3="eng" tiers="translations"/>
    <meta type="odin-source" doc-id="3307" line-range="5998-6001" line-types="L G+CR G+CR T"/>
  </metadata>
  <tier id="o" type="odin-raw">
    <item id="o1" line="5998" tag="L">  (1) "coka     paye=as                         kusu      ne na"sekor hawean=as</item>
    <item id="o2" line="5999" tag="G+CR">     we.EXCL go.PL=1PL.EXCL.S.                  intention COP FIN DR.Q say=1PL.EXCL.S.</item>
    <item id="o3" line="6000" tag="G+CR">                                         INTR                                                    INTR</item>
    <item id="o4" line="6001" tag="T">     `We said, "We shall go."'</item>
  </tier>
  <tier id="c" type="odin-clean">
    <item id="c1" line="5998" tag="L">"coka     paye=as                         kusu      ne na"sekor hawean=as</item>
    <item id="c2" line="5999 6000" tag="G+CR">we.EXCL go.PL=1PL.EXCL.S.           INTR   intention COP FIN DR.Q say=1PL.EXCL.S.           INTR</item>
    <item id="c4" line="6001" tag="T">We said, "We shall go.</item>
  </tier>
  <tier id="p" type="phrases" content="c">
    <item id="p0" content="c1[0:73]"/>
  </tier>
  <tier id="g" type="glosses" content="c">
    <item id="g0" content="c2[0:96]" alignment="p1"/>
  </tier>
  <tier id="t" type="translations" content="c">
    <item id="t0" content="c4[0:22]" alignment="p1"/>
  </tier>
</igt>
<igt id="i155674">
  <metadata type="xigt-meta">
    <meta type="language" name="ainu" iso-639-3="ain" tiers="phrases words morphemes"/>
    <meta type="language" name="English" iso-639-3="eng" tiers="translations"/>
    <meta type="odin-source" doc-id="3307" line-range="6003-6006" line-types="L G+CR G+CR T"/>
  </metadata>
  <tier id="o" type="odin-raw">
    <item id="o1" line="6003" tag="L">  (2) coka       paye=as                          kusu ne yak ci=Ø=ye</item>
    <item id="o2" line="6004" tag="G+CR">      we.EXCL go.PL=1PL.EXCL.S.                   intentionCOP IN.Q 1PL.       EXCL.S.TR=3.O=say</item>
    <item id="o3" line="6005" tag="G+CR">                                         INTR</item>
    <item id="o4" line="6006" tag="T">      `We said that we should go.'</item>
  </tier>
  <tier id="c" type="odin-clean">
    <item id="c1" line="6003" tag="L">coka       paye=as                          kusu ne yak ci=Ø=ye</item>
    <item id="c2" line="6004 6005" tag="G+CR">we.EXCL go.PL=1PL.EXCL.S.          INTR     intentionCOP IN.Q 1PL.       EXCL.S.TR=3.O=say</item>
    <item id="c4" line="6006" tag="T">We said that we should go.</item>
  </tier>
  <tier id="p" type="phrases" content="c">
    <item id="p0" content="c1[0:63]"/>
  </tier>
  <tier id="g" type="glosses" content="c">
    <item id="g0" content="c2[0:90]" alignment="p1"/>
  </tier>
  <tier id="t" type="translations" content="c">
    <item id="t0" content="c4[0:26]" alignment="p1"/>
  </tier>
</igt>
<igt id="i155675">
  <metadata type="xigt-meta">
    <meta type="language" name="ainu" iso-639-3="ain" tiers="phrases words morphemes"/>
    <meta type="language" name="English" iso-639-3="eng" tiers="translations"/>
    <meta type="odin-source" doc-id="3307" line-range="6007-6009" line-types="L G T+AC"/>
  </metadata>
  <tier id="o" type="odin-raw">
    <item id="o1" line="6007" tag="L">  (3) Ø=arpa kusu          ne yak Ø=Ø=ye</item>
    <item id="o2" line="6008" tag="G">     3.S=go.SG intention COP IN.Q 3.S=3.O=say</item>
    <item id="o3" line="6009" tag="T+AC">     `(He) said that he would go.'        [7, p. 373]</item>
  </tier>
  <tier id="c" type="odin-clean">
    <item id="c1" line="6007" tag="L">Ø=arpa kusu          ne yak Ø=Ø=ye</item>
    <item id="c2" line="6008" tag="G">3.S=go.SG intention COP IN.Q 3.S=3.O=say</item>
    <item id="c3" line="6009" tag="T+AC">(He) said that he would go.'        [7, p. 373]</item>
  </tier>
  <tier id="p" type="phrases" content="c">
    <item id="p0" content="c1[0:34]"/>
  </tier>
  <tier id="g" type="glosses" content="c">
    <item id="g0" content="c2[0:40]" alignment="p1"/>
  </tier>
  <tier id="t" type="translations" content="c">
    <item id="t0" content="c3[0:47]" alignment="p1"/>
  </tier>
</igt>
<igt id="i155676">
  <metadata type="xigt-meta">
    <meta type="language" name="ainu" iso-639-3="ain" tiers="phrases words morphemes"/>
    <meta type="language" name="English" iso-639-3="eng" tiers="translations"/>
    <meta type="odin-source" doc-id="3307" line-range="6010-6012" line-types="L G T+AC"/>
  </metadata>
  <tier id="o" type="odin-raw">
    <item id="o1" line="6010" tag="L">  (4) ? "kani    k=arpa          kusu  ne na hani!" sekor Ø=hawean</item>
    <item id="o2" line="6011" tag="G">         I       1SG.S=go.SG intention COP FIN FIN DR.Q 3.S=say</item>
    <item id="o3" line="6012" tag="T+AC">        `He said, "I shall go!"'           [7, p. 371]</item>
  </tier>
  <tier id="c" type="odin-clean">
    <item id="c1" line="6010" tag="L">? "kani    k=arpa          kusu  ne na hani!" sekor Ø=hawean</item>
    <item id="c2" line="6011" tag="G">I       1SG.S=go.SG intention COP FIN FIN DR.Q 3.S=say</item>
    <item id="c3" line="6012" tag="T+AC">He said, "I shall go!"'           [7, p. 371]</item>
  </tier>
  <tier id="p" type="phrases" content="c">
    <item id="p0" content="c1[0:60]"/>
  </tier>
  <tier id="g" type="glosses" content="c">
    <item id="g0" content="c2[0:54]" alignment="p1"/>
  </tier>
  <tier id="t" type="translations" content="c">
    <item id="t0" content="c3[0:45]" alignment="p1"/>
  </tier>
</igt>
<igt id="i155677">
  <metadata type="xigt-meta">
    <meta type="language" name="ainu" iso-639-3="ain" tiers="phrases words morphemes"/>
    <meta type="language" name="English" iso-639-3="eng" tiers="translations"/>
    <meta type="odin-source" doc-id="3307" line-range="6024-6027" line-types="L G+CR G+CR T+AC+DB+LT"/>
  </metadata>
  <tier id="o" type="odin-raw">
    <item id="o1" line="6024" tag="L">  (5) "asinuma arpa=an                      kusu      ne na hani!" sekor Ø=hawean</item>
    <item id="o2" line="6025" tag="G+CR">                  go.SG=IND.S.INTR          intention COP FIN FIN DR.Q 3.S=say</item>
    <item id="o3" line="6026" tag="G+CR">      INDEF</item>
    <item id="o4" line="6027" tag="T+AC+DB+LT">     `I said, "I shall go!" (lit. `I said. "Someone will go!"')  [7, p. 373]</item>
  </tier>
  <tier id="c" type="odin-clean">
    <item id="c1" line="6024" tag="L">"asinuma arpa=an                      kusu      ne na hani!" sekor Ø=hawean</item>
    <item id="c2" line="6025 6026" tag="G+CR">INDEF       go.SG=IND.S.INTR          intention COP FIN FIN DR.Q 3.S=say</item>
    <item id="c4" line="6027" tag="T+AC+DB+LT">I said, "I shall go!" (lit. `I said. "Someone will go!"')  [7, p. 373]</item>
  </tier>
  <tier id="p" type="phrases" content="c">
    <item id="p0" content="c1[0:75]"/>
  </tier>
  <tier id="g" type="glosses" content="c">
    <item id="g0" content="c2[0:72]" alignment="p1"/>
  </tier>
  <tier id="t" type="translations" content="c">
    <item id="t0" content="c4[0:70]" alignment="p1"/>
  </tier>
</igt>
<igt id="i156824">
  <metadata type="xigt-meta">
    <meta type="language" name="ainu" iso-639-3="ain" tiers="phrases words morphemes"/>
    <meta type="language" name="English" iso-639-3="eng" tiers="translations"/>
    <meta type="odin-source" doc-id="3306" line-range="570-572" line-types="L G T"/>
  </metadata>
  <tier id="o" type="odin-raw">
    <item id="o1" line="570" tag="L">  (41)   núman húci ek ruwe ne</item>
    <item id="o2" line="571" tag="G">         yesterday grandmother come eEVD COP</item>
    <item id="o3" line="572" tag="T">         `Grandmother came yesterday.'</item>
  </tier>
  <tier id="c" type="odin-clean">
    <item id="c1" line="570" tag="L">núman húci ek ruwe ne</item>
    <item id="c2" line="571" tag="G">yesterday grandmother come eEVD COP</item>
    <item id="c3" line="572" tag="T">Grandmother came yesterday.</item>
  </tier>
  <tier id="p" type="phrases" content="c">
    <item id="p0" content="c1[0:21]"/>
  </tier>
  <tier id="g" type="glosses" content="c">
    <item id="g0" content="c2[0:35]" alignment="p1"/>
  </tier>
  <tier id="t" type="translations" content="c">
    <item id="t0" content="c3[0:27]" alignment="p1"/>
  </tier>
</igt>
<igt id="i156825">
  <metadata type="xigt-meta">
    <meta type="language" name="ainu" iso-639-3="ain" tiers="phrases words morphemes"/>
    <meta type="language" name="English" iso-639-3="eng" tiers="translations"/>
    <meta type="odin-source" doc-id="3306" line-range="573-575" line-types="L G T"/>
  </metadata>
  <tier id="o" type="odin-raw">
    <item id="o1" line="573" tag="L">  (42)   kam k-e rusy ruwe ne</item>
    <item id="o2" line="574" tag="G">         meat 1P-SING-NOM-eat want eEVD COP</item>
    <item id="o3" line="575" tag="T">         `I want to eat meat.'</item>
  </tier>
  <tier id="c" type="odin-clean">
    <item id="c1" line="573" tag="L">kam k-e rusy ruwe ne</item>
    <item id="c2" line="574" tag="G">meat 1P-SING-NOM-eat want eEVD COP</item>
    <item id="c3" line="575" tag="T">I want to eat meat.</item>
  </tier>
  <tier id="p" type="phrases" content="c">
    <item id="p0" content="c1[0:20]"/>
  </tier>
  <tier id="g" type="glosses" content="c">
    <item id="g0" content="c2[0:34]" alignment="p1"/>
  </tier>
  <tier id="t" type="translations" content="c">
    <item id="t0" content="c3[0:19]" alignment="p1"/>
  </tier>
</igt>
<igt id="i156826">
  <metadata type="xigt-meta">
    <meta type="language" name="ainu" iso-639-3="ain" tiers="phrases words morphemes"/>
    <meta type="language" name="English" iso-639-3="eng" tiers="translations"/>
    <meta type="odin-source" doc-id="3306" line-range="583-585" line-types="L G T"/>
  </metadata>
  <tier id="o" type="odin-raw">
    <item id="o1" line="583" tag="L">  (43)   núman húci ek hawe ne</item>
    <item id="o2" line="584" tag="G">         yesterday grandmother come eSAID COP</item>
    <item id="o3" line="585" tag="T">         `(I/you/he said that) Grandmother came yesterday.'</item>
  </tier>
  <tier id="c" type="odin-clean">
    <item id="c1" line="583" tag="L">núman húci ek hawe ne</item>
    <item id="c2" line="584" tag="G">yesterday grandmother come eSAID COP</item>
    <item id="c3" line="585" tag="T">(I/you/he said that) Grandmother came yesterday.</item>
  </tier>
  <tier id="p" type="phrases" content="c">
    <item id="p0" content="c1[0:21]"/>
  </tier>
  <tier id="g" type="glosses" content="c">
    <item id="g0" content="c2[0:36]" alignment="p1"/>
  </tier>
  <tier id="t" type="translations" content="c">
    <item id="t0" content="c3[0:48]" alignment="p1"/>
  </tier>
</igt>
<igt id="i156827">
  <metadata type="xigt-meta">
    <meta type="language" name="ainu" iso-639-3="ain" tiers="phrases words morphemes"/>
    <meta type="language" name="English" iso-639-3="eng" tiers="translations"/>
    <meta type="odin-source" doc-id="3306" line-range="588-591" line-types="L G T T+AL"/>
  </metadata>
  <tier id="o" type="odin-raw">
    <item id="o1" line="588" tag="L">  (44)   kam k-e rusuy hawe ne</item>
    <item id="o2" line="589" tag="G">         meat 1P-SING-NOM-eat want eSAID COP</item>
    <item id="o3" line="590" tag="T">         `(I/you/he said that) I want to eat meat' but also</item>
    <item id="o4" line="591" tag="T+AL">         `I (you/he) meant that I (you/he) wanted to eat meat.'</item>
  </tier>
  <tier id="c" type="odin-clean">
    <item id="c1" line="588" tag="L">kam k-e rusuy hawe ne</item>
    <item id="c2" line="589" tag="G">meat 1P-SING-NOM-eat want eSAID COP</item>
    <item id="c3" line="590" tag="T">(I/you/he said that) I want to eat meat' but also</item>
    <item id="c4" line="591" tag="T+AL">I (you/he) meant that I (you/he) wanted to eat meat.</item>
  </tier>
  <tier id="p" type="phrases" content="c">
    <item id="p0" content="c1[0:21]"/>
  </tier>
  <tier id="g" type="glosses" content="c">
    <item id="g0" content="c2[0:35]" alignment="p1"/>
  </tier>
  <tier id="t" type="translations" content="c">
    <item id="t0" content="c3[0:49]" alignment="p1"/>
    <item id="t1" content="c4[0:52]" alignment="p1"/>
  </tier>
</igt>
<igt id="i156828">
  <metadata type="xigt-meta">
    <meta type="language" name="ainu" iso-639-3="ain" tiers="phrases words morphemes"/>
    <meta type="language" name="English" iso-639-3="eng" tiers="translations"/>
    <meta type="odin-source" doc-id="3306" line-range="598-600" line-types="L G T"/>
  </metadata>
  <tier id="o" type="odin-raw">
    <item id="o1" line="598" tag="L">  (45)   eytasa tópen huni ne pekor kuyaynu.</item>
    <item id="o2" line="599" tag="G">         too-much be-sweet eFELT COP in-that-way 1P-SING-NOM-think</item>
    <item id="o3" line="600" tag="T">         `I think it's a bit too sweet'</item>
  </tier>
  <tier id="c" type="odin-clean">
    <item id="c1" line="598" tag="L">eytasa tópen huni ne pekor kuyaynu.</item>
    <item id="c2" line="599" tag="G">too-much be-sweet eFELT COP in-that-way 1P-SING-NOM-think</item>
    <item id="c3" line="600" tag="T">I think it's a bit too sweet</item>
  </tier>
  <tier id="p" type="phrases" content="c">
    <item id="p0" content="c1[0:35]"/>
  </tier>
  <tier id="g" type="glosses" content="c">
    <item id="g0" content="c2[0:57]" alignment="p1"/>
  </tier>
  <tier id="t" type="translations" content="c">
    <item id="t0" content="c3[0:28]" alignment="p1"/>
  </tier>
</igt>
<igt id="i156829">
  <metadata type="xigt-meta">
    <meta type="language" name="ainu" iso-639-3="ain" tiers="phrases words morphemes"/>
    <meta type="language" name="English" iso-639-3="eng" tiers="translations"/>
    <meta type="odin-source" doc-id="3306" line-range="609-611" line-types="L G T+DB"/>
  </metadata>
  <tier id="o" type="odin-raw">
    <item id="o1" line="609" tag="L">  (46)   húci ek kor an siri ne</item>
    <item id="o2" line="610" tag="G">         grandmother come while to-be eSEEN COP</item>
    <item id="o3" line="611" tag="T+DB">         `The elderly woman is here (visible) / (I see that) Grandmother is coming.</item>
  </tier>
  <tier id="c" type="odin-clean">
    <item id="c1" line="609" tag="L">húci ek kor an siri ne</item>
    <item id="c2" line="610" tag="G">grandmother come while to-be eSEEN COP</item>
    <item id="c3" line="611" tag="T+DB">The elderly woman is here (visible) / (I see that) Grandmother is coming.</item>
  </tier>
  <tier id="p" type="phrases" content="c">
    <item id="p0" content="c1[0:22]"/>
  </tier>
  <tier id="g" type="glosses" content="c">
    <item id="g0" content="c2[0:38]" alignment="p1"/>
  </tier>
  <tier id="t" type="translations" content="c">
    <item id="t0" content="c3[0:73]" alignment="p1"/>
  </tier>
</igt>
<igt id="i156830">
  <metadata type="xigt-meta">
    <meta type="language" name="ainu" iso-639-3="ain" tiers="phrases words morphemes"/>
    <meta type="language" name="English" iso-639-3="eng" tiers="translations"/>
    <meta type="odin-source" doc-id="3306" line-range="619-621" line-types="L G T"/>
  </metadata>
  <tier id="o" type="odin-raw">
    <item id="o1" line="619" tag="L">  (47)   sitohu enka ta a-satke yakun pirkano sat kusu ne</item>
    <item id="o2" line="620" tag="G">         heater above at/in INDEFP-NOM-dry if well dry supposition COP</item>
    <item id="o3" line="621" tag="T">         `If you dry it above the heater, it will dry nicely'</item>
  </tier>
  <tier id="c" type="odin-clean">
    <item id="c1" line="619" tag="L">sitohu enka ta a-satke yakun pirkano sat kusu ne</item>
    <item id="c2" line="620" tag="G">heater above at/in INDEFP-NOM-dry if well dry supposition COP</item>
    <item id="c3" line="621" tag="T">If you dry it above the heater, it will dry nicely</item>
  </tier>
  <tier id="p" type="phrases" content="c">
    <item id="p0" content="c1[0:48]"/>
  </tier>
  <tier id="g" type="glosses" content="c">
    <item id="g0" content="c2[0:61]" alignment="p1"/>
  </tier>
  <tier id="t" type="translations" content="c">
    <item id="t0" content="c3[0:50]" alignment="p1"/>
  </tier>
</igt>
</xigt-corpus>
