<?xml version="1.0" encoding="UTF-8"?>
<xigt-corpus>
<igt id="i5027">
  <metadata type="xigt-meta">
    <meta type="language" name="aja" iso-639-3="ajg" tiers="phrases words morphemes"/>
    <meta type="language" name="English" iso-639-3="eng" tiers="translations"/>
    <meta type="odin-source" doc-id="3342" line-range="913-916" line-types="L+CR L+LN+CR G T"/>
  </metadata>
  <tier id="o" type="odin-raw">
    <item id="o1" line="913" tag="L+CR">                         Nsuvi lO/    jeSi         nyOnuvi lO.</item>
    <item id="o2" line="914" tag="L+LN+CR">  (11)   Aja.</item>
    <item id="o3" line="915" tag="G">                         boy DET know              girl       DET</item>
    <item id="o4" line="916" tag="T">                         `The boy knows the girl.'</item>
  </tier>
  <tier id="c" type="odin-clean">
    <item id="c1" line="913 914" tag="L+CR+LN">Aja.            Nsuvi lO/    jeSi         nyOnuvi lO.</item>
    <item id="c3" line="915" tag="G">boy DET know              girl       DET</item>
    <item id="c4" line="916" tag="T">The boy knows the girl.</item>
  </tier>
  <tier id="p" type="phrases" content="c">
    <item id="p0" content="c1[0:53]"/>
  </tier>
  <tier id="g" type="glosses" content="c">
    <item id="g0" content="c3[0:40]" alignment="p1"/>
  </tier>
  <tier id="t" type="translations" content="c">
    <item id="t0" content="c4[0:23]" alignment="p1"/>
  </tier>
</igt>
<igt id="i5029">
  <metadata type="xigt-meta">
    <meta type="language" name="aja" iso-639-3="ajg" tiers="phrases words morphemes"/>
    <meta type="language" name="English" iso-639-3="eng" tiers="translations"/>
    <meta type="odin-source" doc-id="3342" line-range="922-925" line-types="L+CR L+LN+CR G T"/>
  </metadata>
  <tier id="o" type="odin-raw">
    <item id="o1" line="922" tag="L+CR">                                cu/cu/ eYyi    xO/mE.</item>
    <item id="o2" line="923" tag="L+LN+CR">  (12)    Aja.           E</item>
    <item id="o3" line="924" tag="G">                         he     clean his      room</item>
    <item id="o4" line="925" tag="T">                         `He cleaned his room.'</item>
  </tier>
  <tier id="c" type="odin-clean">
    <item id="c1" line="922 923" tag="L+CR+LN">Aja.           E      cu/cu/ eYyi    xO/mE.</item>
    <item id="c3" line="924" tag="G">he     clean his      room</item>
    <item id="c4" line="925" tag="T">He cleaned his room.</item>
  </tier>
  <tier id="p" type="phrases" content="c">
    <item id="p0" content="c1[0:43]"/>
  </tier>
  <tier id="g" type="glosses" content="c">
    <item id="g0" content="c3[0:26]" alignment="p1"/>
  </tier>
  <tier id="t" type="translations" content="c">
    <item id="t0" content="c4[0:20]" alignment="p1"/>
  </tier>
</igt>
<igt id="i5031">
  <metadata type="xigt-meta">
    <meta type="language" name="aja" iso-639-3="ajg" tiers="phrases words morphemes"/>
    <meta type="language" name="English" iso-639-3="eng" tiers="translations"/>
    <meta type="odin-source" doc-id="3342" line-range="934-937" line-types="L+CR L+LN+CR G T"/>
  </metadata>
  <tier id="o" type="odin-raw">
    <item id="o1" line="934" tag="L+CR">                 WoY              aYxOYsu    lO.</item>
    <item id="o2" line="935" tag="L+LN+CR">  (13) Aja.               wu</item>
    <item id="o3" line="936" tag="G">                 they     kill    king       DET</item>
    <item id="o4" line="937" tag="T">                 `They   killed the king.'</item>
  </tier>
  <tier id="c" type="odin-clean">
    <item id="c1" line="934 935" tag="L+CR+LN">Aja.      WoY      wu      aYxOYsu    lO.</item>
    <item id="c3" line="936" tag="G">they     kill    king       DET</item>
    <item id="c4" line="937" tag="T">They   killed the king.</item>
  </tier>
  <tier id="p" type="phrases" content="c">
    <item id="p0" content="c1[0:41]"/>
  </tier>
  <tier id="g" type="glosses" content="c">
    <item id="g0" content="c3[0:31]" alignment="p1"/>
  </tier>
  <tier id="t" type="translations" content="c">
    <item id="t0" content="c4[0:23]" alignment="p1"/>
  </tier>
</igt>
<igt id="i5034">
  <metadata type="xigt-meta">
    <meta type="language" name="aja" iso-639-3="ajg" tiers="phrases words morphemes"/>
    <meta type="language" name="English" iso-639-3="eng" tiers="translations"/>
    <meta type="odin-source" doc-id="3342" line-range="957-960" line-types="L+CR L+LN+CR G T"/>
  </metadata>
  <tier id="o" type="odin-raw">
    <item id="o1" line="957" tag="L+CR">                  AYxOYsu lO        aY,     e           va/    °o/        vOY.</item>
    <item id="o2" line="958" tag="L+LN+CR">  (14)     Aja.</item>
    <item id="o3" line="959" tag="G">                  king     the      TOP     he          come arrive already</item>
    <item id="o4" line="960" tag="T">                  `As for the king, he has already come.'</item>
  </tier>
  <tier id="c" type="odin-clean">
    <item id="c1" line="957 958" tag="L+CR+LN">Aja.   AYxOYsu lO        aY,     e           va/    °o/        vOY.</item>
    <item id="c3" line="959" tag="G">king     the      TOP     he          come arrive already</item>
    <item id="c4" line="960" tag="T">As for the king, he has already come.</item>
  </tier>
  <tier id="p" type="phrases" content="c">
    <item id="p0" content="c1[0:67]"/>
  </tier>
  <tier id="g" type="glosses" content="c">
    <item id="g0" content="c3[0:57]" alignment="p1"/>
  </tier>
  <tier id="t" type="translations" content="c">
    <item id="t0" content="c4[0:37]" alignment="p1"/>
  </tier>
</igt>
<igt id="i5041">
  <metadata type="xigt-meta">
    <meta type="language" name="aja" iso-639-3="ajg" tiers="phrases words morphemes"/>
    <meta type="language" name="English" iso-639-3="eng" tiers="translations"/>
    <meta type="odin-source" doc-id="3342" line-range="1027-1032" line-types="L+CR L+LN+CR G+CR G+CR B T"/>
  </metadata>
  <tier id="o" type="odin-raw">
    <item id="o1" line="1027" tag="L+CR">                         le/               nOnO yi       le/            hlEn.</item>
    <item id="o2" line="1028" tag="L+LN+CR">  (18)    Aja    E               anyi                            enu</item>
    <item id="o3" line="1029" tag="G+CR">                 he              ground sit-sit and PROG thing read</item>
    <item id="o4" line="1030" tag="G+CR">                         PROG</item>
    <item id="o5" line="1031" tag="B"></item>
    <item id="o6" line="1032" tag="T">                 `He is sitting and reading something.'</item>
  </tier>
  <tier id="c" type="odin-clean">
    <item id="c1" line="1027 1028" tag="L+CR+LN">Aja    E       le/     anyi      nOnO yi       le/     enu    hlEn.</item>
    <item id="c3" line="1029 1030" tag="G+CR">he      PROG    ground sit-sit and PROG thing read</item>
    <item id="c5" line="1031" tag="B"/>
    <item id="c6" line="1032" tag="T">He is sitting and reading something.</item>
  </tier>
  <tier id="p" type="phrases" content="c">
    <item id="p0" content="c1[0:67]"/>
  </tier>
  <tier id="g" type="glosses" content="c">
    <item id="g0" content="c3[0:50]" alignment="p1"/>
  </tier>
  <tier id="t" type="translations" content="c">
    <item id="t0" content="c6[0:36]" alignment="p1"/>
  </tier>
</igt>
</xigt-corpus>
