<?xml version="1.0" encoding="UTF-8"?>
<xigt-corpus>
<igt id="i37849">
  <metadata type="xigt-meta">
    <meta type="language" name="alyawarr" iso-639-3="aly" tiers="phrases words morphemes"/>
    <meta type="language" name="English" iso-639-3="eng" tiers="translations"/>
    <meta type="odin-source" doc-id="1189" line-range="1250-1252" line-types="L G+LN T+AC"/>
  </metadata>
  <tier id="o" type="odin-raw">
    <item id="o1" line="1250" tag="L">  (32) Ampa           akely-rnem        atw-err-eyel            arwerle-l.</item>
    <item id="o2" line="1251" tag="G+LN">  Aly child(NOM) little-PL(NOM) hit-RECIP-PR.CONT stick-INSTR</item>
    <item id="o3" line="1252" tag="T+AC">       `The kids are hitting each other with sticks.' (Green 1992:116)</item>
  </tier>
  <tier id="c" type="odin-clean">
    <item id="c1" line="1250" tag="L">Ampa           akely-rnem        atw-err-eyel            arwerle-l.</item>
    <item id="c2" line="1251" tag="G+LN">Aly child(NOM) little-PL(NOM) hit-RECIP-PR.CONT stick-INSTR</item>
    <item id="c3" line="1252" tag="T+AC">The kids are hitting each other with sticks.' (Green 1992:116)</item>
  </tier>
  <tier id="p" type="phrases" content="c">
    <item id="p0" content="c1[0:67]"/>
  </tier>
  <tier id="g" type="glosses" content="c">
    <item id="g0" content="c2[0:59]" alignment="p1"/>
  </tier>
  <tier id="t" type="translations" content="c">
    <item id="t0" content="c3[0:62]" alignment="p1"/>
  </tier>
</igt>
<igt id="i37850">
  <metadata type="xigt-meta">
    <meta type="language" name="alyawarr" iso-639-3="aly" tiers="phrases words morphemes"/>
    <meta type="language" name="English" iso-639-3="eng" tiers="translations"/>
    <meta type="odin-source" doc-id="1189" line-range="1254-1256" line-types="L G+LN T+AC"/>
  </metadata>
  <tier id="o" type="odin-raw">
    <item id="o1" line="1254" tag="L">  (33) Intem-antey-ang ratherr     arwelth-el         atw-err-eyel?</item>
    <item id="o2" line="1255" tag="G+LN">  Aly always-still-Q two:NOM jealous-INSTR fight-RECIP-PR.CONT</item>
    <item id="o3" line="1256" tag="T+AC">       `Are those two always having jealous fights?' (Green 1992:136)</item>
  </tier>
  <tier id="c" type="odin-clean">
    <item id="c1" line="1254" tag="L">Intem-antey-ang ratherr     arwelth-el         atw-err-eyel?</item>
    <item id="c2" line="1255" tag="G+LN">Aly always-still-Q two:NOM jealous-INSTR fight-RECIP-PR.CONT</item>
    <item id="c3" line="1256" tag="T+AC">Are those two always having jealous fights?' (Green 1992:136)</item>
  </tier>
  <tier id="p" type="phrases" content="c">
    <item id="p0" content="c1[0:60]"/>
  </tier>
  <tier id="g" type="glosses" content="c">
    <item id="g0" content="c2[0:60]" alignment="p1"/>
  </tier>
  <tier id="t" type="translations" content="c">
    <item id="t0" content="c3[0:61]" alignment="p1"/>
  </tier>
</igt>
<igt id="i40093">
  <metadata type="xigt-meta">
    <meta type="language" name="alyawarr" iso-639-3="aly" tiers="phrases words morphemes"/>
    <meta type="language" name="English" iso-639-3="eng" tiers="translations"/>
    <meta type="odin-source" doc-id="2979" line-range="1227-1250" line-types="L G+LN B M M M M M M M M M M M M M B B M B M B B T+AC"/>
  </metadata>
  <tier id="o" type="odin-raw">
    <item id="o1" line="1227" tag="L">  (32) Ampa      akely-rnem     atw-err-eyel      arwerle-l.</item>
    <item id="o2" line="1228" tag="G+LN">  Aly child(NOM) little-PL(NOM) hit-RECIP-PR.CONT stick-INSTR</item>
    <item id="o3" line="1229" tag="B"></item>
    <item id="o4" line="1230" tag="M">  30</item>
    <item id="o5" line="1231" tag="M">     Though there is no given word class that makes a three-way distinction, the fact that pronominals cut</item>
    <item id="o6" line="1232" tag="M">  the A / S / O space one way (A&amp;S vs O) while nominals cut it the other way (A vs S&amp;O) allows the</item>
    <item id="o7" line="1233" tag="M">  establishment of a tripartite system for Wambaya, with ergative/locative, nominative and accusative</item>
    <item id="o8" line="1234" tag="M">  cases distinguished (Nordlinger 1998). In this example and others like it, it so happens that both the S</item>
    <item id="o9" line="1235" tag="M">  and the O argument have the same zero form, but replacing them with prominals would allow us to see</item>
    <item id="o10" line="1236" tag="M">  that with the right exponents the two cases can be distinguished.</item>
    <item id="o11" line="1237" tag="M">  31</item>
    <item id="o12" line="1238" tag="M">     There is one other restricted construction with two non-ergative NPs in Wambaya. This involves the</item>
    <item id="o13" line="1239" tag="M">  verb ngarlwi `talk' which takes a nominative subject and can also take a cognate object in the</item>
    <item id="o14" line="1240" tag="M">  accusative case referring to the language spoken (Nordlinger 1998:184). This is clearly lexically</item>
    <item id="o15" line="1241" tag="M">  specific, however, whereas the reflexive/reciprocal construction described above is possible with all</item>
    <item id="o16" line="1242" tag="M">  ditransitive verbs.</item>
    <item id="o17" line="1243" tag="B"></item>
    <item id="o18" line="1244" tag="B"></item>
    <item id="o19" line="1245" tag="M">                                                    21</item>
    <item id="o20" line="1246" tag="B"></item>
    <item id="o21" line="1247" tag="M">  Compromising Transitivity: the Problem of Reciprocals</item>
    <item id="o22" line="1248" tag="B"></item>
    <item id="o23" line="1249" tag="B"></item>
    <item id="o24" line="1250" tag="T+AC">        `The kids are hitting each other with sticks.' (Green 1992:116)</item>
  </tier>
  <tier id="c" type="odin-clean">
    <item id="c1" line="1227" tag="L">Ampa      akely-rnem     atw-err-eyel      arwerle-l.</item>
    <item id="c2" line="1228" tag="G+LN">Aly child(NOM) little-PL(NOM) hit-RECIP-PR.CONT stick-INSTR</item>
    <item id="c3" line="1229" tag="B"/>
    <item id="c4" line="1230" tag="M">30</item>
    <item id="c5" line="1231" tag="M">Though there is no given word class that makes a three-way distinction, the fact that pronominals cut</item>
    <item id="c6" line="1232" tag="M">the A / S / O space one way (A&amp;S vs O) while nominals cut it the other way (A vs S&amp;O) allows the</item>
    <item id="c7" line="1233" tag="M">establishment of a tripartite system for Wambaya, with ergative/locative, nominative and accusative</item>
    <item id="c8" line="1234" tag="M">cases distinguished (Nordlinger 1998). In this example and others like it, it so happens that both the S</item>
    <item id="c9" line="1235" tag="M">and the O argument have the same zero form, but replacing them with prominals would allow us to see</item>
    <item id="c10" line="1236" tag="M">that with the right exponents the two cases can be distinguished.</item>
    <item id="c11" line="1237" tag="M">31</item>
    <item id="c12" line="1238" tag="M">There is one other restricted construction with two non-ergative NPs in Wambaya. This involves the</item>
    <item id="c13" line="1239" tag="M">verb ngarlwi `talk' which takes a nominative subject and can also take a cognate object in the</item>
    <item id="c14" line="1240" tag="M">accusative case referring to the language spoken (Nordlinger 1998:184). This is clearly lexically</item>
    <item id="c15" line="1241" tag="M">specific, however, whereas the reflexive/reciprocal construction described above is possible with all</item>
    <item id="c16" line="1242" tag="M">ditransitive verbs.</item>
    <item id="c17" line="1243" tag="B"/>
    <item id="c18" line="1244" tag="B"/>
    <item id="c19" line="1245" tag="M">21</item>
    <item id="c20" line="1246" tag="B"/>
    <item id="c21" line="1247" tag="M">the Problem of Reciprocals</item>
    <item id="c22" line="1248" tag="B"/>
    <item id="c23" line="1249" tag="B"/>
    <item id="c24" line="1250" tag="T+AC">The kids are hitting each other with sticks.' (Green 1992:116)</item>
  </tier>
  <tier id="p" type="phrases" content="c">
    <item id="p0" content="c1[0:53]"/>
  </tier>
  <tier id="g" type="glosses" content="c">
    <item id="g0" content="c2[0:59]" alignment="p1"/>
  </tier>
  <tier id="t" type="translations" content="c">
    <item id="t0" content="c24[0:62]" alignment="p1"/>
  </tier>
</igt>
<igt id="i40094">
  <metadata type="xigt-meta">
    <meta type="language" name="alyawarr" iso-639-3="aly" tiers="phrases words morphemes"/>
    <meta type="language" name="English" iso-639-3="eng" tiers="translations"/>
    <meta type="odin-source" doc-id="2979" line-range="1252-1254" line-types="L G+LN T+AC"/>
  </metadata>
  <tier id="o" type="odin-raw">
    <item id="o1" line="1252" tag="L">  (33) Intem-antey-ang ratherr     arwelth-el         atw-err-eyel?</item>
    <item id="o2" line="1253" tag="G+LN">  Aly always-still-Q two:NOM jealous-INSTR fight-RECIP-PR.CONT</item>
    <item id="o3" line="1254" tag="T+AC">       `Are those two always having jealous fights?' (Green 1992:136)</item>
  </tier>
  <tier id="c" type="odin-clean">
    <item id="c1" line="1252" tag="L">Intem-antey-ang ratherr     arwelth-el         atw-err-eyel?</item>
    <item id="c2" line="1253" tag="G+LN">Aly always-still-Q two:NOM jealous-INSTR fight-RECIP-PR.CONT</item>
    <item id="c3" line="1254" tag="T+AC">Are those two always having jealous fights?' (Green 1992:136)</item>
  </tier>
  <tier id="p" type="phrases" content="c">
    <item id="p0" content="c1[0:60]"/>
  </tier>
  <tier id="g" type="glosses" content="c">
    <item id="g0" content="c2[0:60]" alignment="p1"/>
  </tier>
  <tier id="t" type="translations" content="c">
    <item id="t0" content="c3[0:61]" alignment="p1"/>
  </tier>
</igt>
<igt id="i98833">
  <metadata type="xigt-meta">
    <meta type="language" name="alyawarr" iso-639-3="aly" tiers="phrases words morphemes"/>
    <meta type="language" name="English" iso-639-3="eng" tiers="translations"/>
    <meta type="odin-source" doc-id="2887" line-range="1250-1252" line-types="L G+LN T+AC"/>
  </metadata>
  <tier id="o" type="odin-raw">
    <item id="o1" line="1250" tag="L">  (32) Ampa           akely-rnem        atw-err-eyel            arwerle-l.</item>
    <item id="o2" line="1251" tag="G+LN">  Aly child(NOM) little-PL(NOM) hit-RECIP-PR.CONT stick-INSTR</item>
    <item id="o3" line="1252" tag="T+AC">       `The kids are hitting each other with sticks.' (Green 1992:116)</item>
  </tier>
  <tier id="c" type="odin-clean">
    <item id="c1" line="1250" tag="L">Ampa           akely-rnem        atw-err-eyel            arwerle-l.</item>
    <item id="c2" line="1251" tag="G+LN">Aly child(NOM) little-PL(NOM) hit-RECIP-PR.CONT stick-INSTR</item>
    <item id="c3" line="1252" tag="T+AC">The kids are hitting each other with sticks.' (Green 1992:116)</item>
  </tier>
  <tier id="p" type="phrases" content="c">
    <item id="p0" content="c1[0:67]"/>
  </tier>
  <tier id="g" type="glosses" content="c">
    <item id="g0" content="c2[0:59]" alignment="p1"/>
  </tier>
  <tier id="t" type="translations" content="c">
    <item id="t0" content="c3[0:62]" alignment="p1"/>
  </tier>
</igt>
<igt id="i98834">
  <metadata type="xigt-meta">
    <meta type="language" name="alyawarr" iso-639-3="aly" tiers="phrases words morphemes"/>
    <meta type="language" name="English" iso-639-3="eng" tiers="translations"/>
    <meta type="odin-source" doc-id="2887" line-range="1254-1256" line-types="L G+LN T+AC"/>
  </metadata>
  <tier id="o" type="odin-raw">
    <item id="o1" line="1254" tag="L">  (33) Intem-antey-ang ratherr     arwelth-el         atw-err-eyel?</item>
    <item id="o2" line="1255" tag="G+LN">  Aly always-still-Q two:NOM jealous-INSTR fight-RECIP-PR.CONT</item>
    <item id="o3" line="1256" tag="T+AC">       `Are those two always having jealous fights?' (Green 1992:136)</item>
  </tier>
  <tier id="c" type="odin-clean">
    <item id="c1" line="1254" tag="L">Intem-antey-ang ratherr     arwelth-el         atw-err-eyel?</item>
    <item id="c2" line="1255" tag="G+LN">Aly always-still-Q two:NOM jealous-INSTR fight-RECIP-PR.CONT</item>
    <item id="c3" line="1256" tag="T+AC">Are those two always having jealous fights?' (Green 1992:136)</item>
  </tier>
  <tier id="p" type="phrases" content="c">
    <item id="p0" content="c1[0:60]"/>
  </tier>
  <tier id="g" type="glosses" content="c">
    <item id="g0" content="c2[0:60]" alignment="p1"/>
  </tier>
  <tier id="t" type="translations" content="c">
    <item id="t0" content="c3[0:61]" alignment="p1"/>
  </tier>
</igt>
</xigt-corpus>
