<?xml version="1.0" encoding="UTF-8"?>
<xigt-corpus>
<igt id="i17880">
  <metadata type="xigt-meta">
    <meta type="language" name="xârâcùù" iso-639-3="ane" tiers="phrases words morphemes"/>
    <meta type="language" name="English" iso-639-3="eng" tiers="translations"/>
    <meta type="odin-source" doc-id="1605" line-range="378-381" line-types="M+AC+LN L+CN G T"/>
  </metadata>
  <tier id="o" type="odin-raw">
    <item id="o1" line="378" tag="M+AC+LN">  (21) Xârâcùù (Moyse-Faurie &amp; Lynch°, ex. 5, 19, 22)</item>
    <item id="o2" line="379" tag="L+CN">       a. NP conjunction:       gu mê gè</item>
    <item id="o3" line="380" tag="G">                                2SG and 1SG</item>
    <item id="o4" line="381" tag="T">                                'you and I'</item>
  </tier>
  <tier id="c" type="odin-clean">
    <item id="c1" line="378" tag="M+AC+LN">Xârâcùù (Moyse-Faurie &amp; Lynch°, ex. 5, 19, 22</item>
    <item id="c2" line="379" tag="L+CN">      gu mê gè</item>
    <item id="c3" line="380" tag="G">2SG and 1SG</item>
    <item id="c4" line="381" tag="T">you and I</item>
  </tier>
  <tier id="p" type="phrases" content="c">
    <item id="p0" content="c2[6:14]"/>
  </tier>
  <tier id="g" type="glosses" content="c">
    <item id="g0" content="c3[0:11]" alignment="p1"/>
  </tier>
  <tier id="t" type="translations" content="c">
    <item id="t0" content="c4[0:9]" alignment="p1"/>
  </tier>
</igt>
<igt id="i17881">
  <metadata type="xigt-meta">
    <meta type="language" name="xârâcùù" iso-639-3="ane" tiers="phrases words morphemes"/>
    <meta type="language" name="English" iso-639-3="eng" tiers="translations"/>
    <meta type="odin-source" doc-id="1605" line-range="382-384" line-types="L+CN G T"/>
  </metadata>
  <tier id="o" type="odin-raw">
    <item id="o1" line="382" tag="L+CN">       b. VP conjunction        Ru cha           mê mara.</item>
    <item id="o2" line="383" tag="G">                                3DU clear.bush and work.in.fields</item>
    <item id="o3" line="384" tag="T">                                `They cleared the bush and worked in the fields.'</item>
  </tier>
  <tier id="c" type="odin-clean">
    <item id="c1" line="382" tag="L+CN">VP conjunction        Ru cha           mê mara.</item>
    <item id="c2" line="383" tag="G">3DU clear.bush and work.in.fields</item>
    <item id="c3" line="384" tag="T">They cleared the bush and worked in the fields.</item>
  </tier>
  <tier id="p" type="phrases" content="c">
    <item id="p0" content="c1[0:47]"/>
  </tier>
  <tier id="g" type="glosses" content="c">
    <item id="g0" content="c2[0:33]" alignment="p1"/>
  </tier>
  <tier id="t" type="translations" content="c">
    <item id="t0" content="c3[0:47]" alignment="p1"/>
  </tier>
</igt>
<igt id="i17882">
  <metadata type="xigt-meta">
    <meta type="language" name="xârâcùù" iso-639-3="ane" tiers="phrases words morphemes"/>
    <meta type="language" name="English" iso-639-3="eng" tiers="translations"/>
    <meta type="odin-source" doc-id="1605" line-range="385-387" line-types="L+CN G T"/>
  </metadata>
  <tier id="o" type="odin-raw">
    <item id="o1" line="385" tag="L+CN">       c. clausal conjunction   È nä fädë nä è nä bare tèpe.</item>
    <item id="o2" line="386" tag="G">                                3SG IMPF walk and 3SG IMPF also talk</item>
    <item id="o3" line="387" tag="T">                                `He speaks as he is walking.'</item>
  </tier>
  <tier id="c" type="odin-clean">
    <item id="c1" line="385" tag="L+CN">clausal conjunction   È nä fädë nä è nä bare tèpe.</item>
    <item id="c2" line="386" tag="G">3SG IMPF walk and 3SG IMPF also talk</item>
    <item id="c3" line="387" tag="T">He speaks as he is walking.</item>
  </tier>
  <tier id="p" type="phrases" content="c">
    <item id="p0" content="c1[0:50]"/>
  </tier>
  <tier id="g" type="glosses" content="c">
    <item id="g0" content="c2[0:36]" alignment="p1"/>
  </tier>
  <tier id="t" type="translations" content="c">
    <item id="t0" content="c3[0:27]" alignment="p1"/>
  </tier>
</igt>
</xigt-corpus>
