<?xml version="1.0" encoding="UTF-8"?>
<xigt-corpus>
<igt id="i1787">
  <metadata type="xigt-meta">
    <meta type="language" name="andi" iso-639-3="ani" tiers="phrases words morphemes"/>
    <meta type="language" name="English" iso-639-3="eng" tiers="translations"/>
    <meta type="odin-source" doc-id="560" line-range="1515-1518" line-types="M+AC+LN L G T"/>
  </metadata>
  <tier id="o" type="odin-raw">
    <item id="o1" line="1515" tag="M+AC+LN">  (44) Andi (Nakh-Daghestanian; Caucasus; Gudava 1959:197)</item>
    <item id="o2" line="1516" tag="L">       a-b-ch-o</item>
    <item id="o3" line="1517" tag="G">         -GENDER AGREEMENT-wash-PAST</item>
    <item id="o4" line="1518" tag="T">         `(I/you/he/she/we/they) laundered, washed (it)'</item>
  </tier>
  <tier id="c" type="odin-clean">
    <item id="c1" line="1515" tag="M+AC+LN">Andi (Nakh-Daghestanian; Caucasus; Gudava 1959:197</item>
    <item id="c2" line="1516" tag="L">a-b-ch-o</item>
    <item id="c3" line="1517" tag="G">-GENDER AGREEMENT-wash-PAST</item>
    <item id="c4" line="1518" tag="T">I/you/he/she/we/they) laundered, washed (it</item>
  </tier>
  <tier id="p" type="phrases" content="c">
    <item id="p0" content="c2[0:8]"/>
  </tier>
  <tier id="g" type="glosses" content="c">
    <item id="g0" content="c3[0:27]" alignment="p1"/>
  </tier>
  <tier id="t" type="translations" content="c">
    <item id="t0" content="c4[0:43]" alignment="p1"/>
  </tier>
</igt>
<igt id="i75631">
  <metadata type="xigt-meta">
    <meta type="language" name="andi" iso-639-3="ani" tiers="phrases words morphemes"/>
    <meta type="language" name="English" iso-639-3="eng" tiers="translations"/>
    <meta type="odin-source" doc-id="3695" line-range="1375-1378" line-types="M+AC+LN L G T"/>
  </metadata>
  <tier id="o" type="odin-raw">
    <item id="o1" line="1375" tag="M+AC+LN">  (35) Andi (Nakh-Daghestanian; Caucasus; Gudava 1959:197)</item>
    <item id="o2" line="1376" tag="L">       a-b-ch-o</item>
    <item id="o3" line="1377" tag="G">        -GENDER AGREEMENT-wash-PAST</item>
    <item id="o4" line="1378" tag="T">        `(I/you/he/she/we/they) laundered, washed (it)'</item>
  </tier>
  <tier id="c" type="odin-clean">
    <item id="c1" line="1375" tag="M+AC+LN">Andi (Nakh-Daghestanian; Caucasus; Gudava 1959:197</item>
    <item id="c2" line="1376" tag="L">a-b-ch-o</item>
    <item id="c3" line="1377" tag="G">-GENDER AGREEMENT-wash-PAST</item>
    <item id="c4" line="1378" tag="T">I/you/he/she/we/they) laundered, washed (it</item>
  </tier>
  <tier id="p" type="phrases" content="c">
    <item id="p0" content="c2[0:8]"/>
  </tier>
  <tier id="g" type="glosses" content="c">
    <item id="g0" content="c3[0:27]" alignment="p1"/>
  </tier>
  <tier id="t" type="translations" content="c">
    <item id="t0" content="c4[0:43]" alignment="p1"/>
  </tier>
</igt>
</xigt-corpus>
