<?xml version="1.0" encoding="UTF-8"?>
<xigt-corpus>
<igt id="i12189">
  <metadata type="xigt-meta">
    <meta type="language" name="anywa" iso-639-3="anu" tiers="phrases words morphemes"/>
    <meta type="language" name="English" iso-639-3="eng" tiers="translations"/>
    <meta type="odin-source" doc-id="2499" line-range="11756-11759" line-types="L+CR L+CR L-T+EX G"/>
  </metadata>
  <tier id="o" type="odin-raw">
    <item id="o1" line="11756" tag="L+CR">                       ¥¤ £¢ ¡ ¢</item>
    <item id="o2" line="11757" tag="L+CR">  (111)         a.        -¯ ` o.</item>
    <item id="o3" line="11758" tag="L-T+EX">                           a-teeD´                     `I cooked' (p. 190)</item>
    <item id="o4" line="11759" tag="G">                      S1-PST-cook:PD</item>
  </tier>
  <tier id="c" type="odin-clean">
    <item id="c1" line="11756" tag="L+CR">¥¤ £¢ ¡ ¢</item>
    <item id="c3" line="11758" tag="L-T+EX">a-teeD´                     `I cooked' (p. 190)</item>
    <item id="c4" line="11759" tag="G">S1-PST-cook:PD</item>
  </tier>
  <tier id="p" type="phrases" content="c">
    <item id="p0" content="c1[0:9]"/>
  </tier>
  <tier id="g" type="glosses" content="c">
    <item id="g0" content="c4[0:14]" alignment="p1"/>
  </tier>
</igt>
<igt id="i12190">
  <metadata type="xigt-meta">
    <meta type="language" name="anywa" iso-639-3="anu" tiers="phrases words morphemes"/>
    <meta type="language" name="English" iso-639-3="eng" tiers="translations"/>
    <meta type="odin-source" doc-id="2499" line-range="11766-11768" line-types="L L-T+EX G"/>
  </metadata>
  <tier id="o" type="odin-raw">
    <item id="o1" line="11766" tag="L">          b.   a-m´</item>
    <item id="o2" line="11767" tag="L-T+EX">               ¯ aaDH-´ a                           `I drank it' (p. 193)</item>
    <item id="o3" line="11768" tag="G">               PST-drink-S1</item>
  </tier>
  <tier id="c" type="odin-clean">
    <item id="c1" line="11766" tag="L">a-m´</item>
    <item id="c2" line="11767" tag="L-T+EX">¯ aaDH-´ a                           `I drank it' (p. 193)</item>
    <item id="c3" line="11768" tag="G">PST-drink-S1</item>
  </tier>
  <tier id="p" type="phrases" content="c">
    <item id="p0" content="c1[0:4]"/>
  </tier>
  <tier id="g" type="glosses" content="c">
    <item id="g0" content="c3[0:12]" alignment="p1"/>
  </tier>
</igt>
<igt id="i12191">
  <metadata type="xigt-meta">
    <meta type="language" name="anywa" iso-639-3="anu" tiers="phrases words morphemes"/>
    <meta type="language" name="English" iso-639-3="eng" tiers="translations"/>
    <meta type="odin-source" doc-id="2499" line-range="11777-11789" line-types="L B B B B B B B B B B G T"/>
  </metadata>
  <tier id="o" type="odin-raw">
    <item id="o1" line="11777" tag="L">  (112)   a.   w`aa            lw r</item>
    <item id="o2" line="11778" tag="B"></item>
    <item id="o3" line="11779" tag="B"></item>
    <item id="o4" line="11780" tag="B"></item>
    <item id="o5" line="11781" tag="B"></item>
    <item id="o6" line="11782" tag="B"></item>
    <item id="o7" line="11783" tag="B"></item>
    <item id="o8" line="11784" tag="B"></item>
    <item id="o9" line="11785" tag="B"></item>
    <item id="o10" line="11786" tag="B"></item>
    <item id="o11" line="11787" tag="B"></item>
    <item id="o12" line="11788" tag="G">               grandmother:his be:afraid</item>
    <item id="o13" line="11789" tag="T">               `His grandmother is afraid'</item>
  </tier>
  <tier id="c" type="odin-clean">
    <item id="c1" line="11777" tag="L">w`aa            lw r</item>
    <item id="c2" line="11778" tag="B"/>
    <item id="c3" line="11779" tag="B"/>
    <item id="c4" line="11780" tag="B"/>
    <item id="c5" line="11781" tag="B"/>
    <item id="c6" line="11782" tag="B"/>
    <item id="c7" line="11783" tag="B"/>
    <item id="c8" line="11784" tag="B"/>
    <item id="c9" line="11785" tag="B"/>
    <item id="c10" line="11786" tag="B"/>
    <item id="c11" line="11787" tag="B"/>
    <item id="c12" line="11788" tag="G">grandmother:his be:afraid</item>
    <item id="c13" line="11789" tag="T">His grandmother is afraid</item>
  </tier>
  <tier id="p" type="phrases" content="c">
    <item id="p0" content="c1[0:20]"/>
  </tier>
  <tier id="g" type="glosses" content="c">
    <item id="g0" content="c12[0:25]" alignment="p1"/>
  </tier>
  <tier id="t" type="translations" content="c">
    <item id="t0" content="c13[0:25]" alignment="p1"/>
  </tier>
</igt>
<igt id="i12192">
  <metadata type="xigt-meta">
    <meta type="language" name="anywa" iso-639-3="anu" tiers="phrases words morphemes"/>
    <meta type="language" name="English" iso-639-3="eng" tiers="translations"/>
    <meta type="odin-source" doc-id="2499" line-range="11791-11798" line-types="L B B B B B G T+EX"/>
  </metadata>
  <tier id="o" type="odin-raw">
    <item id="o1" line="11791" tag="L">          b.   g -lw r</item>
    <item id="o2" line="11792" tag="B"></item>
    <item id="o3" line="11793" tag="B"></item>
    <item id="o4" line="11794" tag="B"></item>
    <item id="o5" line="11795" tag="B"></item>
    <item id="o6" line="11796" tag="B"></item>
    <item id="o7" line="11797" tag="G">               3pl-be:afraid</item>
    <item id="o8" line="11798" tag="T+EX">               `They are afraid' (p. 311)</item>
  </tier>
  <tier id="c" type="odin-clean">
    <item id="c1" line="11791" tag="L">g-lw r</item>
    <item id="c2" line="11792" tag="B"/>
    <item id="c3" line="11793" tag="B"/>
    <item id="c4" line="11794" tag="B"/>
    <item id="c5" line="11795" tag="B"/>
    <item id="c6" line="11796" tag="B"/>
    <item id="c7" line="11797" tag="G">3pl-be:afraid</item>
    <item id="c8" line="11798" tag="T+EX">They are afraid' (p. 311)</item>
  </tier>
  <tier id="p" type="phrases" content="c">
    <item id="p0" content="c1[0:6]"/>
  </tier>
  <tier id="g" type="glosses" content="c">
    <item id="g0" content="c7[0:13]" alignment="p1"/>
  </tier>
  <tier id="t" type="translations" content="c">
    <item id="t0" content="c8[0:25]" alignment="p1"/>
  </tier>
</igt>
<igt id="i12193">
  <metadata type="xigt-meta">
    <meta type="language" name="anywa" iso-639-3="anu" tiers="phrases words morphemes"/>
    <meta type="language" name="English" iso-639-3="eng" tiers="translations"/>
    <meta type="odin-source" doc-id="2499" line-range="11809-11816" line-types="L B B B B B G T+EX"/>
  </metadata>
  <tier id="o" type="odin-raw">
    <item id="o1" line="11809" tag="L">  (113)   a.   lw r</item>
    <item id="o2" line="11810" tag="B"></item>
    <item id="o3" line="11811" tag="B"></item>
    <item id="o4" line="11812" tag="B"></item>
    <item id="o5" line="11813" tag="B"></item>
    <item id="o6" line="11814" tag="B"></item>
    <item id="o7" line="11815" tag="G">               be:afraid</item>
    <item id="o8" line="11816" tag="T+EX">               `He is afraid' (p. 311)</item>
  </tier>
  <tier id="c" type="odin-clean">
    <item id="c1" line="11809" tag="L">lw r</item>
    <item id="c2" line="11810" tag="B"/>
    <item id="c3" line="11811" tag="B"/>
    <item id="c4" line="11812" tag="B"/>
    <item id="c5" line="11813" tag="B"/>
    <item id="c6" line="11814" tag="B"/>
    <item id="c7" line="11815" tag="G">be:afraid</item>
    <item id="c8" line="11816" tag="T+EX">He is afraid' (p. 311)</item>
  </tier>
  <tier id="p" type="phrases" content="c">
    <item id="p0" content="c1[0:4]"/>
  </tier>
  <tier id="g" type="glosses" content="c">
    <item id="g0" content="c7[0:9]" alignment="p1"/>
  </tier>
  <tier id="t" type="translations" content="c">
    <item id="t0" content="c8[0:22]" alignment="p1"/>
  </tier>
</igt>
<igt id="i12194">
  <metadata type="xigt-meta">
    <meta type="language" name="anywa" iso-639-3="anu" tiers="phrases words morphemes"/>
    <meta type="language" name="English" iso-639-3="eng" tiers="translations"/>
    <meta type="odin-source" doc-id="2499" line-range="11820-11834" line-types="L+CR L+CR M B B B B B B B B B B G T+EX"/>
  </metadata>
  <tier id="o" type="odin-raw">
    <item id="o1" line="11820" tag="L+CR">                          ¤£ ¡  ¢                     §¥ ¦¥</item>
    <item id="o2" line="11821" tag="L+CR">           b.   oo m</item>
    <item id="o3" line="11822" tag="M">                ´          j</item>
    <item id="o4" line="11823" tag="B"></item>
    <item id="o5" line="11824" tag="B"></item>
    <item id="o6" line="11825" tag="B"></item>
    <item id="o7" line="11826" tag="B"></item>
    <item id="o8" line="11827" tag="B"></item>
    <item id="o9" line="11828" tag="B"></item>
    <item id="o10" line="11829" tag="B"></item>
    <item id="o11" line="11830" tag="B"></item>
    <item id="o12" line="11831" tag="B"></item>
    <item id="o13" line="11832" tag="B"></item>
    <item id="o14" line="11833" tag="G">                and dance people:DEF</item>
    <item id="o15" line="11834" tag="T+EX">                `and the people dance' (p. 313)</item>
  </tier>
  <tier id="c" type="odin-clean">
    <item id="c1" line="11820 11821" tag="L+CR">oo m      ¤£ ¡  ¢                     §¥ ¦¥</item>
    <item id="c3" line="11822" tag="M">´          j</item>
    <item id="c4" line="11823" tag="B"/>
    <item id="c5" line="11824" tag="B"/>
    <item id="c6" line="11825" tag="B"/>
    <item id="c7" line="11826" tag="B"/>
    <item id="c8" line="11827" tag="B"/>
    <item id="c9" line="11828" tag="B"/>
    <item id="c10" line="11829" tag="B"/>
    <item id="c11" line="11830" tag="B"/>
    <item id="c12" line="11831" tag="B"/>
    <item id="c13" line="11832" tag="B"/>
    <item id="c14" line="11833" tag="G">and dance people:DEF</item>
    <item id="c15" line="11834" tag="T+EX">and the people dance' (p. 313)</item>
  </tier>
  <tier id="p" type="phrases" content="c">
    <item id="p0" content="c1[0:43]"/>
  </tier>
  <tier id="g" type="glosses" content="c">
    <item id="g0" content="c14[0:20]" alignment="p1"/>
  </tier>
  <tier id="t" type="translations" content="c">
    <item id="t0" content="c15[0:30]" alignment="p1"/>
  </tier>
</igt>
<igt id="i12195">
  <metadata type="xigt-meta">
    <meta type="language" name="anywa" iso-639-3="anu" tiers="phrases words morphemes"/>
    <meta type="language" name="English" iso-639-3="eng" tiers="translations"/>
    <meta type="odin-source" doc-id="2499" line-range="11841-11863" line-types="L+CR L+CR L+CR L+CR L+CR B B B B B B B B B B B B B B B B G T+EX"/>
  </metadata>
  <tier id="o" type="odin-raw">
    <item id="o1" line="11841" tag="L+CR">                                                                ¡¥                     ¢</item>
    <item id="o2" line="11842" tag="L+CR">                          ©¨</item>
    <item id="o3" line="11843" tag="L+CR">  (114)    o</item>
    <item id="o4" line="11844" tag="L+CR">           ´                                  a-kw´ .</item>
    <item id="o5" line="11845" tag="L+CR">                                              ¯    aa-</item>
    <item id="o6" line="11846" tag="B"></item>
    <item id="o7" line="11847" tag="B"></item>
    <item id="o8" line="11848" tag="B"></item>
    <item id="o9" line="11849" tag="B"></item>
    <item id="o10" line="11850" tag="B"></item>
    <item id="o11" line="11851" tag="B"></item>
    <item id="o12" line="11852" tag="B"></item>
    <item id="o13" line="11853" tag="B"></item>
    <item id="o14" line="11854" tag="B"></item>
    <item id="o15" line="11855" tag="B"></item>
    <item id="o16" line="11856" tag="B"></item>
    <item id="o17" line="11857" tag="B"></item>
    <item id="o18" line="11858" tag="B"></item>
    <item id="o19" line="11859" tag="B"></item>
    <item id="o20" line="11860" tag="B"></item>
    <item id="o21" line="11861" tag="B"></item>
    <item id="o22" line="11862" tag="G">           son:mN Dimo spear:mN uncle:his PA-ask:for-3S</item>
    <item id="o23" line="11863" tag="T+EX">           `Dimo's son asked for his uncle's spear' (p. 312)</item>
  </tier>
  <tier id="c" type="odin-clean">
    <item id="c1" line="11841 11842 11843 11845" tag="L+CR">o              ©¨                ¯    aa-¡¥                     ¢</item>
    <item id="c6" line="11846" tag="B"/>
    <item id="c7" line="11847" tag="B"/>
    <item id="c8" line="11848" tag="B"/>
    <item id="c9" line="11849" tag="B"/>
    <item id="c10" line="11850" tag="B"/>
    <item id="c11" line="11851" tag="B"/>
    <item id="c12" line="11852" tag="B"/>
    <item id="c13" line="11853" tag="B"/>
    <item id="c14" line="11854" tag="B"/>
    <item id="c15" line="11855" tag="B"/>
    <item id="c16" line="11856" tag="B"/>
    <item id="c17" line="11857" tag="B"/>
    <item id="c18" line="11858" tag="B"/>
    <item id="c19" line="11859" tag="B"/>
    <item id="c20" line="11860" tag="B"/>
    <item id="c21" line="11861" tag="B"/>
    <item id="c22" line="11862" tag="G">son:mN Dimo spear:mN uncle:his PA-ask:for-3S</item>
    <item id="c23" line="11863" tag="T+EX">Dimo's son asked for his uncle's spear' (p. 312)</item>
  </tier>
  <tier id="p" type="phrases" content="c">
    <item id="p0" content="c1[0:65]"/>
  </tier>
  <tier id="g" type="glosses" content="c">
    <item id="g0" content="c22[0:44]" alignment="p1"/>
  </tier>
  <tier id="t" type="translations" content="c">
    <item id="t0" content="c23[0:48]" alignment="p1"/>
  </tier>
</igt>
</xigt-corpus>
