<?xml version="1.0" encoding="UTF-8"?>
<xigt-corpus>
<igt id="i82570">
  <metadata type="xigt-meta">
    <meta type="language" name="anyi" iso-639-3="any" tiers="phrases words morphemes"/>
    <meta type="language" name="English" iso-639-3="eng" tiers="translations"/>
    <meta type="odin-source" doc-id="3639" line-range="181-185" line-types="M+AC+LN B L G T"/>
  </metadata>
  <tier id="o" type="odin-raw">
    <item id="o1" line="181" tag="M+AC+LN">  (2)   Anyi (Quaireau, 1987)</item>
    <item id="o2" line="182" tag="B"></item>
    <item id="o3" line="183" tag="L">        a. kuaku/        dafi/</item>
    <item id="o4" line="184" tag="G">             Kuaku       sleep</item>
    <item id="o5" line="185" tag="T">             `Kuaku is sleeping'</item>
  </tier>
  <tier id="c" type="odin-clean">
    <item id="c1" line="181" tag="M+AC+LN">Anyi (Quaireau, 1987</item>
    <item id="c2" line="182" tag="B"/>
    <item id="c3" line="183" tag="L">kuaku/        dafi/</item>
    <item id="c4" line="184" tag="G">Kuaku       sleep</item>
    <item id="c5" line="185" tag="T">Kuaku is sleeping</item>
  </tier>
  <tier id="p" type="phrases" content="c">
    <item id="p0" content="c3[0:19]"/>
  </tier>
  <tier id="g" type="glosses" content="c">
    <item id="g0" content="c4[0:17]" alignment="p1"/>
  </tier>
  <tier id="t" type="translations" content="c">
    <item id="t0" content="c5[0:17]" alignment="p1"/>
  </tier>
</igt>
<igt id="i82609">
  <metadata type="xigt-meta">
    <meta type="language" name="anyi" iso-639-3="any" tiers="phrases words morphemes"/>
    <meta type="language" name="English" iso-639-3="eng" tiers="translations"/>
    <meta type="odin-source" doc-id="3639" line-range="529-533" line-types="M+AC+LN B L G T"/>
  </metadata>
  <tier id="o" type="odin-raw">
    <item id="o1" line="529" tag="M+AC+LN">  (10) Anyi (Quaireau, 1987)</item>
    <item id="o2" line="530" tag="B"></item>
    <item id="o3" line="531" tag="L">        a. O-dafi/</item>
    <item id="o4" line="532" tag="G">           SM3S    -sleep</item>
    <item id="o5" line="533" tag="T">           `He is sleeping'</item>
  </tier>
  <tier id="c" type="odin-clean">
    <item id="c1" line="529" tag="M+AC+LN">Anyi (Quaireau, 1987</item>
    <item id="c2" line="530" tag="B"/>
    <item id="c3" line="531" tag="L">O-dafi/</item>
    <item id="c4" line="532" tag="G">SM3S-sleep</item>
    <item id="c5" line="533" tag="T">He is sleeping</item>
  </tier>
  <tier id="p" type="phrases" content="c">
    <item id="p0" content="c3[0:7]"/>
  </tier>
  <tier id="g" type="glosses" content="c">
    <item id="g0" content="c4[0:10]" alignment="p1"/>
  </tier>
  <tier id="t" type="translations" content="c">
    <item id="t0" content="c5[0:14]" alignment="p1"/>
  </tier>
</igt>
<igt id="i82610">
  <metadata type="xigt-meta">
    <meta type="language" name="anyi" iso-639-3="any" tiers="phrases words morphemes"/>
    <meta type="language" name="English" iso-639-3="eng" tiers="translations"/>
    <meta type="odin-source" doc-id="3639" line-range="535-537" line-types="L G T"/>
  </metadata>
  <tier id="o" type="odin-raw">
    <item id="o1" line="535" tag="L">        b. o-di         alIE/</item>
    <item id="o2" line="536" tag="G">           SM3S    -eat food</item>
    <item id="o3" line="537" tag="T">           `He is eating'</item>
  </tier>
  <tier id="c" type="odin-clean">
    <item id="c1" line="535" tag="L">o-di         alIE/</item>
    <item id="c2" line="536" tag="G">SM3S-eat food</item>
    <item id="c3" line="537" tag="T">He is eating</item>
  </tier>
  <tier id="p" type="phrases" content="c">
    <item id="p0" content="c1[0:18]"/>
  </tier>
  <tier id="g" type="glosses" content="c">
    <item id="g0" content="c2[0:13]" alignment="p1"/>
  </tier>
  <tier id="t" type="translations" content="c">
    <item id="t0" content="c3[0:12]" alignment="p1"/>
  </tier>
</igt>
<igt id="i126002">
  <metadata type="xigt-meta">
    <meta type="language" name="anyi" iso-639-3="any" tiers="phrases words morphemes"/>
    <meta type="language" name="English" iso-639-3="eng" tiers="translations"/>
    <meta type="odin-source" doc-id="3479" line-range="255-255" line-types="M+AC+LN"/>
  </metadata>
  <tier id="o" type="odin-raw">
    <item id="o1" line="255" tag="M+AC+LN">                Ãny (Van Leynseele 1979, 196ff., see also ex. (46) below)</item>
  </tier>
  <tier id="c" type="odin-clean">
    <item id="c1" line="255" tag="M+AC+LN">Ãny (Van Leynseele 1979, 196ff., see also ex. (46) below)</item>
  </tier>
</igt>
<igt id="i126003">
  <metadata type="xigt-meta">
    <meta type="language" name="anyi" iso-639-3="any" tiers="phrases words morphemes"/>
    <meta type="language" name="English" iso-639-3="eng" tiers="translations"/>
    <meta type="odin-source" doc-id="3479" line-range="256-259" line-types="L+CR L+CR L+CR G"/>
  </metadata>
  <tier id="o" type="odin-raw">
    <item id="o1" line="256" tag="L+CR">                ÃÄjo t`Æ alúï fa mÄ KÅsó.</item>
    <item id="o2" line="257" tag="L+CR"></item>
    <item id="o3" line="258" tag="L+CR">  (10) a.</item>
    <item id="o4" line="259" tag="G">                A.    cook food take give K.</item>
  </tier>
  <tier id="c" type="odin-clean">
    <item id="c1" line="256 257 258" tag="L+CR">ÃÄjo t`Æ alúï fa mÄ KÅsó.</item>
    <item id="c4" line="259" tag="G">cook food take give K.</item>
  </tier>
  <tier id="p" type="phrases" content="c">
    <item id="p0" content="c1[0:25]"/>
  </tier>
  <tier id="g" type="glosses" content="c">
    <item id="g0" content="c4[0:22]" alignment="p1"/>
  </tier>
</igt>
<igt id="i126004">
  <metadata type="xigt-meta">
    <meta type="language" name="anyi" iso-639-3="any" tiers="phrases words morphemes"/>
    <meta type="language" name="English" iso-639-3="eng" tiers="translations"/>
    <meta type="odin-source" doc-id="3479" line-range="261-265" line-types="L+CR L+CR L+CR G T+EX"/>
  </metadata>
  <tier id="o" type="odin-raw">
    <item id="o1" line="261" tag="L+CR">                ÃÄjo tÆ alúï mÅ Kasó.</item>
    <item id="o2" line="262" tag="L+CR"></item>
    <item id="o3" line="263" tag="L+CR">        b.</item>
    <item id="o4" line="264" tag="G">                A. cook food give K</item>
    <item id="o5" line="265" tag="T+EX">                ` ÃÄjo cooks food for Kasó' [same translation for both examples]</item>
  </tier>
  <tier id="c" type="odin-clean">
    <item id="c1" line="261 262 263" tag="L+CR">ÃÄjo tÆ alúï mÅ Kasó.</item>
    <item id="c4" line="264" tag="G">cook food give K</item>
    <item id="c5" line="265" tag="T+EX">ÃÄjo cooks food for Kasó' [same translation for both examples]</item>
  </tier>
  <tier id="p" type="phrases" content="c">
    <item id="p0" content="c1[0:21]"/>
  </tier>
  <tier id="g" type="glosses" content="c">
    <item id="g0" content="c4[0:16]" alignment="p1"/>
  </tier>
  <tier id="t" type="translations" content="c">
    <item id="t0" content="c5[0:62]" alignment="p1"/>
  </tier>
</igt>
<igt id="i126054">
  <metadata type="xigt-meta">
    <meta type="language" name="anyi" iso-639-3="any" tiers="phrases words morphemes"/>
    <meta type="language" name="English" iso-639-3="eng" tiers="translations"/>
    <meta type="odin-source" doc-id="3479" line-range="841-847" line-types="M+AC+LN L+DB+CR L+DB+CR L+DB+CR G+DB T+DB+CR T+DB+CR"/>
  </metadata>
  <tier id="o" type="odin-raw">
    <item id="o1" line="841" tag="M+AC+LN">               Ãny (van Leynseele 1979, 191ff.)</item>
    <item id="o2" line="842" tag="L+DB+CR">               CÄ cú     Äk dó.                                                      KÅsó då       Kofó dó.</item>
    <item id="o3" line="843" tag="L+DB+CR">                                                                        (45) a.</item>
    <item id="o4" line="844" tag="L+DB+CR">  (44) a.</item>
    <item id="o5" line="845" tag="G+DB">               dog catch. HAB fowl eat                                               K. grab. HAB K. eat</item>
    <item id="o6" line="846" tag="T+DB+CR">                                                                                     ` KÅsó believes/trusts Kofó'</item>
    <item id="o7" line="847" tag="T+DB+CR">               `[The] dog (catches and) eats [a] chicken'</item>
  </tier>
  <tier id="c" type="odin-clean">
    <item id="c1" line="841" tag="M+AC+LN">Ãny (van Leynseele 1979, 191ff.)</item>
    <item id="c2" line="842 843 844" tag="L+DB+CR">CÄ cú     Äk dó.                                     (45) a.          KÅsó då       Kofó dó.</item>
    <item id="c5" line="845" tag="G+DB">dog catch. HAB fowl eat                                               K. grab. HAB K. eat</item>
  </tier>
  <tier id="p" type="phrases" content="c">
    <item id="p0" content="c2[0:92]"/>
  </tier>
  <tier id="g" type="glosses" content="c">
    <item id="g0" content="c5[0:89]" alignment="p1"/>
  </tier>
</igt>
<igt id="i126055">
  <metadata type="xigt-meta">
    <meta type="language" name="anyi" iso-639-3="any" tiers="phrases words morphemes"/>
    <meta type="language" name="English" iso-639-3="eng" tiers="translations"/>
    <meta type="odin-source" doc-id="3479" line-range="848-853" line-types="L+DB+CR L+DB+CR L+DB+CR G+DB+CR G+DB+CR T+DB"/>
  </metadata>
  <tier id="o" type="odin-raw">
    <item id="o1" line="848" tag="L+DB+CR">               CÄ cú        Äk §- di ù.                                              *KÅsó då       Kofó §- di ù.</item>
    <item id="o2" line="849" tag="L+DB+CR">                                                                               b.</item>
    <item id="o3" line="850" tag="L+DB+CR">        b.</item>
    <item id="o4" line="851" tag="G+DB+CR">               dog catch. HAB fowl 3S-eat 3SANIM                                      K. grab.           K.   3S-eat 3</item>
    <item id="o5" line="852" tag="G+DB+CR">                                                                                                   HAB                   SANIM</item>
    <item id="o6" line="853" tag="T+DB">               `[The] dog catches [a] chicken and copulates with it'</item>
  </tier>
  <tier id="c" type="odin-clean">
    <item id="c1" line="848 849 850" tag="L+DB+CR">CÄ cú        Äk §-di ù.                                   b.         *KÅsó då       Kofó §-di ù.</item>
    <item id="c6" line="853" tag="T+DB">[The] dog catches [a] chicken and copulates with it</item>
  </tier>
  <tier id="p" type="phrases" content="c">
    <item id="p0" content="c1[0:96]"/>
  </tier>
  <tier id="t" type="translations" content="c">
    <item id="t0" content="c6[0:51]" alignment="p1"/>
  </tier>
</igt>
<igt id="i126056">
  <metadata type="xigt-meta">
    <meta type="language" name="anyi" iso-639-3="any" tiers="phrases words morphemes"/>
    <meta type="language" name="English" iso-639-3="eng" tiers="translations"/>
    <meta type="odin-source" doc-id="3479" line-range="867-871" line-types="M+AC+LN L+DB+CR L+DB+CR G+DB T+DB"/>
  </metadata>
  <tier id="o" type="odin-raw">
    <item id="o1" line="867" tag="M+AC+LN">               Ãny (van Leynseele 1979, 203 fn. 12)</item>
    <item id="o2" line="868" tag="L+DB+CR">               KÅsó sò- lú suÄ mÅ- nú Kofó.</item>
    <item id="o3" line="869" tag="L+DB+CR">  (46) a.</item>
    <item id="o4" line="870" tag="G+DB">               K. build- AFF house give-AFF K.</item>
    <item id="o5" line="871" tag="T+DB">               ` KÅsó built a house for K§fó'</item>
  </tier>
  <tier id="c" type="odin-clean">
    <item id="c1" line="867" tag="M+AC+LN">Ãny (van Leynseele 1979, 203 fn. 12)</item>
    <item id="c2" line="868 869" tag="L+DB+CR">KÅsó sò-lú suÄ mÅ-nú Kofó.</item>
    <item id="c4" line="870" tag="G+DB">build-AFF house give-AFF K.</item>
    <item id="c5" line="871" tag="T+DB">KÅsó built a house for K§fó</item>
  </tier>
  <tier id="p" type="phrases" content="c">
    <item id="p0" content="c2[0:26]"/>
  </tier>
  <tier id="g" type="glosses" content="c">
    <item id="g0" content="c4[0:27]" alignment="p1"/>
  </tier>
  <tier id="t" type="translations" content="c">
    <item id="t0" content="c5[0:27]" alignment="p1"/>
  </tier>
</igt>
<igt id="i126057">
  <metadata type="xigt-meta">
    <meta type="language" name="anyi" iso-639-3="any" tiers="phrases words morphemes"/>
    <meta type="language" name="English" iso-639-3="eng" tiers="translations"/>
    <meta type="odin-source" doc-id="3479" line-range="872-875" line-types="L+CR L+CR G T"/>
  </metadata>
  <tier id="o" type="odin-raw">
    <item id="o1" line="872" tag="L+CR">               KÅsó sò- lú    suÄ fÅ- mÄ- nú Kofó.</item>
    <item id="o2" line="873" tag="L+CR">        b.</item>
    <item id="o3" line="874" tag="G">               K. build- AFF house take-give- AFF K.</item>
    <item id="o4" line="875" tag="T">               ` KÅsó built a house for K§fó'</item>
  </tier>
  <tier id="c" type="odin-clean">
    <item id="c1" line="872 873" tag="L+CR">KÅsó sò-lú    suÄ fÅ-mÄ-nú Kofó.</item>
    <item id="c3" line="874" tag="G">build-AFF house take-give-AFF K.</item>
    <item id="c4" line="875" tag="T">KÅsó built a house for K§fó</item>
  </tier>
  <tier id="p" type="phrases" content="c">
    <item id="p0" content="c1[0:32]"/>
  </tier>
  <tier id="g" type="glosses" content="c">
    <item id="g0" content="c3[0:32]" alignment="p1"/>
  </tier>
  <tier id="t" type="translations" content="c">
    <item id="t0" content="c4[0:27]" alignment="p1"/>
  </tier>
</igt>
</xigt-corpus>
