<?xml version="1.0" encoding="UTF-8"?>
<xigt-corpus>
<igt id="i55166">
  <metadata type="xigt-meta">
    <meta type="language" name="anem" iso-639-3="anz" tiers="phrases words morphemes"/>
    <meta type="language" name="English" iso-639-3="eng" tiers="translations"/>
    <meta type="odin-source" doc-id="1303" line-range="563-566" line-types="L+LN L+LN+AL G T+AC"/>
  </metadata>
  <tier id="o" type="odin-raw">
    <item id="o1" line="563" tag="L+LN">  (26) Anêm: kmî       e-mên da-ko uas</item>
    <item id="o2" line="564" tag="L+LN+AL">       Lusi: zi9 a     i-nama 9 a-tunu uasi</item>
    <item id="o3" line="565" tag="G">             fire      it-come I-light tobacco</item>
    <item id="o4" line="566" tag="T+AC">             `Pass     me a lighter to light my cigarette' (Thurston 1987:69)</item>
  </tier>
  <tier id="c" type="odin-clean">
    <item id="c1" line="563" tag="L+LN">kmî       e-mên da-ko uas</item>
    <item id="c2" line="564" tag="L+LN+AL">zi9 a     i-nama 9 a-tunu uasi</item>
    <item id="c3" line="565" tag="G">fire      it-come I-light tobacco</item>
    <item id="c4" line="566" tag="T+AC">Pass     me a lighter to light my cigarette' (Thurston 1987:69)</item>
  </tier>
  <tier id="p" type="phrases" content="c">
    <item id="p0" content="c1[0:25]"/>
    <item id="p1" content="c2[0:30]"/>
  </tier>
  <tier id="g" type="glosses" content="c">
    <item id="g0" content="c3[0:33]" alignment="p2"/>
  </tier>
  <tier id="t" type="translations" content="c">
    <item id="t0" content="c4[0:63]" alignment="p2"/>
  </tier>
</igt>
<igt id="i55167">
  <metadata type="xigt-meta">
    <meta type="language" name="anem" iso-639-3="anz" tiers="phrases words morphemes"/>
    <meta type="language" name="English" iso-639-3="eng" tiers="translations"/>
    <meta type="odin-source" doc-id="1303" line-range="571-575" line-types="L+LN G L+LN+AL G+AL T"/>
  </metadata>
  <tier id="o" type="odin-raw">
    <item id="o1" line="571" tag="L+LN">  (27) Anêm: gêt-î        ia</item>
    <item id="o2" line="572" tag="G">               ear-his fish</item>
    <item id="o3" line="573" tag="L+LN+AL">      Lusi: iha ai-ta9 a</item>
    <item id="o4" line="574" tag="G+AL">               fish his-ear</item>
    <item id="o5" line="575" tag="T">               `lateral fin of a fish'</item>
  </tier>
  <tier id="c" type="odin-clean">
    <item id="c1" line="571" tag="L+LN">gêt-î        ia</item>
    <item id="c2" line="572" tag="G">ear-his fish</item>
    <item id="c3" line="573" tag="L+LN+AL">iha ai-ta9 a</item>
    <item id="c4" line="574" tag="G+AL">fish his-ear</item>
    <item id="c5" line="575" tag="T">lateral fin of a fish</item>
  </tier>
  <tier id="p" type="phrases" content="c">
    <item id="p0" content="c1[0:15]"/>
    <item id="p1" content="c3[0:12]"/>
  </tier>
  <tier id="g" type="glosses" content="c">
    <item id="g0" content="c2[0:12]" alignment="p1"/>
    <item id="g1" content="c4[0:12]" alignment="p2"/>
  </tier>
  <tier id="t" type="translations" content="c">
    <item id="t0" content="c5[0:21]" alignment="p2"/>
  </tier>
</igt>
<igt id="i55168">
  <metadata type="xigt-meta">
    <meta type="language" name="anem" iso-639-3="anz" tiers="phrases words morphemes"/>
    <meta type="language" name="English" iso-639-3="eng" tiers="translations"/>
    <meta type="odin-source" doc-id="1303" line-range="576-584" line-types="L+LN G L+LN+AL B B M B G+AL T"/>
  </metadata>
  <tier id="o" type="odin-raw">
    <item id="o1" line="576" tag="L+LN">      Anêm: eil-îm   te</item>
    <item id="o2" line="577" tag="G">            eye-his knife</item>
    <item id="o3" line="578" tag="L+LN+AL">      Lusi: uzage ai-mata</item>
    <item id="o4" line="579" tag="B"></item>
    <item id="o5" line="580" tag="B"></item>
    <item id="o6" line="581" tag="M">                                                   11</item>
    <item id="o7" line="582" tag="B"></item>
    <item id="o8" line="583" tag="G+AL">              knife his-eye</item>
    <item id="o9" line="584" tag="T">              `knife blade'</item>
  </tier>
  <tier id="c" type="odin-clean">
    <item id="c1" line="576" tag="L+LN">eil-îm   te</item>
    <item id="c2" line="577" tag="G">eye-his knife</item>
    <item id="c3" line="578" tag="L+LN+AL">uzage ai-mata</item>
    <item id="c4" line="579" tag="B"/>
    <item id="c5" line="580" tag="B"/>
    <item id="c6" line="581" tag="M">11</item>
    <item id="c7" line="582" tag="B"/>
    <item id="c8" line="583" tag="G+AL">knife his-eye</item>
    <item id="c9" line="584" tag="T">knife blade</item>
  </tier>
  <tier id="p" type="phrases" content="c">
    <item id="p0" content="c1[0:11]"/>
    <item id="p1" content="c3[0:13]"/>
  </tier>
  <tier id="g" type="glosses" content="c">
    <item id="g0" content="c2[0:13]" alignment="p1"/>
    <item id="g1" content="c8[0:13]" alignment="p2"/>
  </tier>
  <tier id="t" type="translations" content="c">
    <item id="t0" content="c9[0:11]" alignment="p2"/>
  </tier>
</igt>
<igt id="i55169">
  <metadata type="xigt-meta">
    <meta type="language" name="anem" iso-639-3="anz" tiers="phrases words morphemes"/>
    <meta type="language" name="English" iso-639-3="eng" tiers="translations"/>
    <meta type="odin-source" doc-id="1303" line-range="585-589" line-types="L+LN G L+LN+AL G+AL T"/>
  </metadata>
  <tier id="o" type="odin-raw">
    <item id="o1" line="585" tag="L+LN">      Anêm: agîm-k-i                  tiga</item>
    <item id="o2" line="586" tag="G">            neck-LIGATURE-his         foot</item>
    <item id="o3" line="587" tag="L+LN+AL">      Lusi: ahe-gu     ai-gauli</item>
    <item id="o4" line="588" tag="G+AL">            foot-my his-neck</item>
    <item id="o5" line="589" tag="T">            `my ankle'</item>
  </tier>
  <tier id="c" type="odin-clean">
    <item id="c1" line="585" tag="L+LN">agîm-k-i                  tiga</item>
    <item id="c2" line="586" tag="G">neck-LIGATURE-his         foot</item>
    <item id="c3" line="587" tag="L+LN+AL">ahe-gu     ai-gauli</item>
    <item id="c4" line="588" tag="G+AL">foot-my his-neck</item>
    <item id="c5" line="589" tag="T">my ankle</item>
  </tier>
  <tier id="p" type="phrases" content="c">
    <item id="p0" content="c1[0:30]"/>
    <item id="p1" content="c3[0:19]"/>
  </tier>
  <tier id="g" type="glosses" content="c">
    <item id="g0" content="c2[0:30]" alignment="p1"/>
    <item id="g1" content="c4[0:16]" alignment="p2"/>
  </tier>
  <tier id="t" type="translations" content="c">
    <item id="t0" content="c5[0:8]" alignment="p2"/>
  </tier>
</igt>
<igt id="i88169">
  <metadata type="xigt-meta">
    <meta type="language" name="anem" iso-639-3="anz" tiers="phrases words morphemes"/>
    <meta type="language" name="English" iso-639-3="eng" tiers="translations"/>
    <meta type="odin-source" doc-id="3271" line-range="578-581" line-types="L+LN+AL L+LN G T+AC"/>
  </metadata>
  <tier id="o" type="odin-raw">
    <item id="o1" line="578" tag="L+LN+AL">   (13) Anêm: kmî ê-mên          da-ko uas</item>
    <item id="o2" line="579" tag="L+LN">        Mouk: eiou -max          o-kobi uas</item>
    <item id="o3" line="580" tag="G">               fire it-come      I-light tobacco</item>
    <item id="o4" line="581" tag="T+AC">        `Pass me a lighter to     light my cigarette.' (Thurston 1987: 69)</item>
  </tier>
  <tier id="c" type="odin-clean">
    <item id="c1" line="578" tag="L+LN+AL">kmî ê-mên          da-ko uas</item>
    <item id="c2" line="579" tag="L+LN">eiou-max          o-kobi uas</item>
    <item id="c3" line="580" tag="G">fire it-come      I-light tobacco</item>
    <item id="c4" line="581" tag="T+AC">Pass me a lighter to     light my cigarette.' (Thurston 1987: 69)</item>
  </tier>
  <tier id="p" type="phrases" content="c">
    <item id="p0" content="c1[0:28]"/>
    <item id="p1" content="c2[0:28]"/>
  </tier>
  <tier id="g" type="glosses" content="c">
    <item id="g0" content="c3[0:33]" alignment="p2"/>
  </tier>
  <tier id="t" type="translations" content="c">
    <item id="t0" content="c4[0:65]" alignment="p2"/>
  </tier>
</igt>
<igt id="i88170">
  <metadata type="xigt-meta">
    <meta type="language" name="anem" iso-639-3="anz" tiers="phrases words morphemes"/>
    <meta type="language" name="English" iso-639-3="eng" tiers="translations"/>
    <meta type="odin-source" doc-id="3271" line-range="586-588" line-types="M+LN L G"/>
  </metadata>
  <tier id="o" type="odin-raw">
    <item id="o1" line="586" tag="M+LN">   (14)   a.   i. Anêm:</item>
    <item id="o2" line="587" tag="L">                  gêt-î ia</item>
    <item id="o3" line="588" tag="G">                  ear-his fish</item>
  </tier>
  <tier id="c" type="odin-clean">
    <item id="c1" line="586" tag="M+LN">i. Anêm:</item>
    <item id="c2" line="587" tag="L">gêt-î ia</item>
    <item id="c3" line="588" tag="G">ear-his fish</item>
  </tier>
  <tier id="p" type="phrases" content="c">
    <item id="p0" content="c2[0:8]"/>
  </tier>
  <tier id="g" type="glosses" content="c">
    <item id="g0" content="c3[0:12]" alignment="p1"/>
  </tier>
</igt>
<igt id="i88172">
  <metadata type="xigt-meta">
    <meta type="language" name="anem" iso-639-3="anz" tiers="phrases words morphemes"/>
    <meta type="language" name="English" iso-639-3="eng" tiers="translations"/>
    <meta type="odin-source" doc-id="3271" line-range="593-599" line-types="M+LN B B M B L G"/>
  </metadata>
  <tier id="o" type="odin-raw">
    <item id="o1" line="593" tag="M+LN">          b. i. Anêm:</item>
    <item id="o2" line="594" tag="B"></item>
    <item id="o3" line="595" tag="B"></item>
    <item id="o4" line="596" tag="M">                                                     12</item>
    <item id="o5" line="597" tag="B"></item>
    <item id="o6" line="598" tag="L">                        eil-îm te</item>
    <item id="o7" line="599" tag="G">                        eye-his knife</item>
  </tier>
  <tier id="c" type="odin-clean">
    <item id="c1" line="593" tag="M+LN">i. Anêm:</item>
    <item id="c2" line="594" tag="B"/>
    <item id="c3" line="595" tag="B"/>
    <item id="c4" line="596" tag="M">12</item>
    <item id="c5" line="597" tag="B"/>
    <item id="c6" line="598" tag="L">eil-îm te</item>
    <item id="c7" line="599" tag="G">eye-his knife</item>
  </tier>
  <tier id="p" type="phrases" content="c">
    <item id="p0" content="c6[0:9]"/>
  </tier>
  <tier id="g" type="glosses" content="c">
    <item id="g0" content="c7[0:13]" alignment="p1"/>
  </tier>
</igt>
</xigt-corpus>
