<?xml version="1.0" encoding="UTF-8"?>
<xigt-corpus>
<igt id="i27107">
  <metadata type="xigt-meta">
    <meta type="language" name="athpare" iso-639-3="aph" tiers="phrases words morphemes"/>
    <meta type="language" name="English" iso-639-3="eng" tiers="translations"/>
    <meta type="odin-source" doc-id="3883" line-range="260-262" line-types="L+DB G+DB T+DB"/>
  </metadata>
  <tier id="o" type="odin-raw">
    <item id="o1" line="260" tag="L+DB">  (12) a-nis-u-es-u-e-n-i                            ni-ni-¤-get-ni-¤-na</item>
    <item id="o2" line="261" tag="G+DB">          2-see-3.pat-perf-3.pat-past-nom-q          see-neg-1sg-aux-neg-1sg-nom</item>
    <item id="o3" line="262" tag="T+DB">          `Have you seen it?'                        `I haven't see it'</item>
  </tier>
  <tier id="c" type="odin-clean">
    <item id="c1" line="260" tag="L+DB">a-nis-u-es-u-e-n-i                            ni-ni-¤-get-ni-¤-na</item>
    <item id="c2" line="261" tag="G+DB">2-see-3.pat-perf-3.pat-past-nom-q          see-neg-1sg-aux-neg-1sg-nom</item>
    <item id="c3" line="262" tag="T+DB">Have you seen it?'                        `I haven't see it</item>
  </tier>
  <tier id="p" type="phrases" content="c">
    <item id="p0" content="c1[0:65]"/>
  </tier>
  <tier id="g" type="glosses" content="c">
    <item id="g0" content="c2[0:70]" alignment="p1"/>
  </tier>
  <tier id="t" type="translations" content="c">
    <item id="t0" content="c3[0:59]" alignment="p1"/>
  </tier>
</igt>
<igt id="i118099">
  <metadata type="xigt-meta">
    <meta type="language" name="athpare" iso-639-3="aph" tiers="phrases words morphemes"/>
    <meta type="language" name="English" iso-639-3="eng" tiers="translations"/>
    <meta type="odin-source" doc-id="3657" line-range="3342-3345" line-types="M+AC+LN L G T"/>
  </metadata>
  <tier id="o" type="odin-raw">
    <item id="o1" line="3342" tag="M+AC+LN">  Athpare (Ebert 1997: 107, 111)</item>
    <item id="o2" line="3343" tag="L">  (2a) khan     na      topi sa-õa             a-choõs-u-e-na?</item>
    <item id="o3" line="3344" tag="G">       you      this    cap    who-OBL         2-sell-3U-PAST-NML</item>
    <item id="o4" line="3345" tag="T">       `Who sold this cap to you'</item>
  </tier>
  <tier id="c" type="odin-clean">
    <item id="c1" line="3342" tag="M+AC+LN">Athpare (Ebert 1997: 107, 111)</item>
    <item id="c2" line="3343" tag="L">khan     na      topi sa-õa             a-choõs-u-e-na?</item>
    <item id="c3" line="3344" tag="G">you      this    cap    who-OBL         2-sell-3U-PAST-NML</item>
    <item id="c4" line="3345" tag="T">Who sold this cap to you</item>
  </tier>
  <tier id="p" type="phrases" content="c">
    <item id="p0" content="c2[0:55]"/>
  </tier>
  <tier id="g" type="glosses" content="c">
    <item id="g0" content="c3[0:58]" alignment="p1"/>
  </tier>
  <tier id="t" type="translations" content="c">
    <item id="t0" content="c4[0:24]" alignment="p1"/>
  </tier>
</igt>
<igt id="i118100">
  <metadata type="xigt-meta">
    <meta type="language" name="athpare" iso-639-3="aph" tiers="phrases words morphemes"/>
    <meta type="language" name="English" iso-639-3="eng" tiers="translations"/>
    <meta type="odin-source" doc-id="3657" line-range="3346-3348" line-types="L G T"/>
  </metadata>
  <tier id="o" type="odin-raw">
    <item id="o1" line="3346" tag="L">  (2b) sak      ka-paõ-i                       tay-e-na</item>
    <item id="o2" line="3347" tag="G">       who      2POSS-house-LOC                come-PAST-NML</item>
    <item id="o3" line="3348" tag="T">       `Who came to your house'</item>
  </tier>
  <tier id="c" type="odin-clean">
    <item id="c1" line="3346" tag="L">sak      ka-paõ-i                       tay-e-na</item>
    <item id="c2" line="3347" tag="G">who      2POSS-house-LOC                come-PAST-NML</item>
    <item id="c3" line="3348" tag="T">Who came to your house</item>
  </tier>
  <tier id="p" type="phrases" content="c">
    <item id="p0" content="c1[0:48]"/>
  </tier>
  <tier id="g" type="glosses" content="c">
    <item id="g0" content="c2[0:53]" alignment="p1"/>
  </tier>
  <tier id="t" type="translations" content="c">
    <item id="t0" content="c3[0:22]" alignment="p1"/>
  </tier>
</igt>
</xigt-corpus>
