<?xml version="1.0" encoding="UTF-8"?>
<xigt-corpus>
<igt id="i115565">
  <metadata type="xigt-meta">
    <meta type="language" name="apatani" iso-639-3="apt" tiers="phrases words morphemes"/>
    <meta type="language" name="English" iso-639-3="eng" tiers="translations"/>
    <meta type="odin-source" doc-id="3380" line-range="1294-1298" line-types="M+LN B L G T+AC"/>
  </metadata>
  <tier id="o" type="odin-raw">
    <item id="o1" line="1294" tag="M+LN">         b.   Apatani</item>
    <item id="o2" line="1295" tag="B"></item>
    <item id="o3" line="1296" tag="L">              aki    atu</item>
    <item id="o4" line="1297" tag="G">              dog small</item>
    <item id="o5" line="1298" tag="T+AC">              `the small dog' (Abraham 1985: 23)</item>
  </tier>
  <tier id="c" type="odin-clean">
    <item id="c1" line="1294" tag="M+LN">Apatani</item>
    <item id="c2" line="1295" tag="B"/>
    <item id="c3" line="1296" tag="L">aki    atu</item>
    <item id="c4" line="1297" tag="G">dog small</item>
    <item id="c5" line="1298" tag="T+AC">the small dog' (Abraham 1985: 23)</item>
  </tier>
  <tier id="p" type="phrases" content="c">
    <item id="p0" content="c3[0:10]"/>
  </tier>
  <tier id="g" type="glosses" content="c">
    <item id="g0" content="c4[0:9]" alignment="p1"/>
  </tier>
  <tier id="t" type="translations" content="c">
    <item id="t0" content="c5[0:33]" alignment="p1"/>
  </tier>
</igt>
<igt id="i119165">
  <metadata type="xigt-meta">
    <meta type="language" name="apatani" iso-639-3="apt" tiers="phrases words morphemes"/>
    <meta type="language" name="English" iso-639-3="eng" tiers="translations"/>
    <meta type="odin-source" doc-id="2692" line-range="2280-2284" line-types="M+AC+LN+CR+EX M+CR L G T"/>
  </metadata>
  <tier id="o" type="odin-raw">
    <item id="o1" line="2280" tag="M+AC+LN+CR+EX">         Apatani (Jackson T.-S. Sun (personal communication), Abraham 1985) 40</item>
    <item id="o2" line="2281" tag="M+CR">  (93)</item>
    <item id="o3" line="2282" tag="L">         ngo [si -mi      ka pa-nibo] mju-mi          kapa-to</item>
    <item id="o4" line="2283" tag="G">         I    cattle-ACC GEN kill-NML person-ACC see-PFT</item>
    <item id="o5" line="2284" tag="T">         `I saw the person who killed the cattle.'</item>
  </tier>
  <tier id="c" type="odin-clean">
    <item id="c1" line="2280 2281" tag="M+AC+LN+CR+EX">Apatani (Jackson T.-S. Sun (personal communication), Abraham 1985) 40</item>
    <item id="c3" line="2282" tag="L">ngo [si-mi      ka pa-nibo] mju-mi          kapa-to</item>
    <item id="c4" line="2283" tag="G">I    cattle-ACC GEN kill-NML person-ACC see-PFT</item>
    <item id="c5" line="2284" tag="T">I saw the person who killed the cattle.</item>
  </tier>
  <tier id="p" type="phrases" content="c">
    <item id="p0" content="c3[0:51]"/>
  </tier>
  <tier id="g" type="glosses" content="c">
    <item id="g0" content="c4[0:47]" alignment="p1"/>
  </tier>
  <tier id="t" type="translations" content="c">
    <item id="t0" content="c5[0:39]" alignment="p1"/>
  </tier>
</igt>
<igt id="i119185">
  <metadata type="xigt-meta">
    <meta type="language" name="apatani" iso-639-3="apt" tiers="phrases words morphemes"/>
    <meta type="language" name="English" iso-639-3="eng" tiers="translations"/>
    <meta type="odin-source" doc-id="2692" line-range="2564-2567" line-types="M+AC+LN L G T"/>
  </metadata>
  <tier id="o" type="odin-raw">
    <item id="o1" line="2564" tag="M+AC+LN">  (108) Apatani (Abraham 1985:131)</item>
    <item id="o2" line="2565" tag="L">        Kagoka      tuni     my</item>
    <item id="o3" line="2566" tag="G">        Kago-GEN kick-NML man</item>
    <item id="o4" line="2567" tag="T">        `the man whom Kago kicked'</item>
  </tier>
  <tier id="c" type="odin-clean">
    <item id="c1" line="2564" tag="M+AC+LN">Apatani (Abraham 1985:131</item>
    <item id="c2" line="2565" tag="L">Kagoka      tuni     my</item>
    <item id="c3" line="2566" tag="G">Kago-GEN kick-NML man</item>
    <item id="c4" line="2567" tag="T">the man whom Kago kicked</item>
  </tier>
  <tier id="p" type="phrases" content="c">
    <item id="p0" content="c2[0:23]"/>
  </tier>
  <tier id="g" type="glosses" content="c">
    <item id="g0" content="c3[0:21]" alignment="p1"/>
  </tier>
  <tier id="t" type="translations" content="c">
    <item id="t0" content="c4[0:24]" alignment="p1"/>
  </tier>
</igt>
</xigt-corpus>
