<?xml version="1.0" encoding="UTF-8"?>
<xigt-corpus>
<igt id="i139089">
  <metadata type="xigt-meta">
    <meta type="language" name="biblical aramaic" iso-639-3="arc" tiers="phrases words morphemes"/>
    <meta type="language" name="English" iso-639-3="eng" tiers="translations"/>
    <meta type="odin-source" doc-id="2149" line-range="1428-1430" line-types="L+LN+DB G+DB T+DB"/>
  </metadata>
  <tier id="o" type="odin-raw">
    <item id="o1" line="1428" tag="L+LN+DB">  Biblical Aramaic      ?ela@h-a@                  ?ela@h(*-a@) s&amp;´majj-a@</item>
    <item id="o2" line="1429" tag="G+DB">                        God-ART                    God(-ART) Heaven-ART</item>
    <item id="o3" line="1430" tag="T+DB">                        '(the) God'                'the God of (the) Heaven'</item>
  </tier>
  <tier id="c" type="odin-clean">
    <item id="c1" line="1428" tag="L+LN+DB">Biblical Aramaic      ?ela@h-a@                  ?ela@h(*-a@) s&amp;´majj-a@</item>
    <item id="c2" line="1429" tag="G+DB">God-ART                    God(-ART) Heaven-ART</item>
    <item id="c3" line="1430" tag="T+DB">(the) God'                'the God of (the) Heaven</item>
  </tier>
  <tier id="p" type="phrases" content="c">
    <item id="p0" content="c1[0:72]"/>
  </tier>
  <tier id="g" type="glosses" content="c">
    <item id="g0" content="c2[0:47]" alignment="p1"/>
  </tier>
  <tier id="t" type="translations" content="c">
    <item id="t0" content="c3[0:50]" alignment="p1"/>
  </tier>
</igt>
</xigt-corpus>
