<?xml version="1.0" encoding="UTF-8"?>
<xigt-corpus>
<igt id="i57517">
  <metadata type="xigt-meta">
    <meta type="language" name="arabana-wangkangurru" iso-639-3="ard:wgg" tiers="phrases words morphemes"/>
    <meta type="language" name="English" iso-639-3="eng" tiers="translations"/>
    <meta type="odin-source" doc-id="2733" line-range="336-338" line-types="L G T"/>
  </metadata>
  <tier id="o" type="odin-raw">
    <item id="o1" line="336" tag="L">        a.    waru              nhanhi-k'-athu</item>
    <item id="o2" line="337" tag="G">              long ago          see-PAST-1S.ERG</item>
    <item id="o3" line="338" tag="T">              `long ago I saw   it'</item>
  </tier>
  <tier id="c" type="odin-clean">
    <item id="c1" line="336" tag="L">waru              nhanhi-k'-athu</item>
    <item id="c2" line="337" tag="G">long ago          see-PAST-1S.ERG</item>
    <item id="c3" line="338" tag="T">long ago I saw   it</item>
  </tier>
  <tier id="p" type="phrases" content="c">
    <item id="p0" content="c1[0:32]"/>
  </tier>
  <tier id="g" type="glosses" content="c">
    <item id="g0" content="c2[0:33]" alignment="p1"/>
  </tier>
  <tier id="t" type="translations" content="c">
    <item id="t0" content="c3[0:19]" alignment="p1"/>
  </tier>
</igt>
<igt id="i57518">
  <metadata type="xigt-meta">
    <meta type="language" name="arabana-wangkangurru" iso-639-3="ard:wgg" tiers="phrases words morphemes"/>
    <meta type="language" name="English" iso-639-3="eng" tiers="translations"/>
    <meta type="odin-source" doc-id="2733" line-range="339-341" line-types="L G T"/>
  </metadata>
  <tier id="o" type="odin-raw">
    <item id="o1" line="339" tag="L">        b.    minha'-npa        wangka?</item>
    <item id="o2" line="340" tag="G">              what-2S           language</item>
    <item id="o3" line="341" tag="T">              `What language     (i.e. "nationality") are you?</item>
  </tier>
  <tier id="c" type="odin-clean">
    <item id="c1" line="339" tag="L">minha'-npa        wangka?</item>
    <item id="c2" line="340" tag="G">what-2S           language</item>
    <item id="c3" line="341" tag="T">What language     (i.e. "nationality") are you?</item>
  </tier>
  <tier id="p" type="phrases" content="c">
    <item id="p0" content="c1[0:25]"/>
  </tier>
  <tier id="g" type="glosses" content="c">
    <item id="g0" content="c2[0:26]" alignment="p1"/>
  </tier>
  <tier id="t" type="translations" content="c">
    <item id="t0" content="c3[0:47]" alignment="p1"/>
  </tier>
</igt>
<igt id="i87991">
  <metadata type="xigt-meta">
    <meta type="language" name="arabana-wangkangurru" iso-639-3="ard:wgg" tiers="phrases words morphemes"/>
    <meta type="language" name="English" iso-639-3="eng" tiers="translations"/>
    <meta type="odin-source" doc-id="3273" line-range="475-475" line-types="L-T+DB"/>
  </metadata>
  <tier id="o" type="odin-raw">
    <item id="o1" line="475" tag="L-T+DB">  ngurla-             `to land'          ngurla-ma-                  `to   make land' (eg. as an aeroplane)</item>
  </tier>
  <tier id="c" type="odin-clean">
    <item id="c1" line="475" tag="L-T+DB">ngurla-`to land'          ngurla-ma-`to   make land' (eg. as an aeroplane)</item>
  </tier>
</igt>
<igt id="i87992">
  <metadata type="xigt-meta">
    <meta type="language" name="arabana-wangkangurru" iso-639-3="ard:wgg" tiers="phrases words morphemes"/>
    <meta type="language" name="English" iso-639-3="eng" tiers="translations"/>
    <meta type="odin-source" doc-id="3273" line-range="476-476" line-types="L-T"/>
  </metadata>
  <tier id="o" type="odin-raw">
    <item id="o1" line="476" tag="L-T">                                         ngurli-                     `to   throw to ground' (eg. as a whirlwind)</item>
  </tier>
  <tier id="c" type="odin-clean">
    <item id="c1" line="476" tag="L-T">ngurli-`to   throw to ground' (eg. as a whirlwind)</item>
  </tier>
</igt>
<igt id="i87993">
  <metadata type="xigt-meta">
    <meta type="language" name="arabana-wangkangurru" iso-639-3="ard:wgg" tiers="phrases words morphemes"/>
    <meta type="language" name="English" iso-639-3="eng" tiers="translations"/>
    <meta type="odin-source" doc-id="3273" line-range="477-477" line-types="L-T+DB"/>
  </metadata>
  <tier id="o" type="odin-raw">
    <item id="o1" line="477" tag="L-T+DB">  thangka-            `to sit'           thangka-ma-                 `to   make (someone) sit'</item>
  </tier>
  <tier id="c" type="odin-clean">
    <item id="c1" line="477" tag="L-T+DB">thangka-`to sit'           thangka-ma-`to   make (someone) sit</item>
  </tier>
</igt>
<igt id="i87994">
  <metadata type="xigt-meta">
    <meta type="language" name="arabana-wangkangurru" iso-639-3="ard:wgg" tiers="phrases words morphemes"/>
    <meta type="language" name="English" iso-639-3="eng" tiers="translations"/>
    <meta type="odin-source" doc-id="3273" line-range="478-478" line-types="L-T"/>
  </metadata>
  <tier id="o" type="odin-raw">
    <item id="o1" line="478" tag="L-T">                                         thangki-                    `to   give birth, lay (an egg)'</item>
  </tier>
  <tier id="c" type="odin-clean">
    <item id="c1" line="478" tag="L-T">thangki-`to   give birth, lay (an egg)</item>
  </tier>
</igt>
<igt id="i87995">
  <metadata type="xigt-meta">
    <meta type="language" name="arabana-wangkangurru" iso-639-3="ard:wgg" tiers="phrases words morphemes"/>
    <meta type="language" name="English" iso-639-3="eng" tiers="translations"/>
    <meta type="odin-source" doc-id="3273" line-range="479-479" line-types="L-T+DB"/>
  </metadata>
  <tier id="o" type="odin-raw">
    <item id="o1" line="479" tag="L-T+DB">  tharrka-            `to stand'         tharka-ma-                  `to   make (him) sta nd'</item>
  </tier>
  <tier id="c" type="odin-clean">
    <item id="c1" line="479" tag="L-T+DB">tharrka-`to stand'         tharka-ma-`to   make (him) sta nd</item>
  </tier>
</igt>
<igt id="i87996">
  <metadata type="xigt-meta">
    <meta type="language" name="arabana-wangkangurru" iso-639-3="ard:wgg" tiers="phrases words morphemes"/>
    <meta type="language" name="English" iso-639-3="eng" tiers="translations"/>
    <meta type="odin-source" doc-id="3273" line-range="480-480" line-types="L-T"/>
  </metadata>
  <tier id="o" type="odin-raw">
    <item id="o1" line="480" tag="L-T">                                         tharki-                     `to   prop up, rouse'</item>
  </tier>
  <tier id="c" type="odin-clean">
    <item id="c1" line="480" tag="L-T">tharki-`to   prop up, rouse</item>
  </tier>
</igt>
<igt id="i87997">
  <metadata type="xigt-meta">
    <meta type="language" name="arabana-wangkangurru" iso-639-3="ard:wgg" tiers="phrases words morphemes"/>
    <meta type="language" name="English" iso-639-3="eng" tiers="translations"/>
    <meta type="odin-source" doc-id="3273" line-range="487-487" line-types="L-T+DB"/>
  </metadata>
  <tier id="o" type="odin-raw">
    <item id="o1" line="487" tag="L-T+DB">  kaji-           `to turn'                       kaji-la-                 `to turn (it) over'</item>
  </tier>
  <tier id="c" type="odin-clean">
    <item id="c1" line="487" tag="L-T+DB">kaji-`to turn'                       kaji-la-`to turn (it) over</item>
  </tier>
</igt>
<igt id="i87998">
  <metadata type="xigt-meta">
    <meta type="language" name="arabana-wangkangurru" iso-639-3="ard:wgg" tiers="phrases words morphemes"/>
    <meta type="language" name="English" iso-639-3="eng" tiers="translations"/>
    <meta type="odin-source" doc-id="3273" line-range="488-488" line-types="L-T+DB"/>
  </metadata>
  <tier id="o" type="odin-raw">
    <item id="o1" line="488" tag="L-T+DB">  tharka-         `to stand'                      tharka-la-               `to stand (it) up'</item>
  </tier>
  <tier id="c" type="odin-clean">
    <item id="c1" line="488" tag="L-T+DB">tharka-`to stand'                      tharka-la-`to stand (it) up</item>
  </tier>
</igt>
<igt id="i87999">
  <metadata type="xigt-meta">
    <meta type="language" name="arabana-wangkangurru" iso-639-3="ard:wgg" tiers="phrases words morphemes"/>
    <meta type="language" name="English" iso-639-3="eng" tiers="translations"/>
    <meta type="odin-source" doc-id="3273" line-range="489-489" line-types="L-T+DB"/>
  </metadata>
  <tier id="o" type="odin-raw">
    <item id="o1" line="489" tag="L-T+DB">  thurka-         `to arise'                      thurka-la-               `to rouse'</item>
  </tier>
  <tier id="c" type="odin-clean">
    <item id="c1" line="489" tag="L-T+DB">thurka-`to arise'                      thurka-la-`to rouse</item>
  </tier>
</igt>
<igt id="i88000">
  <metadata type="xigt-meta">
    <meta type="language" name="arabana-wangkangurru" iso-639-3="ard:wgg" tiers="phrases words morphemes"/>
    <meta type="language" name="English" iso-639-3="eng" tiers="translations"/>
    <meta type="odin-source" doc-id="3273" line-range="492-492" line-types="L-T+DB"/>
  </metadata>
  <tier id="o" type="odin-raw">
    <item id="o1" line="492" tag="L-T+DB">  thudni-                `to   cry'               thudni-la-               `to   cry over, mourn'</item>
  </tier>
  <tier id="c" type="odin-clean">
    <item id="c1" line="492" tag="L-T+DB">thudni-`to   cry'               thudni-la-`to   cry over, mourn</item>
  </tier>
</igt>
<igt id="i88001">
  <metadata type="xigt-meta">
    <meta type="language" name="arabana-wangkangurru" iso-639-3="ard:wgg" tiers="phrases words morphemes"/>
    <meta type="language" name="English" iso-639-3="eng" tiers="translations"/>
    <meta type="odin-source" doc-id="3273" line-range="493-493" line-types="L-T+DB"/>
  </metadata>
  <tier id="o" type="odin-raw">
    <item id="o1" line="493" tag="L-T+DB">  wiya-                  `to   laugh'             wiya-la-                 `to   mock, deride, laugh at'</item>
  </tier>
  <tier id="c" type="odin-clean">
    <item id="c1" line="493" tag="L-T+DB">wiya-`to   laugh'             wiya-la-`to   mock, deride, laugh at</item>
  </tier>
</igt>
<igt id="i88002">
  <metadata type="xigt-meta">
    <meta type="language" name="arabana-wangkangurru" iso-639-3="ard:wgg" tiers="phrases words morphemes"/>
    <meta type="language" name="English" iso-639-3="eng" tiers="translations"/>
    <meta type="odin-source" doc-id="3273" line-range="494-494" line-types="L-T+DB"/>
  </metadata>
  <tier id="o" type="odin-raw">
    <item id="o1" line="494" tag="L-T+DB">  pankipanki-            `to   be pleased'        pankipanki-la-           `to   be pleased with'</item>
  </tier>
  <tier id="c" type="odin-clean">
    <item id="c1" line="494" tag="L-T+DB">pankipanki-`to   be pleased'        pankipanki-la-`to   be pleased with</item>
  </tier>
</igt>
<igt id="i88003">
  <metadata type="xigt-meta">
    <meta type="language" name="arabana-wangkangurru" iso-639-3="ard:wgg" tiers="phrases words morphemes"/>
    <meta type="language" name="English" iso-639-3="eng" tiers="translations"/>
    <meta type="odin-source" doc-id="3273" line-range="495-495" line-types="L-T+DB"/>
  </metadata>
  <tier id="o" type="odin-raw">
    <item id="o1" line="495" tag="L-T+DB">  yanhi-                 `to   talk'              yanhi-la-                `to   tell'</item>
  </tier>
  <tier id="c" type="odin-clean">
    <item id="c1" line="495" tag="L-T+DB">yanhi-`to   talk'              yanhi-la-`to   tell</item>
  </tier>
</igt>
<igt id="i88004">
  <metadata type="xigt-meta">
    <meta type="language" name="arabana-wangkangurru" iso-639-3="ard:wgg" tiers="phrases words morphemes"/>
    <meta type="language" name="English" iso-639-3="eng" tiers="translations"/>
    <meta type="odin-source" doc-id="3273" line-range="496-496" line-types="L-T+DB"/>
  </metadata>
  <tier id="o" type="odin-raw">
    <item id="o1" line="496" tag="L-T+DB">  yirji-                 `to   move'              yirji-la-                `to   work for (someone)'</item>
  </tier>
  <tier id="c" type="odin-clean">
    <item id="c1" line="496" tag="L-T+DB">yirji-`to   move'              yirji-la-`to   work for (someone)</item>
  </tier>
</igt>
<igt id="i88005">
  <metadata type="xigt-meta">
    <meta type="language" name="arabana-wangkangurru" iso-639-3="ard:wgg" tiers="phrases words morphemes"/>
    <meta type="language" name="English" iso-639-3="eng" tiers="translations"/>
    <meta type="odin-source" doc-id="3273" line-range="503-505" line-types="L G T"/>
  </metadata>
  <tier id="o" type="odin-raw">
    <item id="o1" line="503" tag="L">  (13) Unkunha                 punga            karra-l-ta.</item>
    <item id="o2" line="504" tag="G">       you dat                 hut              tie-tr- pres</item>
    <item id="o3" line="505" tag="T">           `(He) is fixing your hut for you.'</item>
  </tier>
  <tier id="c" type="odin-clean">
    <item id="c1" line="503" tag="L">Unkunha                 punga            karra-l-ta.</item>
    <item id="c2" line="504" tag="G">you dat                 hut              tie-tr-pres</item>
    <item id="c3" line="505" tag="T">(He) is fixing your hut for you.</item>
  </tier>
  <tier id="p" type="phrases" content="c">
    <item id="p0" content="c1[0:52]"/>
  </tier>
  <tier id="g" type="glosses" content="c">
    <item id="g0" content="c2[0:52]" alignment="p1"/>
  </tier>
  <tier id="t" type="translations" content="c">
    <item id="t0" content="c3[0:32]" alignment="p1"/>
  </tier>
</igt>
</xigt-corpus>
