<?xml version="1.0" encoding="UTF-8"?>
<xigt-corpus>
<igt id="i49827">
  <metadata type="xigt-meta">
    <meta type="language" name="aranda" iso-639-3="are" tiers="phrases words morphemes"/>
    <meta type="language" name="English" iso-639-3="eng" tiers="translations"/>
    <meta type="odin-source" doc-id="1806" line-range="135-137" line-types="M+AC+LN L T"/>
  </metadata>
  <tier id="o" type="odin-raw">
    <item id="o1" line="135" tag="M+AC+LN">    Heine (1997: 95) cites an example from Aranda:</item>
    <item id="o2" line="136" tag="L">  (i) Toby- keDat alere</item>
    <item id="o3" line="137" tag="T">     `Toby's child'</item>
  </tier>
  <tier id="c" type="odin-clean">
    <item id="c1" line="135" tag="M+AC+LN">Heine (1997: 95) cites an example from Aranda:</item>
    <item id="c2" line="136" tag="L">Toby-keDat alere</item>
    <item id="c3" line="137" tag="T">Toby's child</item>
  </tier>
  <tier id="p" type="phrases" content="c">
    <item id="p0" content="c2[0:16]"/>
  </tier>
  <tier id="t" type="translations" content="c">
    <item id="t0" content="c3[0:12]" alignment="p1"/>
  </tier>
</igt>
</xigt-corpus>
