<?xml version="1.0" encoding="UTF-8"?>
<xigt-corpus>
<igt id="i98599">
  <metadata type="xigt-meta">
    <meta type="language" name="karo" iso-639-3="arr" tiers="phrases words morphemes"/>
    <meta type="language" name="English" iso-639-3="eng" tiers="translations"/>
    <meta type="odin-source" doc-id="2610" line-range="9236-9240" line-types="M+AC+LN L+DB G+DB+CR G+DB+CR T+DB"/>
  </metadata>
  <tier id="o" type="odin-raw">
    <item id="o1" line="9236" tag="M+AC+LN">  (20) Karo/Arara (Gabas 1999, p.c.; the acute accent marks high tone)</item>
    <item id="o2" line="9237" tag="L+DB">  a.   o=cãp                             b.   w-at ka'a</item>
    <item id="o3" line="9238" tag="G+DB+CR">                                              1-POS house</item>
    <item id="o4" line="9239" tag="G+DB+CR">       1=leg</item>
    <item id="o5" line="9240" tag="T+DB">       `my leg'                               `my house'</item>
  </tier>
  <tier id="c" type="odin-clean">
    <item id="c1" line="9236" tag="M+AC+LN">Karo/Arara (Gabas 1999, p.c.; the acute accent marks high tone</item>
    <item id="c2" line="9237" tag="L+DB">o=cãp                             b.   w-at ka'a</item>
    <item id="c5" line="9240" tag="T+DB">my leg'                               `my house</item>
  </tier>
  <tier id="p" type="phrases" content="c">
    <item id="p0" content="c2[0:48]"/>
  </tier>
  <tier id="t" type="translations" content="c">
    <item id="t0" content="c5[0:47]" alignment="p1"/>
  </tier>
</igt>
<igt id="i98600">
  <metadata type="xigt-meta">
    <meta type="language" name="karo" iso-639-3="arr" tiers="phrases words morphemes"/>
    <meta type="language" name="English" iso-639-3="eng" tiers="translations"/>
    <meta type="odin-source" doc-id="2610" line-range="9241-9245" line-types="L+DB+CR L+DB+CR G+DB T+DB T+DB+AL"/>
  </metadata>
  <tier id="o" type="odin-raw">
    <item id="o1" line="9241" tag="L+DB+CR">                                                                     k´t</item>
    <item id="o2" line="9242" tag="L+DB+CR">  c.   pãttem        'õn                 d.   w-at ka'a 'a'</item>
    <item id="o3" line="9243" tag="G+DB">       beautiful     1                        1-POS house round live</item>
    <item id="o4" line="9244" tag="T+DB">       `I am beautiful.'                      `I have a house.'</item>
    <item id="o5" line="9245" tag="T+DB+AL">                                              (= `my house lives')</item>
  </tier>
  <tier id="c" type="odin-clean">
    <item id="c1" line="9241 9242" tag="L+DB+CR">pãttem        'õn                 d.   w-at ka'a 'a'        k´t</item>
    <item id="c3" line="9243" tag="G+DB">beautiful     1                        1-POS house round live</item>
    <item id="c4" line="9244" tag="T+DB">I am beautiful.'                      `I have a house.</item>
    <item id="c5" line="9245" tag="T+DB+AL">= `my house lives</item>
  </tier>
  <tier id="p" type="phrases" content="c">
    <item id="p0" content="c1[0:63]"/>
  </tier>
  <tier id="g" type="glosses" content="c">
    <item id="g0" content="c3[0:61]" alignment="p1"/>
  </tier>
  <tier id="t" type="translations" content="c">
    <item id="t0" content="c4[0:54]" alignment="p1"/>
    <item id="t1" content="c5[0:17]" alignment="p1"/>
  </tier>
</igt>
<igt id="i98601">
  <metadata type="xigt-meta">
    <meta type="language" name="karo" iso-639-3="arr" tiers="phrases words morphemes"/>
    <meta type="language" name="English" iso-639-3="eng" tiers="translations"/>
    <meta type="odin-source" doc-id="2610" line-range="9246-9249" line-types="L+CR L+CR G T+DB"/>
  </metadata>
  <tier id="o" type="odin-raw">
    <item id="o1" line="9246" tag="L+CR">                                 ta-k´t</item>
    <item id="o2" line="9247" tag="L+CR">  e.   'õn     ka'a 'a'</item>
    <item id="o3" line="9248" tag="G">       1       house round COM-live</item>
    <item id="o4" line="9249" tag="T+DB">       `I have a house.' (= `I live with my house.')</item>
  </tier>
  <tier id="c" type="odin-clean">
    <item id="c1" line="9246 9247" tag="L+CR">'õn     ka'a 'a'         ta-k´t</item>
    <item id="c3" line="9248" tag="G">1       house round COM-live</item>
    <item id="c4" line="9249" tag="T+DB">I have a house.' (= `I live with my house.')</item>
  </tier>
  <tier id="p" type="phrases" content="c">
    <item id="p0" content="c1[0:31]"/>
  </tier>
  <tier id="g" type="glosses" content="c">
    <item id="g0" content="c3[0:28]" alignment="p1"/>
  </tier>
  <tier id="t" type="translations" content="c">
    <item id="t0" content="c4[0:44]" alignment="p1"/>
  </tier>
</igt>
</xigt-corpus>
