<?xml version="1.0" encoding="UTF-8"?>
<xigt-corpus>
<igt id="i77831">
  <metadata type="xigt-meta">
    <meta type="language" name="arbore" iso-639-3="arv" tiers="phrases words morphemes"/>
    <meta type="language" name="English" iso-639-3="eng" tiers="translations"/>
    <meta type="odin-source" doc-id="2521" line-range="1055-1059" line-types="L+DB+CR L+DB+CR G+DB M+DB+SY T+DB"/>
  </metadata>
  <tier id="o" type="odin-raw">
    <item id="o1" line="1055" tag="L+DB+CR">  (65) a. mo ÷íy                   kor kúur-e</item>
    <item id="o2" line="1056" tag="L+DB+CR">                                    ª        ª                b. gaydan-ti géer</item>
    <item id="o3" line="1057" tag="G+DB">                man 3SG.DEF tree cut-PERF                           hoe-POSSD old.man</item>
    <item id="o4" line="1058" tag="M+DB+SY">                 S                  O          V                        N         G</item>
    <item id="o5" line="1059" tag="T+DB">                `the man cut the tree'                        `the old man's hoe'</item>
  </tier>
  <tier id="c" type="odin-clean">
    <item id="c1" line="1055" tag="L+DB+CR">mo ÷íy                   kor kúur-e</item>
    <item id="c3" line="1057" tag="G+DB">man 3SG.DEF tree cut-PERF                           hoe-POSSD old.man</item>
    <item id="c4" line="1058" tag="M+DB+SY">S                  O          V                        N         G</item>
    <item id="c5" line="1059" tag="T+DB">the man cut the tree'                        `the old man's hoe</item>
  </tier>
  <tier id="p" type="phrases" content="c">
    <item id="p0" content="c1[0:35]"/>
  </tier>
  <tier id="g" type="glosses" content="c">
    <item id="g0" content="c3[0:69]" alignment="p1"/>
  </tier>
  <tier id="t" type="translations" content="c">
    <item id="t0" content="c5[0:63]" alignment="p1"/>
  </tier>
</igt>
<igt id="i113465">
  <metadata type="xigt-meta">
    <meta type="language" name="arbore" iso-639-3="arv" tiers="phrases words morphemes"/>
    <meta type="language" name="English" iso-639-3="eng" tiers="translations"/>
    <meta type="odin-source" doc-id="3382" line-range="1098-1102" line-types="L+DB+CR L+DB+CR G+DB M+CN+DB T+DB"/>
  </metadata>
  <tier id="o" type="odin-raw">
    <item id="o1" line="1098" tag="L+DB+CR">  (65) a. mo ÷íy                   kor kúur-e</item>
    <item id="o2" line="1099" tag="L+DB+CR">                                    ?       ?               b. gaydan-ti géer</item>
    <item id="o3" line="1100" tag="G+DB">                man 3SG.DEF tree cut-PERF                           hoe-POSSD old.man</item>
    <item id="o4" line="1101" tag="M+CN+DB">                 S                  O          V                        N         G</item>
    <item id="o5" line="1102" tag="T+DB">                `the man cut the tree'                        `the old man's hoe'</item>
  </tier>
  <tier id="c" type="odin-clean">
    <item id="c1" line="1098" tag="L+DB+CR">mo ÷íy                   kor kúur-e</item>
    <item id="c3" line="1100" tag="G+DB">man 3SG.DEF tree cut-PERF                           hoe-POSSD old.man</item>
    <item id="c4" line="1101" tag="M+CN+DB">S                  O          V                        N         G</item>
    <item id="c5" line="1102" tag="T+DB">the man cut the tree'                        `the old man's hoe</item>
  </tier>
  <tier id="p" type="phrases" content="c">
    <item id="p0" content="c1[0:35]"/>
  </tier>
  <tier id="g" type="glosses" content="c">
    <item id="g0" content="c3[0:69]" alignment="p1"/>
  </tier>
  <tier id="t" type="translations" content="c">
    <item id="t0" content="c5[0:63]" alignment="p1"/>
  </tier>
</igt>
</xigt-corpus>
