<?xml version="1.0" encoding="UTF-8"?>
<xigt-corpus>
<igt id="i4718">
  <metadata type="xigt-meta">
    <meta type="language" name="asturian" iso-639-3="ast" tiers="phrases words morphemes"/>
    <meta type="language" name="English" iso-639-3="eng" tiers="translations"/>
    <meta type="odin-source" doc-id="3329" line-range="3748-3750" line-types="L G T"/>
  </metadata>
  <tier id="o" type="odin-raw">
    <item id="o1" line="3748" tag="L">  (11) Ye   fierr-o machaca-o.</item>
    <item id="o2" line="3749" tag="G">       It's iron    hammered</item>
    <item id="o3" line="3750" tag="T">       'This is hammered iron.'</item>
  </tier>
  <tier id="c" type="odin-clean">
    <item id="c1" line="3748" tag="L">Ye   fierr-o machaca-o.</item>
    <item id="c2" line="3749" tag="G">It's iron    hammered</item>
    <item id="c3" line="3750" tag="T">This is hammered iron.</item>
  </tier>
  <tier id="p" type="phrases" content="c">
    <item id="p0" content="c1[0:23]"/>
  </tier>
  <tier id="g" type="glosses" content="c">
    <item id="g0" content="c2[0:21]" alignment="p1"/>
  </tier>
  <tier id="t" type="translations" content="c">
    <item id="t0" content="c3[0:22]" alignment="p1"/>
  </tier>
</igt>
<igt id="i4719">
  <metadata type="xigt-meta">
    <meta type="language" name="asturian" iso-639-3="ast" tiers="phrases words morphemes"/>
    <meta type="language" name="English" iso-639-3="eng" tiers="translations"/>
    <meta type="odin-source" doc-id="3329" line-range="3752-3754" line-types="L G T"/>
  </metadata>
  <tier id="o" type="odin-raw">
    <item id="o1" line="3752" tag="L">  (12) Isti fierr-u ta machaca-u.</item>
    <item id="o2" line="3753" tag="G">       this iron    is hammered</item>
    <item id="o3" line="3754" tag="T">       'This (piece of) iron has been hammered.'</item>
  </tier>
  <tier id="c" type="odin-clean">
    <item id="c1" line="3752" tag="L">Isti fierr-u ta machaca-u.</item>
    <item id="c2" line="3753" tag="G">this iron    is hammered</item>
    <item id="c3" line="3754" tag="T">This (piece of) iron has been hammered.</item>
  </tier>
  <tier id="p" type="phrases" content="c">
    <item id="p0" content="c1[0:26]"/>
  </tier>
  <tier id="g" type="glosses" content="c">
    <item id="g0" content="c2[0:24]" alignment="p1"/>
  </tier>
  <tier id="t" type="translations" content="c">
    <item id="t0" content="c3[0:39]" alignment="p1"/>
  </tier>
</igt>
</xigt-corpus>
