<?xml version="1.0" encoding="UTF-8"?>
<xigt-corpus>
<igt id="i29461">
  <metadata type="xigt-meta">
    <meta type="language" name="attie" iso-639-3="ati" tiers="phrases words morphemes"/>
    <meta type="language" name="English" iso-639-3="eng" tiers="translations"/>
    <meta type="odin-source" doc-id="2785" line-range="524-527" line-types="L+CR L+CR G+LN T"/>
  </metadata>
  <tier id="o" type="odin-raw">
    <item id="o1" line="524" tag="L+CR">  (21) a                             kE</item>
    <item id="o2" line="525" tag="L+CR">               ò          vì                      tsà          la</item>
    <item id="o3" line="526" tag="G+LN">  ATTIE        3SG.PERF push.PERF 3SG.OBJ touch.PERF LOC</item>
    <item id="o4" line="527" tag="T">               `He pushed him and he fell'</item>
  </tier>
  <tier id="c" type="odin-clean">
    <item id="c1" line="524 525" tag="L+CR">a       ò          vì       kE             tsà          la</item>
    <item id="c3" line="526" tag="G+LN">ATTIE        3SG.PERF push.PERF 3SG.OBJ touch.PERF LOC</item>
    <item id="c4" line="527" tag="T">He pushed him and he fell</item>
  </tier>
  <tier id="p" type="phrases" content="c">
    <item id="p0" content="c1[0:58]"/>
  </tier>
  <tier id="g" type="glosses" content="c">
    <item id="g0" content="c3[0:54]" alignment="p1"/>
  </tier>
  <tier id="t" type="translations" content="c">
    <item id="t0" content="c4[0:25]" alignment="p1"/>
  </tier>
</igt>
<igt id="i29462">
  <metadata type="xigt-meta">
    <meta type="language" name="attie" iso-639-3="ati" tiers="phrases words morphemes"/>
    <meta type="language" name="English" iso-639-3="eng" tiers="translations"/>
    <meta type="odin-source" doc-id="2785" line-range="528-531" line-types="L+CR L+CR G T"/>
  </metadata>
  <tier id="o" type="odin-raw">
    <item id="o1" line="528" tag="L+CR">         b                           kE</item>
    <item id="o2" line="529" tag="L+CR">               bà         vì                      tsà          la</item>
    <item id="o3" line="530" tag="G">               3PL.PERF push.PERF 3SG.OBJ touch.PERF LOC</item>
    <item id="o4" line="531" tag="T">               `They pushed him and he fell'</item>
  </tier>
  <tier id="c" type="odin-clean">
    <item id="c1" line="528 529" tag="L+CR">b     bà         vì       kE             tsà          la</item>
    <item id="c3" line="530" tag="G">3PL.PERF push.PERF 3SG.OBJ touch.PERF LOC</item>
    <item id="c4" line="531" tag="T">They pushed him and he fell</item>
  </tier>
  <tier id="p" type="phrases" content="c">
    <item id="p0" content="c1[0:56]"/>
  </tier>
  <tier id="g" type="glosses" content="c">
    <item id="g0" content="c3[0:41]" alignment="p1"/>
  </tier>
  <tier id="t" type="translations" content="c">
    <item id="t0" content="c4[0:27]" alignment="p1"/>
  </tier>
</igt>
<igt id="i29463">
  <metadata type="xigt-meta">
    <meta type="language" name="attie" iso-639-3="ati" tiers="phrases words morphemes"/>
    <meta type="language" name="English" iso-639-3="eng" tiers="translations"/>
    <meta type="odin-source" doc-id="2785" line-range="532-535" line-types="L+CR L+CR G T+AC"/>
  </metadata>
  <tier id="o" type="odin-raw">
    <item id="o1" line="532" tag="L+CR">         c                                        tSà</item>
    <item id="o2" line="533" tag="L+CR">               ò          vì         bá                        la</item>
    <item id="o3" line="534" tag="G">               3SG.PERF push.PERF 3PL.OBJ touch.PERF LOC</item>
    <item id="o4" line="535" tag="T+AC">               `He pushed them and they fell' (adapted from Bogny 2003)</item>
  </tier>
  <tier id="c" type="odin-clean">
    <item id="c1" line="532 533" tag="L+CR">c     ò          vì         bá        tSà            la</item>
    <item id="c3" line="534" tag="G">3SG.PERF push.PERF 3PL.OBJ touch.PERF LOC</item>
    <item id="c4" line="535" tag="T+AC">He pushed them and they fell' (adapted from Bogny 2003)</item>
  </tier>
  <tier id="p" type="phrases" content="c">
    <item id="p0" content="c1[0:55]"/>
  </tier>
  <tier id="g" type="glosses" content="c">
    <item id="g0" content="c3[0:41]" alignment="p1"/>
  </tier>
  <tier id="t" type="translations" content="c">
    <item id="t0" content="c4[0:55]" alignment="p1"/>
  </tier>
</igt>
</xigt-corpus>
