<?xml version="1.0" encoding="UTF-8"?>
<xigt-corpus>
<igt id="i39573">
  <metadata type="xigt-meta">
    <meta type="language" name="occitan" iso-639-3="auv:gsc" tiers="phrases words morphemes"/>
    <meta type="language" name="English" iso-639-3="eng" tiers="translations"/>
    <meta type="odin-source" doc-id="2966" line-range="851-852" line-types="L T"/>
  </metadata>
  <tier id="o" type="odin-raw">
    <item id="o1" line="851" tag="L">         (25) Sabe ges.</item>
    <item id="o2" line="852" tag="T">               `I don't know.'</item>
  </tier>
  <tier id="c" type="odin-clean">
    <item id="c1" line="851" tag="L">Sabe ges.</item>
    <item id="c2" line="852" tag="T">I don't know.</item>
  </tier>
  <tier id="p" type="phrases" content="c">
    <item id="p0" content="c1[0:9]"/>
  </tier>
  <tier id="t" type="translations" content="c">
    <item id="t0" content="c2[0:13]" alignment="p1"/>
  </tier>
</igt>
<igt id="i39574">
  <metadata type="xigt-meta">
    <meta type="language" name="occitan" iso-639-3="auv:gsc" tiers="phrases words morphemes"/>
    <meta type="language" name="English" iso-639-3="eng" tiers="translations"/>
    <meta type="odin-source" doc-id="2966" line-range="854-855" line-types="L T"/>
  </metadata>
  <tier id="o" type="odin-raw">
    <item id="o1" line="854" tag="L">         (26) Sabe pas.</item>
    <item id="o2" line="855" tag="T">               `I don't know.'</item>
  </tier>
  <tier id="c" type="odin-clean">
    <item id="c1" line="854" tag="L">Sabe pas.</item>
    <item id="c2" line="855" tag="T">I don't know.</item>
  </tier>
  <tier id="p" type="phrases" content="c">
    <item id="p0" content="c1[0:9]"/>
  </tier>
  <tier id="t" type="translations" content="c">
    <item id="t0" content="c2[0:13]" alignment="p1"/>
  </tier>
</igt>
</xigt-corpus>
