<?xml version="1.0" encoding="UTF-8"?>
<xigt-corpus>
<igt id="i42269">
  <metadata type="xigt-meta">
    <meta type="language" name="nyao" iso-639-3="auw" tiers="phrases words morphemes"/>
    <meta type="language" name="English" iso-639-3="eng" tiers="translations"/>
    <meta type="odin-source" doc-id="3508" line-range="2438-2441" line-types="L+CR L+CR G T"/>
  </metadata>
  <tier id="o" type="odin-raw">
    <item id="o1" line="2438" tag="L+CR">              K         fing      r.</item>
    <item id="o2" line="2439" tag="L+CR">      (99)</item>
    <item id="o3" line="2440" tag="G">              3SG. NF bad         do</item>
    <item id="o4" line="2441" tag="T">              `He's angry.'</item>
  </tier>
  <tier id="c" type="odin-clean">
    <item id="c1" line="2438 2439" tag="L+CR">K         fing      r.</item>
    <item id="c3" line="2440" tag="G">3SG. NF bad         do</item>
    <item id="c4" line="2441" tag="T">He's angry.</item>
  </tier>
  <tier id="p" type="phrases" content="c">
    <item id="p0" content="c1[0:22]"/>
  </tier>
  <tier id="g" type="glosses" content="c">
    <item id="g0" content="c3[0:22]" alignment="p1"/>
  </tier>
  <tier id="t" type="translations" content="c">
    <item id="t0" content="c4[0:11]" alignment="p1"/>
  </tier>
</igt>
</xigt-corpus>
