<?xml version="1.0" encoding="UTF-8"?>
<xigt-corpus>
<igt id="i27207">
  <metadata type="xigt-meta">
    <meta type="language" name="avar" iso-639-3="ava" tiers="phrases words morphemes"/>
    <meta type="language" name="English" iso-639-3="eng" tiers="translations"/>
    <meta type="odin-source" doc-id="3886" line-range="233-236" line-types="M+LN+CR M+CR B L-T+DB+EX"/>
  </metadata>
  <tier id="o" type="odin-raw">
    <item id="o1" line="233" tag="M+LN+CR">           Avar</item>
    <item id="o2" line="234" tag="M+CR">  (2)</item>
    <item id="o3" line="235" tag="B"></item>
    <item id="o4" line="236" tag="L-T+DB+EX">        a. emen `father', jas `girl' (absolute form)</item>
  </tier>
  <tier id="c" type="odin-clean">
    <item id="c1" line="233 234" tag="M+LN+CR">Avar</item>
    <item id="c3" line="235" tag="B"/>
    <item id="c4" line="236" tag="L-T+DB+EX">emen `father', jas `girl' (absolute form)</item>
  </tier>
</igt>
<igt id="i27208">
  <metadata type="xigt-meta">
    <meta type="language" name="avar" iso-639-3="ava" tiers="phrases words morphemes"/>
    <meta type="language" name="English" iso-639-3="eng" tiers="translations"/>
    <meta type="odin-source" doc-id="3886" line-range="238-242" line-types="L G+CR G+CR B T"/>
  </metadata>
  <tier id="o" type="odin-raw">
    <item id="o1" line="238" tag="L">        b. jas               j-ac'ana</item>
    <item id="o2" line="239" tag="G+CR">           girl.             SGF-come.PF</item>
    <item id="o3" line="240" tag="G+CR">                   ABS</item>
    <item id="o4" line="241" tag="B"></item>
    <item id="o5" line="242" tag="T">           `The girl came'</item>
  </tier>
  <tier id="c" type="odin-clean">
    <item id="c1" line="238" tag="L">jas               j-ac'ana</item>
    <item id="c2" line="239 240" tag="G+CR">girl.   ABS       SGF-come.PF</item>
    <item id="c4" line="241" tag="B"/>
    <item id="c5" line="242" tag="T">The girl came</item>
  </tier>
  <tier id="p" type="phrases" content="c">
    <item id="p0" content="c1[0:26]"/>
  </tier>
  <tier id="g" type="glosses" content="c">
    <item id="g0" content="c2[0:29]" alignment="p1"/>
  </tier>
  <tier id="t" type="translations" content="c">
    <item id="t0" content="c5[0:13]" alignment="p1"/>
  </tier>
</igt>
<igt id="i27209">
  <metadata type="xigt-meta">
    <meta type="language" name="avar" iso-639-3="ava" tiers="phrases words morphemes"/>
    <meta type="language" name="English" iso-639-3="eng" tiers="translations"/>
    <meta type="odin-source" doc-id="3886" line-range="245-249" line-types="L G+CR G+CR B T"/>
  </metadata>
  <tier id="o" type="odin-raw">
    <item id="o1" line="245" tag="L">        c. insu-ca              jas           j-osana</item>
    <item id="o2" line="246" tag="G+CR">           father-ERG           girl.         SGF-take.PF</item>
    <item id="o3" line="247" tag="G+CR">                                        ABS</item>
    <item id="o4" line="248" tag="B"></item>
    <item id="o5" line="249" tag="T">           `The father took the girl'</item>
  </tier>
  <tier id="c" type="odin-clean">
    <item id="c1" line="245" tag="L">insu-ca              jas           j-osana</item>
    <item id="c2" line="246 247" tag="G+CR">father-ERG           girl.   ABS   SGF-take.PF</item>
    <item id="c4" line="248" tag="B"/>
    <item id="c5" line="249" tag="T">The father took the girl</item>
  </tier>
  <tier id="p" type="phrases" content="c">
    <item id="p0" content="c1[0:42]"/>
  </tier>
  <tier id="g" type="glosses" content="c">
    <item id="g0" content="c2[0:46]" alignment="p1"/>
  </tier>
  <tier id="t" type="translations" content="c">
    <item id="t0" content="c5[0:24]" alignment="p1"/>
  </tier>
</igt>
<igt id="i27257">
  <metadata type="xigt-meta">
    <meta type="language" name="avar" iso-639-3="ava" tiers="phrases words morphemes"/>
    <meta type="language" name="English" iso-639-3="eng" tiers="translations"/>
    <meta type="odin-source" doc-id="3886" line-range="1369-1375" line-types="M+AC+LN B L G+CR G+CR B T"/>
  </metadata>
  <tier id="o" type="odin-raw">
    <item id="o1" line="1369" tag="M+AC+LN">  (20) Avar (Alekseev &amp; Ataev 1997)</item>
    <item id="o2" line="1370" tag="B"></item>
    <item id="o3" line="1371" tag="L">     a. emen               w-ac'ule-w                       w-ugo</item>
    <item id="o4" line="1372" tag="G+CR">        father.                   -coming-                  SGM-COP</item>
    <item id="o5" line="1373" tag="G+CR">                  ABS      SGM               SGM</item>
    <item id="o6" line="1374" tag="B"></item>
    <item id="o7" line="1375" tag="T">        `Father is coming'</item>
  </tier>
  <tier id="c" type="odin-clean">
    <item id="c1" line="1369" tag="M+AC+LN">Avar (Alekseev &amp; Ataev 1997</item>
    <item id="c2" line="1370" tag="B"/>
    <item id="c3" line="1371" tag="L">emen               w-ac'ule-w                       w-ugo</item>
    <item id="c4" line="1372 1373" tag="G+CR">father.   ABS      SGM-coming-SGM            SGM-COP</item>
    <item id="c6" line="1374" tag="B"/>
    <item id="c7" line="1375" tag="T">Father is coming</item>
  </tier>
  <tier id="p" type="phrases" content="c">
    <item id="p0" content="c3[0:57]"/>
  </tier>
  <tier id="g" type="glosses" content="c">
    <item id="g0" content="c4[0:52]" alignment="p1"/>
  </tier>
  <tier id="t" type="translations" content="c">
    <item id="t0" content="c7[0:16]" alignment="p1"/>
  </tier>
</igt>
<igt id="i27258">
  <metadata type="xigt-meta">
    <meta type="language" name="avar" iso-639-3="ava" tiers="phrases words morphemes"/>
    <meta type="language" name="English" iso-639-3="eng" tiers="translations"/>
    <meta type="odin-source" doc-id="3886" line-range="1377-1381" line-types="L G+CR G+CR B T"/>
  </metadata>
  <tier id="o" type="odin-raw">
    <item id="o1" line="1377" tag="L">     b. insu-ca            ur            b-e'ule-b                b-ugo</item>
    <item id="o2" line="1378" tag="G+CR">        father-            field.   ABS SGN-comi        ng-   SGN SGN-COP</item>
    <item id="o3" line="1379" tag="G+CR">                  ERG</item>
    <item id="o4" line="1380" tag="B"></item>
    <item id="o5" line="1381" tag="T">        `Father is ploughing the field'</item>
  </tier>
  <tier id="c" type="odin-clean">
    <item id="c1" line="1377" tag="L">insu-ca            ur            b-e'ule-b                b-ugo</item>
    <item id="c2" line="1378 1379" tag="G+CR">father-ERG      field.   ABS SGN-comi        ng-SGN SGN-COP</item>
    <item id="c4" line="1380" tag="B"/>
    <item id="c5" line="1381" tag="T">Father is ploughing the field</item>
  </tier>
  <tier id="p" type="phrases" content="c">
    <item id="p0" content="c1[0:63]"/>
  </tier>
  <tier id="g" type="glosses" content="c">
    <item id="g0" content="c2[0:59]" alignment="p1"/>
  </tier>
  <tier id="t" type="translations" content="c">
    <item id="t0" content="c5[0:29]" alignment="p1"/>
  </tier>
</igt>
<igt id="i27259">
  <metadata type="xigt-meta">
    <meta type="language" name="avar" iso-639-3="ava" tiers="phrases words morphemes"/>
    <meta type="language" name="English" iso-639-3="eng" tiers="translations"/>
    <meta type="odin-source" doc-id="3886" line-range="1383-1387" line-types="L G+CR G+CR B T"/>
  </metadata>
  <tier id="o" type="odin-raw">
    <item id="o1" line="1383" tag="L">     c. emen               [ur           b-e'ule-w]               w-ugo</item>
    <item id="o2" line="1384" tag="G+CR">                           field.   ABS SGN-comi        ng-   SGM SGM-COP</item>
    <item id="o3" line="1385" tag="G+CR">        father.   ABS</item>
    <item id="o4" line="1386" tag="B"></item>
    <item id="o5" line="1387" tag="T">        `Father is ploughing the field'</item>
  </tier>
  <tier id="c" type="odin-clean">
    <item id="c1" line="1383" tag="L">emen               [ur           b-e'ule-w]               w-ugo</item>
    <item id="c2" line="1384 1385" tag="G+CR">father.   ABS      field.   ABS SGN-comi        ng-SGM SGM-COP</item>
    <item id="c4" line="1386" tag="B"/>
    <item id="c5" line="1387" tag="T">Father is ploughing the field</item>
  </tier>
  <tier id="p" type="phrases" content="c">
    <item id="p0" content="c1[0:63]"/>
  </tier>
  <tier id="g" type="glosses" content="c">
    <item id="g0" content="c2[0:62]" alignment="p1"/>
  </tier>
  <tier id="t" type="translations" content="c">
    <item id="t0" content="c5[0:29]" alignment="p1"/>
  </tier>
</igt>
<igt id="i38040">
  <metadata type="xigt-meta">
    <meta type="language" name="avar" iso-639-3="ava" tiers="phrases words morphemes"/>
    <meta type="language" name="English" iso-639-3="eng" tiers="translations"/>
    <meta type="odin-source" doc-id="1184" line-range="401-404" line-types="L B G T"/>
  </metadata>
  <tier id="o" type="odin-raw">
    <item id="o1" line="401" tag="L">                 ¢i         v- a£!- ula.</item>
    <item id="o2" line="402" tag="B">           a.</item>
    <item id="o3" line="403" tag="G">                 man.ABS he- come- PRES</item>
    <item id="o4" line="404" tag="T">                 `The man comes.'</item>
  </tier>
  <tier id="c" type="odin-clean">
    <item id="c1" line="401" tag="L">¢i         v-a£!-ula.</item>
    <item id="c2" line="402" tag="B">a.</item>
    <item id="c3" line="403" tag="G">man.ABS he-come-PRES</item>
    <item id="c4" line="404" tag="T">The man comes.</item>
  </tier>
  <tier id="p" type="phrases" content="c">
    <item id="p0" content="c1[0:21]"/>
  </tier>
  <tier id="g" type="glosses" content="c">
    <item id="g0" content="c3[0:20]" alignment="p1"/>
  </tier>
  <tier id="t" type="translations" content="c">
    <item id="t0" content="c4[0:14]" alignment="p1"/>
  </tier>
</igt>
<igt id="i38041">
  <metadata type="xigt-meta">
    <meta type="language" name="avar" iso-639-3="ava" tiers="phrases words morphemes"/>
    <meta type="language" name="English" iso-639-3="eng" tiers="translations"/>
    <meta type="odin-source" doc-id="1184" line-range="405-408" line-types="L L G T"/>
  </metadata>
  <tier id="o" type="odin-raw">
    <item id="o1" line="405" tag="L">                 Ebél- alda £i</item>
    <item id="o2" line="406" tag="L">           b.                             v- at-   ula.</item>
    <item id="o3" line="407" tag="G">                 mother- ERG man.ABS he- discover- PST</item>
    <item id="o4" line="408" tag="T">                 `Mother discovers the man.'</item>
  </tier>
  <tier id="c" type="odin-clean">
    <item id="c1" line="405" tag="L">Ebél-alda £i</item>
    <item id="c2" line="406" tag="L">v-at-ula.</item>
    <item id="c3" line="407" tag="G">mother-ERG man.ABS he-discover-PST</item>
    <item id="c4" line="408" tag="T">Mother discovers the man.</item>
  </tier>
  <tier id="p" type="phrases" content="c">
    <item id="p0" content="c1[0:12]"/>
    <item id="p1" content="c2[0:9]"/>
  </tier>
  <tier id="g" type="glosses" content="c">
    <item id="g0" content="c3[0:34]" alignment="p2"/>
  </tier>
  <tier id="t" type="translations" content="c">
    <item id="t0" content="c4[0:25]" alignment="p2"/>
  </tier>
</igt>
<igt id="i39351">
  <metadata type="xigt-meta">
    <meta type="language" name="avar" iso-639-3="ava" tiers="phrases words morphemes"/>
    <meta type="language" name="English" iso-639-3="eng" tiers="translations"/>
    <meta type="odin-source" doc-id="1197" line-range="7599-7602" line-types="L+CR L+CR G T"/>
  </metadata>
  <tier id="o" type="odin-raw">
    <item id="o1" line="7599" tag="L+CR">                                                  ical-gi</item>
    <item id="o2" line="7600" tag="L+CR">          (i) Re-s sa-r          dede-r-e                       r-soun r-o'a</item>
    <item id="o3" line="7601" tag="G">               she-Egr here-PL father-DAT-PL apples(PL)-Ptc PL-buy PL-Aux</item>
    <item id="o4" line="7602" tag="T">               `She bought apples here for [her] father.'</item>
  </tier>
  <tier id="c" type="odin-clean">
    <item id="c1" line="7599 7600" tag="L+CR">Re-s sa-r          dede-r-e         ical-gi       r-soun r-o'a</item>
    <item id="c3" line="7601" tag="G">she-Egr here-PL father-DAT-PL apples(PL)-Ptc PL-buy PL-Aux</item>
    <item id="c4" line="7602" tag="T">She bought apples here for [her] father.</item>
  </tier>
  <tier id="p" type="phrases" content="c">
    <item id="p0" content="c1[0:62]"/>
  </tier>
  <tier id="g" type="glosses" content="c">
    <item id="g0" content="c3[0:58]" alignment="p1"/>
  </tier>
  <tier id="t" type="translations" content="c">
    <item id="t0" content="c4[0:40]" alignment="p1"/>
  </tier>
</igt>
<igt id="i60161">
  <metadata type="xigt-meta">
    <meta type="language" name="avar" iso-639-3="ava" tiers="phrases words morphemes"/>
    <meta type="language" name="English" iso-639-3="eng" tiers="translations"/>
    <meta type="odin-source" doc-id="3031" line-range="771-776" line-types="M+AC+LN L+CR L+CR L+CR G T"/>
  </metadata>
  <tier id="o" type="odin-raw">
    <item id="o1" line="771" tag="M+AC+LN">          Avar (Charachidzé 1981:144f.)11</item>
    <item id="o2" line="772" tag="L+CR">  (13)</item>
    <item id="o3" line="773" tag="L+CR">                           y-orc&amp;'ana.</item>
    <item id="o4" line="774" tag="L+CR">          (a) yas</item>
    <item id="o5" line="775" tag="G">              girl(ABS,CL2)    CL2-woke-up</item>
    <item id="o6" line="776" tag="T">              'A/the girl woke up.'</item>
  </tier>
  <tier id="c" type="odin-clean">
    <item id="c1" line="771" tag="M+AC+LN">Avar (Charachidzé 1981:144f.)11</item>
    <item id="c2" line="772 773 774" tag="L+CR">(a) yas          y-orc&amp;'ana.</item>
    <item id="c5" line="775" tag="G">girl(ABS,CL2)    CL2-woke-up</item>
    <item id="c6" line="776" tag="T">A/the girl woke up.</item>
  </tier>
  <tier id="p" type="phrases" content="c">
    <item id="p0" content="c2[0:28]"/>
  </tier>
  <tier id="g" type="glosses" content="c">
    <item id="g0" content="c5[0:28]" alignment="p1"/>
  </tier>
  <tier id="t" type="translations" content="c">
    <item id="t0" content="c6[0:19]" alignment="p1"/>
  </tier>
</igt>
<igt id="i60162">
  <metadata type="xigt-meta">
    <meta type="language" name="avar" iso-639-3="ava" tiers="phrases words morphemes"/>
    <meta type="language" name="English" iso-639-3="eng" tiers="translations"/>
    <meta type="odin-source" doc-id="3031" line-range="778-780" line-types="L G T"/>
  </metadata>
  <tier id="o" type="odin-raw">
    <item id="o1" line="778" tag="L">          (b) di-cca       y-osana          yas.</item>
    <item id="o2" line="779" tag="G">              I-ERG,CL1 CL2-took            girl(ABS,CL2)</item>
    <item id="o3" line="780" tag="T">              'I took a/the girl.'</item>
  </tier>
  <tier id="c" type="odin-clean">
    <item id="c1" line="778" tag="L">di-cca       y-osana          yas.</item>
    <item id="c2" line="779" tag="G">I-ERG,CL1 CL2-took            girl(ABS,CL2)</item>
    <item id="c3" line="780" tag="T">I took a/the girl.</item>
  </tier>
  <tier id="p" type="phrases" content="c">
    <item id="p0" content="c1[0:34]"/>
  </tier>
  <tier id="g" type="glosses" content="c">
    <item id="g0" content="c2[0:43]" alignment="p1"/>
  </tier>
  <tier id="t" type="translations" content="c">
    <item id="t0" content="c3[0:18]" alignment="p1"/>
  </tier>
</igt>
<igt id="i66433">
  <metadata type="xigt-meta">
    <meta type="language" name="avar" iso-639-3="ava" tiers="phrases words morphemes"/>
    <meta type="language" name="English" iso-639-3="eng" tiers="translations"/>
    <meta type="odin-source" doc-id="1411" line-range="5004-5006" line-types="L G T"/>
  </metadata>
  <tier id="o" type="odin-raw">
    <item id="o1" line="5004" tag="L">         Gel         tsotsaz    ch^wana.</item>
    <item id="o2" line="5005" tag="G">         They-ABS each          other-ERG kill-PST</item>
    <item id="o3" line="5006" tag="T">           `They killed each   other.'</item>
  </tier>
  <tier id="c" type="odin-clean">
    <item id="c1" line="5004" tag="L">Gel         tsotsaz    ch^wana.</item>
    <item id="c2" line="5005" tag="G">They-ABS each          other-ERG kill-PST</item>
    <item id="c3" line="5006" tag="T">They killed each   other.</item>
  </tier>
  <tier id="p" type="phrases" content="c">
    <item id="p0" content="c1[0:31]"/>
  </tier>
  <tier id="g" type="glosses" content="c">
    <item id="g0" content="c2[0:41]" alignment="p1"/>
  </tier>
  <tier id="t" type="translations" content="c">
    <item id="t0" content="c3[0:25]" alignment="p1"/>
  </tier>
</igt>
<igt id="i66434">
  <metadata type="xigt-meta">
    <meta type="language" name="avar" iso-639-3="ava" tiers="phrases words morphemes"/>
    <meta type="language" name="English" iso-639-3="eng" tiers="translations"/>
    <meta type="odin-source" doc-id="1411" line-range="5022-5024" line-types="L G T"/>
  </metadata>
  <tier id="o" type="odin-raw">
    <item id="o1" line="5022" tag="L">          Musatsa   G^ali         ledeze          gawuna.</item>
    <item id="o2" line="5023" tag="G">          Musa-ERG Ali-ABS to swim-INF       make-PST</item>
    <item id="o3" line="5024" tag="T">            `Musa made Ali swim.'</item>
  </tier>
  <tier id="c" type="odin-clean">
    <item id="c1" line="5022" tag="L">Musatsa   G^ali         ledeze          gawuna.</item>
    <item id="c2" line="5023" tag="G">Musa-ERG Ali-ABS to swim-INF       make-PST</item>
    <item id="c3" line="5024" tag="T">Musa made Ali swim.</item>
  </tier>
  <tier id="p" type="phrases" content="c">
    <item id="p0" content="c1[0:47]"/>
  </tier>
  <tier id="g" type="glosses" content="c">
    <item id="g0" content="c2[0:43]" alignment="p1"/>
  </tier>
  <tier id="t" type="translations" content="c">
    <item id="t0" content="c3[0:19]" alignment="p1"/>
  </tier>
</igt>
<igt id="i66435">
  <metadata type="xigt-meta">
    <meta type="language" name="avar" iso-639-3="ava" tiers="phrases words morphemes"/>
    <meta type="language" name="English" iso-639-3="eng" tiers="translations"/>
    <meta type="odin-source" doc-id="1411" line-range="5026-5028" line-types="L G T"/>
  </metadata>
  <tier id="o" type="odin-raw">
    <item id="o1" line="5026" tag="L">          Musatsa   G^alida       G^isa      ch^waze         gawuna.</item>
    <item id="o2" line="5027" tag="G">          Musa-ERG Ali-LOC1 Isa-ABS          to kill         make-PST</item>
    <item id="o3" line="5028" tag="T">            `Musa made Ali kill Isa.'</item>
  </tier>
  <tier id="c" type="odin-clean">
    <item id="c1" line="5026" tag="L">Musatsa   G^alida       G^isa      ch^waze         gawuna.</item>
    <item id="c2" line="5027" tag="G">Musa-ERG Ali-LOC1 Isa-ABS          to kill         make-PST</item>
    <item id="c3" line="5028" tag="T">Musa made Ali kill Isa.</item>
  </tier>
  <tier id="p" type="phrases" content="c">
    <item id="p0" content="c1[0:58]"/>
  </tier>
  <tier id="g" type="glosses" content="c">
    <item id="g0" content="c2[0:59]" alignment="p1"/>
  </tier>
  <tier id="t" type="translations" content="c">
    <item id="t0" content="c3[0:23]" alignment="p1"/>
  </tier>
</igt>
<igt id="i66436">
  <metadata type="xigt-meta">
    <meta type="language" name="avar" iso-639-3="ava" tiers="phrases words morphemes"/>
    <meta type="language" name="English" iso-639-3="eng" tiers="translations"/>
    <meta type="odin-source" doc-id="1411" line-range="5033-5035" line-types="L G T"/>
  </metadata>
  <tier id="o" type="odin-raw">
    <item id="o1" line="5033" tag="L">         Musatsa   gel             tsotsaz        ch^waze     garuna.</item>
    <item id="o2" line="5034" tag="G">         Musa-ERG they-ABS         each other-ERG to kill-INF make-PST</item>
    <item id="o3" line="5035" tag="T">           `Musa made them kill    each other.'</item>
  </tier>
  <tier id="c" type="odin-clean">
    <item id="c1" line="5033" tag="L">Musatsa   gel             tsotsaz        ch^waze     garuna.</item>
    <item id="c2" line="5034" tag="G">Musa-ERG they-ABS         each other-ERG to kill-INF make-PST</item>
    <item id="c3" line="5035" tag="T">Musa made them kill    each other.</item>
  </tier>
  <tier id="p" type="phrases" content="c">
    <item id="p0" content="c1[0:60]"/>
  </tier>
  <tier id="g" type="glosses" content="c">
    <item id="g0" content="c2[0:61]" alignment="p1"/>
  </tier>
  <tier id="t" type="translations" content="c">
    <item id="t0" content="c3[0:34]" alignment="p1"/>
  </tier>
</igt>
<igt id="i66437">
  <metadata type="xigt-meta">
    <meta type="language" name="avar" iso-639-3="ava" tiers="phrases words morphemes"/>
    <meta type="language" name="English" iso-639-3="eng" tiers="translations"/>
    <meta type="odin-source" doc-id="1411" line-range="5050-5052" line-types="L G T"/>
  </metadata>
  <tier id="o" type="odin-raw">
    <item id="o1" line="5050" tag="L">         G^ali       ledeze            lugana.</item>
    <item id="o2" line="5051" tag="G">         Ali-ABS to swim-INFto begin-PST</item>
    <item id="o3" line="5052" tag="T">            `Ali began to swim.'</item>
  </tier>
  <tier id="c" type="odin-clean">
    <item id="c1" line="5050" tag="L">G^ali       ledeze            lugana.</item>
    <item id="c2" line="5051" tag="G">Ali-ABS to swim-INFto begin-PST</item>
    <item id="c3" line="5052" tag="T">Ali began to swim.</item>
  </tier>
  <tier id="p" type="phrases" content="c">
    <item id="p0" content="c1[0:37]"/>
  </tier>
  <tier id="g" type="glosses" content="c">
    <item id="g0" content="c2[0:31]" alignment="p1"/>
  </tier>
  <tier id="t" type="translations" content="c">
    <item id="t0" content="c3[0:18]" alignment="p1"/>
  </tier>
</igt>
<igt id="i66438">
  <metadata type="xigt-meta">
    <meta type="language" name="avar" iso-639-3="ava" tiers="phrases words morphemes"/>
    <meta type="language" name="English" iso-639-3="eng" tiers="translations"/>
    <meta type="odin-source" doc-id="1411" line-range="5054-5056" line-types="L G T"/>
  </metadata>
  <tier id="o" type="odin-raw">
    <item id="o1" line="5054" tag="L">         G^ali       G^isa         wetstsize lugana.</item>
    <item id="o2" line="5055" tag="G">         Ali-ABS Isa-ABS           to praise-INF to begin-PST</item>
    <item id="o3" line="5056" tag="T">            `Ali began to praise Isa.'</item>
  </tier>
  <tier id="c" type="odin-clean">
    <item id="c1" line="5054" tag="L">G^ali       G^isa         wetstsize lugana.</item>
    <item id="c2" line="5055" tag="G">Ali-ABS Isa-ABS           to praise-INF to begin-PST</item>
    <item id="c3" line="5056" tag="T">Ali began to praise Isa.</item>
  </tier>
  <tier id="p" type="phrases" content="c">
    <item id="p0" content="c1[0:43]"/>
  </tier>
  <tier id="g" type="glosses" content="c">
    <item id="g0" content="c2[0:52]" alignment="p1"/>
  </tier>
  <tier id="t" type="translations" content="c">
    <item id="t0" content="c3[0:24]" alignment="p1"/>
  </tier>
</igt>
<igt id="i66439">
  <metadata type="xigt-meta">
    <meta type="language" name="avar" iso-639-3="ava" tiers="phrases words morphemes"/>
    <meta type="language" name="English" iso-639-3="eng" tiers="translations"/>
    <meta type="odin-source" doc-id="1411" line-range="5061-5063" line-types="L G T"/>
  </metadata>
  <tier id="o" type="odin-raw">
    <item id="o1" line="5061" tag="L">         Gel             tsotsaz            retstsize         lugana.</item>
    <item id="o2" line="5062" tag="G">         They-ABS        each other-ERG to praise-INF         to begin-PST</item>
    <item id="o3" line="5063" tag="T">           `They began   to praise each other.'</item>
  </tier>
  <tier id="c" type="odin-clean">
    <item id="c1" line="5061" tag="L">Gel             tsotsaz            retstsize         lugana.</item>
    <item id="c2" line="5062" tag="G">They-ABS        each other-ERG to praise-INF         to begin-PST</item>
    <item id="c3" line="5063" tag="T">They began   to praise each other.</item>
  </tier>
  <tier id="p" type="phrases" content="c">
    <item id="p0" content="c1[0:60]"/>
  </tier>
  <tier id="g" type="glosses" content="c">
    <item id="g0" content="c2[0:65]" alignment="p1"/>
  </tier>
  <tier id="t" type="translations" content="c">
    <item id="t0" content="c3[0:34]" alignment="p1"/>
  </tier>
</igt>
<igt id="i66440">
  <metadata type="xigt-meta">
    <meta type="language" name="avar" iso-639-3="ava" tiers="phrases words morphemes"/>
    <meta type="language" name="English" iso-639-3="eng" tiers="translations"/>
    <meta type="odin-source" doc-id="1411" line-range="5073-5075" line-types="L G T"/>
  </metadata>
  <tier id="o" type="odin-raw">
    <item id="o1" line="5073" tag="L">         Gel     didasa         tsotsaz     retstsana.</item>
    <item id="o2" line="5074" tag="G">         They-ABS I-ABL1        each other-ERG to praise-PST</item>
    <item id="o3" line="5075" tag="T">           `They praised each   other more than me.'</item>
  </tier>
  <tier id="c" type="odin-clean">
    <item id="c1" line="5073" tag="L">Gel     didasa         tsotsaz     retstsana.</item>
    <item id="c2" line="5074" tag="G">They-ABS I-ABL1        each other-ERG to praise-PST</item>
    <item id="c3" line="5075" tag="T">They praised each   other more than me.</item>
  </tier>
  <tier id="p" type="phrases" content="c">
    <item id="p0" content="c1[0:45]"/>
  </tier>
  <tier id="g" type="glosses" content="c">
    <item id="g0" content="c2[0:51]" alignment="p1"/>
  </tier>
  <tier id="t" type="translations" content="c">
    <item id="t0" content="c3[0:39]" alignment="p1"/>
  </tier>
</igt>
<igt id="i75035">
  <metadata type="xigt-meta">
    <meta type="language" name="avar" iso-639-3="ava" tiers="phrases words morphemes"/>
    <meta type="language" name="English" iso-639-3="eng" tiers="translations"/>
    <meta type="odin-source" doc-id="3675" line-range="112-116" line-types="M+LN L+CR L+CR G T"/>
  </metadata>
  <tier id="o" type="odin-raw">
    <item id="o1" line="112" tag="M+LN">  (7)    Avar (North Caucasian&gt;Daghestanian; Daghestan, Russia)</item>
    <item id="o2" line="113" tag="L+CR">                ¢i v- a£§- ula.</item>
    <item id="o3" line="114" tag="L+CR">         a.</item>
    <item id="o4" line="115" tag="G">                man he- come- PRES</item>
    <item id="o5" line="116" tag="T">                `The man comes.'</item>
  </tier>
  <tier id="c" type="odin-clean">
    <item id="c1" line="112" tag="M+LN">Avar (North Caucasian&gt;Daghestanian; Daghestan, Russia</item>
    <item id="c2" line="113 114" tag="L+CR">¢i v-a£§-ula.</item>
    <item id="c4" line="115" tag="G">man he-come-PRES</item>
    <item id="c5" line="116" tag="T">The man comes.</item>
  </tier>
  <tier id="p" type="phrases" content="c">
    <item id="p0" content="c2[0:13]"/>
  </tier>
  <tier id="g" type="glosses" content="c">
    <item id="g0" content="c4[0:16]" alignment="p1"/>
  </tier>
  <tier id="t" type="translations" content="c">
    <item id="t0" content="c5[0:14]" alignment="p1"/>
  </tier>
</igt>
<igt id="i75036">
  <metadata type="xigt-meta">
    <meta type="language" name="avar" iso-639-3="ava" tiers="phrases words morphemes"/>
    <meta type="language" name="English" iso-639-3="eng" tiers="translations"/>
    <meta type="odin-source" doc-id="3675" line-range="117-120" line-types="L+CR L+CR G T"/>
  </metadata>
  <tier id="o" type="odin-raw">
    <item id="o1" line="117" tag="L+CR">                Ebll-       alda £i                ?</item>
    <item id="o2" line="118" tag="L+CR">         b.                                v- at-             ula.</item>
    <item id="o3" line="119" tag="G">                mother- ERG man he- discover- PST</item>
    <item id="o4" line="120" tag="T">                `Mother discovers the man.'</item>
  </tier>
  <tier id="c" type="odin-clean">
    <item id="c1" line="117 118" tag="L+CR">Ebll-alda £i       v-at-?         ula.</item>
    <item id="c3" line="119" tag="G">mother-ERG man he-discover-PST</item>
    <item id="c4" line="120" tag="T">Mother discovers the man.</item>
  </tier>
  <tier id="p" type="phrases" content="c">
    <item id="p0" content="c1[0:38]"/>
  </tier>
  <tier id="g" type="glosses" content="c">
    <item id="g0" content="c3[0:30]" alignment="p1"/>
  </tier>
  <tier id="t" type="translations" content="c">
    <item id="t0" content="c4[0:25]" alignment="p1"/>
  </tier>
</igt>
<igt id="i75274">
  <metadata type="xigt-meta">
    <meta type="language" name="avar" iso-639-3="ava" tiers="phrases words morphemes"/>
    <meta type="language" name="English" iso-639-3="eng" tiers="translations"/>
    <meta type="odin-source" doc-id="3673" line-range="448-452" line-types="M+CR+EX M+LN+CR L G T"/>
  </metadata>
  <tier id="o" type="odin-raw">
    <item id="o1" line="448" tag="M+CR+EX">                 (North Caucasian, East Caucasian, Avar-Andic)</item>
    <item id="o2" line="449" tag="M+LN+CR">  (10) Avar</item>
    <item id="o3" line="450" tag="L">        a. Ro-w      ine      w-ugo</item>
    <item id="o4" line="451" tag="G">           3SG-M.ABS walk.INF M-COP</item>
    <item id="o5" line="452" tag="T">            `He is going to walk.'</item>
  </tier>
  <tier id="c" type="odin-clean">
    <item id="c1" line="448 449" tag="M+CR+EX+LN">Avar      (North Caucasian, East Caucasian, Avar-Andic</item>
    <item id="c3" line="450" tag="L">Ro-w      ine      w-ugo</item>
    <item id="c4" line="451" tag="G">3SG-M.ABS walk.INF M-COP</item>
    <item id="c5" line="452" tag="T">He is going to walk.</item>
  </tier>
  <tier id="p" type="phrases" content="c">
    <item id="p0" content="c3[0:24]"/>
  </tier>
  <tier id="g" type="glosses" content="c">
    <item id="g0" content="c4[0:24]" alignment="p1"/>
  </tier>
  <tier id="t" type="translations" content="c">
    <item id="t0" content="c5[0:20]" alignment="p1"/>
  </tier>
</igt>
<igt id="i75275">
  <metadata type="xigt-meta">
    <meta type="language" name="avar" iso-639-3="ava" tiers="phrases words morphemes"/>
    <meta type="language" name="English" iso-639-3="eng" tiers="translations"/>
    <meta type="odin-source" doc-id="3673" line-range="453-455" line-types="L G T"/>
  </metadata>
  <tier id="o" type="odin-raw">
    <item id="o1" line="453" tag="L">        b. Ro-j           ine      j-igo</item>
    <item id="o2" line="454" tag="G">           3SG-F.ABS      walk.INF F-COP</item>
    <item id="o3" line="455" tag="T">            `She is going to walk.'</item>
  </tier>
  <tier id="c" type="odin-clean">
    <item id="c1" line="453" tag="L">Ro-j           ine      j-igo</item>
    <item id="c2" line="454" tag="G">3SG-F.ABS      walk.INF F-COP</item>
    <item id="c3" line="455" tag="T">She is going to walk.</item>
  </tier>
  <tier id="p" type="phrases" content="c">
    <item id="p0" content="c1[0:29]"/>
  </tier>
  <tier id="g" type="glosses" content="c">
    <item id="g0" content="c2[0:29]" alignment="p1"/>
  </tier>
  <tier id="t" type="translations" content="c">
    <item id="t0" content="c3[0:21]" alignment="p1"/>
  </tier>
</igt>
<igt id="i75276">
  <metadata type="xigt-meta">
    <meta type="language" name="avar" iso-639-3="ava" tiers="phrases words morphemes"/>
    <meta type="language" name="English" iso-639-3="eng" tiers="translations"/>
    <meta type="odin-source" doc-id="3673" line-range="456-460" line-types="L+CR L+CR G B T"/>
  </metadata>
  <tier id="o" type="odin-raw">
    <item id="o1" line="456" tag="L+CR">                                        ku-ne-b             b-ugo</item>
    <item id="o2" line="457" tag="L+CR">        c. Ro-s       ec</item>
    <item id="o3" line="458" tag="G">           3SG-M.ERG apple.ABS          eat-PRS.PTCP-N      N-COP</item>
    <item id="o4" line="459" tag="B"></item>
    <item id="o5" line="460" tag="T">            `He is eating an apple.'</item>
  </tier>
  <tier id="c" type="odin-clean">
    <item id="c1" line="456 457" tag="L+CR">Ro-s       ec                ku-ne-b             b-ugo</item>
    <item id="c3" line="458" tag="G">3SG-M.ERG apple.ABS          eat-PRS.PTCP-N      N-COP</item>
    <item id="c4" line="459" tag="B"/>
    <item id="c5" line="460" tag="T">He is eating an apple.</item>
  </tier>
  <tier id="p" type="phrases" content="c">
    <item id="p0" content="c1[0:54]"/>
  </tier>
  <tier id="g" type="glosses" content="c">
    <item id="g0" content="c3[0:54]" alignment="p1"/>
  </tier>
  <tier id="t" type="translations" content="c">
    <item id="t0" content="c5[0:22]" alignment="p1"/>
  </tier>
</igt>
<igt id="i75277">
  <metadata type="xigt-meta">
    <meta type="language" name="avar" iso-639-3="ava" tiers="phrases words morphemes"/>
    <meta type="language" name="English" iso-639-3="eng" tiers="translations"/>
    <meta type="odin-source" doc-id="3673" line-range="461-466" line-types="L+CR L+CR G B T M+AC"/>
  </metadata>
  <tier id="o" type="odin-raw">
    <item id="o1" line="461" tag="L+CR">        d. Ro-l                         ku-ne-b             b-ugo</item>
    <item id="o2" line="462" tag="L+CR">                      ec</item>
    <item id="o3" line="463" tag="G">           3SG-F.ERG apple.ABS          eat-PRS.PTCP-N      N-COP</item>
    <item id="o4" line="464" tag="B"></item>
    <item id="o5" line="465" tag="T">            `She is eating an apple.'</item>
    <item id="o6" line="466" tag="M+AC">                                        (Naida Abdulpatakhova (via Dmitry Ganenkov))</item>
  </tier>
  <tier id="c" type="odin-clean">
    <item id="c1" line="461 462" tag="L+CR">Ro-l       ec                ku-ne-b             b-ugo</item>
    <item id="c3" line="463" tag="G">3SG-F.ERG apple.ABS          eat-PRS.PTCP-N      N-COP</item>
    <item id="c4" line="464" tag="B"/>
    <item id="c5" line="465" tag="T">She is eating an apple.</item>
    <item id="c6" line="466" tag="M+AC">Naida Abdulpatakhova (via Dmitry Ganenkov)</item>
  </tier>
  <tier id="p" type="phrases" content="c">
    <item id="p0" content="c1[0:54]"/>
  </tier>
  <tier id="g" type="glosses" content="c">
    <item id="g0" content="c3[0:54]" alignment="p1"/>
  </tier>
  <tier id="t" type="translations" content="c">
    <item id="t0" content="c5[0:23]" alignment="p1"/>
  </tier>
</igt>
<igt id="i75348">
  <metadata type="xigt-meta">
    <meta type="language" name="avar" iso-639-3="ava" tiers="phrases words morphemes"/>
    <meta type="language" name="English" iso-639-3="eng" tiers="translations"/>
    <meta type="odin-source" doc-id="3677" line-range="87-91" line-types="M+LN+EX L+CR L+CR G T"/>
  </metadata>
  <tier id="o" type="odin-raw">
    <item id="o1" line="87" tag="M+LN+EX">  (6)   Avar (North Caucasian&gt;Daghestanian; Daghestan, Russia)</item>
    <item id="o2" line="88" tag="L+CR">               £i     v- a¤!- ula.</item>
    <item id="o3" line="89" tag="L+CR">        a.</item>
    <item id="o4" line="90" tag="G">               man he- come- PRES</item>
    <item id="o5" line="91" tag="T">               `The man comes.'</item>
  </tier>
  <tier id="c" type="odin-clean">
    <item id="c1" line="87" tag="M+LN+EX">Avar (North Caucasian&gt;Daghestanian; Daghestan, Russia</item>
    <item id="c2" line="88 89" tag="L+CR">£i     v-a¤!-ula.</item>
    <item id="c4" line="90" tag="G">man he-come-PRES</item>
    <item id="c5" line="91" tag="T">The man comes.</item>
  </tier>
  <tier id="p" type="phrases" content="c">
    <item id="p0" content="c2[0:17]"/>
  </tier>
  <tier id="g" type="glosses" content="c">
    <item id="g0" content="c4[0:16]" alignment="p1"/>
  </tier>
  <tier id="t" type="translations" content="c">
    <item id="t0" content="c5[0:14]" alignment="p1"/>
  </tier>
</igt>
<igt id="i75349">
  <metadata type="xigt-meta">
    <meta type="language" name="avar" iso-639-3="ava" tiers="phrases words morphemes"/>
    <meta type="language" name="English" iso-639-3="eng" tiers="translations"/>
    <meta type="odin-source" doc-id="3677" line-range="92-95" line-types="L+CR L+CR G T"/>
  </metadata>
  <tier id="o" type="odin-raw">
    <item id="o1" line="92" tag="L+CR">                           alda ¤i</item>
    <item id="o2" line="93" tag="L+CR">        b.     Ebél-                      v- at-            ula.</item>
    <item id="o3" line="94" tag="G">               mother- ERG man he- discover- PST</item>
    <item id="o4" line="95" tag="T">               `Mother discovers the man.'</item>
  </tier>
  <tier id="c" type="odin-clean">
    <item id="c1" line="92 93" tag="L+CR">Ebél-alda ¤i        v-at-ula.</item>
    <item id="c3" line="94" tag="G">mother-ERG man he-discover-PST</item>
    <item id="c4" line="95" tag="T">Mother discovers the man.</item>
  </tier>
  <tier id="p" type="phrases" content="c">
    <item id="p0" content="c1[0:29]"/>
  </tier>
  <tier id="g" type="glosses" content="c">
    <item id="g0" content="c3[0:30]" alignment="p1"/>
  </tier>
  <tier id="t" type="translations" content="c">
    <item id="t0" content="c4[0:25]" alignment="p1"/>
  </tier>
</igt>
<igt id="i80493">
  <metadata type="xigt-meta">
    <meta type="language" name="avar" iso-639-3="ava" tiers="phrases words morphemes"/>
    <meta type="language" name="English" iso-639-3="eng" tiers="translations"/>
    <meta type="odin-source" doc-id="1687" line-range="63-66" line-types="M+LN L G T"/>
  </metadata>
  <tier id="o" type="odin-raw">
    <item id="o1" line="63" tag="M+LN">       (8)      Avar (NE Caucasian, Daghestan, Russia)</item>
    <item id="o2" line="64" tag="L">             a. w-as       w-ek´er-ula</item>
    <item id="o3" line="65" tag="G">                masc-child masc-run-pres</item>
    <item id="o4" line="66" tag="T">                `The boy runs.'</item>
  </tier>
  <tier id="c" type="odin-clean">
    <item id="c1" line="63" tag="M+LN">Avar (NE Caucasian, Daghestan, Russia</item>
    <item id="c2" line="64" tag="L">w-as       w-ek´er-ula</item>
    <item id="c3" line="65" tag="G">masc-child masc-run-pres</item>
    <item id="c4" line="66" tag="T">The boy runs.</item>
  </tier>
  <tier id="p" type="phrases" content="c">
    <item id="p0" content="c2[0:22]"/>
  </tier>
  <tier id="g" type="glosses" content="c">
    <item id="g0" content="c3[0:24]" alignment="p1"/>
  </tier>
  <tier id="t" type="translations" content="c">
    <item id="t0" content="c4[0:13]" alignment="p1"/>
  </tier>
</igt>
<igt id="i80494">
  <metadata type="xigt-meta">
    <meta type="language" name="avar" iso-639-3="ava" tiers="phrases words morphemes"/>
    <meta type="language" name="English" iso-639-3="eng" tiers="translations"/>
    <meta type="odin-source" doc-id="1687" line-range="67-70" line-types="L+CR L+CR G T"/>
  </metadata>
  <tier id="o" type="odin-raw">
    <item id="o1" line="67" tag="L+CR">             b. inssu-cca j-as        j-´</item>
    <item id="o2" line="68" tag="L+CR">                                        ecc-ula</item>
    <item id="o3" line="69" tag="G">                father-erg fem-child fem-praise-pres</item>
    <item id="o4" line="70" tag="T">                `The father praises the girl.'</item>
  </tier>
  <tier id="c" type="odin-clean">
    <item id="c1" line="67" tag="L+CR">inssu-cca j-as        j-´</item>
    <item id="c3" line="69" tag="G">father-erg fem-child fem-praise-pres</item>
    <item id="c4" line="70" tag="T">The father praises the girl.</item>
  </tier>
  <tier id="p" type="phrases" content="c">
    <item id="p0" content="c1[0:25]"/>
  </tier>
  <tier id="g" type="glosses" content="c">
    <item id="g0" content="c3[0:36]" alignment="p1"/>
  </tier>
  <tier id="t" type="translations" content="c">
    <item id="t0" content="c4[0:28]" alignment="p1"/>
  </tier>
</igt>
<igt id="i115799">
  <metadata type="xigt-meta">
    <meta type="language" name="avar" iso-639-3="ava" tiers="phrases words morphemes"/>
    <meta type="language" name="English" iso-639-3="eng" tiers="translations"/>
    <meta type="odin-source" doc-id="3667" line-range="1102-1106" line-types="M+EX M+LN L G T"/>
  </metadata>
  <tier id="o" type="odin-raw">
    <item id="o1" line="1102" tag="M+EX">                 (North Caucasian, East Caucasian, Avar-Andic)</item>
    <item id="o2" line="1103" tag="M+LN">  (10) Avar</item>
    <item id="o3" line="1104" tag="L">        a. Ro-w      ine      w-ugo</item>
    <item id="o4" line="1105" tag="G">           3SG-M.ABS walk.INF M-COP</item>
    <item id="o5" line="1106" tag="T">            `He is going to walk.'</item>
  </tier>
  <tier id="c" type="odin-clean">
    <item id="c1" line="1102" tag="M+EX">North Caucasian, East Caucasian, Avar-Andic</item>
    <item id="c2" line="1103" tag="M+LN">Avar</item>
    <item id="c3" line="1104" tag="L">Ro-w      ine      w-ugo</item>
    <item id="c4" line="1105" tag="G">3SG-M.ABS walk.INF M-COP</item>
    <item id="c5" line="1106" tag="T">He is going to walk.</item>
  </tier>
  <tier id="p" type="phrases" content="c">
    <item id="p0" content="c3[0:24]"/>
  </tier>
  <tier id="g" type="glosses" content="c">
    <item id="g0" content="c4[0:24]" alignment="p1"/>
  </tier>
  <tier id="t" type="translations" content="c">
    <item id="t0" content="c5[0:20]" alignment="p1"/>
  </tier>
</igt>
<igt id="i115800">
  <metadata type="xigt-meta">
    <meta type="language" name="avar" iso-639-3="ava" tiers="phrases words morphemes"/>
    <meta type="language" name="English" iso-639-3="eng" tiers="translations"/>
    <meta type="odin-source" doc-id="3667" line-range="1107-1109" line-types="L G T"/>
  </metadata>
  <tier id="o" type="odin-raw">
    <item id="o1" line="1107" tag="L">        b. Ro-j           ine      j-igo</item>
    <item id="o2" line="1108" tag="G">           3SG-F.ABS      walk.INF F-COP</item>
    <item id="o3" line="1109" tag="T">            `She is going to walk.'</item>
  </tier>
  <tier id="c" type="odin-clean">
    <item id="c1" line="1107" tag="L">Ro-j           ine      j-igo</item>
    <item id="c2" line="1108" tag="G">3SG-F.ABS      walk.INF F-COP</item>
    <item id="c3" line="1109" tag="T">She is going to walk.</item>
  </tier>
  <tier id="p" type="phrases" content="c">
    <item id="p0" content="c1[0:29]"/>
  </tier>
  <tier id="g" type="glosses" content="c">
    <item id="g0" content="c2[0:29]" alignment="p1"/>
  </tier>
  <tier id="t" type="translations" content="c">
    <item id="t0" content="c3[0:21]" alignment="p1"/>
  </tier>
</igt>
<igt id="i115801">
  <metadata type="xigt-meta">
    <meta type="language" name="avar" iso-639-3="ava" tiers="phrases words morphemes"/>
    <meta type="language" name="English" iso-639-3="eng" tiers="translations"/>
    <meta type="odin-source" doc-id="3667" line-range="1110-1114" line-types="L+CR L+CR G B T"/>
  </metadata>
  <tier id="o" type="odin-raw">
    <item id="o1" line="1110" tag="L+CR">                                        ku-ne-b             b-ugo</item>
    <item id="o2" line="1111" tag="L+CR">        c. Ro-s       ec</item>
    <item id="o3" line="1112" tag="G">           3SG-M.ERG apple.ABS          eat-PRS.PTCP-N      N-COP</item>
    <item id="o4" line="1113" tag="B"></item>
    <item id="o5" line="1114" tag="T">            `He is eating an apple.'</item>
  </tier>
  <tier id="c" type="odin-clean">
    <item id="c1" line="1110 1111" tag="L+CR">Ro-s       ec                ku-ne-b             b-ugo</item>
    <item id="c3" line="1112" tag="G">3SG-M.ERG apple.ABS          eat-PRS.PTCP-N      N-COP</item>
    <item id="c4" line="1113" tag="B"/>
    <item id="c5" line="1114" tag="T">He is eating an apple.</item>
  </tier>
  <tier id="p" type="phrases" content="c">
    <item id="p0" content="c1[0:54]"/>
  </tier>
  <tier id="g" type="glosses" content="c">
    <item id="g0" content="c3[0:54]" alignment="p1"/>
  </tier>
  <tier id="t" type="translations" content="c">
    <item id="t0" content="c5[0:22]" alignment="p1"/>
  </tier>
</igt>
<igt id="i115802">
  <metadata type="xigt-meta">
    <meta type="language" name="avar" iso-639-3="ava" tiers="phrases words morphemes"/>
    <meta type="language" name="English" iso-639-3="eng" tiers="translations"/>
    <meta type="odin-source" doc-id="3667" line-range="1115-1120" line-types="L+CR L+CR G B T M+AC"/>
  </metadata>
  <tier id="o" type="odin-raw">
    <item id="o1" line="1115" tag="L+CR">        d. Ro-l                         ku-ne-b             b-ugo</item>
    <item id="o2" line="1116" tag="L+CR">                      ec</item>
    <item id="o3" line="1117" tag="G">           3SG-F.ERG apple.ABS          eat-PRS.PTCP-N      N-COP</item>
    <item id="o4" line="1118" tag="B"></item>
    <item id="o5" line="1119" tag="T">            `She is eating an apple.'</item>
    <item id="o6" line="1120" tag="M+AC">                                        (Naida Abdulpatakhova (via Dmitry Ganenkov))</item>
  </tier>
  <tier id="c" type="odin-clean">
    <item id="c1" line="1115 1116" tag="L+CR">Ro-l       ec                ku-ne-b             b-ugo</item>
    <item id="c3" line="1117" tag="G">3SG-F.ERG apple.ABS          eat-PRS.PTCP-N      N-COP</item>
    <item id="c4" line="1118" tag="B"/>
    <item id="c5" line="1119" tag="T">She is eating an apple.</item>
    <item id="c6" line="1120" tag="M+AC">Naida Abdulpatakhova (via Dmitry Ganenkov)</item>
  </tier>
  <tier id="p" type="phrases" content="c">
    <item id="p0" content="c1[0:54]"/>
  </tier>
  <tier id="g" type="glosses" content="c">
    <item id="g0" content="c3[0:54]" alignment="p1"/>
  </tier>
  <tier id="t" type="translations" content="c">
    <item id="t0" content="c5[0:23]" alignment="p1"/>
  </tier>
</igt>
<igt id="i118613">
  <metadata type="xigt-meta">
    <meta type="language" name="avar" iso-639-3="ava" tiers="phrases words morphemes"/>
    <meta type="language" name="English" iso-639-3="eng" tiers="translations"/>
    <meta type="odin-source" doc-id="3661" line-range="123-125" line-types="L+LN+EX G+AC T"/>
  </metadata>
  <tier id="o" type="odin-raw">
    <item id="o1" line="123" tag="L+LN+EX">  (15) (a) W-as-O             w-ekér-ula                               Avar (data from</item>
    <item id="o2" line="124" tag="G+AC">            MSC-child-CM MSC-run-PRES                                 Whaley 1997:157)</item>
    <item id="o3" line="125" tag="T">            "The boy runs."</item>
  </tier>
  <tier id="c" type="odin-clean">
    <item id="c1" line="123" tag="L+LN+EX">(a) W-as-O             w-ekér-ula                               Avar (data from</item>
    <item id="c2" line="124" tag="G+AC">MSC-child-CM MSC-run-PRES                                 Whaley 1997:157)</item>
    <item id="c3" line="125" tag="T">The boy runs.</item>
  </tier>
  <tier id="p" type="phrases" content="c">
    <item id="p0" content="c1[0:79]"/>
  </tier>
  <tier id="g" type="glosses" content="c">
    <item id="g0" content="c2[0:74]" alignment="p1"/>
  </tier>
  <tier id="t" type="translations" content="c">
    <item id="t0" content="c3[0:13]" alignment="p1"/>
  </tier>
</igt>
<igt id="i118614">
  <metadata type="xigt-meta">
    <meta type="language" name="avar" iso-639-3="ava" tiers="phrases words morphemes"/>
    <meta type="language" name="English" iso-639-3="eng" tiers="translations"/>
    <meta type="odin-source" doc-id="3661" line-range="126-129" line-types="L+CR L+CR G T"/>
  </metadata>
  <tier id="o" type="odin-raw">
    <item id="o1" line="126" tag="L+CR">                              j-as-O</item>
    <item id="o2" line="127" tag="L+CR">        (b) Inssu-cca                      j-écc-ula</item>
    <item id="o3" line="128" tag="G">            Father-CM         FEM-child-CM FEM-praise-PRES</item>
    <item id="o4" line="129" tag="T">            "The father praises the girl."</item>
  </tier>
  <tier id="c" type="odin-clean">
    <item id="c1" line="126 127" tag="L+CR">Inssu-cca         j-as-O       j-écc-ula</item>
    <item id="c3" line="128" tag="G">Father-CM         FEM-child-CM FEM-praise-PRES</item>
    <item id="c4" line="129" tag="T">The father praises the girl.</item>
  </tier>
  <tier id="p" type="phrases" content="c">
    <item id="p0" content="c1[0:40]"/>
  </tier>
  <tier id="g" type="glosses" content="c">
    <item id="g0" content="c3[0:46]" alignment="p1"/>
  </tier>
  <tier id="t" type="translations" content="c">
    <item id="t0" content="c4[0:28]" alignment="p1"/>
  </tier>
</igt>
</xigt-corpus>
