<?xml version="1.0" encoding="UTF-8"?>
<xigt-corpus>
<igt id="i155995">
  <metadata type="xigt-meta">
    <meta type="language" name="avestan" iso-639-3="ave" tiers="phrases words morphemes"/>
    <meta type="language" name="English" iso-639-3="eng" tiers="translations"/>
    <meta type="odin-source" doc-id="3287" line-range="2444-2447" line-types="L+AC M+SY G T+EX"/>
  </metadata>
  <tier id="o" type="odin-raw">
    <item id="o1" line="2444" tag="L+AC">  2. hiiat-c  gus jaidiii mrao (Yasna 33. 14)</item>
    <item id="o2" line="2445" tag="M+SY">     conj.-conn. nom. inf. 3s.aor.pass.</item>
    <item id="o3" line="2446" tag="G">     since-and cow to kill is said</item>
    <item id="o4" line="2447" tag="T+EX">     `and since the cow is said to kill (= to be killed)'</item>
  </tier>
  <tier id="c" type="odin-clean">
    <item id="c1" line="2444" tag="L+AC">hiiat-c  gus jaidiii mrao (Yasna 33. 14)</item>
    <item id="c2" line="2445" tag="M+SY">conj.-conn. nom. inf. 3s.aor.pass.</item>
    <item id="c3" line="2446" tag="G">since-and cow to kill is said</item>
    <item id="c4" line="2447" tag="T+EX">and since the cow is said to kill (= to be killed)</item>
  </tier>
  <tier id="p" type="phrases" content="c">
    <item id="p0" content="c1[0:40]"/>
  </tier>
  <tier id="g" type="glosses" content="c">
    <item id="g0" content="c3[0:29]" alignment="p1"/>
  </tier>
  <tier id="t" type="translations" content="c">
    <item id="t0" content="c4[0:50]" alignment="p1"/>
  </tier>
</igt>
</xigt-corpus>
