<?xml version="1.0" encoding="UTF-8"?>
<xigt-corpus>
<igt id="i47815">
  <metadata type="xigt-meta">
    <meta type="language" name="agaw" iso-639-3="awn" tiers="phrases words morphemes"/>
    <meta type="language" name="English" iso-639-3="eng" tiers="translations"/>
    <meta type="odin-source" doc-id="3407" line-range="1658-1665" line-types="L+CR L+CR B M B G B T"/>
  </metadata>
  <tier id="o" type="odin-raw">
    <item id="o1" line="1658" tag="L+CR">                   táq-áGá</item>
    <item id="o2" line="1659" tag="L+CR">  (26)   a.</item>
    <item id="o3" line="1660" tag="B"></item>
    <item id="o4" line="1661" tag="M">                                                                                        37</item>
    <item id="o5" line="1662" tag="B"></item>
    <item id="o6" line="1663" tag="G">                 know-2SG-FUT.CERT</item>
    <item id="o7" line="1664" tag="B"></item>
    <item id="o8" line="1665" tag="T">                 `You will [certainly] know [it].'</item>
  </tier>
  <tier id="c" type="odin-clean">
    <item id="c1" line="1658 1659" tag="L+CR">táq-áGá</item>
    <item id="c3" line="1660" tag="B"/>
    <item id="c4" line="1661" tag="M">37</item>
    <item id="c5" line="1662" tag="B"/>
    <item id="c6" line="1663" tag="G">know-2SG-FUT.CERT</item>
    <item id="c7" line="1664" tag="B"/>
    <item id="c8" line="1665" tag="T">You will [certainly] know [it].</item>
  </tier>
  <tier id="p" type="phrases" content="c">
    <item id="p0" content="c1[0:7]"/>
  </tier>
  <tier id="g" type="glosses" content="c">
    <item id="g0" content="c6[0:17]" alignment="p1"/>
  </tier>
  <tier id="t" type="translations" content="c">
    <item id="t0" content="c8[0:31]" alignment="p1"/>
  </tier>
</igt>
<igt id="i47816">
  <metadata type="xigt-meta">
    <meta type="language" name="agaw" iso-639-3="awn" tiers="phrases words morphemes"/>
    <meta type="language" name="English" iso-639-3="eng" tiers="translations"/>
    <meta type="odin-source" doc-id="3407" line-range="1667-1672" line-types="L+CR L+CR B G B T"/>
  </metadata>
  <tier id="o" type="odin-raw">
    <item id="o1" line="1667" tag="L+CR">                 dngéta          ca      des-é</item>
    <item id="o2" line="1668" tag="L+CR">         b.</item>
    <item id="o3" line="1669" tag="B"></item>
    <item id="o4" line="1670" tag="G">                 perhaps         tomorrow        study-FUT.POSS</item>
    <item id="o5" line="1671" tag="B"></item>
    <item id="o6" line="1672" tag="T">                 `Perhaps tomorrow I shall study.'</item>
  </tier>
  <tier id="c" type="odin-clean">
    <item id="c1" line="1667 1668" tag="L+CR">dngéta          ca      des-é</item>
    <item id="c3" line="1669" tag="B"/>
    <item id="c4" line="1670" tag="G">perhaps         tomorrow        study-FUT.POSS</item>
    <item id="c5" line="1671" tag="B"/>
    <item id="c6" line="1672" tag="T">Perhaps tomorrow I shall study.</item>
  </tier>
  <tier id="p" type="phrases" content="c">
    <item id="p0" content="c1[0:29]"/>
  </tier>
  <tier id="g" type="glosses" content="c">
    <item id="g0" content="c4[0:46]" alignment="p1"/>
  </tier>
  <tier id="t" type="translations" content="c">
    <item id="t0" content="c6[0:31]" alignment="p1"/>
  </tier>
</igt>
<igt id="i66525">
  <metadata type="xigt-meta">
    <meta type="language" name="agaw" iso-639-3="awn" tiers="phrases words morphemes"/>
    <meta type="language" name="English" iso-639-3="eng" tiers="translations"/>
    <meta type="odin-source" doc-id="1413" line-range="435-439" line-types="M+LN L+CR L+CR G T"/>
  </metadata>
  <tier id="o" type="odin-raw">
    <item id="o1" line="435" tag="M+LN">        (14) AGAW</item>
    <item id="o2" line="436" tag="L+CR">             ´@nt                                cewúà</item>
    <item id="o3" line="437" tag="L+CR">                       desátíta</item>
    <item id="o4" line="438" tag="G">             you-SUB study-NEG/SUBJ-2SG          do-3SG-PERF/DEF</item>
    <item id="o5" line="439" tag="T">             `He made you not to study.'</item>
  </tier>
  <tier id="c" type="odin-clean">
    <item id="c1" line="435" tag="M+LN">AGAW</item>
    <item id="c2" line="436 437" tag="L+CR">´@nt     desátíta                 cewúà</item>
    <item id="c4" line="438" tag="G">you-SUB study-NEG/SUBJ-2SG          do-3SG-PERF/DEF</item>
    <item id="c5" line="439" tag="T">He made you not to study.</item>
  </tier>
  <tier id="p" type="phrases" content="c">
    <item id="p0" content="c2[0:39]"/>
  </tier>
  <tier id="g" type="glosses" content="c">
    <item id="g0" content="c4[0:51]" alignment="p1"/>
  </tier>
  <tier id="t" type="translations" content="c">
    <item id="t0" content="c5[0:25]" alignment="p1"/>
  </tier>
</igt>
<igt id="i75676">
  <metadata type="xigt-meta">
    <meta type="language" name="awngi" iso-639-3="awn" tiers="phrases words morphemes"/>
    <meta type="language" name="English" iso-639-3="eng" tiers="translations"/>
    <meta type="odin-source" doc-id="3695" line-range="2872-2876" line-types="M+AC+LN L+CR L+CR G T"/>
  </metadata>
  <tier id="o" type="odin-raw">
    <item id="o1" line="2872" tag="M+AC+LN">  (57) Awngi (Cushitic; Ethiopia; Hetzron 1995)</item>
    <item id="o2" line="2873" tag="L+CR">                            ©una</item>
    <item id="o3" line="2874" tag="L+CR">       a. murí-t</item>
    <item id="o4" line="2875" tag="G">            village-GEN.FEM     woman</item>
    <item id="o5" line="2876" tag="T">          `the woman of the village'</item>
  </tier>
  <tier id="c" type="odin-clean">
    <item id="c1" line="2872" tag="M+AC+LN">Awngi (Cushitic; Ethiopia; Hetzron 1995</item>
    <item id="c2" line="2873 2874" tag="L+CR">murí-t           ©una</item>
    <item id="c4" line="2875" tag="G">village-GEN.FEM     woman</item>
    <item id="c5" line="2876" tag="T">the woman of the village</item>
  </tier>
  <tier id="p" type="phrases" content="c">
    <item id="p0" content="c2[0:21]"/>
  </tier>
  <tier id="g" type="glosses" content="c">
    <item id="g0" content="c4[0:25]" alignment="p1"/>
  </tier>
  <tier id="t" type="translations" content="c">
    <item id="t0" content="c5[0:24]" alignment="p1"/>
  </tier>
</igt>
<igt id="i75677">
  <metadata type="xigt-meta">
    <meta type="language" name="awngi" iso-639-3="awn" tiers="phrases words morphemes"/>
    <meta type="language" name="English" iso-639-3="eng" tiers="translations"/>
    <meta type="odin-source" doc-id="3695" line-range="2877-2879" line-types="L G T"/>
  </metadata>
  <tier id="o" type="odin-raw">
    <item id="o1" line="2877" tag="L">       b. murí-w           aqí</item>
    <item id="o2" line="2878" tag="G">            village-GEN.MASC man</item>
    <item id="o3" line="2879" tag="T">            `the man of the village'</item>
  </tier>
  <tier id="c" type="odin-clean">
    <item id="c1" line="2877" tag="L">murí-w           aqí</item>
    <item id="c2" line="2878" tag="G">village-GEN.MASC man</item>
    <item id="c3" line="2879" tag="T">the man of the village</item>
  </tier>
  <tier id="p" type="phrases" content="c">
    <item id="p0" content="c1[0:20]"/>
  </tier>
  <tier id="g" type="glosses" content="c">
    <item id="g0" content="c2[0:20]" alignment="p1"/>
  </tier>
  <tier id="t" type="translations" content="c">
    <item id="t0" content="c3[0:22]" alignment="p1"/>
  </tier>
</igt>
</xigt-corpus>
