<?xml version="1.0" encoding="UTF-8"?>
<xigt-corpus>
<igt id="i32109">
  <metadata type="xigt-meta">
    <meta type="language" name="xaragure" iso-639-3="axx" tiers="phrases words morphemes"/>
    <meta type="language" name="English" iso-639-3="eng" tiers="translations"/>
    <meta type="odin-source" doc-id="2020" line-range="633-636" line-types="L G+CR G+CR T"/>
  </metadata>
  <tier id="o" type="odin-raw">
    <item id="o1" line="633" tag="L">  (19b) nyärä pu-kêgai        nyärä</item>
    <item id="o2" line="634" tag="G+CR">               REC9-pinch epl</item>
    <item id="o3" line="635" tag="G+CR">        3pl</item>
    <item id="o4" line="636" tag="T">        `They are pinching each other.'</item>
  </tier>
  <tier id="c" type="odin-clean">
    <item id="c1" line="633" tag="L">nyärä pu-kêgai        nyärä</item>
    <item id="c2" line="634 635" tag="G+CR">3pl    REC9-pinch epl</item>
    <item id="c4" line="636" tag="T">They are pinching each other.</item>
  </tier>
  <tier id="p" type="phrases" content="c">
    <item id="p0" content="c1[0:27]"/>
  </tier>
  <tier id="g" type="glosses" content="c">
    <item id="g0" content="c2[0:21]" alignment="p1"/>
  </tier>
  <tier id="t" type="translations" content="c">
    <item id="t0" content="c4[0:29]" alignment="p1"/>
  </tier>
</igt>
</xigt-corpus>
