<?xml version="1.0" encoding="UTF-8"?>
<xigt-corpus>
<igt id="i114164">
  <metadata type="xigt-meta">
    <meta type="language" name="aya" iso-639-3="ayu" tiers="phrases words morphemes"/>
    <meta type="language" name="English" iso-639-3="eng" tiers="translations"/>
    <meta type="odin-source" doc-id="3403" line-range="749-751" line-types="L+LN G T"/>
  </metadata>
  <tier id="o" type="odin-raw">
    <item id="o1" line="749" tag="L+LN">        (33) Aya in       gorbe-ye    soma-st? [Persian]</item>
    <item id="o2" line="750" tag="G">             INT this cat-EZ          you-is</item>
    <item id="o3" line="751" tag="T">             `Is this your cat?'</item>
  </tier>
  <tier id="c" type="odin-clean">
    <item id="c1" line="749" tag="L+LN">Aya in       gorbe-ye    soma-st? [Persian]</item>
    <item id="c2" line="750" tag="G">INT this cat-EZ          you-is</item>
    <item id="c3" line="751" tag="T">Is this your cat?</item>
  </tier>
  <tier id="p" type="phrases" content="c">
    <item id="p0" content="c1[0:43]"/>
  </tier>
  <tier id="g" type="glosses" content="c">
    <item id="g0" content="c2[0:31]" alignment="p1"/>
  </tier>
  <tier id="t" type="translations" content="c">
    <item id="t0" content="c3[0:17]" alignment="p1"/>
  </tier>
</igt>
</xigt-corpus>
