<?xml version="1.0" encoding="UTF-8"?>
<xigt-corpus>
<igt id="i8098">
  <metadata type="xigt-meta">
    <meta type="language" name="adzera" iso-639-3="azr" tiers="phrases words morphemes"/>
    <meta type="language" name="English" iso-639-3="eng" tiers="translations"/>
    <meta type="odin-source" doc-id="3214" line-range="888-891" line-types="L+CR L+CR G T"/>
  </metadata>
  <tier id="o" type="odin-raw">
    <item id="o1" line="888" tag="L+CR">                     dzi gudzu-?-ga?</item>
    <item id="o2" line="889" tag="L+CR">          (27) a.</item>
    <item id="o3" line="890" tag="G">                     1sghead-1-poss</item>
    <item id="o4" line="891" tag="T">                     `myhead.'</item>
  </tier>
  <tier id="c" type="odin-clean">
    <item id="c1" line="888 889" tag="L+CR">dzi gudzu-?-ga?</item>
    <item id="c3" line="890" tag="G">1sghead-1-poss</item>
    <item id="c4" line="891" tag="T">myhead.</item>
  </tier>
  <tier id="p" type="phrases" content="c">
    <item id="p0" content="c1[0:15]"/>
  </tier>
  <tier id="g" type="glosses" content="c">
    <item id="g0" content="c3[0:14]" alignment="p1"/>
  </tier>
  <tier id="t" type="translations" content="c">
    <item id="t0" content="c4[0:7]" alignment="p1"/>
  </tier>
</igt>
<igt id="i8099">
  <metadata type="xigt-meta">
    <meta type="language" name="adzera" iso-639-3="azr" tiers="phrases words morphemes"/>
    <meta type="language" name="English" iso-639-3="eng" tiers="translations"/>
    <meta type="odin-source" doc-id="3214" line-range="892-895" line-types="L+CR L+CR G T"/>
  </metadata>
  <tier id="o" type="odin-raw">
    <item id="o1" line="892" tag="L+CR">                     agi gudzu-?-ga?</item>
    <item id="o2" line="893" tag="L+CR">               b.</item>
    <item id="o3" line="894" tag="G">                     1inclhead-1-poss</item>
    <item id="o4" line="895" tag="T">                     `our(inclusive)heads</item>
  </tier>
  <tier id="c" type="odin-clean">
    <item id="c1" line="892 893" tag="L+CR">agi gudzu-?-ga?</item>
    <item id="c3" line="894" tag="G">1inclhead-1-poss</item>
    <item id="c4" line="895" tag="T">our(inclusive)heads</item>
  </tier>
  <tier id="p" type="phrases" content="c">
    <item id="p0" content="c1[0:15]"/>
  </tier>
  <tier id="g" type="glosses" content="c">
    <item id="g0" content="c3[0:16]" alignment="p1"/>
  </tier>
  <tier id="t" type="translations" content="c">
    <item id="t0" content="c4[0:19]" alignment="p1"/>
  </tier>
</igt>
<igt id="i8100">
  <metadata type="xigt-meta">
    <meta type="language" name="adzera" iso-639-3="azr" tiers="phrases words morphemes"/>
    <meta type="language" name="English" iso-639-3="eng" tiers="translations"/>
    <meta type="odin-source" doc-id="3214" line-range="896-903" line-types="L+CR L+CR G B B B M T+CR"/>
  </metadata>
  <tier id="o" type="odin-raw">
    <item id="o1" line="896" tag="L+CR">                     aga gudzu-?ga?</item>
    <item id="o2" line="897" tag="L+CR">               c.</item>
    <item id="o3" line="898" tag="G">                     1exclhead-1-poss</item>
    <item id="o4" line="899" tag="B"></item>
    <item id="o5" line="900" tag="B"></item>
    <item id="o6" line="901" tag="B"></item>
    <item id="o7" line="902" tag="M">                                        OFS</item>
    <item id="o8" line="903" tag="T+CR">                     `our(exclusive)heads</item>
  </tier>
  <tier id="c" type="odin-clean">
    <item id="c1" line="896 897" tag="L+CR">aga gudzu-?ga?</item>
    <item id="c3" line="898" tag="G">1exclhead-1-poss</item>
    <item id="c4" line="899" tag="B"/>
    <item id="c5" line="900" tag="B"/>
    <item id="c6" line="901" tag="B"/>
    <item id="c7" line="902" tag="M">OFS</item>
    <item id="c8" line="903" tag="T+CR">our(exclusive)heads</item>
  </tier>
  <tier id="p" type="phrases" content="c">
    <item id="p0" content="c1[0:14]"/>
  </tier>
  <tier id="g" type="glosses" content="c">
    <item id="g0" content="c3[0:16]" alignment="p1"/>
  </tier>
  <tier id="t" type="translations" content="c">
    <item id="t0" content="c8[0:19]" alignment="p1"/>
  </tier>
</igt>
</xigt-corpus>
