<?xml version="1.0" encoding="UTF-8"?>
<xigt-corpus>
<igt id="i18388">
  <metadata type="xigt-meta">
    <meta type="language" name="tuki" iso-639-3="bag" tiers="phrases words morphemes"/>
    <meta type="language" name="English" iso-639-3="eng" tiers="translations"/>
    <meta type="odin-source" doc-id="2919" line-range="471-473" line-types="L+SY G T+AC+LN"/>
  </metadata>
  <tier id="o" type="odin-raw">
    <item id="o1" line="471" tag="L+SY">  (15)   [CP    Tane owu Puta          a- mu- dza [ CP ee            (Owu) vadzu     va-    mu- enda t]]?</item>
    <item id="o2" line="472" tag="G">                Where Foc Puta         SP-PL- say            that Foc children SP- PL- go</item>
    <item id="o3" line="473" tag="T+AC+LN">                `Where did Puta say   that the children went?'                      (Tuki; Sabel 2003: 236)</item>
  </tier>
  <tier id="c" type="odin-clean">
    <item id="c1" line="471" tag="L+SY">[CP    Tane owu Puta          a-mu-dza [ CP ee            (Owu) vadzu     va-mu-enda t]]?</item>
    <item id="c2" line="472" tag="G">Where Foc Puta         SP-PL-say            that Foc children SP-PL-go</item>
    <item id="c3" line="473" tag="T+AC+LN">Where did Puta say   that the children went?'                      (Tuki; Sabel 2003: 236)</item>
  </tier>
  <tier id="p" type="phrases" content="c">
    <item id="p0" content="c1[0:89]"/>
  </tier>
  <tier id="g" type="glosses" content="c">
    <item id="g0" content="c2[0:70]" alignment="p1"/>
  </tier>
  <tier id="t" type="translations" content="c">
    <item id="t0" content="c3[0:90]" alignment="p1"/>
  </tier>
</igt>
</xigt-corpus>
