<?xml version="1.0" encoding="UTF-8"?>
<xigt-corpus>
<igt id="i89482">
  <metadata type="xigt-meta">
    <meta type="language" name="bambara" iso-639-3="bam:bma" tiers="phrases words morphemes"/>
    <meta type="language" name="English" iso-639-3="eng" tiers="translations"/>
    <meta type="odin-source" doc-id="647" line-range="92-97" line-types="M+AC+LN L+CR L+CR G+CR G+CR T"/>
  </metadata>
  <tier id="o" type="odin-raw">
    <item id="o1" line="92" tag="M+AC+LN">  Bambara (Dumestre 1984: 424)</item>
    <item id="o2" line="93" tag="L+CR">           fíñE</item>
    <item id="o3" line="94" tag="L+CR">  (1)         ´     yé       tásuma jíidi</item>
    <item id="o4" line="95" tag="G+CR">           wind              fire     increase</item>
    <item id="o5" line="96" tag="G+CR">                    PFV</item>
    <item id="o6" line="97" tag="T">           `The   wind    made the fire flare up.'</item>
  </tier>
  <tier id="c" type="odin-clean">
    <item id="c1" line="92" tag="M+AC+LN">Bambara (Dumestre 1984: 424)</item>
    <item id="c2" line="93" tag="L+CR">fíñE</item>
    <item id="c4" line="95 96" tag="G+CR">wind     PFV      fire     increase</item>
    <item id="c6" line="97" tag="T">The   wind    made the fire flare up.</item>
  </tier>
  <tier id="p" type="phrases" content="c">
    <item id="p0" content="c2[0:4]"/>
  </tier>
  <tier id="g" type="glosses" content="c">
    <item id="g0" content="c4[0:35]" alignment="p1"/>
  </tier>
  <tier id="t" type="translations" content="c">
    <item id="t0" content="c6[0:37]" alignment="p1"/>
  </tier>
</igt>
</xigt-corpus>
