<?xml version="1.0" encoding="UTF-8"?>
<xigt-corpus>
<igt id="i151017">
  <metadata type="xigt-meta">
    <meta type="language" name="bantawa" iso-639-3="bap" tiers="phrases words morphemes"/>
    <meta type="language" name="English" iso-639-3="eng" tiers="translations"/>
    <meta type="odin-source" doc-id="2421" line-range="231-239" line-types="M+LN L G B L+CR L+CR G B T+EX"/>
  </metadata>
  <tier id="o" type="odin-raw">
    <item id="o1" line="231" tag="M+LN">  1    Bantawa</item>
    <item id="o2" line="232" tag="L">      "iNka papa.du.t.nin     khat.Na.ne nana;        khana.nin</item>
    <item id="o3" line="233" tag="G">      "I   father.UPW.(t).ALL go.1s.OPT e.sister:ADDR you.p</item>
    <item id="o4" line="234" tag="B"></item>
    <item id="o5" line="235" tag="L+CR">                         khar.a.ne," yiNma yiN.a nimaN.</item>
    <item id="o6" line="236" tag="L+CR">      mama.yu.t.nin</item>
    <item id="o7" line="237" tag="G">      mother.DWN.(t).ALL go.IMP.OPT" QUOTE say.PT REP</item>
    <item id="o8" line="238" tag="B"></item>
    <item id="o9" line="239" tag="T+EX">      "I'll go up to Father, and you go down to mother," she said</item>
  </tier>
  <tier id="c" type="odin-clean">
    <item id="c1" line="231" tag="M+LN">1    Bantawa</item>
    <item id="c2" line="232" tag="L">iNka papa.du.t.nin     khat.Na.ne nana;        khana.nin</item>
    <item id="c3" line="233" tag="G">I   father.UPW.(t).ALL go.1s.OPT e.sister:ADDR you.p</item>
    <item id="c4" line="234" tag="B"/>
    <item id="c5" line="235 236" tag="L+CR">mama.yu.t.nin      khar.a.ne," yiNma yiN.a nimaN.</item>
    <item id="c7" line="237" tag="G">mother.DWN.(t).ALL go.IMP.OPT" QUOTE say.PT REP</item>
    <item id="c8" line="238" tag="B"/>
    <item id="c9" line="239" tag="T+EX">I'll go up to Father, and you go down to mother," she said</item>
  </tier>
  <tier id="p" type="phrases" content="c">
    <item id="p0" content="c2[0:56]"/>
    <item id="p1" content="c5[0:49]"/>
  </tier>
  <tier id="g" type="glosses" content="c">
    <item id="g0" content="c3[0:52]" alignment="p1"/>
    <item id="g1" content="c7[0:47]" alignment="p2"/>
  </tier>
  <tier id="t" type="translations" content="c">
    <item id="t0" content="c9[0:58]" alignment="p2"/>
  </tier>
</igt>
<igt id="i151019">
  <metadata type="xigt-meta">
    <meta type="language" name="bantawa" iso-639-3="bap" tiers="phrases words morphemes"/>
    <meta type="language" name="English" iso-639-3="eng" tiers="translations"/>
    <meta type="odin-source" doc-id="2421" line-range="269-272" line-types="M+LN L G T"/>
  </metadata>
  <tier id="o" type="odin-raw">
    <item id="o1" line="269" tag="M+LN">  3          Bantawa</item>
    <item id="o2" line="270" tag="L">             `kaNa ale     dibuN.di       khat.ãi,' lod.yu.ko raicha</item>
    <item id="o3" line="271" tag="G">             `I    today mountain.UPW go.1sNPT tell.p.NML raicha</item>
    <item id="o4" line="272" tag="T">             Today I'll go up into the mountains," she said.</item>
  </tier>
  <tier id="c" type="odin-clean">
    <item id="c1" line="269" tag="M+LN">3          Bantawa</item>
    <item id="c2" line="270" tag="L">kaNa ale     dibuN.di       khat.ãi,' lod.yu.ko raicha</item>
    <item id="c3" line="271" tag="G">I    today mountain.UPW go.1sNPT tell.p.NML raicha</item>
    <item id="c4" line="272" tag="T">Today I'll go up into the mountains," she said.</item>
  </tier>
  <tier id="p" type="phrases" content="c">
    <item id="p0" content="c2[0:54]"/>
  </tier>
  <tier id="g" type="glosses" content="c">
    <item id="g0" content="c3[0:50]" alignment="p1"/>
  </tier>
  <tier id="t" type="translations" content="c">
    <item id="t0" content="c4[0:47]" alignment="p1"/>
  </tier>
</igt>
</xigt-corpus>
