<?xml version="1.0" encoding="UTF-8"?>
<xigt-corpus>
<igt id="i57493">
  <metadata type="xigt-meta">
    <meta type="language" name="nen" iso-639-3="baz" tiers="phrases words morphemes"/>
    <meta type="language" name="English" iso-639-3="eng" tiers="translations"/>
    <meta type="odin-source" doc-id="2716" line-range="528-530" line-types="L G T"/>
  </metadata>
  <tier id="o" type="odin-raw">
    <item id="o1" line="528" tag="L">  (27)a. àná     mònE@ índì</item>
    <item id="o2" line="529" tag="G">         3S:PST money give</item>
    <item id="o3" line="530" tag="T">         `s/he gave money'</item>
  </tier>
  <tier id="c" type="odin-clean">
    <item id="c1" line="528" tag="L">àná     mònE@ índì</item>
    <item id="c2" line="529" tag="G">3S:PST money give</item>
    <item id="c3" line="530" tag="T">s/he gave money</item>
  </tier>
  <tier id="p" type="phrases" content="c">
    <item id="p0" content="c1[0:18]"/>
  </tier>
  <tier id="g" type="glosses" content="c">
    <item id="g0" content="c2[0:17]" alignment="p1"/>
  </tier>
  <tier id="t" type="translations" content="c">
    <item id="t0" content="c3[0:15]" alignment="p1"/>
  </tier>
</igt>
<igt id="i57494">
  <metadata type="xigt-meta">
    <meta type="language" name="nen" iso-639-3="baz" tiers="phrases words morphemes"/>
    <meta type="language" name="English" iso-639-3="eng" tiers="translations"/>
    <meta type="odin-source" doc-id="2716" line-range="531-533" line-types="L G T+AC"/>
  </metadata>
  <tier id="o" type="odin-raw">
    <item id="o1" line="531" tag="L">     b. àná      índì á mònE@</item>
    <item id="o2" line="532" tag="G">         3S:PST give ? money</item>
    <item id="o3" line="533" tag="T+AC">         `s/he gave MONEY' (Mous 1997: 126)</item>
  </tier>
  <tier id="c" type="odin-clean">
    <item id="c1" line="531" tag="L">àná      índì á mònE@</item>
    <item id="c2" line="532" tag="G">3S:PST give ? money</item>
    <item id="c3" line="533" tag="T+AC">s/he gave MONEY' (Mous 1997: 126)</item>
  </tier>
  <tier id="p" type="phrases" content="c">
    <item id="p0" content="c1[0:21]"/>
  </tier>
  <tier id="g" type="glosses" content="c">
    <item id="g0" content="c2[0:19]" alignment="p1"/>
  </tier>
  <tier id="t" type="translations" content="c">
    <item id="t0" content="c3[0:33]" alignment="p1"/>
  </tier>
</igt>
</xigt-corpus>
