<?xml version="1.0" encoding="UTF-8"?>
<xigt-corpus>
<igt id="i34264">
  <metadata type="xigt-meta">
    <meta type="language" name="toba batak" iso-639-3="bbc" tiers="phrases words morphemes"/>
    <meta type="language" name="English" iso-639-3="eng" tiers="translations"/>
    <meta type="odin-source" doc-id="3726" line-range="470-472" line-types="L G T"/>
  </metadata>
  <tier id="o" type="odin-raw">
    <item id="o1" line="470" tag="L">        (28) a. Dilean        si    Torus      biang i     tu si     Ria.</item>
    <item id="o2" line="471" tag="G">                -AT.give      PM Torus         dog    the to PM Ria</item>
    <item id="o3" line="472" tag="T">                `Torus gave   the dog to Ria.'</item>
  </tier>
  <tier id="c" type="odin-clean">
    <item id="c1" line="470" tag="L">Dilean        si    Torus      biang i     tu si     Ria.</item>
    <item id="c2" line="471" tag="G">-AT.give      PM Torus         dog    the to PM Ria</item>
    <item id="c3" line="472" tag="T">Torus gave   the dog to Ria.</item>
  </tier>
  <tier id="p" type="phrases" content="c">
    <item id="p0" content="c1[0:57]"/>
  </tier>
  <tier id="g" type="glosses" content="c">
    <item id="g0" content="c2[0:51]" alignment="p1"/>
  </tier>
  <tier id="t" type="translations" content="c">
    <item id="t0" content="c3[0:28]" alignment="p1"/>
  </tier>
</igt>
<igt id="i34265">
  <metadata type="xigt-meta">
    <meta type="language" name="toba batak" iso-639-3="bbc" tiers="phrases words morphemes"/>
    <meta type="language" name="English" iso-639-3="eng" tiers="translations"/>
    <meta type="odin-source" doc-id="3726" line-range="473-476" line-types="L+CR L+CR G T+AC"/>
  </metadata>
  <tier id="o" type="odin-raw">
    <item id="o1" line="473" tag="L+CR">                                                   Riai biang i       ti</item>
    <item id="o2" line="474" tag="L+CR">             b. Dilean        si    Torus si</item>
    <item id="o3" line="475" tag="G">                -AT.give      PM Torus PM Ria dog                the</item>
    <item id="o4" line="476" tag="T+AC">                `Torus gave   Ria the dog.'     (Schachter 1984)</item>
  </tier>
  <tier id="c" type="odin-clean">
    <item id="c1" line="473 474" tag="L+CR">Dilean        si    Torus si       Riai biang i       ti</item>
    <item id="c3" line="475" tag="G">-AT.give      PM Torus PM Ria dog                the</item>
    <item id="c4" line="476" tag="T+AC">Torus gave   Ria the dog.'     (Schachter 1984)</item>
  </tier>
  <tier id="p" type="phrases" content="c">
    <item id="p0" content="c1[0:56]"/>
  </tier>
  <tier id="g" type="glosses" content="c">
    <item id="g0" content="c3[0:52]" alignment="p1"/>
  </tier>
  <tier id="t" type="translations" content="c">
    <item id="t0" content="c4[0:47]" alignment="p1"/>
  </tier>
</igt>
<igt id="i34584">
  <metadata type="xigt-meta">
    <meta type="language" name="toba batak" iso-639-3="bbc" tiers="phrases words morphemes"/>
    <meta type="language" name="English" iso-639-3="eng" tiers="translations"/>
    <meta type="odin-source" doc-id="3728" line-range="9697-9701" line-types="M+LN B L G+CR T"/>
  </metadata>
  <tier id="o" type="odin-raw">
    <item id="o1" line="9697" tag="M+LN">           (209)                          Toba Batak</item>
    <item id="o2" line="9698" tag="B"></item>
    <item id="o3" line="9699" tag="L">                                          Mang-ida        si Elijah si Kathy.</item>
    <item id="o4" line="9700" tag="G+CR">                                          see-AC T I V E V Elijah Kathy</item>
    <item id="o5" line="9701" tag="T">                                          "Kathy sees Elijah."</item>
  </tier>
  <tier id="c" type="odin-clean">
    <item id="c1" line="9697" tag="M+LN">Toba Batak</item>
    <item id="c2" line="9698" tag="B"/>
    <item id="c3" line="9699" tag="L">Mang-ida        si Elijah si Kathy.</item>
    <item id="c4" line="9700" tag="G+CR">see-AC T I V E V Elijah Kathy</item>
    <item id="c5" line="9701" tag="T">Kathy sees Elijah.</item>
  </tier>
  <tier id="p" type="phrases" content="c">
    <item id="p0" content="c3[0:35]"/>
  </tier>
  <tier id="g" type="glosses" content="c">
    <item id="g0" content="c4[0:29]" alignment="p1"/>
  </tier>
  <tier id="t" type="translations" content="c">
    <item id="t0" content="c5[0:18]" alignment="p1"/>
  </tier>
</igt>
<igt id="i38018">
  <metadata type="xigt-meta">
    <meta type="language" name="toba batak" iso-639-3="bbc" tiers="phrases words morphemes"/>
    <meta type="language" name="English" iso-639-3="eng" tiers="translations"/>
    <meta type="odin-source" doc-id="1191" line-range="301-302" line-types="L-T G+LN"/>
  </metadata>
  <tier id="o" type="odin-raw">
    <item id="o1" line="301" tag="L-T">  (9)   a. Mang-ida si Ria si Torus.                   `Torus sees Ria.'</item>
    <item id="o2" line="302" tag="G+LN">           ACT-see PNM          PNM</item>
  </tier>
  <tier id="c" type="odin-clean">
    <item id="c1" line="301" tag="L-T">Mang-ida si Ria si Torus.                   `Torus sees Ria.</item>
    <item id="c2" line="302" tag="G+LN">ACT-see PNM          PNM</item>
  </tier>
  <tier id="g" type="glosses" content="c">
    <item id="g0" content="c2[0:24]"/>
  </tier>
</igt>
<igt id="i38019">
  <metadata type="xigt-meta">
    <meta type="language" name="toba batak" iso-639-3="bbc" tiers="phrases words morphemes"/>
    <meta type="language" name="English" iso-639-3="eng" tiers="translations"/>
    <meta type="odin-source" doc-id="1191" line-range="303-304" line-types="L-T G"/>
  </metadata>
  <tier id="o" type="odin-raw">
    <item id="o1" line="303" tag="L-T">        b. Di-ida si Torus si Ria.                     `Torus sees Ria.'</item>
    <item id="o2" line="304" tag="G">           UND-see</item>
  </tier>
  <tier id="c" type="odin-clean">
    <item id="c1" line="303" tag="L-T">Di-ida si Torus si Ria.                     `Torus sees Ria.</item>
    <item id="c2" line="304" tag="G">UND-see</item>
  </tier>
  <tier id="g" type="glosses" content="c">
    <item id="g0" content="c2[0:7]"/>
  </tier>
</igt>
<igt id="i38020">
  <metadata type="xigt-meta">
    <meta type="language" name="toba batak" iso-639-3="bbc" tiers="phrases words morphemes"/>
    <meta type="language" name="English" iso-639-3="eng" tiers="translations"/>
    <meta type="odin-source" doc-id="1191" line-range="305-306" line-types="L-T G"/>
  </metadata>
  <tier id="o" type="odin-raw">
    <item id="o1" line="305" tag="L-T">        c. Mang-ida si Torus si Ria                    `Ria sees Torus.'</item>
    <item id="o2" line="306" tag="G">           ACT-see</item>
  </tier>
  <tier id="c" type="odin-clean">
    <item id="c1" line="305" tag="L-T">Mang-ida si Torus si Ria                    `Ria sees Torus.</item>
    <item id="c2" line="306" tag="G">ACT-see</item>
  </tier>
  <tier id="g" type="glosses" content="c">
    <item id="g0" content="c2[0:7]"/>
  </tier>
</igt>
<igt id="i38021">
  <metadata type="xigt-meta">
    <meta type="language" name="toba batak" iso-639-3="bbc" tiers="phrases words morphemes"/>
    <meta type="language" name="English" iso-639-3="eng" tiers="translations"/>
    <meta type="odin-source" doc-id="1191" line-range="307-308" line-types="L-T G"/>
  </metadata>
  <tier id="o" type="odin-raw">
    <item id="o1" line="307" tag="L-T">        d. Di-ida si Ria si Torus.                     `Ria sees Torus.'</item>
    <item id="o2" line="308" tag="G">           UND-see</item>
  </tier>
  <tier id="c" type="odin-clean">
    <item id="c1" line="307" tag="L-T">Di-ida si Ria si Torus.                     `Ria sees Torus.</item>
    <item id="c2" line="308" tag="G">UND-see</item>
  </tier>
  <tier id="g" type="glosses" content="c">
    <item id="g0" content="c2[0:7]"/>
  </tier>
</igt>
<igt id="i38022">
  <metadata type="xigt-meta">
    <meta type="language" name="toba batak" iso-639-3="bbc" tiers="phrases words morphemes"/>
    <meta type="language" name="English" iso-639-3="eng" tiers="translations"/>
    <meta type="odin-source" doc-id="1191" line-range="318-320" line-types="L+EX G+EX T"/>
  </metadata>
  <tier id="o" type="odin-raw">
    <item id="o1" line="318" tag="L+EX">  (10) a. Mang-ida diri-na      si Torus.                              Torus c-commands dirina</item>
    <item id="o2" line="319" tag="G+EX">          ACT-see self-3sgPOSS                                         Actor binds undergoer</item>
    <item id="o3" line="320" tag="T">          `Torus sees himself.'</item>
  </tier>
  <tier id="c" type="odin-clean">
    <item id="c1" line="318" tag="L+EX">Mang-ida diri-na      si Torus.                              Torus c-commands dirina</item>
    <item id="c2" line="319" tag="G+EX">ACT-see self-3sgPOSS                                         Actor binds undergoer</item>
    <item id="c3" line="320" tag="T">Torus sees himself.</item>
  </tier>
  <tier id="p" type="phrases" content="c">
    <item id="p0" content="c1[0:84]"/>
  </tier>
  <tier id="g" type="glosses" content="c">
    <item id="g0" content="c2[0:82]" alignment="p1"/>
  </tier>
  <tier id="t" type="translations" content="c">
    <item id="t0" content="c3[0:19]" alignment="p1"/>
  </tier>
</igt>
<igt id="i38023">
  <metadata type="xigt-meta">
    <meta type="language" name="toba batak" iso-639-3="bbc" tiers="phrases words morphemes"/>
    <meta type="language" name="English" iso-639-3="eng" tiers="translations"/>
    <meta type="odin-source" doc-id="1191" line-range="325-327" line-types="L+EX G+EX T"/>
  </metadata>
  <tier id="o" type="odin-raw">
    <item id="o1" line="325" tag="L+EX">       b. *Di-ida diri-na             si Torus.                        Torus c-commands dirina</item>
    <item id="o2" line="326" tag="G+EX">           UND-see self-3sgPOSS                                        *Undergoer binds actor</item>
    <item id="o3" line="327" tag="T">          `Himself sees Torus.'</item>
  </tier>
  <tier id="c" type="odin-clean">
    <item id="c1" line="325" tag="L+EX">*Di-ida diri-na             si Torus.                        Torus c-commands dirina</item>
    <item id="c2" line="326" tag="G+EX">UND-see self-3sgPOSS                                        *Undergoer binds actor</item>
    <item id="c3" line="327" tag="T">Himself sees Torus.</item>
  </tier>
  <tier id="p" type="phrases" content="c">
    <item id="p0" content="c1[0:84]"/>
  </tier>
  <tier id="g" type="glosses" content="c">
    <item id="g0" content="c2[0:82]" alignment="p1"/>
  </tier>
  <tier id="t" type="translations" content="c">
    <item id="t0" content="c3[0:19]" alignment="p1"/>
  </tier>
</igt>
<igt id="i38024">
  <metadata type="xigt-meta">
    <meta type="language" name="toba batak" iso-639-3="bbc" tiers="phrases words morphemes"/>
    <meta type="language" name="English" iso-639-3="eng" tiers="translations"/>
    <meta type="odin-source" doc-id="1191" line-range="328-330" line-types="L+EX G+EX T"/>
  </metadata>
  <tier id="o" type="odin-raw">
    <item id="o1" line="328" tag="L+EX">       c. *Mang-ida si Torus diri-na.                                  *Dirina c-commands Torus</item>
    <item id="o2" line="329" tag="G+EX">           ACT-see             self-3sgPOSS                            *Undergoer binds actor</item>
    <item id="o3" line="330" tag="T">          `Himself sees Torus.'</item>
  </tier>
  <tier id="c" type="odin-clean">
    <item id="c1" line="328" tag="L+EX">*Mang-ida si Torus diri-na.                                  *Dirina c-commands Torus</item>
    <item id="c2" line="329" tag="G+EX">ACT-see             self-3sgPOSS                            *Undergoer binds actor</item>
    <item id="c3" line="330" tag="T">Himself sees Torus.</item>
  </tier>
  <tier id="p" type="phrases" content="c">
    <item id="p0" content="c1[0:85]"/>
  </tier>
  <tier id="g" type="glosses" content="c">
    <item id="g0" content="c2[0:82]" alignment="p1"/>
  </tier>
  <tier id="t" type="translations" content="c">
    <item id="t0" content="c3[0:19]" alignment="p1"/>
  </tier>
</igt>
<igt id="i38025">
  <metadata type="xigt-meta">
    <meta type="language" name="toba batak" iso-639-3="bbc" tiers="phrases words morphemes"/>
    <meta type="language" name="English" iso-639-3="eng" tiers="translations"/>
    <meta type="odin-source" doc-id="1191" line-range="331-333" line-types="L+EX G+EX T"/>
  </metadata>
  <tier id="o" type="odin-raw">
    <item id="o1" line="331" tag="L+EX">       d. Di-ida si Torus diri-na.                                     *Dirina c-commands Torus</item>
    <item id="o2" line="332" tag="G+EX">          UND-see         self-3sgPOSS                                 Actor binds undergoer</item>
    <item id="o3" line="333" tag="T">          `Torus sees himself.'</item>
  </tier>
  <tier id="c" type="odin-clean">
    <item id="c1" line="331" tag="L+EX">Di-ida si Torus diri-na.                                     *Dirina c-commands Torus</item>
    <item id="c2" line="332" tag="G+EX">UND-see         self-3sgPOSS                                 Actor binds undergoer</item>
    <item id="c3" line="333" tag="T">Torus sees himself.</item>
  </tier>
  <tier id="p" type="phrases" content="c">
    <item id="p0" content="c1[0:85]"/>
  </tier>
  <tier id="g" type="glosses" content="c">
    <item id="g0" content="c2[0:82]" alignment="p1"/>
  </tier>
  <tier id="t" type="translations" content="c">
    <item id="t0" content="c3[0:19]" alignment="p1"/>
  </tier>
</igt>
<igt id="i38129">
  <metadata type="xigt-meta">
    <meta type="language" name="toba batak" iso-639-3="bbc" tiers="phrases words morphemes"/>
    <meta type="language" name="English" iso-639-3="eng" tiers="translations"/>
    <meta type="odin-source" doc-id="1184" line-range="2569-2572" line-types="L+CR L+CR G T"/>
  </metadata>
  <tier id="o" type="odin-raw">
    <item id="o1" line="2569" tag="L+CR">  (46)   a.      [   Mang- ida diri- na] si         John.</item>
    <item id="o2" line="2570" tag="L+CR">                     VP</item>
    <item id="o3" line="2571" tag="G">                     AGT- see self- his PROPER John</item>
    <item id="o4" line="2572" tag="T">                 `John saw himself.'</item>
  </tier>
  <tier id="c" type="odin-clean">
    <item id="c1" line="2569" tag="L+CR">[   Mang-ida diri-na] si         John.</item>
    <item id="c3" line="2571" tag="G">AGT-see self-his PROPER John</item>
    <item id="c4" line="2572" tag="T">John saw himself.</item>
  </tier>
  <tier id="p" type="phrases" content="c">
    <item id="p0" content="c1[0:38]"/>
  </tier>
  <tier id="g" type="glosses" content="c">
    <item id="g0" content="c3[0:28]" alignment="p1"/>
  </tier>
  <tier id="t" type="translations" content="c">
    <item id="t0" content="c4[0:17]" alignment="p1"/>
  </tier>
</igt>
<igt id="i38130">
  <metadata type="xigt-meta">
    <meta type="language" name="toba batak" iso-639-3="bbc" tiers="phrases words morphemes"/>
    <meta type="language" name="English" iso-639-3="eng" tiers="translations"/>
    <meta type="odin-source" doc-id="1184" line-range="2573-2575" line-types="L G T"/>
  </metadata>
  <tier id="o" type="odin-raw">
    <item id="o1" line="2573" tag="L">         b.     *[VP Mang- ida si         John] diri- na.</item>
    <item id="o2" line="2574" tag="G">                     AGT- see PROPER John self- his</item>
    <item id="o3" line="2575" tag="T">                 `Himself saw John.'</item>
  </tier>
  <tier id="c" type="odin-clean">
    <item id="c1" line="2573" tag="L">*[VP Mang-ida si         John] diri-na.</item>
    <item id="c2" line="2574" tag="G">AGT-see PROPER John self-his</item>
    <item id="c3" line="2575" tag="T">Himself saw John.</item>
  </tier>
  <tier id="p" type="phrases" content="c">
    <item id="p0" content="c1[0:39]"/>
  </tier>
  <tier id="g" type="glosses" content="c">
    <item id="g0" content="c2[0:28]" alignment="p1"/>
  </tier>
  <tier id="t" type="translations" content="c">
    <item id="t0" content="c3[0:17]" alignment="p1"/>
  </tier>
</igt>
<igt id="i38131">
  <metadata type="xigt-meta">
    <meta type="language" name="toba batak" iso-639-3="bbc" tiers="phrases words morphemes"/>
    <meta type="language" name="English" iso-639-3="eng" tiers="translations"/>
    <meta type="odin-source" doc-id="1184" line-range="2576-2578" line-types="L G T"/>
  </metadata>
  <tier id="o" type="odin-raw">
    <item id="o1" line="2576" tag="L">         c.     *[VP Di- ida diri- na] si         John.</item>
    <item id="o2" line="2577" tag="G">                     DO- see self- his PROPER John</item>
    <item id="o3" line="2578" tag="T">                 `Himself saw John.'</item>
  </tier>
  <tier id="c" type="odin-clean">
    <item id="c1" line="2576" tag="L">*[VP Di-ida diri-na] si         John.</item>
    <item id="c2" line="2577" tag="G">DO-see self-his PROPER John</item>
    <item id="c3" line="2578" tag="T">Himself saw John.</item>
  </tier>
  <tier id="p" type="phrases" content="c">
    <item id="p0" content="c1[0:37]"/>
  </tier>
  <tier id="g" type="glosses" content="c">
    <item id="g0" content="c2[0:27]" alignment="p1"/>
  </tier>
  <tier id="t" type="translations" content="c">
    <item id="t0" content="c3[0:17]" alignment="p1"/>
  </tier>
</igt>
<igt id="i38132">
  <metadata type="xigt-meta">
    <meta type="language" name="toba batak" iso-639-3="bbc" tiers="phrases words morphemes"/>
    <meta type="language" name="English" iso-639-3="eng" tiers="translations"/>
    <meta type="odin-source" doc-id="1184" line-range="2579-2581" line-types="L G T"/>
  </metadata>
  <tier id="o" type="odin-raw">
    <item id="o1" line="2579" tag="L">         d.      [VP Di- ida si         John] diri- na.</item>
    <item id="o2" line="2580" tag="G">                     DO- see PROPER John self- his</item>
    <item id="o3" line="2581" tag="T">                 `John saw himself.'</item>
  </tier>
  <tier id="c" type="odin-clean">
    <item id="c1" line="2579" tag="L">[VP Di-ida si         John] diri-na.</item>
    <item id="c2" line="2580" tag="G">DO-see PROPER John self-his</item>
    <item id="c3" line="2581" tag="T">John saw himself.</item>
  </tier>
  <tier id="p" type="phrases" content="c">
    <item id="p0" content="c1[0:36]"/>
  </tier>
  <tier id="g" type="glosses" content="c">
    <item id="g0" content="c2[0:27]" alignment="p1"/>
  </tier>
  <tier id="t" type="translations" content="c">
    <item id="t0" content="c3[0:17]" alignment="p1"/>
  </tier>
</igt>
<igt id="i38866">
  <metadata type="xigt-meta">
    <meta type="language" name="toba batak" iso-639-3="bbc" tiers="phrases words morphemes"/>
    <meta type="language" name="English" iso-639-3="eng" tiers="translations"/>
    <meta type="odin-source" doc-id="1193" line-range="293-295" line-types="L+LN G T"/>
  </metadata>
  <tier id="o" type="odin-raw">
    <item id="o1" line="293" tag="L+LN">  (8) a. Mang-ida si Ria si Torus.                                   Toba Batak</item>
    <item id="o2" line="294" tag="G">         ACT-see PNM       PNM</item>
    <item id="o3" line="295" tag="T">         `Torus sees Ria.'</item>
  </tier>
  <tier id="c" type="odin-clean">
    <item id="c1" line="293" tag="L+LN">Mang-ida si Ria si Torus.                                   Toba Batak</item>
    <item id="c2" line="294" tag="G">ACT-see PNM       PNM</item>
    <item id="c3" line="295" tag="T">Torus sees Ria.</item>
  </tier>
  <tier id="p" type="phrases" content="c">
    <item id="p0" content="c1[0:70]"/>
  </tier>
  <tier id="g" type="glosses" content="c">
    <item id="g0" content="c2[0:21]" alignment="p1"/>
  </tier>
  <tier id="t" type="translations" content="c">
    <item id="t0" content="c3[0:15]" alignment="p1"/>
  </tier>
</igt>
<igt id="i38867">
  <metadata type="xigt-meta">
    <meta type="language" name="toba batak" iso-639-3="bbc" tiers="phrases words morphemes"/>
    <meta type="language" name="English" iso-639-3="eng" tiers="translations"/>
    <meta type="odin-source" doc-id="1193" line-range="299-301" line-types="L G T"/>
  </metadata>
  <tier id="o" type="odin-raw">
    <item id="o1" line="299" tag="L">       b. Di-ida si Torus si Ria.</item>
    <item id="o2" line="300" tag="G">          UND-see</item>
    <item id="o3" line="301" tag="T">          `Torus sees Ria.'</item>
  </tier>
  <tier id="c" type="odin-clean">
    <item id="c1" line="299" tag="L">Di-ida si Torus si Ria.</item>
    <item id="c2" line="300" tag="G">UND-see</item>
    <item id="c3" line="301" tag="T">Torus sees Ria.</item>
  </tier>
  <tier id="p" type="phrases" content="c">
    <item id="p0" content="c1[0:23]"/>
  </tier>
  <tier id="g" type="glosses" content="c">
    <item id="g0" content="c2[0:7]" alignment="p1"/>
  </tier>
  <tier id="t" type="translations" content="c">
    <item id="t0" content="c3[0:15]" alignment="p1"/>
  </tier>
</igt>
<igt id="i38868">
  <metadata type="xigt-meta">
    <meta type="language" name="toba batak" iso-639-3="bbc" tiers="phrases words morphemes"/>
    <meta type="language" name="English" iso-639-3="eng" tiers="translations"/>
    <meta type="odin-source" doc-id="1193" line-range="302-304" line-types="L G T"/>
  </metadata>
  <tier id="o" type="odin-raw">
    <item id="o1" line="302" tag="L">       c. Mang-ida si Torus si Ria</item>
    <item id="o2" line="303" tag="G">          ACT-see</item>
    <item id="o3" line="304" tag="T">          `Ria sees Torus.'</item>
  </tier>
  <tier id="c" type="odin-clean">
    <item id="c1" line="302" tag="L">Mang-ida si Torus si Ria</item>
    <item id="c2" line="303" tag="G">ACT-see</item>
    <item id="c3" line="304" tag="T">Ria sees Torus.</item>
  </tier>
  <tier id="p" type="phrases" content="c">
    <item id="p0" content="c1[0:24]"/>
  </tier>
  <tier id="g" type="glosses" content="c">
    <item id="g0" content="c2[0:7]" alignment="p1"/>
  </tier>
  <tier id="t" type="translations" content="c">
    <item id="t0" content="c3[0:15]" alignment="p1"/>
  </tier>
</igt>
<igt id="i38869">
  <metadata type="xigt-meta">
    <meta type="language" name="toba batak" iso-639-3="bbc" tiers="phrases words morphemes"/>
    <meta type="language" name="English" iso-639-3="eng" tiers="translations"/>
    <meta type="odin-source" doc-id="1193" line-range="305-307" line-types="L G T"/>
  </metadata>
  <tier id="o" type="odin-raw">
    <item id="o1" line="305" tag="L">       d. Di-ida si Ria si Torus.</item>
    <item id="o2" line="306" tag="G">          UND-see</item>
    <item id="o3" line="307" tag="T">          `Ria sees Torus.'</item>
  </tier>
  <tier id="c" type="odin-clean">
    <item id="c1" line="305" tag="L">Di-ida si Ria si Torus.</item>
    <item id="c2" line="306" tag="G">UND-see</item>
    <item id="c3" line="307" tag="T">Ria sees Torus.</item>
  </tier>
  <tier id="p" type="phrases" content="c">
    <item id="p0" content="c1[0:23]"/>
  </tier>
  <tier id="g" type="glosses" content="c">
    <item id="g0" content="c2[0:7]" alignment="p1"/>
  </tier>
  <tier id="t" type="translations" content="c">
    <item id="t0" content="c3[0:15]" alignment="p1"/>
  </tier>
</igt>
<igt id="i38870">
  <metadata type="xigt-meta">
    <meta type="language" name="toba batak" iso-639-3="bbc" tiers="phrases words morphemes"/>
    <meta type="language" name="English" iso-639-3="eng" tiers="translations"/>
    <meta type="odin-source" doc-id="1193" line-range="317-319" line-types="L+LN G T+EX"/>
  </metadata>
  <tier id="o" type="odin-raw">
    <item id="o1" line="317" tag="L+LN">  (9) a. Mang-ida diri-na         si Torus.                        Toba Batak</item>
    <item id="o2" line="318" tag="G">         ACT-see self-3sgPOSS</item>
    <item id="o3" line="319" tag="T+EX">         `Torus sees himself.'                              Actor binds undergoer</item>
  </tier>
  <tier id="c" type="odin-clean">
    <item id="c1" line="317" tag="L+LN">Mang-ida diri-na         si Torus.                        Toba Batak</item>
    <item id="c2" line="318" tag="G">ACT-see self-3sgPOSS</item>
    <item id="c3" line="319" tag="T+EX">Torus sees himself.'                              Actor binds undergoer</item>
  </tier>
  <tier id="p" type="phrases" content="c">
    <item id="p0" content="c1[0:68]"/>
  </tier>
  <tier id="g" type="glosses" content="c">
    <item id="g0" content="c2[0:20]" alignment="p1"/>
  </tier>
  <tier id="t" type="translations" content="c">
    <item id="t0" content="c3[0:71]" alignment="p1"/>
  </tier>
</igt>
<igt id="i38871">
  <metadata type="xigt-meta">
    <meta type="language" name="toba batak" iso-639-3="bbc" tiers="phrases words morphemes"/>
    <meta type="language" name="English" iso-639-3="eng" tiers="translations"/>
    <meta type="odin-source" doc-id="1193" line-range="320-322" line-types="L G T+EX"/>
  </metadata>
  <tier id="o" type="odin-raw">
    <item id="o1" line="320" tag="L">      b. *Di-ida diri-na           si Torus.</item>
    <item id="o2" line="321" tag="G">          UND-see self-3sgPOSS</item>
    <item id="o3" line="322" tag="T+EX">         *`Himself sees Torus.'                             *Undergoer binds actor</item>
  </tier>
  <tier id="c" type="odin-clean">
    <item id="c1" line="320" tag="L">*Di-ida diri-na           si Torus.</item>
    <item id="c2" line="321" tag="G">UND-see self-3sgPOSS</item>
    <item id="c3" line="322" tag="T+EX">*`Himself sees Torus.'                             *Undergoer binds actor</item>
  </tier>
  <tier id="p" type="phrases" content="c">
    <item id="p0" content="c1[0:35]"/>
  </tier>
  <tier id="g" type="glosses" content="c">
    <item id="g0" content="c2[0:20]" alignment="p1"/>
  </tier>
  <tier id="t" type="translations" content="c">
    <item id="t0" content="c3[0:73]" alignment="p1"/>
  </tier>
</igt>
<igt id="i38872">
  <metadata type="xigt-meta">
    <meta type="language" name="toba batak" iso-639-3="bbc" tiers="phrases words morphemes"/>
    <meta type="language" name="English" iso-639-3="eng" tiers="translations"/>
    <meta type="odin-source" doc-id="1193" line-range="323-325" line-types="L G T+EX"/>
  </metadata>
  <tier id="o" type="odin-raw">
    <item id="o1" line="323" tag="L">      c. Di-ida si Torus diri-na.</item>
    <item id="o2" line="324" tag="G">         UND-see        self-3sgPOSS</item>
    <item id="o3" line="325" tag="T+EX">         `Torus sees himself.'                                Actor binds undergoer</item>
  </tier>
  <tier id="c" type="odin-clean">
    <item id="c1" line="323" tag="L">Di-ida si Torus diri-na.</item>
    <item id="c2" line="324" tag="G">UND-see        self-3sgPOSS</item>
    <item id="c3" line="325" tag="T+EX">Torus sees himself.'                                Actor binds undergoer</item>
  </tier>
  <tier id="p" type="phrases" content="c">
    <item id="p0" content="c1[0:24]"/>
  </tier>
  <tier id="g" type="glosses" content="c">
    <item id="g0" content="c2[0:27]" alignment="p1"/>
  </tier>
  <tier id="t" type="translations" content="c">
    <item id="t0" content="c3[0:73]" alignment="p1"/>
  </tier>
</igt>
<igt id="i38873">
  <metadata type="xigt-meta">
    <meta type="language" name="toba batak" iso-639-3="bbc" tiers="phrases words morphemes"/>
    <meta type="language" name="English" iso-639-3="eng" tiers="translations"/>
    <meta type="odin-source" doc-id="1193" line-range="326-327" line-types="L T+EX"/>
  </metadata>
  <tier id="o" type="odin-raw">
    <item id="o1" line="326" tag="L">      d. *Mang-ida si Torus diri-na.</item>
    <item id="o2" line="327" tag="T+EX">         *`Himself sees Torus.'                              *Undergoer binds actor</item>
  </tier>
  <tier id="c" type="odin-clean">
    <item id="c1" line="326" tag="L">*Mang-ida si Torus diri-na.</item>
    <item id="c2" line="327" tag="T+EX">*`Himself sees Torus.'                              *Undergoer binds actor</item>
  </tier>
  <tier id="p" type="phrases" content="c">
    <item id="p0" content="c1[0:27]"/>
  </tier>
  <tier id="t" type="translations" content="c">
    <item id="t0" content="c2[0:74]" alignment="p1"/>
  </tier>
</igt>
<igt id="i79416">
  <metadata type="xigt-meta">
    <meta type="language" name="toba batak" iso-639-3="bbc" tiers="phrases words morphemes"/>
    <meta type="language" name="English" iso-639-3="eng" tiers="translations"/>
    <meta type="odin-source" doc-id="1645" line-range="6251-6253" line-types="L G T"/>
  </metadata>
  <tier id="o" type="odin-raw">
    <item id="o1" line="6251" tag="L">  175.          Mangalean buku        si-John     natoari                  tu-si-Mary</item>
    <item id="o2" line="6252" tag="G">                ACT-give      book HON-John yesterday                      to-HON-Mary</item>
    <item id="o3" line="6253" tag="T">                'John gave the book to Mary yesterday.'</item>
  </tier>
  <tier id="c" type="odin-clean">
    <item id="c1" line="6251" tag="L">Mangalean buku        si-John     natoari                  tu-si-Mary</item>
    <item id="c2" line="6252" tag="G">ACT-give      book HON-John yesterday                      to-HON-Mary</item>
    <item id="c3" line="6253" tag="T">John gave the book to Mary yesterday.</item>
  </tier>
  <tier id="p" type="phrases" content="c">
    <item id="p0" content="c1[0:69]"/>
  </tier>
  <tier id="g" type="glosses" content="c">
    <item id="g0" content="c2[0:70]" alignment="p1"/>
  </tier>
  <tier id="t" type="translations" content="c">
    <item id="t0" content="c3[0:37]" alignment="p1"/>
  </tier>
</igt>
<igt id="i79417">
  <metadata type="xigt-meta">
    <meta type="language" name="toba batak" iso-639-3="bbc" tiers="phrases words morphemes"/>
    <meta type="language" name="English" iso-639-3="eng" tiers="translations"/>
    <meta type="odin-source" doc-id="1645" line-range="6255-6257" line-types="L G T"/>
  </metadata>
  <tier id="o" type="odin-raw">
    <item id="o1" line="6255" tag="L">  176.          Dilean    si-John      sada buku      tu-si-Mary</item>
    <item id="o2" line="6256" tag="G">                PASS-give HON-John     one    book to-HON-Mary</item>
    <item id="o3" line="6257" tag="T">                'One book was given to Mary by John.'</item>
  </tier>
  <tier id="c" type="odin-clean">
    <item id="c1" line="6255" tag="L">Dilean    si-John      sada buku      tu-si-Mary</item>
    <item id="c2" line="6256" tag="G">PASS-give HON-John     one    book to-HON-Mary</item>
    <item id="c3" line="6257" tag="T">One book was given to Mary by John.</item>
  </tier>
  <tier id="p" type="phrases" content="c">
    <item id="p0" content="c1[0:48]"/>
  </tier>
  <tier id="g" type="glosses" content="c">
    <item id="g0" content="c2[0:46]" alignment="p1"/>
  </tier>
  <tier id="t" type="translations" content="c">
    <item id="t0" content="c3[0:35]" alignment="p1"/>
  </tier>
</igt>
<igt id="i138015">
  <metadata type="xigt-meta">
    <meta type="language" name="toba batak" iso-639-3="bbc" tiers="phrases words morphemes"/>
    <meta type="language" name="English" iso-639-3="eng" tiers="translations"/>
    <meta type="odin-source" doc-id="3733" line-range="6251-6253" line-types="L G T"/>
  </metadata>
  <tier id="o" type="odin-raw">
    <item id="o1" line="6251" tag="L">  175.          Mangalean buku        si-John     natoari                  tu-si-Mary</item>
    <item id="o2" line="6252" tag="G">                ACT-give      book HON-John yesterday                      to-HON-Mary</item>
    <item id="o3" line="6253" tag="T">                'John gave the book to Mary yesterday.'</item>
  </tier>
  <tier id="c" type="odin-clean">
    <item id="c1" line="6251" tag="L">Mangalean buku        si-John     natoari                  tu-si-Mary</item>
    <item id="c2" line="6252" tag="G">ACT-give      book HON-John yesterday                      to-HON-Mary</item>
    <item id="c3" line="6253" tag="T">John gave the book to Mary yesterday.</item>
  </tier>
  <tier id="p" type="phrases" content="c">
    <item id="p0" content="c1[0:69]"/>
  </tier>
  <tier id="g" type="glosses" content="c">
    <item id="g0" content="c2[0:70]" alignment="p1"/>
  </tier>
  <tier id="t" type="translations" content="c">
    <item id="t0" content="c3[0:37]" alignment="p1"/>
  </tier>
</igt>
<igt id="i138016">
  <metadata type="xigt-meta">
    <meta type="language" name="toba batak" iso-639-3="bbc" tiers="phrases words morphemes"/>
    <meta type="language" name="English" iso-639-3="eng" tiers="translations"/>
    <meta type="odin-source" doc-id="3733" line-range="6255-6257" line-types="L G T"/>
  </metadata>
  <tier id="o" type="odin-raw">
    <item id="o1" line="6255" tag="L">  176.          Dilean    si-John      sada buku      tu-si-Mary</item>
    <item id="o2" line="6256" tag="G">                PASS-give HON-John     one    book to-HON-Mary</item>
    <item id="o3" line="6257" tag="T">                'One book was given to Mary by John.'</item>
  </tier>
  <tier id="c" type="odin-clean">
    <item id="c1" line="6255" tag="L">Dilean    si-John      sada buku      tu-si-Mary</item>
    <item id="c2" line="6256" tag="G">PASS-give HON-John     one    book to-HON-Mary</item>
    <item id="c3" line="6257" tag="T">One book was given to Mary by John.</item>
  </tier>
  <tier id="p" type="phrases" content="c">
    <item id="p0" content="c1[0:48]"/>
  </tier>
  <tier id="g" type="glosses" content="c">
    <item id="g0" content="c2[0:46]" alignment="p1"/>
  </tier>
  <tier id="t" type="translations" content="c">
    <item id="t0" content="c3[0:35]" alignment="p1"/>
  </tier>
</igt>
<igt id="i140324">
  <metadata type="xigt-meta">
    <meta type="language" name="toba batak" iso-639-3="bbc" tiers="phrases words morphemes"/>
    <meta type="language" name="English" iso-639-3="eng" tiers="translations"/>
    <meta type="odin-source" doc-id="2145" line-range="479-481" line-types="L G T"/>
  </metadata>
  <tier id="o" type="odin-raw">
    <item id="o1" line="479" tag="L">  (16) a. Mang-ida si Ria si Torus</item>
    <item id="o2" line="480" tag="G">          av-see    pm Ria pm Torus</item>
    <item id="o3" line="481" tag="T">          `Torus sees/saw Ria.'</item>
  </tier>
  <tier id="c" type="odin-clean">
    <item id="c1" line="479" tag="L">Mang-ida si Ria si Torus</item>
    <item id="c2" line="480" tag="G">av-see    pm Ria pm Torus</item>
    <item id="c3" line="481" tag="T">Torus sees/saw Ria.</item>
  </tier>
  <tier id="p" type="phrases" content="c">
    <item id="p0" content="c1[0:24]"/>
  </tier>
  <tier id="g" type="glosses" content="c">
    <item id="g0" content="c2[0:25]" alignment="p1"/>
  </tier>
  <tier id="t" type="translations" content="c">
    <item id="t0" content="c3[0:19]" alignment="p1"/>
  </tier>
</igt>
<igt id="i140325">
  <metadata type="xigt-meta">
    <meta type="language" name="toba batak" iso-639-3="bbc" tiers="phrases words morphemes"/>
    <meta type="language" name="English" iso-639-3="eng" tiers="translations"/>
    <meta type="odin-source" doc-id="2145" line-range="483-485" line-types="L G T"/>
  </metadata>
  <tier id="o" type="odin-raw">
    <item id="o1" line="483" tag="L">        b. Di-ida si Torus si Ria</item>
    <item id="o2" line="484" tag="G">           ov-see pm Torus pm Ria</item>
    <item id="o3" line="485" tag="T">           `Torus sees/saw Ria.'</item>
  </tier>
  <tier id="c" type="odin-clean">
    <item id="c1" line="483" tag="L">Di-ida si Torus si Ria</item>
    <item id="c2" line="484" tag="G">ov-see pm Torus pm Ria</item>
    <item id="c3" line="485" tag="T">Torus sees/saw Ria.</item>
  </tier>
  <tier id="p" type="phrases" content="c">
    <item id="p0" content="c1[0:22]"/>
  </tier>
  <tier id="g" type="glosses" content="c">
    <item id="g0" content="c2[0:22]" alignment="p1"/>
  </tier>
  <tier id="t" type="translations" content="c">
    <item id="t0" content="c3[0:19]" alignment="p1"/>
  </tier>
</igt>
<igt id="i140326">
  <metadata type="xigt-meta">
    <meta type="language" name="toba batak" iso-639-3="bbc" tiers="phrases words morphemes"/>
    <meta type="language" name="English" iso-639-3="eng" tiers="translations"/>
    <meta type="odin-source" doc-id="2145" line-range="504-507" line-types="L+CR L+CR G T"/>
  </metadata>
  <tier id="o" type="odin-raw">
    <item id="o1" line="504" tag="L+CR">   (17) a. [Muuli] angg´na</item>
    <item id="o2" line="505" tag="L+CR">                ´        i</item>
    <item id="o3" line="506" tag="G">            marry brother.his</item>
    <item id="o4" line="507" tag="T">           `His brother gets married.'</item>
  </tier>
  <tier id="c" type="odin-clean">
    <item id="c1" line="504" tag="L+CR">[Muuli] angg´na</item>
    <item id="c3" line="506" tag="G">marry brother.his</item>
    <item id="c4" line="507" tag="T">His brother gets married.</item>
  </tier>
  <tier id="p" type="phrases" content="c">
    <item id="p0" content="c1[0:15]"/>
  </tier>
  <tier id="g" type="glosses" content="c">
    <item id="g0" content="c3[0:17]" alignment="p1"/>
  </tier>
  <tier id="t" type="translations" content="c">
    <item id="t0" content="c4[0:25]" alignment="p1"/>
  </tier>
</igt>
<igt id="i140327">
  <metadata type="xigt-meta">
    <meta type="language" name="toba batak" iso-639-3="bbc" tiers="phrases words morphemes"/>
    <meta type="language" name="English" iso-639-3="eng" tiers="translations"/>
    <meta type="odin-source" doc-id="2145" line-range="509-512" line-types="L+CR L+CR G T"/>
  </metadata>
  <tier id="o" type="odin-raw">
    <item id="o1" line="509" tag="L+CR">        b. [Mang-al´an ´ me] halak ´n tu malim ´n</item>
    <item id="o2" line="510" tag="L+CR">                     ee               a             a</item>
    <item id="o3" line="511" tag="G">            av-give       rice man       to priest</item>
    <item id="o4" line="512" tag="T">           `The man gives rice to the priest.'</item>
  </tier>
  <tier id="c" type="odin-clean">
    <item id="c1" line="509" tag="L+CR">[Mang-al´an ´ me] halak ´n tu malim ´n</item>
    <item id="c3" line="511" tag="G">av-give       rice man       to priest</item>
    <item id="c4" line="512" tag="T">The man gives rice to the priest.</item>
  </tier>
  <tier id="p" type="phrases" content="c">
    <item id="p0" content="c1[0:38]"/>
  </tier>
  <tier id="g" type="glosses" content="c">
    <item id="g0" content="c3[0:38]" alignment="p1"/>
  </tier>
  <tier id="t" type="translations" content="c">
    <item id="t0" content="c4[0:33]" alignment="p1"/>
  </tier>
</igt>
<igt id="i140328">
  <metadata type="xigt-meta">
    <meta type="language" name="toba batak" iso-639-3="bbc" tiers="phrases words morphemes"/>
    <meta type="language" name="English" iso-639-3="eng" tiers="translations"/>
    <meta type="odin-source" doc-id="2145" line-range="514-517" line-types="L+CR L+CR G T"/>
  </metadata>
  <tier id="o" type="odin-raw">
    <item id="o1" line="514" tag="L+CR">        c. [Di-b´to m´lim] na manuhor ´me pangula ´</item>
    <item id="o2" line="515" tag="L+CR">                 o       a             ´    e            i</item>
    <item id="o3" line="516" tag="G">            ov-know priest        buy       rice farmer</item>
    <item id="o4" line="517" tag="T">           `The priest knows that the farmer buys rice.'</item>
  </tier>
  <tier id="c" type="odin-clean">
    <item id="c1" line="514" tag="L+CR">[Di-b´to m´lim] na manuhor ´me pangula ´</item>
    <item id="c3" line="516" tag="G">ov-know priest        buy       rice farmer</item>
    <item id="c4" line="517" tag="T">The priest knows that the farmer buys rice.</item>
  </tier>
  <tier id="p" type="phrases" content="c">
    <item id="p0" content="c1[0:40]"/>
  </tier>
  <tier id="g" type="glosses" content="c">
    <item id="g0" content="c3[0:43]" alignment="p1"/>
  </tier>
  <tier id="t" type="translations" content="c">
    <item id="t0" content="c4[0:43]" alignment="p1"/>
  </tier>
</igt>
<igt id="i140329">
  <metadata type="xigt-meta">
    <meta type="language" name="toba batak" iso-639-3="bbc" tiers="phrases words morphemes"/>
    <meta type="language" name="English" iso-639-3="eng" tiers="translations"/>
    <meta type="odin-source" doc-id="2145" line-range="521-523" line-types="L G T"/>
  </metadata>
  <tier id="o" type="odin-raw">
    <item id="o1" line="521" tag="L">  (18) a. Man-uhor baoang jala mang-olompa mangga halak an</item>
    <item id="o2" line="522" tag="G">          [av-buy onions] and [av-co ok      mango es] man</item>
    <item id="o3" line="523" tag="T">          `The man buys onions and co oks mango es.'</item>
  </tier>
  <tier id="c" type="odin-clean">
    <item id="c1" line="521" tag="L">Man-uhor baoang jala mang-olompa mangga halak an</item>
    <item id="c2" line="522" tag="G">[av-buy onions] and [av-co ok      mango es] man</item>
    <item id="c3" line="523" tag="T">The man buys onions and co oks mango es.</item>
  </tier>
  <tier id="p" type="phrases" content="c">
    <item id="p0" content="c1[0:48]"/>
  </tier>
  <tier id="g" type="glosses" content="c">
    <item id="g0" content="c2[0:48]" alignment="p1"/>
  </tier>
  <tier id="t" type="translations" content="c">
    <item id="t0" content="c3[0:40]" alignment="p1"/>
  </tier>
</igt>
<igt id="i140330">
  <metadata type="xigt-meta">
    <meta type="language" name="toba batak" iso-639-3="bbc" tiers="phrases words morphemes"/>
    <meta type="language" name="English" iso-639-3="eng" tiers="translations"/>
    <meta type="odin-source" doc-id="2145" line-range="524-526" line-types="L G T"/>
  </metadata>
  <tier id="o" type="odin-raw">
    <item id="o1" line="524" tag="L">         b. Di-tuhor si Ore jala di-lompa si Ruli mangga</item>
    <item id="o2" line="525" tag="G">            [ov-buy pm Ore] and [ov-buy pm Ruli] mango es</item>
    <item id="o3" line="526" tag="T">            `Ore buys and Ruli co oks mango es.'</item>
  </tier>
  <tier id="c" type="odin-clean">
    <item id="c1" line="524" tag="L">Di-tuhor si Ore jala di-lompa si Ruli mangga</item>
    <item id="c2" line="525" tag="G">[ov-buy pm Ore] and [ov-buy pm Ruli] mango es</item>
    <item id="c3" line="526" tag="T">Ore buys and Ruli co oks mango es.</item>
  </tier>
  <tier id="p" type="phrases" content="c">
    <item id="p0" content="c1[0:44]"/>
  </tier>
  <tier id="g" type="glosses" content="c">
    <item id="g0" content="c2[0:45]" alignment="p1"/>
  </tier>
  <tier id="t" type="translations" content="c">
    <item id="t0" content="c3[0:34]" alignment="p1"/>
  </tier>
</igt>
<igt id="i140332">
  <metadata type="xigt-meta">
    <meta type="language" name="toba batak" iso-639-3="bbc" tiers="phrases words morphemes"/>
    <meta type="language" name="English" iso-639-3="eng" tiers="translations"/>
    <meta type="odin-source" doc-id="2145" line-range="549-551" line-types="L G T"/>
  </metadata>
  <tier id="o" type="odin-raw">
    <item id="o1" line="549" tag="L">       b. Mang-elek si Bill si John di-pareso       doktor</item>
    <item id="o2" line="550" tag="G">          av-persuade pm Bill pm John ov-examine do ctor</item>
    <item id="o3" line="551" tag="T">          `John is persuading Bill to be examined by a do ctor.'</item>
  </tier>
  <tier id="c" type="odin-clean">
    <item id="c1" line="549" tag="L">Mang-elek si Bill si John di-pareso       doktor</item>
    <item id="c2" line="550" tag="G">av-persuade pm Bill pm John ov-examine do ctor</item>
    <item id="c3" line="551" tag="T">John is persuading Bill to be examined by a do ctor.</item>
  </tier>
  <tier id="p" type="phrases" content="c">
    <item id="p0" content="c1[0:48]"/>
  </tier>
  <tier id="g" type="glosses" content="c">
    <item id="g0" content="c2[0:46]" alignment="p1"/>
  </tier>
  <tier id="t" type="translations" content="c">
    <item id="t0" content="c3[0:52]" alignment="p1"/>
  </tier>
</igt>
<igt id="i140333">
  <metadata type="xigt-meta">
    <meta type="language" name="toba batak" iso-639-3="bbc" tiers="phrases words morphemes"/>
    <meta type="language" name="English" iso-639-3="eng" tiers="translations"/>
    <meta type="odin-source" doc-id="2145" line-range="693-695" line-types="L G T"/>
  </metadata>
  <tier id="o" type="odin-raw">
    <item id="o1" line="693" tag="L">  (22) a. Mang-ida diri-na si John</item>
    <item id="o2" line="694" tag="G">          av-saw self-his pm John</item>
    <item id="o3" line="695" tag="T">          `Johni saw himselfi .'</item>
  </tier>
  <tier id="c" type="odin-clean">
    <item id="c1" line="693" tag="L">Mang-ida diri-na si John</item>
    <item id="c2" line="694" tag="G">av-saw self-his pm John</item>
    <item id="c3" line="695" tag="T">Johni saw himselfi .</item>
  </tier>
  <tier id="p" type="phrases" content="c">
    <item id="p0" content="c1[0:24]"/>
  </tier>
  <tier id="g" type="glosses" content="c">
    <item id="g0" content="c2[0:23]" alignment="p1"/>
  </tier>
  <tier id="t" type="translations" content="c">
    <item id="t0" content="c3[0:20]" alignment="p1"/>
  </tier>
</igt>
<igt id="i140334">
  <metadata type="xigt-meta">
    <meta type="language" name="toba batak" iso-639-3="bbc" tiers="phrases words morphemes"/>
    <meta type="language" name="English" iso-639-3="eng" tiers="translations"/>
    <meta type="odin-source" doc-id="2145" line-range="697-699" line-types="L G T"/>
  </metadata>
  <tier id="o" type="odin-raw">
    <item id="o1" line="697" tag="L">           b. *Mang-ida si John diri-na</item>
    <item id="o2" line="698" tag="G">               av-saw pm John self-his</item>
    <item id="o3" line="699" tag="T">              *`Himselfi saw Johni .'</item>
  </tier>
  <tier id="c" type="odin-clean">
    <item id="c1" line="697" tag="L">*Mang-ida si John diri-na</item>
    <item id="c2" line="698" tag="G">av-saw pm John self-his</item>
    <item id="c3" line="699" tag="T">*`Himselfi saw Johni .</item>
  </tier>
  <tier id="p" type="phrases" content="c">
    <item id="p0" content="c1[0:25]"/>
  </tier>
  <tier id="g" type="glosses" content="c">
    <item id="g0" content="c2[0:23]" alignment="p1"/>
  </tier>
  <tier id="t" type="translations" content="c">
    <item id="t0" content="c3[0:22]" alignment="p1"/>
  </tier>
</igt>
<igt id="i140335">
  <metadata type="xigt-meta">
    <meta type="language" name="toba batak" iso-639-3="bbc" tiers="phrases words morphemes"/>
    <meta type="language" name="English" iso-639-3="eng" tiers="translations"/>
    <meta type="odin-source" doc-id="2145" line-range="701-703" line-types="L G T"/>
  </metadata>
  <tier id="o" type="odin-raw">
    <item id="o1" line="701" tag="L">  (23) a. *Di-ida diri-na si John</item>
    <item id="o2" line="702" tag="G">           ov-saw self-his pm John</item>
    <item id="o3" line="703" tag="T">          *`Himselfi saw Johni .'</item>
  </tier>
  <tier id="c" type="odin-clean">
    <item id="c1" line="701" tag="L">*Di-ida diri-na si John</item>
    <item id="c2" line="702" tag="G">ov-saw self-his pm John</item>
    <item id="c3" line="703" tag="T">*`Himselfi saw Johni .</item>
  </tier>
  <tier id="p" type="phrases" content="c">
    <item id="p0" content="c1[0:23]"/>
  </tier>
  <tier id="g" type="glosses" content="c">
    <item id="g0" content="c2[0:23]" alignment="p1"/>
  </tier>
  <tier id="t" type="translations" content="c">
    <item id="t0" content="c3[0:22]" alignment="p1"/>
  </tier>
</igt>
<igt id="i140336">
  <metadata type="xigt-meta">
    <meta type="language" name="toba batak" iso-639-3="bbc" tiers="phrases words morphemes"/>
    <meta type="language" name="English" iso-639-3="eng" tiers="translations"/>
    <meta type="odin-source" doc-id="2145" line-range="705-707" line-types="L G T"/>
  </metadata>
  <tier id="o" type="odin-raw">
    <item id="o1" line="705" tag="L">           b. Di-ida si John diri-na</item>
    <item id="o2" line="706" tag="G">              ov-saw pm John self-his</item>
    <item id="o3" line="707" tag="T">              `Johni saw himselfi .'</item>
  </tier>
  <tier id="c" type="odin-clean">
    <item id="c1" line="705" tag="L">Di-ida si John diri-na</item>
    <item id="c2" line="706" tag="G">ov-saw pm John self-his</item>
    <item id="c3" line="707" tag="T">Johni saw himselfi .</item>
  </tier>
  <tier id="p" type="phrases" content="c">
    <item id="p0" content="c1[0:22]"/>
  </tier>
  <tier id="g" type="glosses" content="c">
    <item id="g0" content="c2[0:23]" alignment="p1"/>
  </tier>
  <tier id="t" type="translations" content="c">
    <item id="t0" content="c3[0:20]" alignment="p1"/>
  </tier>
</igt>
<igt id="i152763">
  <metadata type="xigt-meta">
    <meta type="language" name="toba batak" iso-639-3="bbc" tiers="phrases words morphemes"/>
    <meta type="language" name="English" iso-639-3="eng" tiers="translations"/>
    <meta type="odin-source" doc-id="2758" line-range="391-393" line-types="L+DB G+DB T+DB"/>
  </metadata>
  <tier id="o" type="odin-raw">
    <item id="o1" line="391" tag="L+DB">  (12) a. Mang-ida si Ria si Torus          b. Di-ida si Torus si Ria</item>
    <item id="o2" line="392" tag="G+DB">          av-see    pm Ria pm Torus            ov-see pm Torus pm Ria</item>
    <item id="o3" line="393" tag="T+DB">          `Torus sees/saw Ria.'                `Torus sees/saw Ria.'</item>
  </tier>
  <tier id="c" type="odin-clean">
    <item id="c1" line="391" tag="L+DB">Mang-ida si Ria si Torus          b. Di-ida si Torus si Ria</item>
    <item id="c2" line="392" tag="G+DB">av-see    pm Ria pm Torus            ov-see pm Torus pm Ria</item>
    <item id="c3" line="393" tag="T+DB">Torus sees/saw Ria.'                `Torus sees/saw Ria.</item>
  </tier>
  <tier id="p" type="phrases" content="c">
    <item id="p0" content="c1[0:59]"/>
  </tier>
  <tier id="g" type="glosses" content="c">
    <item id="g0" content="c2[0:59]" alignment="p1"/>
  </tier>
  <tier id="t" type="translations" content="c">
    <item id="t0" content="c3[0:56]" alignment="p1"/>
  </tier>
</igt>
<igt id="i152764">
  <metadata type="xigt-meta">
    <meta type="language" name="toba batak" iso-639-3="bbc" tiers="phrases words morphemes"/>
    <meta type="language" name="English" iso-639-3="eng" tiers="translations"/>
    <meta type="odin-source" doc-id="2758" line-range="407-409" line-types="L G T"/>
  </metadata>
  <tier id="o" type="odin-raw">
    <item id="o1" line="407" tag="L">  (13) a. Man-uhor baoang jala mang-olompa mangga halak an</item>
    <item id="o2" line="408" tag="G">          [av-buy    onions] and [av-cook    mangoes] man</item>
    <item id="o3" line="409" tag="T">          `The man buys onions and cooks mangoes.'</item>
  </tier>
  <tier id="c" type="odin-clean">
    <item id="c1" line="407" tag="L">Man-uhor baoang jala mang-olompa mangga halak an</item>
    <item id="c2" line="408" tag="G">[av-buy    onions] and [av-cook    mangoes] man</item>
    <item id="c3" line="409" tag="T">The man buys onions and cooks mangoes.</item>
  </tier>
  <tier id="p" type="phrases" content="c">
    <item id="p0" content="c1[0:48]"/>
  </tier>
  <tier id="g" type="glosses" content="c">
    <item id="g0" content="c2[0:47]" alignment="p1"/>
  </tier>
  <tier id="t" type="translations" content="c">
    <item id="t0" content="c3[0:38]" alignment="p1"/>
  </tier>
</igt>
<igt id="i152765">
  <metadata type="xigt-meta">
    <meta type="language" name="toba batak" iso-639-3="bbc" tiers="phrases words morphemes"/>
    <meta type="language" name="English" iso-639-3="eng" tiers="translations"/>
    <meta type="odin-source" doc-id="2758" line-range="410-412" line-types="L G T"/>
  </metadata>
  <tier id="o" type="odin-raw">
    <item id="o1" line="410" tag="L">       b. Di-tuhor si Ore jala di-lompa si Ruli mangga</item>
    <item id="o2" line="411" tag="G">          [ov-buy pm Ore] and [ov-cook pm Ruli] mangoes</item>
    <item id="o3" line="412" tag="T">          `Ore buys and Ruli cooks mangoes.'</item>
  </tier>
  <tier id="c" type="odin-clean">
    <item id="c1" line="410" tag="L">Di-tuhor si Ore jala di-lompa si Ruli mangga</item>
    <item id="c2" line="411" tag="G">[ov-buy pm Ore] and [ov-cook pm Ruli] mangoes</item>
    <item id="c3" line="412" tag="T">Ore buys and Ruli cooks mangoes.</item>
  </tier>
  <tier id="p" type="phrases" content="c">
    <item id="p0" content="c1[0:44]"/>
  </tier>
  <tier id="g" type="glosses" content="c">
    <item id="g0" content="c2[0:45]" alignment="p1"/>
  </tier>
  <tier id="t" type="translations" content="c">
    <item id="t0" content="c3[0:32]" alignment="p1"/>
  </tier>
</igt>
<igt id="i152766">
  <metadata type="xigt-meta">
    <meta type="language" name="toba batak" iso-639-3="bbc" tiers="phrases words morphemes"/>
    <meta type="language" name="English" iso-639-3="eng" tiers="translations"/>
    <meta type="odin-source" doc-id="2758" line-range="431-433" line-types="L G T+CR"/>
  </metadata>
  <tier id="o" type="odin-raw">
    <item id="o1" line="431" tag="L">  (14) a. Mang-elek          si Bill si     John [man-uhor biang ]</item>
    <item id="o2" line="432" tag="G">          av-persuade        pm Bill pm     John av-buy     dog</item>
    <item id="o3" line="433" tag="T+CR">          `John is pers      uading Bill   to buy a dog.'</item>
  </tier>
  <tier id="c" type="odin-clean">
    <item id="c1" line="431" tag="L">Mang-elek          si Bill si     John [man-uhor biang ]</item>
    <item id="c2" line="432" tag="G">av-persuade        pm Bill pm     John av-buy     dog</item>
    <item id="c3" line="433" tag="T+CR">John is pers      uading Bill   to buy a dog.</item>
  </tier>
  <tier id="p" type="phrases" content="c">
    <item id="p0" content="c1[0:56]"/>
  </tier>
  <tier id="g" type="glosses" content="c">
    <item id="g0" content="c2[0:53]" alignment="p1"/>
  </tier>
  <tier id="t" type="translations" content="c">
    <item id="t0" content="c3[0:45]" alignment="p1"/>
  </tier>
</igt>
<igt id="i152767">
  <metadata type="xigt-meta">
    <meta type="language" name="toba batak" iso-639-3="bbc" tiers="phrases words morphemes"/>
    <meta type="language" name="English" iso-639-3="eng" tiers="translations"/>
    <meta type="odin-source" doc-id="2758" line-range="434-436" line-types="L+CR G T+CR"/>
  </metadata>
  <tier id="o" type="odin-raw">
    <item id="o1" line="434" tag="L+CR">       b. Mang-elek          si Bill si     John [di-pareso doktor ]</item>
    <item id="o2" line="435" tag="G">          av-persuade        pm Bill pm     John ov-examine doctor</item>
    <item id="o3" line="436" tag="T+CR">          `John is pers      uading Bill   to have a doctor examine him.'</item>
  </tier>
  <tier id="c" type="odin-clean">
    <item id="c1" line="434" tag="L+CR">Mang-elek          si Bill si     John [di-pareso doktor ]</item>
    <item id="c2" line="435" tag="G">av-persuade        pm Bill pm     John ov-examine doctor</item>
    <item id="c3" line="436" tag="T+CR">John is pers      uading Bill   to have a doctor examine him.</item>
  </tier>
  <tier id="p" type="phrases" content="c">
    <item id="p0" content="c1[0:58]"/>
  </tier>
  <tier id="g" type="glosses" content="c">
    <item id="g0" content="c2[0:56]" alignment="p1"/>
  </tier>
  <tier id="t" type="translations" content="c">
    <item id="t0" content="c3[0:61]" alignment="p1"/>
  </tier>
</igt>
<igt id="i152768">
  <metadata type="xigt-meta">
    <meta type="language" name="toba batak" iso-639-3="bbc" tiers="phrases words morphemes"/>
    <meta type="language" name="English" iso-639-3="eng" tiers="translations"/>
    <meta type="odin-source" doc-id="2758" line-range="520-522" line-types="L+DB G+DB T+DB+SY"/>
  </metadata>
  <tier id="o" type="odin-raw">
    <item id="o1" line="520" tag="L+DB">  (17) a. [Mang-ida diri-na] si John              b. *[Mang-ida si John] diri-na</item>
    <item id="o2" line="521" tag="G+DB">           av-saw self-his pm John                     av-saw pm John self-his</item>
    <item id="o3" line="522" tag="T+DB+SY">          `Johni saw himselfi .'                     *`Himselfi saw Johni .'</item>
  </tier>
  <tier id="c" type="odin-clean">
    <item id="c1" line="520" tag="L+DB">[Mang-ida diri-na] si John              b. *[Mang-ida si John] diri-na</item>
    <item id="c2" line="521" tag="G+DB">av-saw self-his pm John                     av-saw pm John self-his</item>
    <item id="c3" line="522" tag="T+DB+SY">Johni saw himselfi .'                     *`Himselfi saw Johni .</item>
  </tier>
  <tier id="p" type="phrases" content="c">
    <item id="p0" content="c1[0:70]"/>
  </tier>
  <tier id="g" type="glosses" content="c">
    <item id="g0" content="c2[0:67]" alignment="p1"/>
  </tier>
  <tier id="t" type="translations" content="c">
    <item id="t0" content="c3[0:64]" alignment="p1"/>
  </tier>
</igt>
<igt id="i152769">
  <metadata type="xigt-meta">
    <meta type="language" name="toba batak" iso-639-3="bbc" tiers="phrases words morphemes"/>
    <meta type="language" name="English" iso-639-3="eng" tiers="translations"/>
    <meta type="odin-source" doc-id="2758" line-range="523-526" line-types="L+DB G+DB T+DB+CR+SY T+DB+CR+SY"/>
  </metadata>
  <tier id="o" type="odin-raw">
    <item id="o1" line="523" tag="L+DB">   (18) a. *[Di-ida diri-na] si John        b. [Di-ida si John] diri-na</item>
    <item id="o2" line="524" tag="G+DB">              ov-saw self-his pm John            ov-saw pm John self-his</item>
    <item id="o3" line="525" tag="T+DB+CR+SY">                                                `Johni saw himselfi .'</item>
    <item id="o4" line="526" tag="T+DB+CR+SY">            *`Himselfi saw Johni .'</item>
  </tier>
  <tier id="c" type="odin-clean">
    <item id="c1" line="523" tag="L+DB">*[Di-ida diri-na] si John        b. [Di-ida si John] diri-na</item>
    <item id="c2" line="524" tag="G+DB">ov-saw self-his pm John            ov-saw pm John self-his</item>
  </tier>
  <tier id="p" type="phrases" content="c">
    <item id="p0" content="c1[0:60]"/>
  </tier>
  <tier id="g" type="glosses" content="c">
    <item id="g0" content="c2[0:58]" alignment="p1"/>
  </tier>
</igt>
</xigt-corpus>
