<?xml version="1.0" encoding="UTF-8"?>
<xigt-corpus>
<igt id="i29045">
  <metadata type="xigt-meta">
    <meta type="language" name="bariai" iso-639-3="bch" tiers="phrases words morphemes"/>
    <meta type="language" name="English" iso-639-3="eng" tiers="translations"/>
    <meta type="odin-source" doc-id="2791" line-range="142-143" line-types="M+AC+LN L-T+DB"/>
  </metadata>
  <tier id="o" type="odin-raw">
    <item id="o1" line="142" tag="M+AC+LN">  bariai (Gallagher 1998)</item>
    <item id="o2" line="143" tag="L-T+DB">     poga       `break'                   ma-poga          `break spontaneously'</item>
  </tier>
  <tier id="c" type="odin-clean">
    <item id="c1" line="142" tag="M+AC+LN">bariai (Gallagher 1998)</item>
    <item id="c2" line="143" tag="L-T+DB">poga       `break'                   ma-poga          `break spontaneously</item>
  </tier>
</igt>
<igt id="i29046">
  <metadata type="xigt-meta">
    <meta type="language" name="bariai" iso-639-3="bch" tiers="phrases words morphemes"/>
    <meta type="language" name="English" iso-639-3="eng" tiers="translations"/>
    <meta type="odin-source" doc-id="2791" line-range="144-144" line-types="L-T+DB"/>
  </metadata>
  <tier id="o" type="odin-raw">
    <item id="o1" line="144" tag="L-T+DB">     did        `be erect'                ma-did           `stand up (i.e., be erected)'</item>
  </tier>
  <tier id="c" type="odin-clean">
    <item id="c1" line="144" tag="L-T+DB">did        `be erect'                ma-did           `stand up (i.e., be erected)</item>
  </tier>
</igt>
<igt id="i29086">
  <metadata type="xigt-meta">
    <meta type="language" name="bariai" iso-639-3="bch" tiers="phrases words morphemes"/>
    <meta type="language" name="English" iso-639-3="eng" tiers="translations"/>
    <meta type="odin-source" doc-id="2791" line-range="243-244" line-types="M+AC+LN L-T"/>
  </metadata>
  <tier id="o" type="odin-raw">
    <item id="o1" line="243" tag="M+AC+LN">  bariai (Gallagher 1998)</item>
    <item id="o2" line="244" tag="L-T">     mamasa         `dry'</item>
  </tier>
  <tier id="c" type="odin-clean">
    <item id="c1" line="243" tag="M+AC+LN">bariai (Gallagher 1998)</item>
    <item id="c2" line="244" tag="L-T">mamasa         `dry</item>
  </tier>
</igt>
<igt id="i29087">
  <metadata type="xigt-meta">
    <meta type="language" name="bariai" iso-639-3="bch" tiers="phrases words morphemes"/>
    <meta type="language" name="English" iso-639-3="eng" tiers="translations"/>
    <meta type="odin-source" doc-id="2791" line-range="245-245" line-types="L-T"/>
  </metadata>
  <tier id="o" type="odin-raw">
    <item id="o1" line="245" tag="L-T">     maraka         `soft'</item>
  </tier>
  <tier id="c" type="odin-clean">
    <item id="c1" line="245" tag="L-T">maraka         `soft</item>
  </tier>
</igt>
<igt id="i29088">
  <metadata type="xigt-meta">
    <meta type="language" name="bariai" iso-639-3="bch" tiers="phrases words morphemes"/>
    <meta type="language" name="English" iso-639-3="eng" tiers="translations"/>
    <meta type="odin-source" doc-id="2791" line-range="246-246" line-types="L-T"/>
  </metadata>
  <tier id="o" type="odin-raw">
    <item id="o1" line="246" tag="L-T">     marara         `hard'</item>
  </tier>
  <tier id="c" type="odin-clean">
    <item id="c1" line="246" tag="L-T">marara         `hard</item>
  </tier>
</igt>
<igt id="i29089">
  <metadata type="xigt-meta">
    <meta type="language" name="bariai" iso-639-3="bch" tiers="phrases words morphemes"/>
    <meta type="language" name="English" iso-639-3="eng" tiers="translations"/>
    <meta type="odin-source" doc-id="2791" line-range="247-247" line-types="L-T"/>
  </metadata>
  <tier id="o" type="odin-raw">
    <item id="o1" line="247" tag="L-T">     marum          `weak, soft'</item>
  </tier>
  <tier id="c" type="odin-clean">
    <item id="c1" line="247" tag="L-T">marum          `weak, soft</item>
  </tier>
</igt>
<igt id="i29090">
  <metadata type="xigt-meta">
    <meta type="language" name="bariai" iso-639-3="bch" tiers="phrases words morphemes"/>
    <meta type="language" name="English" iso-639-3="eng" tiers="translations"/>
    <meta type="odin-source" doc-id="2791" line-range="248-248" line-types="L-T"/>
  </metadata>
  <tier id="o" type="odin-raw">
    <item id="o1" line="248" tag="L-T">     matala         `be amazed'</item>
  </tier>
  <tier id="c" type="odin-clean">
    <item id="c1" line="248" tag="L-T">matala         `be amazed</item>
  </tier>
</igt>
<igt id="i29091">
  <metadata type="xigt-meta">
    <meta type="language" name="bariai" iso-639-3="bch" tiers="phrases words morphemes"/>
    <meta type="language" name="English" iso-639-3="eng" tiers="translations"/>
    <meta type="odin-source" doc-id="2791" line-range="249-249" line-types="L-T"/>
  </metadata>
  <tier id="o" type="odin-raw">
    <item id="o1" line="249" tag="L-T">     matua          `be strong'</item>
  </tier>
  <tier id="c" type="odin-clean">
    <item id="c1" line="249" tag="L-T">matua          `be strong</item>
  </tier>
</igt>
<igt id="i29165">
  <metadata type="xigt-meta">
    <meta type="language" name="bariai" iso-639-3="bch" tiers="phrases words morphemes"/>
    <meta type="language" name="English" iso-639-3="eng" tiers="translations"/>
    <meta type="odin-source" doc-id="2791" line-range="478-478" line-types="L-T+LN"/>
  </metadata>
  <tier id="o" type="odin-raw">
    <item id="o1" line="478" tag="L-T+LN">  North New Guinea:         Bariai               marum       `soft'</item>
  </tier>
  <tier id="c" type="odin-clean">
    <item id="c1" line="478" tag="L-T+LN">North New Guinea:         Bariai               marum       `soft</item>
  </tier>
</igt>
</xigt-corpus>
