<?xml version="1.0" encoding="UTF-8"?>
<xigt-corpus>
<igt id="i68799">
  <metadata type="xigt-meta">
    <meta type="language" name="baule" iso-639-3="bci" tiers="phrases words morphemes"/>
    <meta type="language" name="English" iso-639-3="eng" tiers="translations"/>
    <meta type="odin-source" doc-id="3086" line-range="176-181" line-types="M+LN+CN L+AC+CR L+CR L+CR G T+CR"/>
  </metadata>
  <tier id="o" type="odin-raw">
    <item id="o1" line="176" tag="M+LN+CN">  (23)     Baule, Kwa: comitative + summary</item>
    <item id="o2" line="177" tag="L+AC+CR">                                         sTM be               nu~                                (Timyan 1976:261)</item>
    <item id="o3" line="178" tag="L+CR">           wu ~</item>
    <item id="o4" line="179" tag="L+CR">             ~si       kpongbo n~   i</item>
    <item id="o5" line="180" tag="G">           wash:IMP basin          with  pot 3PL              inside</item>
    <item id="o6" line="181" tag="T+CR">           `W ash the basins and pots.'</item>
  </tier>
  <tier id="c" type="odin-clean">
    <item id="c1" line="176" tag="M+LN+CN">Baule, Kwa: comitative + summary</item>
    <item id="c2" line="177 178" tag="L+AC+CR">wu ~                          sTM be               nu~                                (Timyan 1976:261)</item>
    <item id="c5" line="180" tag="G">wash:IMP basin          with  pot 3PL              inside</item>
    <item id="c6" line="181" tag="T+CR">W ash the basins and pots.</item>
  </tier>
  <tier id="p" type="phrases" content="c">
    <item id="p0" content="c2[0:103]"/>
  </tier>
  <tier id="g" type="glosses" content="c">
    <item id="g0" content="c5[0:57]" alignment="p1"/>
  </tier>
  <tier id="t" type="translations" content="c">
    <item id="t0" content="c6[0:26]" alignment="p1"/>
  </tier>
</igt>
<igt id="i95061">
  <metadata type="xigt-meta">
    <meta type="language" name="baule" iso-639-3="bci" tiers="phrases words morphemes"/>
    <meta type="language" name="English" iso-639-3="eng" tiers="translations"/>
    <meta type="odin-source" doc-id="2815" line-range="14-17" line-types="L+AL L G T"/>
  </metadata>
  <tier id="o" type="odin-raw">
    <item id="o1" line="14" tag="L+AL">  (1)        B-'a</item>
    <item id="o2" line="15" tag="L">             B-'a        sa nzue a         nn.</item>
    <item id="o3" line="16" tag="G">             3ps2-PERF3 draw water PERF drink</item>
    <item id="o4" line="17" tag="T">             'They have drawn water and drunk it.'</item>
  </tier>
  <tier id="c" type="odin-clean">
    <item id="c1" line="14" tag="L+AL">B-'a</item>
    <item id="c2" line="15" tag="L">B-'a        sa nzue a         nn.</item>
    <item id="c3" line="16" tag="G">3ps2-PERF3 draw water PERF drink</item>
    <item id="c4" line="17" tag="T">They have drawn water and drunk it.</item>
  </tier>
  <tier id="p" type="phrases" content="c">
    <item id="p0" content="c1[0:4]"/>
    <item id="p1" content="c2[0:33]"/>
  </tier>
  <tier id="g" type="glosses" content="c">
    <item id="g0" content="c3[0:32]" alignment="p2"/>
  </tier>
  <tier id="t" type="translations" content="c">
    <item id="t0" content="c4[0:35]" alignment="p2"/>
  </tier>
</igt>
<igt id="i95062">
  <metadata type="xigt-meta">
    <meta type="language" name="baule" iso-639-3="bci" tiers="phrases words morphemes"/>
    <meta type="language" name="English" iso-639-3="eng" tiers="translations"/>
    <meta type="odin-source" doc-id="2815" line-range="18-20" line-types="L G T"/>
  </metadata>
  <tier id="o" type="odin-raw">
    <item id="o1" line="18" tag="L">  (2)         to-li          ofl     di-li.</item>
    <item id="o2" line="19" tag="G">             3ss buy-COMPL papaya ate-COMPL</item>
    <item id="o3" line="20" tag="T">             'S/he bought papaya and ate it.'</item>
  </tier>
  <tier id="c" type="odin-clean">
    <item id="c1" line="18" tag="L">to-li          ofl     di-li.</item>
    <item id="c2" line="19" tag="G">3ss buy-COMPL papaya ate-COMPL</item>
    <item id="c3" line="20" tag="T">S/he bought papaya and ate it.</item>
  </tier>
  <tier id="p" type="phrases" content="c">
    <item id="p0" content="c1[0:29]"/>
  </tier>
  <tier id="g" type="glosses" content="c">
    <item id="g0" content="c2[0:30]" alignment="p1"/>
  </tier>
  <tier id="t" type="translations" content="c">
    <item id="t0" content="c3[0:30]" alignment="p1"/>
  </tier>
</igt>
<igt id="i95063">
  <metadata type="xigt-meta">
    <meta type="language" name="baule" iso-639-3="bci" tiers="phrases words morphemes"/>
    <meta type="language" name="English" iso-639-3="eng" tiers="translations"/>
    <meta type="odin-source" doc-id="2815" line-range="21-24" line-types="L+AL L G T"/>
  </metadata>
  <tier id="o" type="odin-raw">
    <item id="o1" line="21" tag="L+AL">  (3)        Be tra                       'n</item>
    <item id="o2" line="22" tag="L">             Be tra-li          kangale-'n di-li.</item>
    <item id="o3" line="23" tag="G">             3ps catch-COMPL panther-DEF eat-COMPL</item>
    <item id="o4" line="24" tag="T">             'They caught the panther and ate it.'</item>
  </tier>
  <tier id="c" type="odin-clean">
    <item id="c1" line="21" tag="L+AL">Be tra                       'n</item>
    <item id="c2" line="22" tag="L">Be tra-li          kangale-'n di-li.</item>
    <item id="c3" line="23" tag="G">3ps catch-COMPL panther-DEF eat-COMPL</item>
    <item id="c4" line="24" tag="T">They caught the panther and ate it.</item>
  </tier>
  <tier id="p" type="phrases" content="c">
    <item id="p0" content="c1[0:31]"/>
    <item id="p1" content="c2[0:36]"/>
  </tier>
  <tier id="g" type="glosses" content="c">
    <item id="g0" content="c3[0:37]" alignment="p2"/>
  </tier>
  <tier id="t" type="translations" content="c">
    <item id="t0" content="c4[0:35]" alignment="p2"/>
  </tier>
</igt>
<igt id="i95066">
  <metadata type="xigt-meta">
    <meta type="language" name="baule" iso-639-3="bci" tiers="phrases words morphemes"/>
    <meta type="language" name="English" iso-639-3="eng" tiers="translations"/>
    <meta type="odin-source" doc-id="2815" line-range="77-79" line-types="L G T"/>
  </metadata>
  <tier id="o" type="odin-raw">
    <item id="o1" line="77" tag="L">  (6)      to-li          ofl     kpkun *() di-li.</item>
    <item id="o2" line="78" tag="G">          3ss buy-COMPL papaya and         *(3ss) ate-COMPL</item>
    <item id="o3" line="79" tag="T">          'S/he bought papaya and ate it.'</item>
  </tier>
  <tier id="c" type="odin-clean">
    <item id="c1" line="77" tag="L">to-li          ofl     kpkun *() di-li.</item>
    <item id="c2" line="78" tag="G">3ss buy-COMPL papaya and         *(3ss) ate-COMPL</item>
    <item id="c3" line="79" tag="T">S/he bought papaya and ate it.</item>
  </tier>
  <tier id="p" type="phrases" content="c">
    <item id="p0" content="c1[0:39]"/>
  </tier>
  <tier id="g" type="glosses" content="c">
    <item id="g0" content="c2[0:49]" alignment="p1"/>
  </tier>
  <tier id="t" type="translations" content="c">
    <item id="t0" content="c3[0:30]" alignment="p1"/>
  </tier>
</igt>
<igt id="i95067">
  <metadata type="xigt-meta">
    <meta type="language" name="baule" iso-639-3="bci" tiers="phrases words morphemes"/>
    <meta type="language" name="English" iso-639-3="eng" tiers="translations"/>
    <meta type="odin-source" doc-id="2815" line-range="80-82" line-types="L G T"/>
  </metadata>
  <tier id="o" type="odin-raw">
    <item id="o1" line="80" tag="L">  (7)      to-li          ofl     y *() di-li.</item>
    <item id="o2" line="81" tag="G">          3ss buy-COMPL papaya and *(3ss) ate-COMPL</item>
    <item id="o3" line="82" tag="T">          'S/he bought papaya and ate it.'</item>
  </tier>
  <tier id="c" type="odin-clean">
    <item id="c1" line="80" tag="L">to-li          ofl     y *() di-li.</item>
    <item id="c2" line="81" tag="G">3ss buy-COMPL papaya and *(3ss) ate-COMPL</item>
    <item id="c3" line="82" tag="T">S/he bought papaya and ate it.</item>
  </tier>
  <tier id="p" type="phrases" content="c">
    <item id="p0" content="c1[0:35]"/>
  </tier>
  <tier id="g" type="glosses" content="c">
    <item id="g0" content="c2[0:41]" alignment="p1"/>
  </tier>
  <tier id="t" type="translations" content="c">
    <item id="t0" content="c3[0:30]" alignment="p1"/>
  </tier>
</igt>
<igt id="i95069">
  <metadata type="xigt-meta">
    <meta type="language" name="baule" iso-639-3="bci" tiers="phrases words morphemes"/>
    <meta type="language" name="English" iso-639-3="eng" tiers="translations"/>
    <meta type="odin-source" doc-id="2815" line-range="123-125" line-types="L G T"/>
  </metadata>
  <tier id="o" type="odin-raw">
    <item id="o1" line="123" tag="L">  (9)     to-li            lomi yr-li           *(i).</item>
    <item id="o2" line="124" tag="G">         3ss buy-COMPL orange burn-COMPL *(3so)</item>
    <item id="o3" line="125" tag="T">         'S/he bought an orange and burned it.'</item>
  </tier>
  <tier id="c" type="odin-clean">
    <item id="c1" line="123" tag="L">to-li            lomi yr-li           *(i).</item>
    <item id="c2" line="124" tag="G">3ss buy-COMPL orange burn-COMPL *(3so)</item>
    <item id="c3" line="125" tag="T">S/he bought an orange and burned it.</item>
  </tier>
  <tier id="p" type="phrases" content="c">
    <item id="p0" content="c1[0:43]"/>
  </tier>
  <tier id="g" type="glosses" content="c">
    <item id="g0" content="c2[0:38]" alignment="p1"/>
  </tier>
  <tier id="t" type="translations" content="c">
    <item id="t0" content="c3[0:36]" alignment="p1"/>
  </tier>
</igt>
<igt id="i95072">
  <metadata type="xigt-meta">
    <meta type="language" name="baule" iso-639-3="bci" tiers="phrases words morphemes"/>
    <meta type="language" name="English" iso-639-3="eng" tiers="translations"/>
    <meta type="odin-source" doc-id="2815" line-range="148-150" line-types="L G T"/>
  </metadata>
  <tier id="o" type="odin-raw">
    <item id="o1" line="148" tag="L">  (12)    to-li            lomi y            yr-li       *(i).</item>
    <item id="o2" line="149" tag="G">         3ss buy-COMPL orange and 3ss        burn-COMPL *(3so)</item>
    <item id="o3" line="150" tag="T">         'S/he bought an orange and burned   it.'</item>
  </tier>
  <tier id="c" type="odin-clean">
    <item id="c1" line="148" tag="L">to-li            lomi y            yr-li       *(i).</item>
    <item id="c2" line="149" tag="G">3ss buy-COMPL orange and 3ss        burn-COMPL *(3so)</item>
    <item id="c3" line="150" tag="T">S/he bought an orange and burned   it.</item>
  </tier>
  <tier id="p" type="phrases" content="c">
    <item id="p0" content="c1[0:52]"/>
  </tier>
  <tier id="g" type="glosses" content="c">
    <item id="g0" content="c2[0:53]" alignment="p1"/>
  </tier>
  <tier id="t" type="translations" content="c">
    <item id="t0" content="c3[0:38]" alignment="p1"/>
  </tier>
</igt>
<igt id="i95073">
  <metadata type="xigt-meta">
    <meta type="language" name="baule" iso-639-3="bci" tiers="phrases words morphemes"/>
    <meta type="language" name="English" iso-639-3="eng" tiers="translations"/>
    <meta type="odin-source" doc-id="2815" line-range="154-156" line-types="L G T"/>
  </metadata>
  <tier id="o" type="odin-raw">
    <item id="o1" line="154" tag="L">  (2)     to-li          ofl     di-li    (*i).</item>
    <item id="o2" line="155" tag="G">         3ss buy-COMPL papaya ate-COMPL (*3so)</item>
    <item id="o3" line="156" tag="T">         'S/he bought papaya and ate it.'</item>
  </tier>
  <tier id="c" type="odin-clean">
    <item id="c1" line="154" tag="L">to-li          ofl     di-li    (*i).</item>
    <item id="c2" line="155" tag="G">3ss buy-COMPL papaya ate-COMPL (*3so)</item>
    <item id="c3" line="156" tag="T">S/he bought papaya and ate it.</item>
  </tier>
  <tier id="p" type="phrases" content="c">
    <item id="p0" content="c1[0:37]"/>
  </tier>
  <tier id="g" type="glosses" content="c">
    <item id="g0" content="c2[0:37]" alignment="p1"/>
  </tier>
  <tier id="t" type="translations" content="c">
    <item id="t0" content="c3[0:30]" alignment="p1"/>
  </tier>
</igt>
<igt id="i95074">
  <metadata type="xigt-meta">
    <meta type="language" name="baule" iso-639-3="bci" tiers="phrases words morphemes"/>
    <meta type="language" name="English" iso-639-3="eng" tiers="translations"/>
    <meta type="odin-source" doc-id="2815" line-range="157-159" line-types="L G T"/>
  </metadata>
  <tier id="o" type="odin-raw">
    <item id="o1" line="157" tag="L">  (6)     to-li          ofl       kpkun  di-li            (*i).</item>
    <item id="o2" line="158" tag="G">         3ss buy-COMPL papaya      and      3ss ate-COMPL (*3so)</item>
    <item id="o3" line="159" tag="T">         'S/he bought papaya and   ate it.'</item>
  </tier>
  <tier id="c" type="odin-clean">
    <item id="c1" line="157" tag="L">to-li          ofl       kpkun  di-li            (*i).</item>
    <item id="c2" line="158" tag="G">3ss buy-COMPL papaya      and      3ss ate-COMPL (*3so)</item>
    <item id="c3" line="159" tag="T">S/he bought papaya and   ate it.</item>
  </tier>
  <tier id="p" type="phrases" content="c">
    <item id="p0" content="c1[0:54]"/>
  </tier>
  <tier id="g" type="glosses" content="c">
    <item id="g0" content="c2[0:55]" alignment="p1"/>
  </tier>
  <tier id="t" type="translations" content="c">
    <item id="t0" content="c3[0:32]" alignment="p1"/>
  </tier>
</igt>
<igt id="i95075">
  <metadata type="xigt-meta">
    <meta type="language" name="baule" iso-639-3="bci" tiers="phrases words morphemes"/>
    <meta type="language" name="English" iso-639-3="eng" tiers="translations"/>
    <meta type="odin-source" doc-id="2815" line-range="175-178" line-types="L+CR L+CR G T"/>
  </metadata>
  <tier id="o" type="odin-raw">
    <item id="o1" line="175" tag="L+CR">  (13)    nn-ni n-n</item>
    <item id="o2" line="176" tag="L+CR">                 -ni        object</item>
    <item id="o3" line="177" tag="G">         3ss drink-COMPL</item>
    <item id="o4" line="178" tag="T">         'Aya drank it.'</item>
  </tier>
  <tier id="c" type="odin-clean">
    <item id="c1" line="175" tag="L+CR">nn-ni n-n</item>
    <item id="c3" line="177" tag="G">3ss drink-COMPL</item>
    <item id="c4" line="178" tag="T">Aya drank it.</item>
  </tier>
  <tier id="p" type="phrases" content="c">
    <item id="p0" content="c1[0:9]"/>
  </tier>
  <tier id="g" type="glosses" content="c">
    <item id="g0" content="c3[0:15]" alignment="p1"/>
  </tier>
  <tier id="t" type="translations" content="c">
    <item id="t0" content="c4[0:13]" alignment="p1"/>
  </tier>
</igt>
<igt id="i95076">
  <metadata type="xigt-meta">
    <meta type="language" name="baule" iso-639-3="bci" tiers="phrases words morphemes"/>
    <meta type="language" name="English" iso-639-3="eng" tiers="translations"/>
    <meta type="odin-source" doc-id="2815" line-range="188-193" line-types="L+CR L+CR L+CR L+CR G T"/>
  </metadata>
  <tier id="o" type="odin-raw">
    <item id="o1" line="188" tag="L+CR">  (14)   Aya to-li</item>
    <item id="o2" line="189" tag="L+CR">         Ay to                          n-ni</item>
    <item id="o3" line="190" tag="L+CR">                                          -n</item>
    <item id="o4" line="191" tag="L+CR">                           nzue  nn-ni                object</item>
    <item id="o5" line="192" tag="G">         Aya buy-COMPL water 3ss drink-COMPL</item>
    <item id="o6" line="193" tag="T">         'Aya bought the water and drank it.'</item>
  </tier>
  <tier id="c" type="odin-clean">
    <item id="c1" line="188 190 191" tag="L+CR">Aya to-li         nzue  nn-ni-n          object</item>
    <item id="c5" line="192" tag="G">Aya buy-COMPL water 3ss drink-COMPL</item>
    <item id="c6" line="193" tag="T">Aya bought the water and drank it.</item>
  </tier>
  <tier id="p" type="phrases" content="c">
    <item id="p0" content="c1[0:47]"/>
  </tier>
  <tier id="g" type="glosses" content="c">
    <item id="g0" content="c5[0:35]" alignment="p1"/>
  </tier>
  <tier id="t" type="translations" content="c">
    <item id="t0" content="c6[0:34]" alignment="p1"/>
  </tier>
</igt>
<igt id="i95077">
  <metadata type="xigt-meta">
    <meta type="language" name="baule" iso-639-3="bci" tiers="phrases words morphemes"/>
    <meta type="language" name="English" iso-639-3="eng" tiers="translations"/>
    <meta type="odin-source" doc-id="2815" line-range="196-200" line-types="L+CR L+CR L+CR G T"/>
  </metadata>
  <tier id="o" type="odin-raw">
    <item id="o1" line="196" tag="L+CR">  (15)   Aya to-li</item>
    <item id="o2" line="197" tag="L+CR">         Ay to                          n-ni</item>
    <item id="o3" line="198" tag="L+CR">                           nzue  nn-ni                i ndnd.</item>
    <item id="o4" line="199" tag="G">         Aya buy-COMPL water 3ss drink-COMPL 3so quickly</item>
    <item id="o5" line="200" tag="T">         'Aya bought the water and drank it quickly.'</item>
  </tier>
  <tier id="c" type="odin-clean">
    <item id="c1" line="196 198" tag="L+CR">Aya to-li         nzue  nn-ni                i ndnd.</item>
    <item id="c4" line="199" tag="G">Aya buy-COMPL water 3ss drink-COMPL 3so quickly</item>
    <item id="c5" line="200" tag="T">Aya bought the water and drank it quickly.</item>
  </tier>
  <tier id="p" type="phrases" content="c">
    <item id="p0" content="c1[0:52]"/>
  </tier>
  <tier id="g" type="glosses" content="c">
    <item id="g0" content="c4[0:47]" alignment="p1"/>
  </tier>
  <tier id="t" type="translations" content="c">
    <item id="t0" content="c5[0:42]" alignment="p1"/>
  </tier>
</igt>
<igt id="i95078">
  <metadata type="xigt-meta">
    <meta type="language" name="baule" iso-639-3="bci" tiers="phrases words morphemes"/>
    <meta type="language" name="English" iso-639-3="eng" tiers="translations"/>
    <meta type="odin-source" doc-id="2815" line-range="231-233" line-types="L G T"/>
  </metadata>
  <tier id="o" type="odin-raw">
    <item id="o1" line="231" tag="L">  (16) cf. (2)    to ofl         () di-li.</item>
    <item id="o2" line="232" tag="G">                 3ss buy papaya (3ss) ate-COMPL</item>
    <item id="o3" line="233" tag="T">                 'S/he bought papaya and ate it.'</item>
  </tier>
  <tier id="c" type="odin-clean">
    <item id="c1" line="231" tag="L">cf. (2)    to ofl         () di-li.</item>
    <item id="c2" line="232" tag="G">3ss buy papaya (3ss) ate-COMPL</item>
    <item id="c3" line="233" tag="T">S/he bought papaya and ate it.</item>
  </tier>
  <tier id="p" type="phrases" content="c">
    <item id="p0" content="c1[0:35]"/>
  </tier>
  <tier id="g" type="glosses" content="c">
    <item id="g0" content="c2[0:30]" alignment="p1"/>
  </tier>
  <tier id="t" type="translations" content="c">
    <item id="t0" content="c3[0:30]" alignment="p1"/>
  </tier>
</igt>
<igt id="i95079">
  <metadata type="xigt-meta">
    <meta type="language" name="baule" iso-639-3="bci" tiers="phrases words morphemes"/>
    <meta type="language" name="English" iso-639-3="eng" tiers="translations"/>
    <meta type="odin-source" doc-id="2815" line-range="236-238" line-types="L G T"/>
  </metadata>
  <tier id="o" type="odin-raw">
    <item id="o1" line="236" tag="L">  (6)      to-li          ofl     kpkun *() di-li.</item>
    <item id="o2" line="237" tag="G">          3ss buy-COMPL papaya and         *(3ss) ate-COMPL</item>
    <item id="o3" line="238" tag="T">          'S/he bought papaya and ate it.'</item>
  </tier>
  <tier id="c" type="odin-clean">
    <item id="c1" line="236" tag="L">to-li          ofl     kpkun *() di-li.</item>
    <item id="c2" line="237" tag="G">3ss buy-COMPL papaya and         *(3ss) ate-COMPL</item>
    <item id="c3" line="238" tag="T">S/he bought papaya and ate it.</item>
  </tier>
  <tier id="p" type="phrases" content="c">
    <item id="p0" content="c1[0:39]"/>
  </tier>
  <tier id="g" type="glosses" content="c">
    <item id="g0" content="c2[0:49]" alignment="p1"/>
  </tier>
  <tier id="t" type="translations" content="c">
    <item id="t0" content="c3[0:30]" alignment="p1"/>
  </tier>
</igt>
<igt id="i95080">
  <metadata type="xigt-meta">
    <meta type="language" name="baule" iso-639-3="bci" tiers="phrases words morphemes"/>
    <meta type="language" name="English" iso-639-3="eng" tiers="translations"/>
    <meta type="odin-source" doc-id="2815" line-range="239-241" line-types="L G T"/>
  </metadata>
  <tier id="o" type="odin-raw">
    <item id="o1" line="239" tag="L">  (7)      to-li          ofl     y *() di-li.</item>
    <item id="o2" line="240" tag="G">          3ss buy-COMPL papaya and *(3ss) ate-COMPL</item>
    <item id="o3" line="241" tag="T">          'S/he bought papaya and ate it.'</item>
  </tier>
  <tier id="c" type="odin-clean">
    <item id="c1" line="239" tag="L">to-li          ofl     y *() di-li.</item>
    <item id="c2" line="240" tag="G">3ss buy-COMPL papaya and *(3ss) ate-COMPL</item>
    <item id="c3" line="241" tag="T">S/he bought papaya and ate it.</item>
  </tier>
  <tier id="p" type="phrases" content="c">
    <item id="p0" content="c1[0:35]"/>
  </tier>
  <tier id="g" type="glosses" content="c">
    <item id="g0" content="c2[0:41]" alignment="p1"/>
  </tier>
  <tier id="t" type="translations" content="c">
    <item id="t0" content="c3[0:30]" alignment="p1"/>
  </tier>
</igt>
<igt id="i95081">
  <metadata type="xigt-meta">
    <meta type="language" name="baule" iso-639-3="bci" tiers="phrases words morphemes"/>
    <meta type="language" name="English" iso-639-3="eng" tiers="translations"/>
    <meta type="odin-source" doc-id="2815" line-range="257-261" line-types="L+CR L+CR L+CR G T"/>
  </metadata>
  <tier id="o" type="odin-raw">
    <item id="o1" line="257" tag="L+CR">  (17)               fà tánnì màn Kouàdió.</item>
    <item id="o2" line="258" tag="L+CR">                                    màn Kouàdió.</item>
    <item id="o3" line="259" tag="L+CR">           sú</item>
    <item id="o4" line="260" tag="G">          3ss PROG take cloth give Kouadio</item>
    <item id="o5" line="261" tag="T">          'He's giving the cloth to Kouadio.'</item>
  </tier>
  <tier id="c" type="odin-clean">
    <item id="c1" line="257 259" tag="L+CR">sú       fà tánnì màn Kouàdió.</item>
    <item id="c4" line="260" tag="G">3ss PROG take cloth give Kouadio</item>
    <item id="c5" line="261" tag="T">He's giving the cloth to Kouadio.</item>
  </tier>
  <tier id="p" type="phrases" content="c">
    <item id="p0" content="c1[0:30]"/>
  </tier>
  <tier id="g" type="glosses" content="c">
    <item id="g0" content="c4[0:32]" alignment="p1"/>
  </tier>
  <tier id="t" type="translations" content="c">
    <item id="t0" content="c5[0:33]" alignment="p1"/>
  </tier>
</igt>
<igt id="i95082">
  <metadata type="xigt-meta">
    <meta type="language" name="baule" iso-639-3="bci" tiers="phrases words morphemes"/>
    <meta type="language" name="English" iso-639-3="eng" tiers="translations"/>
    <meta type="odin-source" doc-id="2815" line-range="274-276" line-types="L G T"/>
  </metadata>
  <tier id="o" type="odin-raw">
    <item id="o1" line="274" tag="L">  ( 18)   Talua nsan c be tra-li                 wuo di-li.</item>
    <item id="o2" line="275" tag="G">          girl three only 3ps catch-COMPL snake eat-COMPL</item>
    <item id="o3" line="276" tag="T">          'Only three girls caught a snake and they ate it.'</item>
  </tier>
  <tier id="c" type="odin-clean">
    <item id="c1" line="274" tag="L">Talua nsan c be tra-li                 wuo di-li.</item>
    <item id="c2" line="275" tag="G">girl three only 3ps catch-COMPL snake eat-COMPL</item>
    <item id="c3" line="276" tag="T">Only three girls caught a snake and they ate it.</item>
  </tier>
  <tier id="p" type="phrases" content="c">
    <item id="p0" content="c1[0:49]"/>
  </tier>
  <tier id="g" type="glosses" content="c">
    <item id="g0" content="c2[0:47]" alignment="p1"/>
  </tier>
  <tier id="t" type="translations" content="c">
    <item id="t0" content="c3[0:48]" alignment="p1"/>
  </tier>
</igt>
<igt id="i95084">
  <metadata type="xigt-meta">
    <meta type="language" name="baule" iso-639-3="bci" tiers="phrases words morphemes"/>
    <meta type="language" name="English" iso-639-3="eng" tiers="translations"/>
    <meta type="odin-source" doc-id="2815" line-range="347-350" line-types="L+AL L G T"/>
  </metadata>
  <tier id="o" type="odin-raw">
    <item id="o1" line="347" tag="L+AL">  (1)    B-'a</item>
    <item id="o2" line="348" tag="L">         B-'a       sa nzue a         nn.</item>
    <item id="o3" line="349" tag="G">         3ps-PERF draw water PERF drink</item>
    <item id="o4" line="350" tag="T">         'They have drawn water and drunk it.'</item>
  </tier>
  <tier id="c" type="odin-clean">
    <item id="c1" line="347" tag="L+AL">B-'a</item>
    <item id="c2" line="348" tag="L">B-'a       sa nzue a         nn.</item>
    <item id="c3" line="349" tag="G">3ps-PERF draw water PERF drink</item>
    <item id="c4" line="350" tag="T">They have drawn water and drunk it.</item>
  </tier>
  <tier id="p" type="phrases" content="c">
    <item id="p0" content="c1[0:4]"/>
    <item id="p1" content="c2[0:32]"/>
  </tier>
  <tier id="g" type="glosses" content="c">
    <item id="g0" content="c3[0:30]" alignment="p2"/>
  </tier>
  <tier id="t" type="translations" content="c">
    <item id="t0" content="c4[0:35]" alignment="p2"/>
  </tier>
</igt>
<igt id="i95085">
  <metadata type="xigt-meta">
    <meta type="language" name="baule" iso-639-3="bci" tiers="phrases words morphemes"/>
    <meta type="language" name="English" iso-639-3="eng" tiers="translations"/>
    <meta type="odin-source" doc-id="2815" line-range="411-414" line-types="L+AL L G T"/>
  </metadata>
  <tier id="o" type="odin-raw">
    <item id="o1" line="411" tag="L+AL">  (23)    *Be tra-li</item>
    <item id="o2" line="412" tag="L">           Be tra           kpma wa di.</item>
    <item id="o3" line="413" tag="G">           3ps catch-COMPL agouti FUT eat</item>
    <item id="o4" line="414" tag="T">           Intended reading: 'They caught an agouti and they will eat it.'</item>
  </tier>
  <tier id="c" type="odin-clean">
    <item id="c1" line="411" tag="L+AL">*Be tra-li</item>
    <item id="c2" line="412" tag="L">Be tra           kpma wa di.</item>
    <item id="c3" line="413" tag="G">3ps catch-COMPL agouti FUT eat</item>
    <item id="c4" line="414" tag="T">'They caught an agouti and they will eat it.</item>
  </tier>
  <tier id="p" type="phrases" content="c">
    <item id="p0" content="c1[0:10]"/>
    <item id="p1" content="c2[0:28]"/>
  </tier>
  <tier id="g" type="glosses" content="c">
    <item id="g0" content="c3[0:30]" alignment="p2"/>
  </tier>
  <tier id="t" type="translations" content="c">
    <item id="t0" content="c4[0:44]" alignment="p2"/>
  </tier>
</igt>
<igt id="i95086">
  <metadata type="xigt-meta">
    <meta type="language" name="baule" iso-639-3="bci" tiers="phrases words morphemes"/>
    <meta type="language" name="English" iso-639-3="eng" tiers="translations"/>
    <meta type="odin-source" doc-id="2815" line-range="423-425" line-types="L G T"/>
  </metadata>
  <tier id="o" type="odin-raw">
    <item id="o1" line="423" tag="L">  ( 24)   Be su tra kpma wa di.</item>
    <item id="o2" line="424" tag="G">          3ps PROG catch agouti FUT eat</item>
    <item id="o3" line="425" tag="T">          'They are in the process of catching agoutis and they will eat them.'</item>
  </tier>
  <tier id="c" type="odin-clean">
    <item id="c1" line="423" tag="L">Be su tra kpma wa di.</item>
    <item id="c2" line="424" tag="G">3ps PROG catch agouti FUT eat</item>
    <item id="c3" line="425" tag="T">They are in the process of catching agoutis and they will eat them.</item>
  </tier>
  <tier id="p" type="phrases" content="c">
    <item id="p0" content="c1[0:21]"/>
  </tier>
  <tier id="g" type="glosses" content="c">
    <item id="g0" content="c2[0:29]" alignment="p1"/>
  </tier>
  <tier id="t" type="translations" content="c">
    <item id="t0" content="c3[0:67]" alignment="p1"/>
  </tier>
</igt>
<igt id="i95088">
  <metadata type="xigt-meta">
    <meta type="language" name="baule" iso-639-3="bci" tiers="phrases words morphemes"/>
    <meta type="language" name="English" iso-639-3="eng" tiers="translations"/>
    <meta type="odin-source" doc-id="2815" line-range="452-456" line-types="L+AL L+CR L+CR G T"/>
  </metadata>
  <tier id="o" type="odin-raw">
    <item id="o1" line="452" tag="L+AL">  (27)   Nzue-'n</item>
    <item id="o2" line="453" tag="L+CR">         N zue 'n                               n-ni</item>
    <item id="o3" line="454" tag="L+CR">                        y  to-li              nn-ni  n.</item>
    <item id="o4" line="455" tag="G">         water-DEF FOC 3ss buy-COMPL drink-COMPL PART</item>
    <item id="o5" line="456" tag="T">         'It's the water that she bought and drank.'</item>
  </tier>
  <tier id="c" type="odin-clean">
    <item id="c1" line="452 454" tag="L+AL+CR">Nzue-'n        y  to-li              nn-ni  n.</item>
    <item id="c4" line="455" tag="G">water-DEF FOC 3ss buy-COMPL drink-COMPL PART</item>
    <item id="c5" line="456" tag="T">It's the water that she bought and drank.</item>
  </tier>
  <tier id="p" type="phrases" content="c">
    <item id="p0" content="c1[0:46]"/>
  </tier>
  <tier id="g" type="glosses" content="c">
    <item id="g0" content="c4[0:44]" alignment="p1"/>
  </tier>
  <tier id="t" type="translations" content="c">
    <item id="t0" content="c5[0:41]" alignment="p1"/>
  </tier>
</igt>
<igt id="i95089">
  <metadata type="xigt-meta">
    <meta type="language" name="baule" iso-639-3="bci" tiers="phrases words morphemes"/>
    <meta type="language" name="English" iso-639-3="eng" tiers="translations"/>
    <meta type="odin-source" doc-id="2815" line-range="468-472" line-types="L+CR L+CR L+CR G T"/>
  </metadata>
  <tier id="o" type="odin-raw">
    <item id="o1" line="468" tag="L+CR">  (28)   Nzue-'n y Aya to-li</item>
    <item id="o2" line="469" tag="L+CR">         N zue 'n                                            n-ni</item>
    <item id="o3" line="470" tag="L+CR">                                                 kpkun  nn-ni         n.</item>
    <item id="o4" line="471" tag="G">         Water-DEF FOC Aya buy water-DEF and          3ss drink-COMPL PART</item>
    <item id="o5" line="472" tag="T">         'It's water that Aya bought and drank.'</item>
  </tier>
  <tier id="c" type="odin-clean">
    <item id="c1" line="468 470" tag="L+CR">Nzue-'n y Aya to-li                     kpkun  nn-ni         n.</item>
    <item id="c4" line="471" tag="G">Water-DEF FOC Aya buy water-DEF and          3ss drink-COMPL PART</item>
    <item id="c5" line="472" tag="T">It's water that Aya bought and drank.</item>
  </tier>
  <tier id="p" type="phrases" content="c">
    <item id="p0" content="c1[0:63]"/>
  </tier>
  <tier id="g" type="glosses" content="c">
    <item id="g0" content="c4[0:65]" alignment="p1"/>
  </tier>
  <tier id="t" type="translations" content="c">
    <item id="t0" content="c5[0:37]" alignment="p1"/>
  </tier>
</igt>
<igt id="i95090">
  <metadata type="xigt-meta">
    <meta type="language" name="baule" iso-639-3="bci" tiers="phrases words morphemes"/>
    <meta type="language" name="English" iso-639-3="eng" tiers="translations"/>
    <meta type="odin-source" doc-id="2815" line-range="487-490" line-types="L+CR L+CR G T"/>
  </metadata>
  <tier id="o" type="odin-raw">
    <item id="o1" line="487" tag="L+CR">                         kp        nan.</item>
    <item id="o2" line="488" tag="L+CR">  (6)      to-li          ofl     y  di-li.</item>
    <item id="o3" line="489" tag="G">          3ss buy-COMPL papaya and 3ss ate-COMPL</item>
    <item id="o4" line="490" tag="T">          'S/he bought papaya and ate it.'</item>
  </tier>
  <tier id="c" type="odin-clean">
    <item id="c1" line="487" tag="L+CR">kp        nan.</item>
    <item id="c3" line="489" tag="G">3ss buy-COMPL papaya and 3ss ate-COMPL</item>
    <item id="c4" line="490" tag="T">S/he bought papaya and ate it.</item>
  </tier>
  <tier id="p" type="phrases" content="c">
    <item id="p0" content="c1[0:14]"/>
  </tier>
  <tier id="g" type="glosses" content="c">
    <item id="g0" content="c3[0:38]" alignment="p1"/>
  </tier>
  <tier id="t" type="translations" content="c">
    <item id="t0" content="c4[0:30]" alignment="p1"/>
  </tier>
</igt>
<igt id="i95091">
  <metadata type="xigt-meta">
    <meta type="language" name="baule" iso-639-3="bci" tiers="phrases words morphemes"/>
    <meta type="language" name="English" iso-639-3="eng" tiers="translations"/>
    <meta type="odin-source" doc-id="2815" line-range="504-506" line-types="L G T"/>
  </metadata>
  <tier id="o" type="odin-raw">
    <item id="o1" line="504" tag="L">  (31)     to-li          ofl.     Y  di-li.</item>
    <item id="o2" line="505" tag="G">          3ss buy-COMPL papaya and 3ss ate-COMPL</item>
    <item id="o3" line="506" tag="T">          'S/he bought papaya. Then she ate it.'</item>
  </tier>
  <tier id="c" type="odin-clean">
    <item id="c1" line="504" tag="L">to-li          ofl.     Y  di-li.</item>
    <item id="c2" line="505" tag="G">3ss buy-COMPL papaya and 3ss ate-COMPL</item>
    <item id="c3" line="506" tag="T">S/he bought papaya. Then she ate it.</item>
  </tier>
  <tier id="p" type="phrases" content="c">
    <item id="p0" content="c1[0:33]"/>
  </tier>
  <tier id="g" type="glosses" content="c">
    <item id="g0" content="c2[0:38]" alignment="p1"/>
  </tier>
  <tier id="t" type="translations" content="c">
    <item id="t0" content="c3[0:36]" alignment="p1"/>
  </tier>
</igt>
<igt id="i95092">
  <metadata type="xigt-meta">
    <meta type="language" name="baule" iso-639-3="bci" tiers="phrases words morphemes"/>
    <meta type="language" name="English" iso-639-3="eng" tiers="translations"/>
    <meta type="odin-source" doc-id="2815" line-range="519-522" line-types="L+AL L G T"/>
  </metadata>
  <tier id="o" type="odin-raw">
    <item id="o1" line="519" tag="L+AL">  (32)    Kofi kan ni,                                        -'n.'</item>
    <item id="o2" line="520" tag="L">          Kofi kan-ni,        'Kpkun be di-li          kangal-'n.'</item>
    <item id="o3" line="521" tag="G">          Kofi said-COMPL and            3ps eat-COMPL panther-DEF</item>
    <item id="o4" line="522" tag="T">          'Kofi said, "And they ate the panther."'</item>
  </tier>
  <tier id="c" type="odin-clean">
    <item id="c1" line="519" tag="L+AL">Kofi kan ni,-'n.</item>
    <item id="c2" line="520" tag="L">Kofi kan-ni,        'Kpkun be di-li          kangal-'n.</item>
    <item id="c3" line="521" tag="G">Kofi said-COMPL and            3ps eat-COMPL panther-DEF</item>
    <item id="c4" line="522" tag="T">Kofi said, "And they ate the panther.</item>
  </tier>
  <tier id="p" type="phrases" content="c">
    <item id="p0" content="c1[0:16]"/>
    <item id="p1" content="c2[0:55]"/>
  </tier>
  <tier id="g" type="glosses" content="c">
    <item id="g0" content="c3[0:56]" alignment="p2"/>
  </tier>
  <tier id="t" type="translations" content="c">
    <item id="t0" content="c4[0:37]" alignment="p2"/>
  </tier>
</igt>
<igt id="i95095">
  <metadata type="xigt-meta">
    <meta type="language" name="baule" iso-639-3="bci" tiers="phrases words morphemes"/>
    <meta type="language" name="English" iso-639-3="eng" tiers="translations"/>
    <meta type="odin-source" doc-id="2815" line-range="585-588" line-types="L+CR L+CR G T"/>
  </metadata>
  <tier id="o" type="odin-raw">
    <item id="o1" line="585" tag="L+CR">  ( 38)                             ni</item>
    <item id="o2" line="586" tag="L+CR">          Talua mun be kun-ni               ak  nyon nyon.</item>
    <item id="o3" line="587" tag="G">          girls DEF-PL 3ps kill- COMPL chicken two two</item>
    <item id="o4" line="588" tag="T">          'The girls killed two chickens each.'</item>
  </tier>
  <tier id="c" type="odin-clean">
    <item id="c1" line="585 586" tag="L+CR">Talua mun be kun-ni       ni      ak  nyon nyon.</item>
    <item id="c3" line="587" tag="G">girls DEF-PL 3ps kill-COMPL chicken two two</item>
    <item id="c4" line="588" tag="T">The girls killed two chickens each.</item>
  </tier>
  <tier id="p" type="phrases" content="c">
    <item id="p0" content="c1[0:48]"/>
  </tier>
  <tier id="g" type="glosses" content="c">
    <item id="g0" content="c3[0:43]" alignment="p1"/>
  </tier>
  <tier id="t" type="translations" content="c">
    <item id="t0" content="c4[0:35]" alignment="p1"/>
  </tier>
</igt>
<igt id="i95096">
  <metadata type="xigt-meta">
    <meta type="language" name="baule" iso-639-3="bci" tiers="phrases words morphemes"/>
    <meta type="language" name="English" iso-639-3="eng" tiers="translations"/>
    <meta type="odin-source" doc-id="2815" line-range="592-595" line-types="L+CR L+CR G T"/>
  </metadata>
  <tier id="o" type="odin-raw">
    <item id="o1" line="592" tag="L+CR">  ( 39)                             ni</item>
    <item id="o2" line="593" tag="L+CR">          Talua mun be kun-ni               ak   nyon.</item>
    <item id="o3" line="594" tag="G">          girls DEF-PL 3ps kill-COMPL chicken two</item>
    <item id="o4" line="595" tag="T">          'The girls killed two chickens total.'</item>
  </tier>
  <tier id="c" type="odin-clean">
    <item id="c1" line="592 593" tag="L+CR">Talua mun be kun-ni       ni      ak   nyon.</item>
    <item id="c3" line="594" tag="G">girls DEF-PL 3ps kill-COMPL chicken two</item>
    <item id="c4" line="595" tag="T">The girls killed two chickens total.</item>
  </tier>
  <tier id="p" type="phrases" content="c">
    <item id="p0" content="c1[0:44]"/>
  </tier>
  <tier id="g" type="glosses" content="c">
    <item id="g0" content="c3[0:39]" alignment="p1"/>
  </tier>
  <tier id="t" type="translations" content="c">
    <item id="t0" content="c4[0:36]" alignment="p1"/>
  </tier>
</igt>
<igt id="i95097">
  <metadata type="xigt-meta">
    <meta type="language" name="baule" iso-639-3="bci" tiers="phrases words morphemes"/>
    <meta type="language" name="English" iso-639-3="eng" tiers="translations"/>
    <meta type="odin-source" doc-id="2815" line-range="600-602" line-types="L G T"/>
  </metadata>
  <tier id="o" type="odin-raw">
    <item id="o1" line="600" tag="L">  ( 40)   Talua nsan be to-li              abll        nyon nyon tabli klwaa su.</item>
    <item id="o2" line="601" tag="G">          girls three 3ps buy- COMPL pineapple two two table all            on</item>
    <item id="o3" line="602" tag="T">          'Three girls bought two pineapples at each table.'</item>
  </tier>
  <tier id="c" type="odin-clean">
    <item id="c1" line="600" tag="L">Talua nsan be to-li              abll        nyon nyon tabli klwaa su.</item>
    <item id="c2" line="601" tag="G">girls three 3ps buy-COMPL pineapple two two table all            on</item>
    <item id="c3" line="602" tag="T">Three girls bought two pineapples at each table.</item>
  </tier>
  <tier id="p" type="phrases" content="c">
    <item id="p0" content="c1[0:70]"/>
  </tier>
  <tier id="g" type="glosses" content="c">
    <item id="g0" content="c2[0:67]" alignment="p1"/>
  </tier>
  <tier id="t" type="translations" content="c">
    <item id="t0" content="c3[0:48]" alignment="p1"/>
  </tier>
</igt>
<igt id="i95098">
  <metadata type="xigt-meta">
    <meta type="language" name="baule" iso-639-3="bci" tiers="phrases words morphemes"/>
    <meta type="language" name="English" iso-639-3="eng" tiers="translations"/>
    <meta type="odin-source" doc-id="2815" line-range="605-608" line-types="L+CR L+CR G T"/>
  </metadata>
  <tier id="o" type="odin-raw">
    <item id="o1" line="605" tag="L+CR">  (41)                     abll         nyon nyon.</item>
    <item id="o2" line="606" tag="L+CR">          N to-li</item>
    <item id="o3" line="607" tag="G">          1ss buy-PAST pineapple two two</item>
    <item id="o4" line="608" tag="T">          'I bought pairs of pineapples.'</item>
  </tier>
  <tier id="c" type="odin-clean">
    <item id="c1" line="605 606" tag="L+CR">N to-li          abll         nyon nyon.</item>
    <item id="c3" line="607" tag="G">1ss buy-PAST pineapple two two</item>
    <item id="c4" line="608" tag="T">I bought pairs of pineapples.</item>
  </tier>
  <tier id="p" type="phrases" content="c">
    <item id="p0" content="c1[0:40]"/>
  </tier>
  <tier id="g" type="glosses" content="c">
    <item id="g0" content="c3[0:30]" alignment="p1"/>
  </tier>
  <tier id="t" type="translations" content="c">
    <item id="t0" content="c4[0:29]" alignment="p1"/>
  </tier>
</igt>
<igt id="i95099">
  <metadata type="xigt-meta">
    <meta type="language" name="baule" iso-639-3="bci" tiers="phrases words morphemes"/>
    <meta type="language" name="English" iso-639-3="eng" tiers="translations"/>
    <meta type="odin-source" doc-id="2815" line-range="610-613" line-types="L+CR L+CR G T"/>
  </metadata>
  <tier id="o" type="odin-raw">
    <item id="o1" line="610" tag="L+CR">  (42)    N´n                                   nyon nyon.</item>
    <item id="o2" line="611" tag="L+CR">          N´nn mun                be fu-li</item>
    <item id="o3" line="612" tag="G">          Animals PLURAL-DEF 3ps ascend- COMPL two two</item>
    <item id="o4" line="613" tag="T">          'The animals went up two by two.'</item>
  </tier>
  <tier id="c" type="odin-clean">
    <item id="c1" line="610" tag="L+CR">N´n                                   nyon nyon.</item>
    <item id="c3" line="612" tag="G">Animals PLURAL-DEF 3ps ascend-COMPL two two</item>
    <item id="c4" line="613" tag="T">The animals went up two by two.</item>
  </tier>
  <tier id="p" type="phrases" content="c">
    <item id="p0" content="c1[0:48]"/>
  </tier>
  <tier id="g" type="glosses" content="c">
    <item id="g0" content="c3[0:43]" alignment="p1"/>
  </tier>
  <tier id="t" type="translations" content="c">
    <item id="t0" content="c4[0:31]" alignment="p1"/>
  </tier>
</igt>
<igt id="i95100">
  <metadata type="xigt-meta">
    <meta type="language" name="baule" iso-639-3="bci" tiers="phrases words morphemes"/>
    <meta type="language" name="English" iso-639-3="eng" tiers="translations"/>
    <meta type="odin-source" doc-id="2815" line-range="626-628" line-types="L G T"/>
  </metadata>
  <tier id="o" type="odin-raw">
    <item id="o1" line="626" tag="L">          Talua mun be kun-ni                   ak nyon nyon.</item>
    <item id="o2" line="627" tag="G">          Girls DEF-PL 3ps kill-COMPL chicken two two</item>
    <item id="o3" line="628" tag="T">          'The girls killed pairs of chickens.'</item>
  </tier>
  <tier id="c" type="odin-clean">
    <item id="c1" line="626" tag="L">Talua mun be kun-ni                   ak nyon nyon.</item>
    <item id="c2" line="627" tag="G">Girls DEF-PL 3ps kill-COMPL chicken two two</item>
    <item id="c3" line="628" tag="T">The girls killed pairs of chickens.</item>
  </tier>
  <tier id="p" type="phrases" content="c">
    <item id="p0" content="c1[0:51]"/>
  </tier>
  <tier id="g" type="glosses" content="c">
    <item id="g0" content="c2[0:43]" alignment="p1"/>
  </tier>
  <tier id="t" type="translations" content="c">
    <item id="t0" content="c3[0:35]" alignment="p1"/>
  </tier>
</igt>
<igt id="i95101">
  <metadata type="xigt-meta">
    <meta type="language" name="baule" iso-639-3="bci" tiers="phrases words morphemes"/>
    <meta type="language" name="English" iso-639-3="eng" tiers="translations"/>
    <meta type="odin-source" doc-id="2815" line-range="629-632" line-types="L G G T"/>
  </metadata>
  <tier id="o" type="odin-raw">
    <item id="o1" line="629" tag="L">  (43)    Be</item>
    <item id="o2" line="630" tag="G">          Be sk-li               ak        nyon nyon.</item>
    <item id="o3" line="631" tag="G">          3ps prepare-COMPL chicken two two</item>
    <item id="o4" line="632" tag="T">          'They prepared pairs of chickens.'</item>
  </tier>
  <tier id="c" type="odin-clean">
    <item id="c1" line="629" tag="L">Be</item>
    <item id="c2" line="630" tag="G">Be sk-li               ak        nyon nyon.</item>
    <item id="c3" line="631" tag="G">3ps prepare-COMPL chicken two two</item>
    <item id="c4" line="632" tag="T">They prepared pairs of chickens.</item>
  </tier>
  <tier id="p" type="phrases" content="c">
    <item id="p0" content="c1[0:2]"/>
  </tier>
  <tier id="g" type="glosses" content="c">
    <item id="g0" content="c2[0:43]" alignment="p1"/>
    <item id="g1" content="c3[0:33]" alignment="p1"/>
  </tier>
  <tier id="t" type="translations" content="c">
    <item id="t0" content="c4[0:32]" alignment="p1"/>
  </tier>
</igt>
<igt id="i95102">
  <metadata type="xigt-meta">
    <meta type="language" name="baule" iso-639-3="bci" tiers="phrases words morphemes"/>
    <meta type="language" name="English" iso-639-3="eng" tiers="translations"/>
    <meta type="odin-source" doc-id="2815" line-range="640-646" line-types="L+CR L+CR G L+CR L+CR G T"/>
  </metadata>
  <tier id="o" type="odin-raw">
    <item id="o1" line="640" tag="L+CR">  ( 44)                          ni</item>
    <item id="o2" line="641" tag="L+CR">          Talua mun be kun-ni         ak      nyon nyon</item>
    <item id="o3" line="642" tag="G">          Girls DEF-PL 3ps kill-COMPL chicken two two</item>
    <item id="o4" line="643" tag="L+CR">                                                i nyon nyon.</item>
    <item id="o5" line="644" tag="L+CR">          kpkun / y be sk-li</item>
    <item id="o6" line="645" tag="G">          and / and 3ps prepare-COMPL 3so two two</item>
    <item id="o7" line="646" tag="T">          'The girls killed pairs of chickens and prepared them in pairs.'</item>
  </tier>
  <tier id="c" type="odin-clean">
    <item id="c1" line="640 641" tag="L+CR">Talua mun be kun-ni    ni   ak      nyon nyon</item>
    <item id="c3" line="642" tag="G">Girls DEF-PL 3ps kill-COMPL chicken two two</item>
    <item id="c4" line="643 644" tag="L+CR">kpkun / y be sk-li                    i nyon nyon.</item>
    <item id="c6" line="645" tag="G">and / and 3ps prepare-COMPL 3so two two</item>
    <item id="c7" line="646" tag="T">The girls killed pairs of chickens and prepared them in pairs.</item>
  </tier>
  <tier id="p" type="phrases" content="c">
    <item id="p0" content="c1[0:45]"/>
    <item id="p1" content="c4[0:50]"/>
  </tier>
  <tier id="g" type="glosses" content="c">
    <item id="g0" content="c3[0:43]" alignment="p1"/>
    <item id="g1" content="c6[0:39]" alignment="p2"/>
  </tier>
  <tier id="t" type="translations" content="c">
    <item id="t0" content="c7[0:62]" alignment="p2"/>
  </tier>
</igt>
<igt id="i95103">
  <metadata type="xigt-meta">
    <meta type="language" name="baule" iso-639-3="bci" tiers="phrases words morphemes"/>
    <meta type="language" name="English" iso-639-3="eng" tiers="translations"/>
    <meta type="odin-source" doc-id="2815" line-range="648-653" line-types="L+CR L+CR G L G T"/>
  </metadata>
  <tier id="o" type="odin-raw">
    <item id="o1" line="648" tag="L+CR">  ( 45)   *Talua mun be kun-ni</item>
    <item id="o2" line="649" tag="L+CR">           Talua                 ni   ak     nyon nyon</item>
    <item id="o3" line="650" tag="G">          Girls DEF-PL 3ps kill-COMPL chicken two two</item>
    <item id="o4" line="651" tag="L">          sk-li            i nyon nyon.</item>
    <item id="o5" line="652" tag="G">          prepare-COMPL 3so two two</item>
    <item id="o6" line="653" tag="T">          Intended: 'The girls killed pairs of chickens and prepared them in pairs.'</item>
  </tier>
  <tier id="c" type="odin-clean">
    <item id="c1" line="648" tag="L+CR">*Talua mun be kun-ni</item>
    <item id="c3" line="650" tag="G">Girls DEF-PL 3ps kill-COMPL chicken two two</item>
    <item id="c4" line="651" tag="L">sk-li            i nyon nyon.</item>
    <item id="c5" line="652" tag="G">prepare-COMPL 3so two two</item>
    <item id="c6" line="653" tag="T">'The girls killed pairs of chickens and prepared them in pairs.</item>
  </tier>
  <tier id="p" type="phrases" content="c">
    <item id="p0" content="c1[0:20]"/>
    <item id="p1" content="c4[0:29]"/>
  </tier>
  <tier id="g" type="glosses" content="c">
    <item id="g0" content="c3[0:43]" alignment="p1"/>
    <item id="g1" content="c5[0:25]" alignment="p2"/>
  </tier>
  <tier id="t" type="translations" content="c">
    <item id="t0" content="c6[0:63]" alignment="p2"/>
  </tier>
</igt>
<igt id="i95104">
  <metadata type="xigt-meta">
    <meta type="language" name="baule" iso-639-3="bci" tiers="phrases words morphemes"/>
    <meta type="language" name="English" iso-639-3="eng" tiers="translations"/>
    <meta type="odin-source" doc-id="2815" line-range="659-664" line-types="L+CR L+CR G L G T"/>
  </metadata>
  <tier id="o" type="odin-raw">
    <item id="o1" line="659" tag="L+CR">  ( 46)   *Talua mun be kun-ni</item>
    <item id="o2" line="660" tag="L+CR">           Talua                 ni   ak      nyon nyon</item>
    <item id="o3" line="661" tag="G">          Girls DEF-PL 3ps kill-COMPL chicken two two</item>
    <item id="o4" line="662" tag="L">          sk-li             i nsan nsan.</item>
    <item id="o5" line="663" tag="G">          prepare-COMPL 3so three three</item>
    <item id="o6" line="664" tag="T">          Intended: 'The girls killed pairs of chickens and prepared them in threes.'</item>
  </tier>
  <tier id="c" type="odin-clean">
    <item id="c1" line="659" tag="L+CR">*Talua mun be kun-ni</item>
    <item id="c3" line="661" tag="G">Girls DEF-PL 3ps kill-COMPL chicken two two</item>
    <item id="c4" line="662" tag="L">sk-li             i nsan nsan.</item>
    <item id="c5" line="663" tag="G">prepare-COMPL 3so three three</item>
    <item id="c6" line="664" tag="T">'The girls killed pairs of chickens and prepared them in threes.</item>
  </tier>
  <tier id="p" type="phrases" content="c">
    <item id="p0" content="c1[0:20]"/>
    <item id="p1" content="c4[0:30]"/>
  </tier>
  <tier id="g" type="glosses" content="c">
    <item id="g0" content="c3[0:43]" alignment="p1"/>
    <item id="g1" content="c5[0:29]" alignment="p2"/>
  </tier>
  <tier id="t" type="translations" content="c">
    <item id="t0" content="c6[0:64]" alignment="p2"/>
  </tier>
</igt>
<igt id="i95105">
  <metadata type="xigt-meta">
    <meta type="language" name="baule" iso-639-3="bci" tiers="phrases words morphemes"/>
    <meta type="language" name="English" iso-639-3="eng" tiers="translations"/>
    <meta type="odin-source" doc-id="2815" line-range="667-671" line-types="L+CR L+CR L+CR G T"/>
  </metadata>
  <tier id="o" type="odin-raw">
    <item id="o1" line="667" tag="L+CR">  (47)    *Bakangan mun be kp-li</item>
    <item id="o2" line="668" tag="L+CR">           Baka gan                                                          i blu blu.</item>
    <item id="o3" line="669" tag="L+CR">                                               waka blu blu kiki-li</item>
    <item id="o4" line="670" tag="G">           children DEF-PL 3ps cut-COMPL wood ten ten tie-COMPL 3so ten ten</item>
    <item id="o5" line="671" tag="T">          Intended: 'The children cut groups of ten pieces of wood and tied it in bundles of ten.'</item>
  </tier>
  <tier id="c" type="odin-clean">
    <item id="c1" line="667 669" tag="L+CR">*Bakangan mun be kp-li               waka blu blu kiki-li</item>
    <item id="c4" line="670" tag="G">children DEF-PL 3ps cut-COMPL wood ten ten tie-COMPL 3so ten ten</item>
    <item id="c5" line="671" tag="T">'The children cut groups of ten pieces of wood and tied it in bundles of ten.</item>
  </tier>
  <tier id="p" type="phrases" content="c">
    <item id="p0" content="c1[0:57]"/>
  </tier>
  <tier id="g" type="glosses" content="c">
    <item id="g0" content="c4[0:64]" alignment="p1"/>
  </tier>
  <tier id="t" type="translations" content="c">
    <item id="t0" content="c5[0:77]" alignment="p1"/>
  </tier>
</igt>
<igt id="i95106">
  <metadata type="xigt-meta">
    <meta type="language" name="baule" iso-639-3="bci" tiers="phrases words morphemes"/>
    <meta type="language" name="English" iso-639-3="eng" tiers="translations"/>
    <meta type="odin-source" doc-id="2815" line-range="676-678" line-types="L G T"/>
  </metadata>
  <tier id="o" type="odin-raw">
    <item id="o1" line="676" tag="L">  ( 48)   Bakangan mun be kp-li                 waka blu blu kiki-li</item>
    <item id="o2" line="677" tag="G">          children DEF-PL 3ps cut-COMPL wood ten ten tie-COMPL</item>
    <item id="o3" line="678" tag="T">          'The children cut groups of ten pieces of wood and tied it in bundles of ten.'</item>
  </tier>
  <tier id="c" type="odin-clean">
    <item id="c1" line="676" tag="L">Bakangan mun be kp-li                 waka blu blu kiki-li</item>
    <item id="c2" line="677" tag="G">children DEF-PL 3ps cut-COMPL wood ten ten tie-COMPL</item>
    <item id="c3" line="678" tag="T">The children cut groups of ten pieces of wood and tied it in bundles of ten.</item>
  </tier>
  <tier id="p" type="phrases" content="c">
    <item id="p0" content="c1[0:58]"/>
  </tier>
  <tier id="g" type="glosses" content="c">
    <item id="g0" content="c2[0:52]" alignment="p1"/>
  </tier>
  <tier id="t" type="translations" content="c">
    <item id="t0" content="c3[0:76]" alignment="p1"/>
  </tier>
</igt>
<igt id="i95107">
  <metadata type="xigt-meta">
    <meta type="language" name="baule" iso-639-3="bci" tiers="phrases words morphemes"/>
    <meta type="language" name="English" iso-639-3="eng" tiers="translations"/>
    <meta type="odin-source" doc-id="2815" line-range="697-700" line-types="L M G T"/>
  </metadata>
  <tier id="o" type="odin-raw">
    <item id="o1" line="697" tag="L">          Bakangan mun be kp-li                 waka blu blu y be kiki-li               ..</item>
    <item id="o2" line="698" tag="M">                                                                                  object</item>
    <item id="o3" line="699" tag="G">          children DEF-PL 3ps cut-COMPL wood ten ten and 3ps tie-COMPL</item>
    <item id="o4" line="700" tag="T">          'The children cut groups of ten pieces of wood and tied it in bundles.'</item>
  </tier>
  <tier id="c" type="odin-clean">
    <item id="c1" line="697" tag="L">Bakangan mun be kp-li                 waka blu blu y be kiki-li               ..</item>
    <item id="c2" line="698" tag="M">object</item>
    <item id="c3" line="699" tag="G">children DEF-PL 3ps cut-COMPL wood ten ten and 3ps tie-COMPL</item>
    <item id="c4" line="700" tag="T">The children cut groups of ten pieces of wood and tied it in bundles.</item>
  </tier>
  <tier id="p" type="phrases" content="c">
    <item id="p0" content="c1[0:80]"/>
  </tier>
  <tier id="g" type="glosses" content="c">
    <item id="g0" content="c3[0:60]" alignment="p1"/>
  </tier>
  <tier id="t" type="translations" content="c">
    <item id="t0" content="c4[0:69]" alignment="p1"/>
  </tier>
</igt>
<igt id="i95108">
  <metadata type="xigt-meta">
    <meta type="language" name="baule" iso-639-3="bci" tiers="phrases words morphemes"/>
    <meta type="language" name="English" iso-639-3="eng" tiers="translations"/>
    <meta type="odin-source" doc-id="2815" line-range="707-710" line-types="L+CR L+CR G T"/>
  </metadata>
  <tier id="o" type="odin-raw">
    <item id="o1" line="707" tag="L+CR">  ( 50)                                                          i blu blu.</item>
    <item id="o2" line="708" tag="L+CR">          Bakangan mun be kp-li                 waka kiki-li</item>
    <item id="o3" line="709" tag="G">          children DEF-PL 3ps cut-COMPL wood tie-COMPL 3so ten ten</item>
    <item id="o4" line="710" tag="T">          'The children cut wood and tied it in bundles of ten.'</item>
  </tier>
  <tier id="c" type="odin-clean">
    <item id="c1" line="707 708" tag="L+CR">Bakangan mun be kp-li                 waka kiki-li     i blu blu.</item>
    <item id="c3" line="709" tag="G">children DEF-PL 3ps cut-COMPL wood tie-COMPL 3so ten ten</item>
    <item id="c4" line="710" tag="T">The children cut wood and tied it in bundles of ten.</item>
  </tier>
  <tier id="p" type="phrases" content="c">
    <item id="p0" content="c1[0:65]"/>
  </tier>
  <tier id="g" type="glosses" content="c">
    <item id="g0" content="c3[0:56]" alignment="p1"/>
  </tier>
  <tier id="t" type="translations" content="c">
    <item id="t0" content="c4[0:52]" alignment="p1"/>
  </tier>
</igt>
<igt id="i95109">
  <metadata type="xigt-meta">
    <meta type="language" name="baule" iso-639-3="bci" tiers="phrases words morphemes"/>
    <meta type="language" name="English" iso-639-3="eng" tiers="translations"/>
    <meta type="odin-source" doc-id="2815" line-range="717-720" line-types="L+CR L+CR G T"/>
  </metadata>
  <tier id="o" type="odin-raw">
    <item id="o1" line="717" tag="L+CR">  ( 51)                                          waka y be kiki-li i blu blu.</item>
    <item id="o2" line="718" tag="L+CR">          Bakangan mun be kp-li</item>
    <item id="o3" line="719" tag="G">          children DEF-PL 3ps cut-COMPL wood and 3ps tie-COMPL 3so ten ten</item>
    <item id="o4" line="720" tag="T">          'The children cut wood and tied it in bundles of ten.'</item>
  </tier>
  <tier id="c" type="odin-clean">
    <item id="c1" line="717 718" tag="L+CR">Bakangan mun be kp-li                  waka y be kiki-li i blu blu.</item>
    <item id="c3" line="719" tag="G">children DEF-PL 3ps cut-COMPL wood and 3ps tie-COMPL 3so ten ten</item>
    <item id="c4" line="720" tag="T">The children cut wood and tied it in bundles of ten.</item>
  </tier>
  <tier id="p" type="phrases" content="c">
    <item id="p0" content="c1[0:67]"/>
  </tier>
  <tier id="g" type="glosses" content="c">
    <item id="g0" content="c3[0:64]" alignment="p1"/>
  </tier>
  <tier id="t" type="translations" content="c">
    <item id="t0" content="c4[0:52]" alignment="p1"/>
  </tier>
</igt>
<igt id="i95110">
  <metadata type="xigt-meta">
    <meta type="language" name="baule" iso-639-3="bci" tiers="phrases words morphemes"/>
    <meta type="language" name="English" iso-639-3="eng" tiers="translations"/>
    <meta type="odin-source" doc-id="2815" line-range="749-753" line-types="L+CR L+CR M G T"/>
  </metadata>
  <tier id="o" type="odin-raw">
    <item id="o1" line="749" tag="L+CR">  (2)      to-li          ofl                              .</item>
    <item id="o2" line="750" tag="L+CR">                                  di-li                    ..</item>
    <item id="o3" line="751" tag="M">                                                      object</item>
    <item id="o4" line="752" tag="G">          3ss buy-COMPL papaya ate-COMPL</item>
    <item id="o5" line="753" tag="T">          'S/he bought papaya and ate it.'</item>
  </tier>
  <tier id="c" type="odin-clean">
    <item id="c1" line="749" tag="L+CR">to-li          ofl                              .</item>
    <item id="c3" line="751" tag="M">object</item>
    <item id="c4" line="752" tag="G">3ss buy-COMPL papaya ate-COMPL</item>
    <item id="c5" line="753" tag="T">S/he bought papaya and ate it.</item>
  </tier>
  <tier id="p" type="phrases" content="c">
    <item id="p0" content="c1[0:49]"/>
  </tier>
  <tier id="g" type="glosses" content="c">
    <item id="g0" content="c4[0:30]" alignment="p1"/>
  </tier>
  <tier id="t" type="translations" content="c">
    <item id="t0" content="c5[0:30]" alignment="p1"/>
  </tier>
</igt>
<igt id="i95111">
  <metadata type="xigt-meta">
    <meta type="language" name="baule" iso-639-3="bci" tiers="phrases words morphemes"/>
    <meta type="language" name="English" iso-639-3="eng" tiers="translations"/>
    <meta type="odin-source" doc-id="2815" line-range="777-780" line-types="L+CR L+CR G T"/>
  </metadata>
  <tier id="o" type="odin-raw">
    <item id="o1" line="777" tag="L+CR">  (48)    Bakangan mun be kp-li</item>
    <item id="o2" line="778" tag="L+CR">            akangan                              waka blu blu kiki-li</item>
    <item id="o3" line="779" tag="G">          children DEF-PL 3ps cut-COMPL wood ten ten tie-COMPL</item>
    <item id="o4" line="780" tag="T">          'The children cut groups of ten pieces of wood and tied it in bundles of ten.'</item>
  </tier>
  <tier id="c" type="odin-clean">
    <item id="c1" line="777" tag="L+CR">Bakangan mun be kp-li</item>
    <item id="c3" line="779" tag="G">children DEF-PL 3ps cut-COMPL wood ten ten tie-COMPL</item>
    <item id="c4" line="780" tag="T">The children cut groups of ten pieces of wood and tied it in bundles of ten.</item>
  </tier>
  <tier id="p" type="phrases" content="c">
    <item id="p0" content="c1[0:21]"/>
  </tier>
  <tier id="g" type="glosses" content="c">
    <item id="g0" content="c3[0:52]" alignment="p1"/>
  </tier>
  <tier id="t" type="translations" content="c">
    <item id="t0" content="c4[0:76]" alignment="p1"/>
  </tier>
</igt>
<igt id="i95112">
  <metadata type="xigt-meta">
    <meta type="language" name="baule" iso-639-3="bci" tiers="phrases words morphemes"/>
    <meta type="language" name="English" iso-639-3="eng" tiers="translations"/>
    <meta type="odin-source" doc-id="2815" line-range="806-810" line-types="L+AL L+CR L+CR G T+EX"/>
  </metadata>
  <tier id="o" type="odin-raw">
    <item id="o1" line="806" tag="L+AL">  ( 47)   *Bakangan mun be kp-li</item>
    <item id="o2" line="807" tag="L+CR">           Bakanga                                                             i blu blu.</item>
    <item id="o3" line="808" tag="L+CR">                                                waka blu blu kiki-li</item>
    <item id="o4" line="809" tag="G">           children DEF-PL 3ps cut-COMPL wood ten ten tie-COMPL 3so ten ten</item>
    <item id="o5" line="810" tag="T+EX">          Intended: 'The children cut groups of ten pieces of wood and tied it in bundles of ten.'</item>
  </tier>
  <tier id="c" type="odin-clean">
    <item id="c1" line="806 808" tag="L+AL+CR">*Bakangan mun be kp-li                waka blu blu kiki-li</item>
    <item id="c4" line="809" tag="G">children DEF-PL 3ps cut-COMPL wood ten ten tie-COMPL 3so ten ten</item>
    <item id="c5" line="810" tag="T+EX">'The children cut groups of ten pieces of wood and tied it in bundles of ten.</item>
  </tier>
  <tier id="p" type="phrases" content="c">
    <item id="p0" content="c1[0:58]"/>
  </tier>
  <tier id="g" type="glosses" content="c">
    <item id="g0" content="c4[0:64]" alignment="p1"/>
  </tier>
  <tier id="t" type="translations" content="c">
    <item id="t0" content="c5[0:77]" alignment="p1"/>
  </tier>
</igt>
<igt id="i95113">
  <metadata type="xigt-meta">
    <meta type="language" name="baule" iso-639-3="bci" tiers="phrases words morphemes"/>
    <meta type="language" name="English" iso-639-3="eng" tiers="translations"/>
    <meta type="odin-source" doc-id="2815" line-range="836-839" line-types="L M G T"/>
  </metadata>
  <tier id="o" type="odin-raw">
    <item id="o1" line="836" tag="L">          Bakangan mun be kp-li                 waka blu blu y be kiki-li                      ..</item>
    <item id="o2" line="837" tag="M">                                                                                          object</item>
    <item id="o3" line="838" tag="G">          children DEF-PL 3ps cut-COMPL wood ten ten and 3ps tie-COMPL</item>
    <item id="o4" line="839" tag="T">          'The children cut groups of ten pieces of wood and tied it in bundles.'</item>
  </tier>
  <tier id="c" type="odin-clean">
    <item id="c1" line="836" tag="L">Bakangan mun be kp-li                 waka blu blu y be kiki-li                      ..</item>
    <item id="c2" line="837" tag="M">object</item>
    <item id="c3" line="838" tag="G">children DEF-PL 3ps cut-COMPL wood ten ten and 3ps tie-COMPL</item>
    <item id="c4" line="839" tag="T">The children cut groups of ten pieces of wood and tied it in bundles.</item>
  </tier>
  <tier id="p" type="phrases" content="c">
    <item id="p0" content="c1[0:87]"/>
  </tier>
  <tier id="g" type="glosses" content="c">
    <item id="g0" content="c3[0:60]" alignment="p1"/>
  </tier>
  <tier id="t" type="translations" content="c">
    <item id="t0" content="c4[0:69]" alignment="p1"/>
  </tier>
</igt>
<igt id="i95114">
  <metadata type="xigt-meta">
    <meta type="language" name="baule" iso-639-3="bci" tiers="phrases words morphemes"/>
    <meta type="language" name="English" iso-639-3="eng" tiers="translations"/>
    <meta type="odin-source" doc-id="2815" line-range="852-854" line-types="L G T"/>
  </metadata>
  <tier id="o" type="odin-raw">
    <item id="o1" line="852" tag="L">  ( 55)   Bakangan mun be kp-li                 waka blu blu. Y            be kiki-li         ..</item>
    <item id="o2" line="853" tag="G">          children DEF-PL 3ps cut-COMPL wood ten ten and                  3ps tie-COMPL</item>
    <item id="o3" line="854" tag="T">          'The children cut groups of ten pieces of wood and tied it in   bundles.'</item>
  </tier>
  <tier id="c" type="odin-clean">
    <item id="c1" line="852" tag="L">Bakangan mun be kp-li                 waka blu blu. Y            be kiki-li         ..</item>
    <item id="c2" line="853" tag="G">children DEF-PL 3ps cut-COMPL wood ten ten and                  3ps tie-COMPL</item>
    <item id="c3" line="854" tag="T">The children cut groups of ten pieces of wood and tied it in   bundles.</item>
  </tier>
  <tier id="p" type="phrases" content="c">
    <item id="p0" content="c1[0:86]"/>
  </tier>
  <tier id="g" type="glosses" content="c">
    <item id="g0" content="c2[0:77]" alignment="p1"/>
  </tier>
  <tier id="t" type="translations" content="c">
    <item id="t0" content="c3[0:71]" alignment="p1"/>
  </tier>
</igt>
<igt id="i95115">
  <metadata type="xigt-meta">
    <meta type="language" name="baule" iso-639-3="bci" tiers="phrases words morphemes"/>
    <meta type="language" name="English" iso-639-3="eng" tiers="translations"/>
    <meta type="odin-source" doc-id="2815" line-range="864-866" line-types="L G T"/>
  </metadata>
  <tier id="o" type="odin-raw">
    <item id="o1" line="864" tag="L">  ( 50)   Bakangan mun be kp-li                  waka kiki-li    i blu blu.</item>
    <item id="o2" line="865" tag="G">          children DEF-PL 3ps cut-COMPL wood tie-COMPL 3so ten ten</item>
    <item id="o3" line="866" tag="T">          'The children cut wood and tied it in bundles of ten.'</item>
  </tier>
  <tier id="c" type="odin-clean">
    <item id="c1" line="864" tag="L">Bakangan mun be kp-li                  waka kiki-li    i blu blu.</item>
    <item id="c2" line="865" tag="G">children DEF-PL 3ps cut-COMPL wood tie-COMPL 3so ten ten</item>
    <item id="c3" line="866" tag="T">The children cut wood and tied it in bundles of ten.</item>
  </tier>
  <tier id="p" type="phrases" content="c">
    <item id="p0" content="c1[0:65]"/>
  </tier>
  <tier id="g" type="glosses" content="c">
    <item id="g0" content="c2[0:56]" alignment="p1"/>
  </tier>
  <tier id="t" type="translations" content="c">
    <item id="t0" content="c3[0:52]" alignment="p1"/>
  </tier>
</igt>
<igt id="i95116">
  <metadata type="xigt-meta">
    <meta type="language" name="baule" iso-639-3="bci" tiers="phrases words morphemes"/>
    <meta type="language" name="English" iso-639-3="eng" tiers="translations"/>
    <meta type="odin-source" doc-id="2815" line-range="868-871" line-types="L+CR L+CR G T"/>
  </metadata>
  <tier id="o" type="odin-raw">
    <item id="o1" line="868" tag="L+CR">  ( 51)                                                            i blu blu.</item>
    <item id="o2" line="869" tag="L+CR">          Bakangan mun be kp-li                  waka y be kiki-li</item>
    <item id="o3" line="870" tag="G">          children DEF-PL 3ps cut-COMPL wood and 3ps tie-COMPL 3so ten ten</item>
    <item id="o4" line="871" tag="T">          'The children cut wood and tied it in bundles of ten.'</item>
  </tier>
  <tier id="c" type="odin-clean">
    <item id="c1" line="868 869" tag="L+CR">Bakangan mun be kp-li                  waka y be kiki-li i blu blu.</item>
    <item id="c3" line="870" tag="G">children DEF-PL 3ps cut-COMPL wood and 3ps tie-COMPL 3so ten ten</item>
    <item id="c4" line="871" tag="T">The children cut wood and tied it in bundles of ten.</item>
  </tier>
  <tier id="p" type="phrases" content="c">
    <item id="p0" content="c1[0:67]"/>
  </tier>
  <tier id="g" type="glosses" content="c">
    <item id="g0" content="c3[0:64]" alignment="p1"/>
  </tier>
  <tier id="t" type="translations" content="c">
    <item id="t0" content="c4[0:52]" alignment="p1"/>
  </tier>
</igt>
<igt id="i95117">
  <metadata type="xigt-meta">
    <meta type="language" name="baule" iso-639-3="bci" tiers="phrases words morphemes"/>
    <meta type="language" name="English" iso-639-3="eng" tiers="translations"/>
    <meta type="odin-source" doc-id="2815" line-range="896-901" line-types="L+CR+EX L+CR G L G T"/>
  </metadata>
  <tier id="o" type="odin-raw">
    <item id="o1" line="896" tag="L+CR+EX">  (57)    Question:                      'n               -'n</item>
    <item id="o2" line="897" tag="L+CR">                         di-li       ofl-'n      i mma-'n</item>
    <item id="o3" line="898" tag="G">                        3ss eat-COMPL papaya-DEF 3so seed.PL-DEF</item>
    <item id="o4" line="899" tag="L">                        k n kan-ni      ni    sa?</item>
    <item id="o5" line="900" tag="G">                        that 1ss say-COMPL way</item>
    <item id="o6" line="901" tag="T">                        'Did s/he eat the papaya seeds, like I said?'</item>
  </tier>
  <tier id="c" type="odin-clean">
    <item id="c1" line="896" tag="L+CR+EX">                     'n-'n</item>
    <item id="c3" line="898" tag="G">3ss eat-COMPL papaya-DEF 3so seed.PL-DEF</item>
    <item id="c4" line="899" tag="L">k n kan-ni      ni    sa?</item>
    <item id="c5" line="900" tag="G">that 1ss say-COMPL way</item>
    <item id="c6" line="901" tag="T">Did s/he eat the papaya seeds, like I said?</item>
  </tier>
  <tier id="p" type="phrases" content="c">
    <item id="p0" content="c1[21:26]"/>
    <item id="p1" content="c4[0:25]"/>
  </tier>
  <tier id="g" type="glosses" content="c">
    <item id="g0" content="c3[0:40]" alignment="p1"/>
    <item id="g1" content="c5[0:22]" alignment="p2"/>
  </tier>
  <tier id="t" type="translations" content="c">
    <item id="t0" content="c6[0:43]" alignment="p2"/>
  </tier>
</igt>
<igt id="i95118">
  <metadata type="xigt-meta">
    <meta type="language" name="baule" iso-639-3="bci" tiers="phrases words morphemes"/>
    <meta type="language" name="English" iso-639-3="eng" tiers="translations"/>
    <meta type="odin-source" doc-id="2815" line-range="904-907" line-types="L+CR+EX L+CR G T"/>
  </metadata>
  <tier id="o" type="odin-raw">
    <item id="o1" line="904" tag="L+CR+EX">  (58)    Answer1:      Ee</item>
    <item id="o2" line="905" tag="L+CR">                        Een,  di-li.</item>
    <item id="o3" line="906" tag="G">                        yes 3ss eat-COMPL</item>
    <item id="o4" line="907" tag="T">                        'Yes, she did.'</item>
  </tier>
  <tier id="c" type="odin-clean">
    <item id="c1" line="904" tag="L+CR+EX">     Ee</item>
    <item id="c3" line="906" tag="G">yes 3ss eat-COMPL</item>
    <item id="c4" line="907" tag="T">Yes, she did.</item>
  </tier>
  <tier id="p" type="phrases" content="c">
    <item id="p0" content="c1[5:7]"/>
  </tier>
  <tier id="g" type="glosses" content="c">
    <item id="g0" content="c3[0:17]" alignment="p1"/>
  </tier>
  <tier id="t" type="translations" content="c">
    <item id="t0" content="c4[0:13]" alignment="p1"/>
  </tier>
</igt>
<igt id="i95119">
  <metadata type="xigt-meta">
    <meta type="language" name="baule" iso-639-3="bci" tiers="phrases words morphemes"/>
    <meta type="language" name="English" iso-639-3="eng" tiers="translations"/>
    <meta type="odin-source" doc-id="2815" line-range="911-915" line-types="L+CR+EX L+CR G T T+AL"/>
  </metadata>
  <tier id="o" type="odin-raw">
    <item id="o1" line="911" tag="L+CR+EX">  (59)    Answer2:         Ee</item>
    <item id="o2" line="912" tag="L+CR">                           Een,  to-li            ofl     y        di-li.</item>
    <item id="o3" line="913" tag="G">                           yes 3ss buy-COMPL papaya and           3ss ate-COMPL</item>
    <item id="o4" line="914" tag="T">                           'Yes, s/he bought a papaya and ate t   hem (the seeds).'</item>
    <item id="o5" line="915" tag="T+AL">                           #'Yes, s/he bought a papaya and ate    it (the papaya).'</item>
  </tier>
  <tier id="c" type="odin-clean">
    <item id="c1" line="911" tag="L+CR+EX">        Ee</item>
    <item id="c3" line="913" tag="G">yes 3ss buy-COMPL papaya and           3ss ate-COMPL</item>
    <item id="c4" line="914" tag="T">Yes, s/he bought a papaya and ate t   hem (the seeds).</item>
    <item id="c5" line="915" tag="T+AL">#'Yes, s/he bought a papaya and ate    it (the papaya).</item>
  </tier>
  <tier id="p" type="phrases" content="c">
    <item id="p0" content="c1[8:10]"/>
  </tier>
  <tier id="g" type="glosses" content="c">
    <item id="g0" content="c3[0:52]" alignment="p1"/>
  </tier>
  <tier id="t" type="translations" content="c">
    <item id="t0" content="c4[0:54]" alignment="p1"/>
    <item id="t1" content="c5[0:55]" alignment="p1"/>
  </tier>
</igt>
<igt id="i95120">
  <metadata type="xigt-meta">
    <meta type="language" name="baule" iso-639-3="bci" tiers="phrases words morphemes"/>
    <meta type="language" name="English" iso-639-3="eng" tiers="translations"/>
    <meta type="odin-source" doc-id="2815" line-range="924-928" line-types="L+CR+EX L+CR G T T+AL"/>
  </metadata>
  <tier id="o" type="odin-raw">
    <item id="o1" line="924" tag="L+CR+EX">  (60)    Answer3:         #Een,  to-li</item>
    <item id="o2" line="925" tag="L+CR">                             Ee                    ofl     di-li.</item>
    <item id="o3" line="926" tag="G">                            yes 3ss buy-COMPL papaya ate-COMPL</item>
    <item id="o4" line="927" tag="T">                           *'Yes, s/he bought a papaya and ate them (the seeds).'</item>
    <item id="o5" line="928" tag="T+AL">                           'Yes, s/he bought a papaya and ate it (the papaya).'</item>
  </tier>
  <tier id="c" type="odin-clean">
    <item id="c1" line="924" tag="L+CR+EX">        #Een,  to-li</item>
    <item id="c3" line="926" tag="G">yes 3ss buy-COMPL papaya ate-COMPL</item>
    <item id="c4" line="927" tag="T">*'Yes, s/he bought a papaya and ate them (the seeds).</item>
    <item id="c5" line="928" tag="T+AL">Yes, s/he bought a papaya and ate it (the papaya).</item>
  </tier>
  <tier id="p" type="phrases" content="c">
    <item id="p0" content="c1[8:20]"/>
  </tier>
  <tier id="g" type="glosses" content="c">
    <item id="g0" content="c3[0:34]" alignment="p1"/>
  </tier>
  <tier id="t" type="translations" content="c">
    <item id="t0" content="c4[0:53]" alignment="p1"/>
    <item id="t1" content="c5[0:50]" alignment="p1"/>
  </tier>
</igt>
<igt id="i95121">
  <metadata type="xigt-meta">
    <meta type="language" name="baule" iso-639-3="bci" tiers="phrases words morphemes"/>
    <meta type="language" name="English" iso-639-3="eng" tiers="translations"/>
    <meta type="odin-source" doc-id="2815" line-range="938-943" line-types="L+CR L+CR L+CR G T T+AL"/>
  </metadata>
  <tier id="o" type="odin-raw">
    <item id="o1" line="938" tag="L+CR">  (61)    Een,</item>
    <item id="o2" line="939" tag="L+CR">          Ee                                                    i.</item>
    <item id="o3" line="940" tag="L+CR">                   to-li         lomi     y  yr-li</item>
    <item id="o4" line="941" tag="G">          yes     3ss buy-COMPL orange and 3ss burn-COMPL 3so</item>
    <item id="o5" line="942" tag="T">          'S/he   bought an orange and burned it (the peel).'</item>
    <item id="o6" line="943" tag="T+AL">          'S/he   bought an orange and burned it (the orange).'</item>
  </tier>
  <tier id="c" type="odin-clean">
    <item id="c1" line="938 940" tag="L+CR">Een,     to-li         lomi     y  yr-li</item>
    <item id="c4" line="941" tag="G">yes     3ss buy-COMPL orange and 3ss burn-COMPL 3so</item>
    <item id="c5" line="942" tag="T">S/he   bought an orange and burned it (the peel).</item>
    <item id="c6" line="943" tag="T+AL">S/he   bought an orange and burned it (the orange).</item>
  </tier>
  <tier id="p" type="phrases" content="c">
    <item id="p0" content="c1[0:40]"/>
  </tier>
  <tier id="g" type="glosses" content="c">
    <item id="g0" content="c4[0:51]" alignment="p1"/>
  </tier>
  <tier id="t" type="translations" content="c">
    <item id="t0" content="c5[0:49]" alignment="p1"/>
    <item id="t1" content="c6[0:51]" alignment="p1"/>
  </tier>
</igt>
<igt id="i95122">
  <metadata type="xigt-meta">
    <meta type="language" name="baule" iso-639-3="bci" tiers="phrases words morphemes"/>
    <meta type="language" name="English" iso-639-3="eng" tiers="translations"/>
    <meta type="odin-source" doc-id="2815" line-range="944-949" line-types="L+CR L+CR L+CR G T T+AL"/>
  </metadata>
  <tier id="o" type="odin-raw">
    <item id="o1" line="944" tag="L+CR">  (62)    Een,  to-li</item>
    <item id="o2" line="945" tag="L+CR">          Ee                                             i.</item>
    <item id="o3" line="946" tag="L+CR">                               lomi     yr-li</item>
    <item id="o4" line="947" tag="G">          yes 3ss buy-COMPL orange burn-COMPL 3so</item>
    <item id="o5" line="948" tag="T">          *'S/he bought an orange and burned it (the peel).'</item>
    <item id="o6" line="949" tag="T+AL">          'S/he bought an orange and burned it (the orange).'</item>
  </tier>
  <tier id="c" type="odin-clean">
    <item id="c1" line="944 946" tag="L+CR">Een,  to-li          lomi     yr-li</item>
    <item id="c4" line="947" tag="G">yes 3ss buy-COMPL orange burn-COMPL 3so</item>
    <item id="c5" line="948" tag="T">*'S/he bought an orange and burned it (the peel).</item>
    <item id="c6" line="949" tag="T+AL">S/he bought an orange and burned it (the orange).</item>
  </tier>
  <tier id="p" type="phrases" content="c">
    <item id="p0" content="c1[0:35]"/>
  </tier>
  <tier id="g" type="glosses" content="c">
    <item id="g0" content="c4[0:39]" alignment="p1"/>
  </tier>
  <tier id="t" type="translations" content="c">
    <item id="t0" content="c5[0:49]" alignment="p1"/>
    <item id="t1" content="c6[0:49]" alignment="p1"/>
  </tier>
</igt>
<igt id="i95123">
  <metadata type="xigt-meta">
    <meta type="language" name="baule" iso-639-3="bci" tiers="phrases words morphemes"/>
    <meta type="language" name="English" iso-639-3="eng" tiers="translations"/>
    <meta type="odin-source" doc-id="2815" line-range="986-988" line-types="L G T"/>
  </metadata>
  <tier id="o" type="odin-raw">
    <item id="o1" line="986" tag="L">  (64)    to-li            ofl    nyon c di-li.</item>
    <item id="o2" line="987" tag="G">         3ss buy-COMPL papaya two only eat-COMPL</item>
    <item id="o3" line="988" tag="T">         'S/he bought only two papayas and ate them.'</item>
  </tier>
  <tier id="c" type="odin-clean">
    <item id="c1" line="986" tag="L">to-li            ofl    nyon c di-li.</item>
    <item id="c2" line="987" tag="G">3ss buy-COMPL papaya two only eat-COMPL</item>
    <item id="c3" line="988" tag="T">S/he bought only two papayas and ate them.</item>
  </tier>
  <tier id="p" type="phrases" content="c">
    <item id="p0" content="c1[0:37]"/>
  </tier>
  <tier id="g" type="glosses" content="c">
    <item id="g0" content="c2[0:39]" alignment="p1"/>
  </tier>
  <tier id="t" type="translations" content="c">
    <item id="t0" content="c3[0:42]" alignment="p1"/>
  </tier>
</igt>
</xigt-corpus>
