<?xml version="1.0" encoding="UTF-8"?>
<xigt-corpus>
<igt id="i36219">
  <metadata type="xigt-meta">
    <meta type="language" name="bunuba" iso-639-3="bck" tiers="phrases words morphemes"/>
    <meta type="language" name="English" iso-639-3="eng" tiers="translations"/>
    <meta type="odin-source" doc-id="3841" line-range="244-246" line-types="L G T+DB"/>
  </metadata>
  <tier id="o" type="odin-raw">
    <item id="o1" line="244" tag="L">  (6)       Ngaanyi=ma ø-miy?</item>
    <item id="o2" line="245" tag="G">            what?=I/I       3sgS-MA-PAST</item>
    <item id="o3" line="246" tag="T+DB">            `What did he say/think/do/feel?' or `What happened?'</item>
  </tier>
  <tier id="c" type="odin-clean">
    <item id="c1" line="244" tag="L">Ngaanyi=ma ø-miy?</item>
    <item id="c2" line="245" tag="G">what?=I/I       3sgS-MA-PAST</item>
    <item id="c3" line="246" tag="T+DB">What did he say/think/do/feel?' or `What happened?</item>
  </tier>
  <tier id="p" type="phrases" content="c">
    <item id="p0" content="c1[0:17]"/>
  </tier>
  <tier id="g" type="glosses" content="c">
    <item id="g0" content="c2[0:28]" alignment="p1"/>
  </tier>
  <tier id="t" type="translations" content="c">
    <item id="t0" content="c3[0:50]" alignment="p1"/>
  </tier>
</igt>
<igt id="i36220">
  <metadata type="xigt-meta">
    <meta type="language" name="bunuba" iso-639-3="bck" tiers="phrases words morphemes"/>
    <meta type="language" name="English" iso-639-3="eng" tiers="translations"/>
    <meta type="odin-source" doc-id="3841" line-range="259-264" line-types="L G B L G T"/>
  </metadata>
  <tier id="o" type="odin-raw">
    <item id="o1" line="259" tag="L">  (7)       Ngayini       binarri nganggu thangani   nganggu gun.gulu nginjaga</item>
    <item id="o2" line="260" tag="G">            1sgPRO            know    2sgOBL mouth/words 2sgOBL head      what</item>
    <item id="o3" line="261" tag="B"></item>
    <item id="o4" line="262" tag="L">        gi-nj-i-ma?</item>
    <item id="o5" line="263" tag="G">        PRES-2sgS.NONFUTURE-INS-MA</item>
    <item id="o6" line="264" tag="T">        `I know what you said (your words) but what are you thinking (lit. ma + `head')?'</item>
  </tier>
  <tier id="c" type="odin-clean">
    <item id="c1" line="259" tag="L">Ngayini       binarri nganggu thangani   nganggu gun.gulu nginjaga</item>
    <item id="c2" line="260" tag="G">1sgPRO            know    2sgOBL mouth/words 2sgOBL head      what</item>
    <item id="c3" line="261" tag="B"/>
    <item id="c4" line="262" tag="L">gi-nj-i-ma?</item>
    <item id="c5" line="263" tag="G">PRES-2sgS.NONFUTURE-INS-MA</item>
    <item id="c6" line="264" tag="T">I know what you said (your words) but what are you thinking (lit. ma + `head')?</item>
  </tier>
  <tier id="p" type="phrases" content="c">
    <item id="p0" content="c1[0:66]"/>
    <item id="p1" content="c4[0:11]"/>
  </tier>
  <tier id="g" type="glosses" content="c">
    <item id="g0" content="c2[0:66]" alignment="p1"/>
    <item id="g1" content="c5[0:26]" alignment="p2"/>
  </tier>
  <tier id="t" type="translations" content="c">
    <item id="t0" content="c6[0:79]" alignment="p2"/>
  </tier>
</igt>
<igt id="i37840">
  <metadata type="xigt-meta">
    <meta type="language" name="bunuba" iso-639-3="bck" tiers="phrases words morphemes"/>
    <meta type="language" name="English" iso-639-3="eng" tiers="translations"/>
    <meta type="odin-source" doc-id="1189" line-range="1094-1096" line-types="L G+LN T"/>
  </metadata>
  <tier id="o" type="odin-raw">
    <item id="o1" line="1094" tag="L">  (28a) Jirali gurama ganba'wurrayningarri.</item>
    <item id="o2" line="1095" tag="G+LN">  Bun before man         chase.3nsg.RA2(aux):RR:PST:CTV</item>
    <item id="o3" line="1096" tag="T">           `Olden-days people used to chase each other.'</item>
  </tier>
  <tier id="c" type="odin-clean">
    <item id="c1" line="1094" tag="L">Jirali gurama ganba'wurrayningarri.</item>
    <item id="c2" line="1095" tag="G+LN">Bun before man         chase.3nsg.RA2(aux):RR:PST:CTV</item>
    <item id="c3" line="1096" tag="T">Olden-days people used to chase each other.</item>
  </tier>
  <tier id="p" type="phrases" content="c">
    <item id="p0" content="c1[0:35]"/>
  </tier>
  <tier id="g" type="glosses" content="c">
    <item id="g0" content="c2[0:53]" alignment="p1"/>
  </tier>
  <tier id="t" type="translations" content="c">
    <item id="t0" content="c3[0:43]" alignment="p1"/>
  </tier>
</igt>
<igt id="i37841">
  <metadata type="xigt-meta">
    <meta type="language" name="bunuba" iso-639-3="bck" tiers="phrases words morphemes"/>
    <meta type="language" name="English" iso-639-3="eng" tiers="translations"/>
    <meta type="odin-source" doc-id="1189" line-range="1098-1100" line-types="L G+LN T"/>
  </metadata>
  <tier id="o" type="odin-raw">
    <item id="o1" line="1098" tag="L">  (28b) Biyirri-ingga nyaga'wurriyni.</item>
    <item id="o2" line="1099" tag="G+LN">  Bun they-ERG        spear.3nsg.WU2(aux):RR:PST</item>
    <item id="o3" line="1100" tag="T">        `They speared each other.'</item>
  </tier>
  <tier id="c" type="odin-clean">
    <item id="c1" line="1098" tag="L">Biyirri-ingga nyaga'wurriyni.</item>
    <item id="c2" line="1099" tag="G+LN">Bun they-ERG        spear.3nsg.WU2(aux):RR:PST</item>
    <item id="c3" line="1100" tag="T">They speared each other.</item>
  </tier>
  <tier id="p" type="phrases" content="c">
    <item id="p0" content="c1[0:29]"/>
  </tier>
  <tier id="g" type="glosses" content="c">
    <item id="g0" content="c2[0:46]" alignment="p1"/>
  </tier>
  <tier id="t" type="translations" content="c">
    <item id="t0" content="c3[0:24]" alignment="p1"/>
  </tier>
</igt>
<igt id="i40084">
  <metadata type="xigt-meta">
    <meta type="language" name="bunuba" iso-639-3="bck" tiers="phrases words morphemes"/>
    <meta type="language" name="English" iso-639-3="eng" tiers="translations"/>
    <meta type="odin-source" doc-id="2979" line-range="1093-1095" line-types="L G+LN T"/>
  </metadata>
  <tier id="o" type="odin-raw">
    <item id="o1" line="1093" tag="L">  (28a) Jirali gurama ganba'wurrayningarri.</item>
    <item id="o2" line="1094" tag="G+LN">  Bun before man         chase.3nsg.RA2(aux):RR:PST:CTV</item>
    <item id="o3" line="1095" tag="T">           `Olden-days people used to chase each other.'</item>
  </tier>
  <tier id="c" type="odin-clean">
    <item id="c1" line="1093" tag="L">Jirali gurama ganba'wurrayningarri.</item>
    <item id="c2" line="1094" tag="G+LN">Bun before man         chase.3nsg.RA2(aux):RR:PST:CTV</item>
    <item id="c3" line="1095" tag="T">Olden-days people used to chase each other.</item>
  </tier>
  <tier id="p" type="phrases" content="c">
    <item id="p0" content="c1[0:35]"/>
  </tier>
  <tier id="g" type="glosses" content="c">
    <item id="g0" content="c2[0:53]" alignment="p1"/>
  </tier>
  <tier id="t" type="translations" content="c">
    <item id="t0" content="c3[0:43]" alignment="p1"/>
  </tier>
</igt>
<igt id="i40085">
  <metadata type="xigt-meta">
    <meta type="language" name="bunuba" iso-639-3="bck" tiers="phrases words morphemes"/>
    <meta type="language" name="English" iso-639-3="eng" tiers="translations"/>
    <meta type="odin-source" doc-id="2979" line-range="1097-1099" line-types="L G+LN T"/>
  </metadata>
  <tier id="o" type="odin-raw">
    <item id="o1" line="1097" tag="L">  (28b) Biyirri-ingga nyaga'wurriyni.</item>
    <item id="o2" line="1098" tag="G+LN">  Bun they-ERG        spear.3nsg.WU2(aux):RR:PST</item>
    <item id="o3" line="1099" tag="T">        `They speared each other.'</item>
  </tier>
  <tier id="c" type="odin-clean">
    <item id="c1" line="1097" tag="L">Biyirri-ingga nyaga'wurriyni.</item>
    <item id="c2" line="1098" tag="G+LN">Bun they-ERG        spear.3nsg.WU2(aux):RR:PST</item>
    <item id="c3" line="1099" tag="T">They speared each other.</item>
  </tier>
  <tier id="p" type="phrases" content="c">
    <item id="p0" content="c1[0:29]"/>
  </tier>
  <tier id="g" type="glosses" content="c">
    <item id="g0" content="c2[0:46]" alignment="p1"/>
  </tier>
  <tier id="t" type="translations" content="c">
    <item id="t0" content="c3[0:24]" alignment="p1"/>
  </tier>
</igt>
<igt id="i87503">
  <metadata type="xigt-meta">
    <meta type="language" name="bunuba" iso-639-3="bck" tiers="phrases words morphemes"/>
    <meta type="language" name="English" iso-639-3="eng" tiers="translations"/>
    <meta type="odin-source" doc-id="3275" line-range="104-106" line-types="L G T+AC"/>
  </metadata>
  <tier id="o" type="odin-raw">
    <item id="o1" line="104" tag="L">    (6) nalija miyha-ngana</item>
    <item id="o2" line="105" tag="G">        tea meat-link</item>
    <item id="o3" line="106" tag="T+AC">        `tea and meat' (Bunuba, Rumsey 2000: 115)</item>
  </tier>
  <tier id="c" type="odin-clean">
    <item id="c1" line="104" tag="L">nalija miyha-ngana</item>
    <item id="c2" line="105" tag="G">tea meat-link</item>
    <item id="c3" line="106" tag="T+AC">tea and meat' (Bunuba, Rumsey 2000: 115)</item>
  </tier>
  <tier id="p" type="phrases" content="c">
    <item id="p0" content="c1[0:18]"/>
  </tier>
  <tier id="g" type="glosses" content="c">
    <item id="g0" content="c2[0:13]" alignment="p1"/>
  </tier>
  <tier id="t" type="translations" content="c">
    <item id="t0" content="c3[0:40]" alignment="p1"/>
  </tier>
</igt>
<igt id="i88141">
  <metadata type="xigt-meta">
    <meta type="language" name="bunuba" iso-639-3="bck" tiers="phrases words morphemes"/>
    <meta type="language" name="English" iso-639-3="eng" tiers="translations"/>
    <meta type="odin-source" doc-id="3274" line-range="1085-1087" line-types="L G T+DB"/>
  </metadata>
  <tier id="o" type="odin-raw">
    <item id="o1" line="1085" tag="L">       (27)   Ngaanyi=ma ø-miy?</item>
    <item id="o2" line="1086" tag="G">              what?=I/I      3SG:S-MA-PAST</item>
    <item id="o3" line="1087" tag="T+DB">              `What did she do/say/think/feel?' or `What happened?'</item>
  </tier>
  <tier id="c" type="odin-clean">
    <item id="c1" line="1085" tag="L">Ngaanyi=ma ø-miy?</item>
    <item id="c2" line="1086" tag="G">what?=I/I      3SG:S-MA-PAST</item>
    <item id="c3" line="1087" tag="T+DB">What did she do/say/think/feel?' or `What happened?</item>
  </tier>
  <tier id="p" type="phrases" content="c">
    <item id="p0" content="c1[0:17]"/>
  </tier>
  <tier id="g" type="glosses" content="c">
    <item id="g0" content="c2[0:28]" alignment="p1"/>
  </tier>
  <tier id="t" type="translations" content="c">
    <item id="t0" content="c3[0:51]" alignment="p1"/>
  </tier>
</igt>
<igt id="i88142">
  <metadata type="xigt-meta">
    <meta type="language" name="bunuba" iso-639-3="bck" tiers="phrases words morphemes"/>
    <meta type="language" name="English" iso-639-3="eng" tiers="translations"/>
    <meta type="odin-source" doc-id="3274" line-range="1109-1111" line-types="L G T"/>
  </metadata>
  <tier id="o" type="odin-raw">
    <item id="o1" line="1109" tag="L">     (28)   Yaninja wau wurr-ma-iy-nhingi.</item>
    <item id="o2" line="1110" tag="G">            alright    whoa 3NSG:S-MA-PAST-3SG:OBL</item>
    <item id="o3" line="1111" tag="T">            `Alright, "Whoa!" they said to him.'</item>
  </tier>
  <tier id="c" type="odin-clean">
    <item id="c1" line="1109" tag="L">Yaninja wau wurr-ma-iy-nhingi.</item>
    <item id="c2" line="1110" tag="G">alright    whoa 3NSG:S-MA-PAST-3SG:OBL</item>
    <item id="c3" line="1111" tag="T">Alright, "Whoa!" they said to him.</item>
  </tier>
  <tier id="p" type="phrases" content="c">
    <item id="p0" content="c1[0:30]"/>
  </tier>
  <tier id="g" type="glosses" content="c">
    <item id="g0" content="c2[0:38]" alignment="p1"/>
  </tier>
  <tier id="t" type="translations" content="c">
    <item id="t0" content="c3[0:34]" alignment="p1"/>
  </tier>
</igt>
<igt id="i88143">
  <metadata type="xigt-meta">
    <meta type="language" name="bunuba" iso-639-3="bck" tiers="phrases words morphemes"/>
    <meta type="language" name="English" iso-639-3="eng" tiers="translations"/>
    <meta type="odin-source" doc-id="3274" line-range="1120-1125" line-types="L G L G T M"/>
  </metadata>
  <tier id="o" type="odin-raw">
    <item id="o1" line="1120" tag="L">     (29)   Ngayini binarri     nganggu thangani</item>
    <item id="o2" line="1121" tag="G">            1SG:PRO know        2SG:OBL mouth/words</item>
    <item id="o3" line="1122" tag="L">            nganggu gun.gulu nginjaga gi-nj-i-ma?</item>
    <item id="o4" line="1123" tag="G">            2SG:OBL head        what      PRES-2SG:S:NONFUTURE-INS-MA</item>
    <item id="o5" line="1124" tag="T">            `I know what you said (your words) but what are you thinking?'</item>
    <item id="o6" line="1125" tag="M">            (lit. ma + `head')?</item>
  </tier>
  <tier id="c" type="odin-clean">
    <item id="c1" line="1120" tag="L">Ngayini binarri     nganggu thangani</item>
    <item id="c2" line="1121" tag="G">1SG:PRO know        2SG:OBL mouth/words</item>
    <item id="c3" line="1122" tag="L">nganggu gun.gulu nginjaga gi-nj-i-ma?</item>
    <item id="c4" line="1123" tag="G">2SG:OBL head        what      PRES-2SG:S:NONFUTURE-INS-MA</item>
    <item id="c5" line="1124" tag="T">I know what you said (your words) but what are you thinking?</item>
    <item id="c6" line="1125" tag="M">(lit. ma + `head')?</item>
  </tier>
  <tier id="p" type="phrases" content="c">
    <item id="p0" content="c1[0:36]"/>
    <item id="p1" content="c3[0:37]"/>
  </tier>
  <tier id="g" type="glosses" content="c">
    <item id="g0" content="c2[0:39]" alignment="p1"/>
    <item id="g1" content="c4[0:57]" alignment="p2"/>
  </tier>
  <tier id="t" type="translations" content="c">
    <item id="t0" content="c5[0:60]" alignment="p2"/>
  </tier>
</igt>
<igt id="i88144">
  <metadata type="xigt-meta">
    <meta type="language" name="bunuba" iso-639-3="bck" tiers="phrases words morphemes"/>
    <meta type="language" name="English" iso-639-3="eng" tiers="translations"/>
    <meta type="odin-source" doc-id="3274" line-range="1131-1133" line-types="L G T"/>
  </metadata>
  <tier id="o" type="odin-raw">
    <item id="o1" line="1131" tag="L">     (30)   (a)    Ngaanyi=ma ø-ma-iy          thangani?</item>
    <item id="o2" line="1132" tag="G">                   what=I/I      3SG:S-MA-PAST mouth</item>
    <item id="o3" line="1133" tag="T">                   `What did she say?'</item>
  </tier>
  <tier id="c" type="odin-clean">
    <item id="c1" line="1131" tag="L">(a)    Ngaanyi=ma ø-ma-iy          thangani?</item>
    <item id="c2" line="1132" tag="G">what=I/I      3SG:S-MA-PAST mouth</item>
    <item id="c3" line="1133" tag="T">What did she say?</item>
  </tier>
  <tier id="p" type="phrases" content="c">
    <item id="p0" content="c1[0:44]"/>
  </tier>
  <tier id="g" type="glosses" content="c">
    <item id="g0" content="c2[0:33]" alignment="p1"/>
  </tier>
  <tier id="t" type="translations" content="c">
    <item id="t0" content="c3[0:17]" alignment="p1"/>
  </tier>
</igt>
<igt id="i88145">
  <metadata type="xigt-meta">
    <meta type="language" name="bunuba" iso-639-3="bck" tiers="phrases words morphemes"/>
    <meta type="language" name="English" iso-639-3="eng" tiers="translations"/>
    <meta type="odin-source" doc-id="3274" line-range="1135-1137" line-types="L G T"/>
  </metadata>
  <tier id="o" type="odin-raw">
    <item id="o1" line="1135" tag="L">            (b)    Ngaanyi=ma ø-ma-iy          gun.gulu?</item>
    <item id="o2" line="1136" tag="G">                   what=I/I      3SG:S-MA-PAST head</item>
    <item id="o3" line="1137" tag="T">                   `What did she think?'</item>
  </tier>
  <tier id="c" type="odin-clean">
    <item id="c1" line="1135" tag="L">Ngaanyi=ma ø-ma-iy          gun.gulu?</item>
    <item id="c2" line="1136" tag="G">what=I/I      3SG:S-MA-PAST head</item>
    <item id="c3" line="1137" tag="T">What did she think?</item>
  </tier>
  <tier id="p" type="phrases" content="c">
    <item id="p0" content="c1[0:37]"/>
  </tier>
  <tier id="g" type="glosses" content="c">
    <item id="g0" content="c2[0:32]" alignment="p1"/>
  </tier>
  <tier id="t" type="translations" content="c">
    <item id="t0" content="c3[0:19]" alignment="p1"/>
  </tier>
</igt>
<igt id="i98824">
  <metadata type="xigt-meta">
    <meta type="language" name="bunuba" iso-639-3="bck" tiers="phrases words morphemes"/>
    <meta type="language" name="English" iso-639-3="eng" tiers="translations"/>
    <meta type="odin-source" doc-id="2887" line-range="1094-1096" line-types="L G+LN T"/>
  </metadata>
  <tier id="o" type="odin-raw">
    <item id="o1" line="1094" tag="L">  (28a) Jirali gurama ganba'wurrayningarri.</item>
    <item id="o2" line="1095" tag="G+LN">  Bun before man         chase.3nsg.RA2(aux):RR:PST:CTV</item>
    <item id="o3" line="1096" tag="T">           `Olden-days people used to chase each other.'</item>
  </tier>
  <tier id="c" type="odin-clean">
    <item id="c1" line="1094" tag="L">Jirali gurama ganba'wurrayningarri.</item>
    <item id="c2" line="1095" tag="G+LN">Bun before man         chase.3nsg.RA2(aux):RR:PST:CTV</item>
    <item id="c3" line="1096" tag="T">Olden-days people used to chase each other.</item>
  </tier>
  <tier id="p" type="phrases" content="c">
    <item id="p0" content="c1[0:35]"/>
  </tier>
  <tier id="g" type="glosses" content="c">
    <item id="g0" content="c2[0:53]" alignment="p1"/>
  </tier>
  <tier id="t" type="translations" content="c">
    <item id="t0" content="c3[0:43]" alignment="p1"/>
  </tier>
</igt>
<igt id="i98825">
  <metadata type="xigt-meta">
    <meta type="language" name="bunuba" iso-639-3="bck" tiers="phrases words morphemes"/>
    <meta type="language" name="English" iso-639-3="eng" tiers="translations"/>
    <meta type="odin-source" doc-id="2887" line-range="1098-1100" line-types="L G+LN T"/>
  </metadata>
  <tier id="o" type="odin-raw">
    <item id="o1" line="1098" tag="L">  (28b) Biyirri-ingga nyaga'wurriyni.</item>
    <item id="o2" line="1099" tag="G+LN">  Bun they-ERG        spear.3nsg.WU2(aux):RR:PST</item>
    <item id="o3" line="1100" tag="T">        `They speared each other.'</item>
  </tier>
  <tier id="c" type="odin-clean">
    <item id="c1" line="1098" tag="L">Biyirri-ingga nyaga'wurriyni.</item>
    <item id="c2" line="1099" tag="G+LN">Bun they-ERG        spear.3nsg.WU2(aux):RR:PST</item>
    <item id="c3" line="1100" tag="T">They speared each other.</item>
  </tier>
  <tier id="p" type="phrases" content="c">
    <item id="p0" content="c1[0:29]"/>
  </tier>
  <tier id="g" type="glosses" content="c">
    <item id="g0" content="c2[0:46]" alignment="p1"/>
  </tier>
  <tier id="t" type="translations" content="c">
    <item id="t0" content="c3[0:24]" alignment="p1"/>
  </tier>
</igt>
<igt id="i118143">
  <metadata type="xigt-meta">
    <meta type="language" name="bunuba" iso-639-3="bck" tiers="phrases words morphemes"/>
    <meta type="language" name="English" iso-639-3="eng" tiers="translations"/>
    <meta type="odin-source" doc-id="3657" line-range="4252-4255" line-types="M+AC+LN L G T+DB+LT"/>
  </metadata>
  <tier id="o" type="odin-raw">
    <item id="o1" line="4252" tag="M+AC+LN">  (5)   Bunuba (Bunuban, Rumsey 2000)</item>
    <item id="o2" line="4253" tag="L">           Nyirraji-ingga baga'ranganggi</item>
    <item id="o3" line="4254" tag="G">           this one-ERG sleep 3sg-ra-PRES-2sg.OBL</item>
    <item id="o4" line="4255" tag="T+DB+LT">           `This one is sleeping with your wife (lit. sleeping, affecting you)'</item>
  </tier>
  <tier id="c" type="odin-clean">
    <item id="c1" line="4252" tag="M+AC+LN">Bunuba (Bunuban, Rumsey 2000</item>
    <item id="c2" line="4253" tag="L">Nyirraji-ingga baga'ranganggi</item>
    <item id="c3" line="4254" tag="G">this one-ERG sleep 3sg-ra-PRES-2sg.OBL</item>
    <item id="c4" line="4255" tag="T+DB+LT">This one is sleeping with your wife (lit. sleeping, affecting you)</item>
  </tier>
  <tier id="p" type="phrases" content="c">
    <item id="p0" content="c2[0:29]"/>
  </tier>
  <tier id="g" type="glosses" content="c">
    <item id="g0" content="c3[0:38]" alignment="p1"/>
  </tier>
  <tier id="t" type="translations" content="c">
    <item id="t0" content="c4[0:66]" alignment="p1"/>
  </tier>
</igt>
</xigt-corpus>
