<?xml version="1.0" encoding="UTF-8"?>
<xigt-corpus>
<igt id="i18768">
  <metadata type="xigt-meta">
    <meta type="language" name="beja" iso-639-3="bej" tiers="phrases words morphemes"/>
    <meta type="language" name="English" iso-639-3="eng" tiers="translations"/>
    <meta type="odin-source" doc-id="2906" line-range="1289-1293" line-types="M+LN L G T M+AC"/>
  </metadata>
  <tier id="o" type="odin-raw">
    <item id="o1" line="1289" tag="M+LN">       Beja (Cushitic)</item>
    <item id="o2" line="1290" tag="L">       b. ti-k,,aa-t-oo-`k=t-u</item>
    <item id="o3" line="1291" tag="G">          D-sister-FEM-GEN-2SG=she-3SG</item>
    <item id="o4" line="1292" tag="T">          `She is your sister.'</item>
    <item id="o5" line="1293" tag="M+AC">                                                                 (Hudson 1974:126)</item>
  </tier>
  <tier id="c" type="odin-clean">
    <item id="c1" line="1289" tag="M+LN">Beja (Cushitic)</item>
    <item id="c2" line="1290" tag="L">ti-k,,aa-t-oo-`k=t-u</item>
    <item id="c3" line="1291" tag="G">D-sister-FEM-GEN-2SG=she-3SG</item>
    <item id="c4" line="1292" tag="T">She is your sister.</item>
    <item id="c5" line="1293" tag="M+AC">Hudson 1974:126</item>
  </tier>
  <tier id="p" type="phrases" content="c">
    <item id="p0" content="c2[0:20]"/>
  </tier>
  <tier id="g" type="glosses" content="c">
    <item id="g0" content="c3[0:28]" alignment="p1"/>
  </tier>
  <tier id="t" type="translations" content="c">
    <item id="t0" content="c4[0:19]" alignment="p1"/>
  </tier>
</igt>
<igt id="i41809">
  <metadata type="xigt-meta">
    <meta type="language" name="beja" iso-639-3="bej" tiers="phrases words morphemes"/>
    <meta type="language" name="English" iso-639-3="eng" tiers="translations"/>
    <meta type="odin-source" doc-id="3512" line-range="2266-2270" line-types="M+LN L G T M+AC"/>
  </metadata>
  <tier id="o" type="odin-raw">
    <item id="o1" line="2266" tag="M+LN">       Beja (Cushitic)</item>
    <item id="o2" line="2267" tag="L">       b. ti-k,,aa-t-oo-`k=t-u</item>
    <item id="o3" line="2268" tag="G">          D-sister-FEM-GEN-2SG=she-3SG</item>
    <item id="o4" line="2269" tag="T">          `She is your sister.'</item>
    <item id="o5" line="2270" tag="M+AC">                                                                 (Hudson 1974:126)</item>
  </tier>
  <tier id="c" type="odin-clean">
    <item id="c1" line="2266" tag="M+LN">Beja (Cushitic)</item>
    <item id="c2" line="2267" tag="L">ti-k,,aa-t-oo-`k=t-u</item>
    <item id="c3" line="2268" tag="G">D-sister-FEM-GEN-2SG=she-3SG</item>
    <item id="c4" line="2269" tag="T">She is your sister.</item>
    <item id="c5" line="2270" tag="M+AC">Hudson 1974:126</item>
  </tier>
  <tier id="p" type="phrases" content="c">
    <item id="p0" content="c2[0:20]"/>
  </tier>
  <tier id="g" type="glosses" content="c">
    <item id="g0" content="c3[0:28]" alignment="p1"/>
  </tier>
  <tier id="t" type="translations" content="c">
    <item id="t0" content="c4[0:19]" alignment="p1"/>
  </tier>
</igt>
<igt id="i117177">
  <metadata type="xigt-meta">
    <meta type="language" name="beja" iso-639-3="bej" tiers="phrases words morphemes"/>
    <meta type="language" name="English" iso-639-3="eng" tiers="translations"/>
    <meta type="odin-source" doc-id="3656" line-range="19220-19222" line-types="L G T"/>
  </metadata>
  <tier id="o" type="odin-raw">
    <item id="o1" line="19220" tag="L">  (2a) rh -íya               -héeb.</item>
    <item id="o2" line="19221" tag="G">         see -(PAST)3MSG     -me</item>
    <item id="o3" line="19222" tag="T">        "he saw me."</item>
  </tier>
  <tier id="c" type="odin-clean">
    <item id="c1" line="19220" tag="L">rh-íya-héeb.</item>
    <item id="c2" line="19221" tag="G">see-(PAST)3MSG-me</item>
    <item id="c3" line="19222" tag="T">he saw me.</item>
  </tier>
  <tier id="p" type="phrases" content="c">
    <item id="p0" content="c1[0:12]"/>
  </tier>
  <tier id="g" type="glosses" content="c">
    <item id="g0" content="c2[0:17]" alignment="p1"/>
  </tier>
  <tier id="t" type="translations" content="c">
    <item id="t0" content="c3[0:10]" alignment="p1"/>
  </tier>
</igt>
<igt id="i117178">
  <metadata type="xigt-meta">
    <meta type="language" name="beja" iso-639-3="bej" tiers="phrases words morphemes"/>
    <meta type="language" name="English" iso-639-3="eng" tiers="translations"/>
    <meta type="odin-source" doc-id="3656" line-range="19223-19225" line-types="L G T"/>
  </metadata>
  <tier id="o" type="odin-raw">
    <item id="o1" line="19223" tag="L">  (2b) rh -íyaan             -héeb.</item>
    <item id="o2" line="19224" tag="G">         see -(PAST)3MPL     -me</item>
    <item id="o3" line="19225" tag="T">         "they saw me."</item>
  </tier>
  <tier id="c" type="odin-clean">
    <item id="c1" line="19223" tag="L">rh-íyaan-héeb.</item>
    <item id="c2" line="19224" tag="G">see-(PAST)3MPL-me</item>
    <item id="c3" line="19225" tag="T">they saw me.</item>
  </tier>
  <tier id="p" type="phrases" content="c">
    <item id="p0" content="c1[0:14]"/>
  </tier>
  <tier id="g" type="glosses" content="c">
    <item id="g0" content="c2[0:17]" alignment="p1"/>
  </tier>
  <tier id="t" type="translations" content="c">
    <item id="t0" content="c3[0:12]" alignment="p1"/>
  </tier>
</igt>
<igt id="i117179">
  <metadata type="xigt-meta">
    <meta type="language" name="beja" iso-639-3="bej" tiers="phrases words morphemes"/>
    <meta type="language" name="English" iso-639-3="eng" tiers="translations"/>
    <meta type="odin-source" doc-id="3656" line-range="19265-19267" line-types="L G T"/>
  </metadata>
  <tier id="o" type="odin-raw">
    <item id="o1" line="19265" tag="L">  (1a) hiy -áab -Ø kí-i-               k -i.</item>
    <item id="o2" line="19266" tag="G">        given -PTCP -him not-(PRES)3M- be -SG</item>
    <item id="o3" line="19267" tag="T">       "he did not give it to him."</item>
  </tier>
  <tier id="c" type="odin-clean">
    <item id="c1" line="19265" tag="L">hiy-áab-Ø kí-i-k-i.</item>
    <item id="c2" line="19266" tag="G">given-PTCP-him not-(PRES)3M-be-SG</item>
    <item id="c3" line="19267" tag="T">he did not give it to him.</item>
  </tier>
  <tier id="p" type="phrases" content="c">
    <item id="p0" content="c1[0:19]"/>
  </tier>
  <tier id="g" type="glosses" content="c">
    <item id="g0" content="c2[0:33]" alignment="p1"/>
  </tier>
  <tier id="t" type="translations" content="c">
    <item id="t0" content="c3[0:26]" alignment="p1"/>
  </tier>
</igt>
<igt id="i117180">
  <metadata type="xigt-meta">
    <meta type="language" name="beja" iso-639-3="bej" tiers="phrases words morphemes"/>
    <meta type="language" name="English" iso-639-3="eng" tiers="translations"/>
    <meta type="odin-source" doc-id="3656" line-range="19269-19271" line-types="L G T"/>
  </metadata>
  <tier id="o" type="odin-raw">
    <item id="o1" line="19269" tag="L">  (1b) híy -aab -Ø kí-i-              k -een.</item>
    <item id="o2" line="19270" tag="G">       given -PTCP -him not- (PRES)3M- be -PL</item>
    <item id="o3" line="19271" tag="T">      "they did not give it to him."</item>
  </tier>
  <tier id="c" type="odin-clean">
    <item id="c1" line="19269" tag="L">híy-aab-Ø kí-i-k-een.</item>
    <item id="c2" line="19270" tag="G">given-PTCP-him not-(PRES)3M-be-PL</item>
    <item id="c3" line="19271" tag="T">they did not give it to him.</item>
  </tier>
  <tier id="p" type="phrases" content="c">
    <item id="p0" content="c1[0:21]"/>
  </tier>
  <tier id="g" type="glosses" content="c">
    <item id="g0" content="c2[0:33]" alignment="p1"/>
  </tier>
  <tier id="t" type="translations" content="c">
    <item id="t0" content="c3[0:28]" alignment="p1"/>
  </tier>
</igt>
<igt id="i117181">
  <metadata type="xigt-meta">
    <meta type="language" name="beja" iso-639-3="bej" tiers="phrases words morphemes"/>
    <meta type="language" name="English" iso-639-3="eng" tiers="translations"/>
    <meta type="odin-source" doc-id="3656" line-range="19276-19279" line-types="L G+CR G+CR T"/>
  </metadata>
  <tier id="o" type="odin-raw">
    <item id="o1" line="19276" tag="L">  (4a) had'áay -u           kí-i-       k -i</item>
    <item id="o2" line="19277" tag="G+CR">                            not-(PRES)3M- be -SG</item>
    <item id="o3" line="19278" tag="G+CR">       sheikh     -my</item>
    <item id="o4" line="19279" tag="T">      "He is not my sheikh"</item>
  </tier>
  <tier id="c" type="odin-clean">
    <item id="c1" line="19276" tag="L">had'áay-u           kí-i-k-i</item>
    <item id="c2" line="19277 19278" tag="G+CR">sheikh-my       not-(PRES)3M-be-SG</item>
    <item id="c4" line="19279" tag="T">He is not my sheikh</item>
  </tier>
  <tier id="p" type="phrases" content="c">
    <item id="p0" content="c1[0:28]"/>
  </tier>
  <tier id="g" type="glosses" content="c">
    <item id="g0" content="c2[0:34]" alignment="p1"/>
  </tier>
  <tier id="t" type="translations" content="c">
    <item id="t0" content="c4[0:19]" alignment="p1"/>
  </tier>
</igt>
<igt id="i117182">
  <metadata type="xigt-meta">
    <meta type="language" name="beja" iso-639-3="bej" tiers="phrases words morphemes"/>
    <meta type="language" name="English" iso-639-3="eng" tiers="translations"/>
    <meta type="odin-source" doc-id="3656" line-range="19281-19284" line-types="L G+CR G+CR T"/>
  </metadata>
  <tier id="o" type="odin-raw">
    <item id="o1" line="19281" tag="L">  (4b) hád'aay -i           kí-i-       k -een</item>
    <item id="o2" line="19282" tag="G+CR">                           not-(PRES)3M- be -PL</item>
    <item id="o3" line="19283" tag="G+CR">       sheikhPL -my</item>
    <item id="o4" line="19284" tag="T">      "They are not my sheikhs"</item>
  </tier>
  <tier id="c" type="odin-clean">
    <item id="c1" line="19281" tag="L">hád'aay-i           kí-i-k-een</item>
    <item id="c2" line="19282 19283" tag="G+CR">sheikhPL-my        not-(PRES)3M-be-PL</item>
    <item id="c4" line="19284" tag="T">They are not my sheikhs</item>
  </tier>
  <tier id="p" type="phrases" content="c">
    <item id="p0" content="c1[0:30]"/>
  </tier>
  <tier id="g" type="glosses" content="c">
    <item id="g0" content="c2[0:37]" alignment="p1"/>
  </tier>
  <tier id="t" type="translations" content="c">
    <item id="t0" content="c4[0:23]" alignment="p1"/>
  </tier>
</igt>
<igt id="i117183">
  <metadata type="xigt-meta">
    <meta type="language" name="beja" iso-639-3="bej" tiers="phrases words morphemes"/>
    <meta type="language" name="English" iso-639-3="eng" tiers="translations"/>
    <meta type="odin-source" doc-id="3656" line-range="19300-19303" line-types="L G+CR G+CR T"/>
  </metadata>
  <tier id="o" type="odin-raw">
    <item id="o1" line="19300" tag="L">  (3a) rh -áay -u          kí-i-       k -i.</item>
    <item id="o2" line="19301" tag="G+CR">                           not-(PRES)3M- be -SG</item>
    <item id="o3" line="19302" tag="G+CR">       see -PTCP -my</item>
    <item id="o4" line="19303" tag="T">      "he did not see me."</item>
  </tier>
  <tier id="c" type="odin-clean">
    <item id="c1" line="19300" tag="L">rh-áay-u          kí-i-k-i.</item>
    <item id="c2" line="19301 19302" tag="G+CR">see-PTCP-my       not-(PRES)3M-be-SG</item>
    <item id="c4" line="19303" tag="T">he did not see me.</item>
  </tier>
  <tier id="p" type="phrases" content="c">
    <item id="p0" content="c1[0:27]"/>
  </tier>
  <tier id="g" type="glosses" content="c">
    <item id="g0" content="c2[0:36]" alignment="p1"/>
  </tier>
  <tier id="t" type="translations" content="c">
    <item id="t0" content="c4[0:18]" alignment="p1"/>
  </tier>
</igt>
<igt id="i117184">
  <metadata type="xigt-meta">
    <meta type="language" name="beja" iso-639-3="bej" tiers="phrases words morphemes"/>
    <meta type="language" name="English" iso-639-3="eng" tiers="translations"/>
    <meta type="odin-source" doc-id="3656" line-range="19305-19307" line-types="L G T"/>
  </metadata>
  <tier id="o" type="odin-raw">
    <item id="o1" line="19305" tag="L">  (3b) rh -áay -i           kí-i-    k -een.</item>
    <item id="o2" line="19306" tag="G">       see -PTCP PL -my not-(PRES)3M- be -PL</item>
    <item id="o3" line="19307" tag="T">      "they did not see me."</item>
  </tier>
  <tier id="c" type="odin-clean">
    <item id="c1" line="19305" tag="L">rh-áay-i           kí-i-k-een.</item>
    <item id="c2" line="19306" tag="G">see-PTCP PL-my not-(PRES)3M-be-PL</item>
    <item id="c3" line="19307" tag="T">they did not see me.</item>
  </tier>
  <tier id="p" type="phrases" content="c">
    <item id="p0" content="c1[0:30]"/>
  </tier>
  <tier id="g" type="glosses" content="c">
    <item id="g0" content="c2[0:33]" alignment="p1"/>
  </tier>
  <tier id="t" type="translations" content="c">
    <item id="t0" content="c3[0:20]" alignment="p1"/>
  </tier>
</igt>
<igt id="i117185">
  <metadata type="xigt-meta">
    <meta type="language" name="beja" iso-639-3="bej" tiers="phrases words morphemes"/>
    <meta type="language" name="English" iso-639-3="eng" tiers="translations"/>
    <meta type="odin-source" doc-id="3656" line-range="19359-19361" line-types="L G T"/>
  </metadata>
  <tier id="o" type="odin-raw">
    <item id="o1" line="19359" tag="L">  1 Anaa san-u!</item>
    <item id="o2" line="19360" tag="G">    you! brother-my!</item>
    <item id="o3" line="19361" tag="T">   "You, my brother!"</item>
  </tier>
  <tier id="c" type="odin-clean">
    <item id="c1" line="19359" tag="L">1 Anaa san-u!</item>
    <item id="c2" line="19360" tag="G">you! brother-my!</item>
    <item id="c3" line="19361" tag="T">You, my brother!</item>
  </tier>
  <tier id="p" type="phrases" content="c">
    <item id="p0" content="c1[0:13]"/>
  </tier>
  <tier id="g" type="glosses" content="c">
    <item id="g0" content="c2[0:16]" alignment="p1"/>
  </tier>
  <tier id="t" type="translations" content="c">
    <item id="t0" content="c3[0:16]" alignment="p1"/>
  </tier>
</igt>
<igt id="i117186">
  <metadata type="xigt-meta">
    <meta type="language" name="beja" iso-639-3="bej" tiers="phrases words morphemes"/>
    <meta type="language" name="English" iso-639-3="eng" tiers="translations"/>
    <meta type="odin-source" doc-id="3656" line-range="19363-19365" line-types="L G T"/>
  </metadata>
  <tier id="o" type="odin-raw">
    <item id="o1" line="19363" tag="L">  2 u-sikkaay hasam-ti-yoon-hoob,</item>
    <item id="o2" line="19364" tag="G">    the-way      pass-you-us-when,</item>
    <item id="o3" line="19365" tag="T">   "When on your way you pass by (us),"</item>
  </tier>
  <tier id="c" type="odin-clean">
    <item id="c1" line="19363" tag="L">2 u-sikkaay hasam-ti-yoon-hoob,</item>
    <item id="c2" line="19364" tag="G">the-way      pass-you-us-when,</item>
    <item id="c3" line="19365" tag="T">When on your way you pass by (us),</item>
  </tier>
  <tier id="p" type="phrases" content="c">
    <item id="p0" content="c1[0:31]"/>
  </tier>
  <tier id="g" type="glosses" content="c">
    <item id="g0" content="c2[0:30]" alignment="p1"/>
  </tier>
  <tier id="t" type="translations" content="c">
    <item id="t0" content="c3[0:34]" alignment="p1"/>
  </tier>
</igt>
<igt id="i117187">
  <metadata type="xigt-meta">
    <meta type="language" name="beja" iso-639-3="bej" tiers="phrases words morphemes"/>
    <meta type="language" name="English" iso-639-3="eng" tiers="translations"/>
    <meta type="odin-source" doc-id="3656" line-range="19367-19369" line-types="L G T"/>
  </metadata>
  <tier id="o" type="odin-raw">
    <item id="o1" line="19367" tag="L">  3 d-hoon tar-a!</item>
    <item id="o2" line="19368" tag="G">    for-us    detour-IMPERAT M.</item>
    <item id="o3" line="19369" tag="T">   "make a detour to us!"</item>
  </tier>
  <tier id="c" type="odin-clean">
    <item id="c1" line="19367" tag="L">3 d-hoon tar-a!</item>
    <item id="c2" line="19368" tag="G">for-us    detour-IMPERAT M.</item>
    <item id="c3" line="19369" tag="T">make a detour to us!</item>
  </tier>
  <tier id="p" type="phrases" content="c">
    <item id="p0" content="c1[0:15]"/>
  </tier>
  <tier id="g" type="glosses" content="c">
    <item id="g0" content="c2[0:27]" alignment="p1"/>
  </tier>
  <tier id="t" type="translations" content="c">
    <item id="t0" content="c3[0:20]" alignment="p1"/>
  </tier>
</igt>
<igt id="i117188">
  <metadata type="xigt-meta">
    <meta type="language" name="beja" iso-639-3="bej" tiers="phrases words morphemes"/>
    <meta type="language" name="English" iso-639-3="eng" tiers="translations"/>
    <meta type="odin-source" doc-id="3656" line-range="19371-19373" line-types="L G T"/>
  </metadata>
  <tier id="o" type="odin-raw">
    <item id="o1" line="19371" tag="L">  4 Ee-rh-eek                  aree-nay-ay.</item>
    <item id="o2" line="19372" tag="G">    the(PL)-seeings-yours(SG) love-we (PRES)-because.</item>
    <item id="o3" line="19373" tag="T">   "because we enjoy seeing you (SG)."</item>
  </tier>
  <tier id="c" type="odin-clean">
    <item id="c1" line="19371" tag="L">4 Ee-rh-eek                  aree-nay-ay.</item>
    <item id="c2" line="19372" tag="G">the(PL)-seeings-yours(SG) love-we (PRES)-because.</item>
    <item id="c3" line="19373" tag="T">because we enjoy seeing you (SG).</item>
  </tier>
  <tier id="p" type="phrases" content="c">
    <item id="p0" content="c1[0:41]"/>
  </tier>
  <tier id="g" type="glosses" content="c">
    <item id="g0" content="c2[0:49]" alignment="p1"/>
  </tier>
  <tier id="t" type="translations" content="c">
    <item id="t0" content="c3[0:33]" alignment="p1"/>
  </tier>
</igt>
<igt id="i117189">
  <metadata type="xigt-meta">
    <meta type="language" name="beja" iso-639-3="bej" tiers="phrases words morphemes"/>
    <meta type="language" name="English" iso-639-3="eng" tiers="translations"/>
    <meta type="odin-source" doc-id="3656" line-range="19377-19379" line-types="L G T"/>
  </metadata>
  <tier id="o" type="odin-raw">
    <item id="o1" line="19377" tag="L">  5 Ani-han batee-yee-kna ee-rhi                      winneet minniim-ani.</item>
    <item id="o2" line="19378" tag="G">    I-also      you F-GEN-PL         the(PL)-seeings strongly desire-I (PRES)</item>
    <item id="o3" line="19379" tag="T">   "I also desire very much to see you (F PL)."</item>
  </tier>
  <tier id="c" type="odin-clean">
    <item id="c1" line="19377" tag="L">5 Ani-han batee-yee-kna ee-rhi                      winneet minniim-ani.</item>
    <item id="c2" line="19378" tag="G">I-also      you F-GEN-PL         the(PL)-seeings strongly desire-I (PRES)</item>
    <item id="c3" line="19379" tag="T">I also desire very much to see you (F PL).</item>
  </tier>
  <tier id="p" type="phrases" content="c">
    <item id="p0" content="c1[0:72]"/>
  </tier>
  <tier id="g" type="glosses" content="c">
    <item id="g0" content="c2[0:73]" alignment="p1"/>
  </tier>
  <tier id="t" type="translations" content="c">
    <item id="t0" content="c3[0:42]" alignment="p1"/>
  </tier>
</igt>
<igt id="i117190">
  <metadata type="xigt-meta">
    <meta type="language" name="beja" iso-639-3="bej" tiers="phrases words morphemes"/>
    <meta type="language" name="English" iso-639-3="eng" tiers="translations"/>
    <meta type="odin-source" doc-id="3656" line-range="19381-19383" line-types="L G T"/>
  </metadata>
  <tier id="o" type="odin-raw">
    <item id="o1" line="19381" tag="L">  6 Allaa tankwiikw-eek,</item>
    <item id="o2" line="19382" tag="G">    Allah agree (PRES)-if</item>
    <item id="o3" line="19383" tag="T">    "if Allah agrees,"</item>
  </tier>
  <tier id="c" type="odin-clean">
    <item id="c1" line="19381" tag="L">6 Allaa tankwiikw-eek,</item>
    <item id="c2" line="19382" tag="G">Allah agree (PRES)-if</item>
    <item id="c3" line="19383" tag="T">if Allah agrees,</item>
  </tier>
  <tier id="p" type="phrases" content="c">
    <item id="p0" content="c1[0:22]"/>
  </tier>
  <tier id="g" type="glosses" content="c">
    <item id="g0" content="c2[0:21]" alignment="p1"/>
  </tier>
  <tier id="t" type="translations" content="c">
    <item id="t0" content="c3[0:16]" alignment="p1"/>
  </tier>
</igt>
<igt id="i117191">
  <metadata type="xigt-meta">
    <meta type="language" name="beja" iso-639-3="bej" tiers="phrases words morphemes"/>
    <meta type="language" name="English" iso-639-3="eng" tiers="translations"/>
    <meta type="odin-source" doc-id="3656" line-range="19385-19387" line-types="L G T"/>
  </metadata>
  <tier id="o" type="odin-raw">
    <item id="o1" line="19385" tag="L">  7 fajir fajir d-hookna tar-tiit,</item>
    <item id="o2" line="19386" tag="G">    morning morning for-you PL detour-and</item>
    <item id="o3" line="19387" tag="T">    "every morning I will make a detour to you and"</item>
  </tier>
  <tier id="c" type="odin-clean">
    <item id="c1" line="19385" tag="L">7 fajir fajir d-hookna tar-tiit,</item>
    <item id="c2" line="19386" tag="G">morning morning for-you PL detour-and</item>
    <item id="c3" line="19387" tag="T">every morning I will make a detour to you and</item>
  </tier>
  <tier id="p" type="phrases" content="c">
    <item id="p0" content="c1[0:32]"/>
  </tier>
  <tier id="g" type="glosses" content="c">
    <item id="g0" content="c2[0:37]" alignment="p1"/>
  </tier>
  <tier id="t" type="translations" content="c">
    <item id="t0" content="c3[0:45]" alignment="p1"/>
  </tier>
</igt>
<igt id="i117192">
  <metadata type="xigt-meta">
    <meta type="language" name="beja" iso-639-3="bej" tiers="phrases words morphemes"/>
    <meta type="language" name="English" iso-639-3="eng" tiers="translations"/>
    <meta type="odin-source" doc-id="3656" line-range="19403-19405" line-types="L G T"/>
  </metadata>
  <tier id="o" type="odin-raw">
    <item id="o1" line="19403" tag="L">  8 dabaaysalaam-i-hookna an-di.</item>
    <item id="o2" line="19404" tag="G">    greet-FUT-you PL     I (PRES)-mean</item>
    <item id="o3" line="19405" tag="T">    "I will greet you."</item>
  </tier>
  <tier id="c" type="odin-clean">
    <item id="c1" line="19403" tag="L">8 dabaaysalaam-i-hookna an-di.</item>
    <item id="c2" line="19404" tag="G">greet-FUT-you PL     I (PRES)-mean</item>
    <item id="c3" line="19405" tag="T">I will greet you.</item>
  </tier>
  <tier id="p" type="phrases" content="c">
    <item id="p0" content="c1[0:30]"/>
  </tier>
  <tier id="g" type="glosses" content="c">
    <item id="g0" content="c2[0:34]" alignment="p1"/>
  </tier>
  <tier id="t" type="translations" content="c">
    <item id="t0" content="c3[0:17]" alignment="p1"/>
  </tier>
</igt>
</xigt-corpus>
