<?xml version="1.0" encoding="UTF-8"?>
<xigt-corpus>
<igt id="i19756">
  <metadata type="xigt-meta">
    <meta type="language" name="belarusan" iso-639-3="bel" tiers="phrases words morphemes"/>
    <meta type="language" name="English" iso-639-3="eng" tiers="translations"/>
    <meta type="odin-source" doc-id="270" line-range="666-668" line-types="L+LN G T"/>
  </metadata>
  <tier id="o" type="odin-raw">
    <item id="o1" line="666" tag="L+LN">  (32) Scjapan byw      saldatam.                                                       (BRu)</item>
    <item id="o2" line="667" tag="G">       Scjapan COPPST soldierINST</item>
    <item id="o3" line="668" tag="T">       'Scjapan was a soldier.'</item>
  </tier>
  <tier id="c" type="odin-clean">
    <item id="c1" line="666" tag="L+LN">Scjapan byw      saldatam.                                                       (BRu</item>
    <item id="c2" line="667" tag="G">Scjapan COPPST soldierINST</item>
    <item id="c3" line="668" tag="T">Scjapan was a soldier.</item>
  </tier>
  <tier id="p" type="phrases" content="c">
    <item id="p0" content="c1[0:85]"/>
  </tier>
  <tier id="g" type="glosses" content="c">
    <item id="g0" content="c2[0:26]" alignment="p1"/>
  </tier>
  <tier id="t" type="translations" content="c">
    <item id="t0" content="c3[0:22]" alignment="p1"/>
  </tier>
</igt>
<igt id="i50938">
  <metadata type="xigt-meta">
    <meta type="language" name="belorussian" iso-639-3="bel" tiers="phrases words morphemes"/>
    <meta type="language" name="English" iso-639-3="eng" tiers="translations"/>
    <meta type="odin-source" doc-id="1234" line-range="731-734" line-types="L+CR L+CR G T+AC"/>
  </metadata>
  <tier id="o" type="odin-raw">
    <item id="o1" line="731" tag="L+CR">         b. Brat                                                pajÇs-l-i      Óu t\eatr.</item>
    <item id="o2" line="732" tag="L+CR">                               z      sjastroju</item>
    <item id="o3" line="733" tag="G">             brother(M):SG.NOM with       sister(F):SG.INSTR    PFV:go-PT-PL to theatre</item>
    <item id="o4" line="734" tag="T+AC">             `Brother went with sister to the theatre.' (Corbett 1983: 96)</item>
  </tier>
  <tier id="c" type="odin-clean">
    <item id="c1" line="731 732" tag="L+CR">Brat               z      sjastroju                 pajÇs-l-i      Óu t\eatr.</item>
    <item id="c3" line="733" tag="G">brother(M):SG.NOM with       sister(F):SG.INSTR    PFV:go-PT-PL to theatre</item>
    <item id="c4" line="734" tag="T+AC">Brother went with sister to the theatre.' (Corbett 1983: 96)</item>
  </tier>
  <tier id="p" type="phrases" content="c">
    <item id="p0" content="c1[0:77]"/>
  </tier>
  <tier id="g" type="glosses" content="c">
    <item id="g0" content="c3[0:74]" alignment="p1"/>
  </tier>
  <tier id="t" type="translations" content="c">
    <item id="t0" content="c4[0:60]" alignment="p1"/>
  </tier>
</igt>
<igt id="i128045">
  <metadata type="xigt-meta">
    <meta type="language" name="belarusan" iso-639-3="bel" tiers="phrases words morphemes"/>
    <meta type="language" name="English" iso-639-3="eng" tiers="translations"/>
    <meta type="odin-source" doc-id="446" line-range="564-567" line-types="L+LN+CR L+CR G T"/>
  </metadata>
  <tier id="o" type="odin-raw">
    <item id="o1" line="564" tag="L+LN+CR">       (6) Br: Dy                    vjadoma.</item>
    <item id="o2" line="565" tag="L+CR">                            jano</item>
    <item id="o3" line="566" tag="G">                 after all itNEUT.SG known/obvious</item>
    <item id="o4" line="567" tag="T">                `After all, it's obvious.'</item>
  </tier>
  <tier id="c" type="odin-clean">
    <item id="c1" line="564 565" tag="L+LN+CR">Dy           jano     vjadoma.</item>
    <item id="c3" line="566" tag="G">after all itNEUT.SG known/obvious</item>
    <item id="c4" line="567" tag="T">After all, it's obvious.</item>
  </tier>
  <tier id="p" type="phrases" content="c">
    <item id="p0" content="c1[0:30]"/>
  </tier>
  <tier id="g" type="glosses" content="c">
    <item id="g0" content="c3[0:33]" alignment="p1"/>
  </tier>
  <tier id="t" type="translations" content="c">
    <item id="t0" content="c4[0:24]" alignment="p1"/>
  </tier>
</igt>
</xigt-corpus>
