<?xml version="1.0" encoding="UTF-8"?>
<xigt-corpus>
<igt id="i18757">
  <metadata type="xigt-meta">
    <meta type="language" name="bemba" iso-639-3="bem" tiers="phrases words morphemes"/>
    <meta type="language" name="English" iso-639-3="eng" tiers="translations"/>
    <meta type="odin-source" doc-id="2906" line-range="567-569" line-types="L G T"/>
  </metadata>
  <tier id="o" type="odin-raw">
    <item id="o1" line="567" tag="L">  7.    a. umuuntu ù-ashipa/akosa/aceenjela</item>
    <item id="o2" line="568" tag="G">            person       RELATIVE.SUBJECT.CONCORD-brave/strong/wise</item>
    <item id="o3" line="569" tag="T">            `a brave/strong/wise person'</item>
  </tier>
  <tier id="c" type="odin-clean">
    <item id="c1" line="567" tag="L">a. umuuntu ù-ashipa/akosa/aceenjela</item>
    <item id="c2" line="568" tag="G">person       RELATIVE.SUBJECT.CONCORD-brave/strong/wise</item>
    <item id="c3" line="569" tag="T">a brave/strong/wise person</item>
  </tier>
  <tier id="p" type="phrases" content="c">
    <item id="p0" content="c1[0:35]"/>
  </tier>
  <tier id="g" type="glosses" content="c">
    <item id="g0" content="c2[0:55]" alignment="p1"/>
  </tier>
  <tier id="t" type="translations" content="c">
    <item id="t0" content="c3[0:26]" alignment="p1"/>
  </tier>
</igt>
<igt id="i18758">
  <metadata type="xigt-meta">
    <meta type="language" name="bemba" iso-639-3="bem" tiers="phrases words morphemes"/>
    <meta type="language" name="English" iso-639-3="eng" tiers="translations"/>
    <meta type="odin-source" doc-id="2906" line-range="570-572" line-types="L G T"/>
  </metadata>
  <tier id="o" type="odin-raw">
    <item id="o1" line="570" tag="L">        b . umuuntu ù-alemba</item>
    <item id="o2" line="571" tag="G">            person       RELATIVE.SUBJECT.CONCORD-write</item>
    <item id="o3" line="572" tag="T">            `a person who is writing'</item>
  </tier>
  <tier id="c" type="odin-clean">
    <item id="c1" line="570" tag="L">b . umuuntu ù-alemba</item>
    <item id="c2" line="571" tag="G">person       RELATIVE.SUBJECT.CONCORD-write</item>
    <item id="c3" line="572" tag="T">a person who is writing</item>
  </tier>
  <tier id="p" type="phrases" content="c">
    <item id="p0" content="c1[0:20]"/>
  </tier>
  <tier id="g" type="glosses" content="c">
    <item id="g0" content="c2[0:43]" alignment="p1"/>
  </tier>
  <tier id="t" type="translations" content="c">
    <item id="t0" content="c3[0:23]" alignment="p1"/>
  </tier>
</igt>
<igt id="i18759">
  <metadata type="xigt-meta">
    <meta type="language" name="bemba" iso-639-3="bem" tiers="phrases words morphemes"/>
    <meta type="language" name="English" iso-639-3="eng" tiers="translations"/>
    <meta type="odin-source" doc-id="2906" line-range="573-575" line-types="L G T"/>
  </metadata>
  <tier id="o" type="odin-raw">
    <item id="o1" line="573" tag="L">        c. umuuntu á-ashipa/akosa/aceenjela</item>
    <item id="o2" line="574" tag="G">            person       SUBJECT.CONCORD-brave/strong/wise</item>
    <item id="o3" line="575" tag="T">            `The person is brave/strong/wise.'</item>
  </tier>
  <tier id="c" type="odin-clean">
    <item id="c1" line="573" tag="L">umuuntu á-ashipa/akosa/aceenjela</item>
    <item id="c2" line="574" tag="G">person       SUBJECT.CONCORD-brave/strong/wise</item>
    <item id="c3" line="575" tag="T">The person is brave/strong/wise.</item>
  </tier>
  <tier id="p" type="phrases" content="c">
    <item id="p0" content="c1[0:32]"/>
  </tier>
  <tier id="g" type="glosses" content="c">
    <item id="g0" content="c2[0:46]" alignment="p1"/>
  </tier>
  <tier id="t" type="translations" content="c">
    <item id="t0" content="c3[0:32]" alignment="p1"/>
  </tier>
</igt>
<igt id="i18760">
  <metadata type="xigt-meta">
    <meta type="language" name="bemba" iso-639-3="bem" tiers="phrases words morphemes"/>
    <meta type="language" name="English" iso-639-3="eng" tiers="translations"/>
    <meta type="odin-source" doc-id="2906" line-range="576-579" line-types="L G T M+AC"/>
  </metadata>
  <tier id="o" type="odin-raw">
    <item id="o1" line="576" tag="L">        d. umuuntu á-alemba</item>
    <item id="o2" line="577" tag="G">            person       SUBJECT.CONCORD-write</item>
    <item id="o3" line="578" tag="T">            `The person is writing.'</item>
    <item id="o4" line="579" tag="M+AC">                                                           (Schachter 1985:16)</item>
  </tier>
  <tier id="c" type="odin-clean">
    <item id="c1" line="576" tag="L">umuuntu á-alemba</item>
    <item id="c2" line="577" tag="G">person       SUBJECT.CONCORD-write</item>
    <item id="c3" line="578" tag="T">The person is writing.</item>
    <item id="c4" line="579" tag="M+AC">Schachter 1985:16</item>
  </tier>
  <tier id="p" type="phrases" content="c">
    <item id="p0" content="c1[0:16]"/>
  </tier>
  <tier id="g" type="glosses" content="c">
    <item id="g0" content="c2[0:34]" alignment="p1"/>
  </tier>
  <tier id="t" type="translations" content="c">
    <item id="t0" content="c3[0:22]" alignment="p1"/>
  </tier>
</igt>
<igt id="i19072">
  <metadata type="xigt-meta">
    <meta type="language" name="bemba" iso-639-3="bem" tiers="phrases words morphemes"/>
    <meta type="language" name="English" iso-639-3="eng" tiers="translations"/>
    <meta type="odin-source" doc-id="2902" line-range="31-35" line-types="L+DB M+DB G+DB M+DB T+DB"/>
  </metadata>
  <tier id="o" type="odin-raw">
    <item id="o1" line="31" tag="L+DB">  (1)       Chisanga       a-le-beleng-a              icitabo</item>
    <item id="o2" line="32" tag="M+DB">                                                                                                   Agreement with conjoined NPs</item>
    <item id="o3" line="33" tag="G+DB">            Chisanga       SC-tns-read-FV             book</item>
    <item id="o4" line="34" tag="M+DB">                                                                                                   10: Partial agreement with conjoined NPs</item>
    <item id="o5" line="35" tag="T+DB">            `Chisanga is reading a book'</item>
  </tier>
  <tier id="c" type="odin-clean">
    <item id="c1" line="31" tag="L+DB">Chisanga       a-le-beleng-a              icitabo</item>
    <item id="c2" line="32" tag="M+DB">Agreement with conjoined NPs</item>
    <item id="c3" line="33" tag="G+DB">Chisanga       SC-tns-read-FV             book</item>
    <item id="c4" line="34" tag="M+DB">Partial agreement with conjoined NPs</item>
    <item id="c5" line="35" tag="T+DB">Chisanga is reading a book</item>
  </tier>
  <tier id="p" type="phrases" content="c">
    <item id="p0" content="c1[0:49]"/>
  </tier>
  <tier id="g" type="glosses" content="c">
    <item id="g0" content="c3[0:46]" alignment="p1"/>
  </tier>
  <tier id="t" type="translations" content="c">
    <item id="t0" content="c5[0:26]" alignment="p1"/>
  </tier>
</igt>
<igt id="i19073">
  <metadata type="xigt-meta">
    <meta type="language" name="bemba" iso-639-3="bem" tiers="phrases words morphemes"/>
    <meta type="language" name="English" iso-639-3="eng" tiers="translations"/>
    <meta type="odin-source" doc-id="2902" line-range="54-55" line-types="L+DB T+DB"/>
  </metadata>
  <tier id="o" type="odin-raw">
    <item id="o1" line="54" tag="L+DB">  (2)       ta-ba-le-mu-bomb-el-a-ko                                                         Relatives</item>
    <item id="o2" line="55" tag="T+DB">            `they are not working for him/her, on his/her behalf'                            5 Agr Relative   yes                  yes        yes     yes     yes     yes     no     yes</item>
  </tier>
  <tier id="c" type="odin-clean">
    <item id="c1" line="54" tag="L+DB">ta-ba-le-mu-bomb-el-a-ko                                                         Relatives</item>
    <item id="c2" line="55" tag="T+DB">they are not working for him/her, on his/her behalf'                            5 Agr Relative   yes                  yes        yes     yes     yes     yes     no     yes</item>
  </tier>
  <tier id="p" type="phrases" content="c">
    <item id="p0" content="c1[0:90]"/>
  </tier>
  <tier id="t" type="translations" content="c">
    <item id="t0" content="c2[0:171]" alignment="p1"/>
  </tier>
</igt>
<igt id="i19074">
  <metadata type="xigt-meta">
    <meta type="language" name="bemba" iso-639-3="bem" tiers="phrases words morphemes"/>
    <meta type="language" name="English" iso-639-3="eng" tiers="translations"/>
    <meta type="odin-source" doc-id="2902" line-range="57-59" line-types="L+DB M+DB T+DB"/>
  </metadata>
  <tier id="o" type="odin-raw">
    <item id="o1" line="57" tag="L+DB">  (3)       n-shi-le-mu-bomb-el-a-ko                                                         6a obligatory    no             no    no         no      no      yes     yes     yes    no</item>
    <item id="o2" line="58" tag="M+DB">                                                                                             Locative SCs</item>
    <item id="o3" line="59" tag="T+DB">            `I am not working for him/her, on his/her behalf'</item>
  </tier>
  <tier id="c" type="odin-clean">
    <item id="c1" line="57" tag="L+DB">n-shi-le-mu-bomb-el-a-ko                                                         6a obligatory    no             no    no         no      no      yes     yes     yes    no</item>
    <item id="c2" line="58" tag="M+DB">Locative SCs</item>
    <item id="c3" line="59" tag="T+DB">I am not working for him/her, on his/her behalf</item>
  </tier>
  <tier id="p" type="phrases" content="c">
    <item id="p0" content="c1[0:171]"/>
  </tier>
  <tier id="t" type="translations" content="c">
    <item id="t0" content="c3[0:47]" alignment="p1"/>
  </tier>
</igt>
<igt id="i19076">
  <metadata type="xigt-meta">
    <meta type="language" name="bemba" iso-639-3="bem" tiers="phrases words morphemes"/>
    <meta type="language" name="English" iso-639-3="eng" tiers="translations"/>
    <meta type="odin-source" doc-id="2902" line-range="123-126" line-types="L+DB M+DB G+DB T+DB"/>
  </metadata>
  <tier id="o" type="odin-raw">
    <item id="o1" line="123" tag="L+DB">                                                                                          (6)    n-ali-mu-mon-a              (Chisanga)                           [Bemba]</item>
    <item id="o2" line="124" tag="M+DB">  Table 3</item>
    <item id="o3" line="125" tag="G+DB">                                                                                                 SC1sg-past-OC1-see-FV       Chisanga</item>
    <item id="o4" line="126" tag="T+DB">                                                                                                 `I saw Chisanga'</item>
  </tier>
  <tier id="c" type="odin-clean">
    <item id="c1" line="123" tag="L+DB">n-ali-mu-mon-a              (Chisanga)                           [Bemba]</item>
    <item id="c2" line="124" tag="M+DB">Table 3</item>
    <item id="c3" line="125" tag="G+DB">SC1sg-past-OC1-see-FV       Chisanga</item>
    <item id="c4" line="126" tag="T+DB">I saw Chisanga</item>
  </tier>
  <tier id="p" type="phrases" content="c">
    <item id="p0" content="c1[0:72]"/>
  </tier>
  <tier id="g" type="glosses" content="c">
    <item id="g0" content="c3[0:36]" alignment="p1"/>
  </tier>
  <tier id="t" type="translations" content="c">
    <item id="t0" content="c4[0:14]" alignment="p1"/>
  </tier>
</igt>
<igt id="i19079">
  <metadata type="xigt-meta">
    <meta type="language" name="bemba" iso-639-3="bem" tiers="phrases words morphemes"/>
    <meta type="language" name="English" iso-639-3="eng" tiers="translations"/>
    <meta type="odin-source" doc-id="2902" line-range="149-151" line-types="L+DB G+DB T+DB"/>
  </metadata>
  <tier id="o" type="odin-raw">
    <item id="o1" line="149" tag="L+DB">  (9)    n-ali-mon-a            Chisanga                                      [Bemba]</item>
    <item id="o2" line="150" tag="G+DB">         SC1sg-past-see-FV      Chisanga                                                  (18)   ni-na-pa-ju-a                                                    [Swahili]</item>
    <item id="o3" line="151" tag="T+DB">         `I saw Chisanga'                                                                        SC1sg-pres-OC16-know-fv</item>
  </tier>
  <tier id="c" type="odin-clean">
    <item id="c1" line="149" tag="L+DB">n-ali-mon-a            Chisanga                                      [Bemba]</item>
    <item id="c2" line="150" tag="G+DB">SC1sg-past-see-FV      Chisanga                                                  (18)   ni-na-pa-ju-a                                                    [Swahili]</item>
    <item id="c3" line="151" tag="T+DB">I saw Chisanga'                                                                        SC1sg-pres-OC16-know-fv</item>
  </tier>
  <tier id="p" type="phrases" content="c">
    <item id="p0" content="c1[0:76]"/>
  </tier>
  <tier id="g" type="glosses" content="c">
    <item id="g0" content="c2[0:162]" alignment="p1"/>
  </tier>
  <tier id="t" type="translations" content="c">
    <item id="t0" content="c3[0:110]" alignment="p1"/>
  </tier>
</igt>
<igt id="i19089">
  <metadata type="xigt-meta">
    <meta type="language" name="bemba" iso-639-3="bem" tiers="phrases words morphemes"/>
    <meta type="language" name="English" iso-639-3="eng" tiers="translations"/>
    <meta type="odin-source" doc-id="2902" line-range="198-200" line-types="L+DB G+DB T+DB"/>
  </metadata>
  <tier id="o" type="odin-raw">
    <item id="o1" line="198" tag="L+DB">  (25)   n-ali-mu-peel-a                                               [Bemba]               Yes     Symmetric double objects             Bemba, Chaga, Nsenga,</item>
    <item id="o2" line="199" tag="G+DB">         SC1sg-PAST-OC1-give-FV                                                                                                           Tswana, Herero</item>
    <item id="o3" line="200" tag="T+DB">         `I gave him (it)'                                                                   No      Asymmetric double objects            Swahili, Chewa</item>
  </tier>
  <tier id="c" type="odin-clean">
    <item id="c1" line="198" tag="L+DB">n-ali-mu-peel-a                                               [Bemba]               Yes     Symmetric double objects             Bemba, Chaga, Nsenga,</item>
    <item id="c2" line="199" tag="G+DB">SC1sg-PAST-OC1-give-FV                                                                                                           Tswana, Herero</item>
    <item id="c3" line="200" tag="T+DB">I gave him (it)'                                                                   No      Asymmetric double objects            Swahili, Chewa</item>
  </tier>
  <tier id="p" type="phrases" content="c">
    <item id="p0" content="c1[0:150]"/>
  </tier>
  <tier id="g" type="glosses" content="c">
    <item id="g0" content="c2[0:143]" alignment="p1"/>
  </tier>
  <tier id="t" type="translations" content="c">
    <item id="t0" content="c3[0:142]" alignment="p1"/>
  </tier>
</igt>
<igt id="i19090">
  <metadata type="xigt-meta">
    <meta type="language" name="bemba" iso-639-3="bem" tiers="phrases words morphemes"/>
    <meta type="language" name="English" iso-639-3="eng" tiers="translations"/>
    <meta type="odin-source" doc-id="2902" line-range="202-204" line-types="L+DB G+DB T+DB"/>
  </metadata>
  <tier id="o" type="odin-raw">
    <item id="o1" line="202" tag="L+DB">  (26)   n-ali-ya-peel-a</item>
    <item id="o2" line="203" tag="G+DB">         SC1sg-PAST-OC6-give-FV                                                      Languages like Chewa and Swahili are asymmetric languages, because with an</item>
    <item id="o3" line="204" tag="T+DB">         `I gave it (e.g. water) (to him)'                                           applied verb 1) the order of the benefactive object before the theme object is strongly</item>
  </tier>
  <tier id="c" type="odin-clean">
    <item id="c1" line="202" tag="L+DB">n-ali-ya-peel-a</item>
    <item id="c2" line="203" tag="G+DB">SC1sg-PAST-OC6-give-FV                                                      Languages like Chewa and Swahili are asymmetric languages, because with an</item>
    <item id="c3" line="204" tag="T+DB">I gave it (e.g. water) (to him)'                                           applied verb 1) the order of the benefactive object before the theme object is strongly</item>
  </tier>
  <tier id="p" type="phrases" content="c">
    <item id="p0" content="c1[0:15]"/>
  </tier>
  <tier id="g" type="glosses" content="c">
    <item id="g0" content="c2[0:150]" alignment="p1"/>
  </tier>
  <tier id="t" type="translations" content="c">
    <item id="t0" content="c3[0:162]" alignment="p1"/>
  </tier>
</igt>
<igt id="i19091">
  <metadata type="xigt-meta">
    <meta type="language" name="bemba" iso-639-3="bem" tiers="phrases words morphemes"/>
    <meta type="language" name="English" iso-639-3="eng" tiers="translations"/>
    <meta type="odin-source" doc-id="2902" line-range="206-208" line-types="L+DB G+DB T+DB"/>
  </metadata>
  <tier id="o" type="odin-raw">
    <item id="o1" line="206" tag="L+DB">  (27)   *n-ali-mu-ya-peel-a                                                         object can become subject of a corresponding passive construction:</item>
    <item id="o2" line="207" tag="G+DB">         SC1sg-PAST-OC1-OC6-give-FV</item>
    <item id="o3" line="208" tag="T+DB">         Intd.: `I gave him it (e.g. water)'                                         (35)   Juma a-li-m-pik-i-a                  Asha chakula cha asubuhi [Swahili]</item>
  </tier>
  <tier id="c" type="odin-clean">
    <item id="c1" line="206" tag="L+DB">*n-ali-mu-ya-peel-a                                                         object can become subject of a corresponding passive construction:</item>
    <item id="c2" line="207" tag="G+DB">SC1sg-PAST-OC1-OC6-give-FV</item>
    <item id="c3" line="208" tag="T+DB">Intd.: `I gave him it (e.g. water)'                                         (35)   Juma a-li-m-pik-i-a                  Asha chakula cha asubuhi [Swahili]</item>
  </tier>
  <tier id="p" type="phrases" content="c">
    <item id="p0" content="c1[0:142]"/>
  </tier>
  <tier id="g" type="glosses" content="c">
    <item id="g0" content="c2[0:26]" alignment="p1"/>
  </tier>
  <tier id="t" type="translations" content="c">
    <item id="t0" content="c3[0:154]" alignment="p1"/>
  </tier>
</igt>
<igt id="i19092">
  <metadata type="xigt-meta">
    <meta type="language" name="bemba" iso-639-3="bem" tiers="phrases words morphemes"/>
    <meta type="language" name="English" iso-639-3="eng" tiers="translations"/>
    <meta type="odin-source" doc-id="2902" line-range="210-212" line-types="L+DB G+DB T+DB"/>
  </metadata>
  <tier id="o" type="odin-raw">
    <item id="o1" line="210" tag="L+DB">  (28)   *n-ali-ya-mu-peel-a                                                                `Juma is cooking breakfast for Asha'</item>
    <item id="o2" line="211" tag="G+DB">         SC1sg-PAST-OC6-OC1-give-FV</item>
    <item id="o3" line="212" tag="T+DB">         Intd.: `I gave him it (e.g. water)'                                         (36)   *?Juma        a-li-m-pik-i-a            chakula cha asubuhi Asha</item>
  </tier>
  <tier id="c" type="odin-clean">
    <item id="c1" line="210" tag="L+DB">*n-ali-ya-mu-peel-a                                                                `Juma is cooking breakfast for Asha</item>
    <item id="c2" line="211" tag="G+DB">SC1sg-PAST-OC6-OC1-give-FV</item>
    <item id="c3" line="212" tag="T+DB">Intd.: `I gave him it (e.g. water)'                                         (36)   *?Juma        a-li-m-pik-i-a            chakula cha asubuhi Asha</item>
  </tier>
  <tier id="p" type="phrases" content="c">
    <item id="p0" content="c1[0:118]"/>
  </tier>
  <tier id="g" type="glosses" content="c">
    <item id="g0" content="c2[0:26]" alignment="p1"/>
  </tier>
  <tier id="t" type="translations" content="c">
    <item id="t0" content="c3[0:147]" alignment="p1"/>
  </tier>
</igt>
<igt id="i19115">
  <metadata type="xigt-meta">
    <meta type="language" name="bemba" iso-639-3="bem" tiers="phrases words morphemes"/>
    <meta type="language" name="English" iso-639-3="eng" tiers="translations"/>
    <meta type="odin-source" doc-id="2902" line-range="320-322" line-types="L+LN+DB G+DB T+DB"/>
  </metadata>
  <tier id="o" type="odin-raw">
    <item id="o1" line="320" tag="L+LN+DB">  (65)   ùmù-ánàkàshì á-mwééné                    Mùtàlè                     [Bemba]    (74)   njovu        zi-méné          anyaní          á-kú-zí-páts-á</item>
    <item id="o2" line="321" tag="G+DB">         1-girl         SC1-see.perf              Mutale                                       10.elephants 10-REL           2.baboons       SC2-pres-OC10-give-fv</item>
    <item id="o3" line="322" tag="T+DB">         `the girl who Mutale saw ...'</item>
  </tier>
  <tier id="c" type="odin-clean">
    <item id="c1" line="320" tag="L+LN+DB">ùmù-ánàkàshì á-mwééné                    Mùtàlè                     [Bemba]    (74)   njovu        zi-méné          anyaní          á-kú-zí-páts-á</item>
    <item id="c2" line="321" tag="G+DB">1-girl         SC1-see.perf              Mutale                                       10.elephants 10-REL           2.baboons       SC2-pres-OC10-give-fv</item>
    <item id="c3" line="322" tag="T+DB">the girl who Mutale saw ...</item>
  </tier>
  <tier id="p" type="phrases" content="c">
    <item id="p0" content="c1[0:146]"/>
  </tier>
  <tier id="g" type="glosses" content="c">
    <item id="g0" content="c2[0:153]" alignment="p1"/>
  </tier>
  <tier id="t" type="translations" content="c">
    <item id="t0" content="c3[0:27]" alignment="p1"/>
  </tier>
</igt>
<igt id="i19116">
  <metadata type="xigt-meta">
    <meta type="language" name="bemba" iso-639-3="bem" tiers="phrases words morphemes"/>
    <meta type="language" name="English" iso-639-3="eng" tiers="translations"/>
    <meta type="odin-source" doc-id="2902" line-range="324-326" line-types="L+DB G+DB T+DB"/>
  </metadata>
  <tier id="o" type="odin-raw">
    <item id="o1" line="324" tag="L+DB">  (66)   ùmù-ánàkàshì ùó       á-mwèènè   Mùtàlè                                               beads</item>
    <item id="o2" line="325" tag="G+DB">         1-girl         REL1 SC1-see.perf Mutale                                               `The elephants that the baboons are giving the beads ... '</item>
    <item id="o3" line="326" tag="T+DB">         `the girl who Mutale saw ...'</item>
  </tier>
  <tier id="c" type="odin-clean">
    <item id="c1" line="324" tag="L+DB">ùmù-ánàkàshì ùó       á-mwèènè   Mùtàlè                                               beads</item>
    <item id="c2" line="325" tag="G+DB">1-girl         REL1 SC1-see.perf Mutale                                               `The elephants that the baboons are giving the beads ...</item>
    <item id="c3" line="326" tag="T+DB">the girl who Mutale saw ...</item>
  </tier>
  <tier id="p" type="phrases" content="c">
    <item id="p0" content="c1[0:91]"/>
  </tier>
  <tier id="g" type="glosses" content="c">
    <item id="g0" content="c2[0:142]" alignment="p1"/>
  </tier>
  <tier id="t" type="translations" content="c">
    <item id="t0" content="c3[0:27]" alignment="p1"/>
  </tier>
</igt>
<igt id="i19141">
  <metadata type="xigt-meta">
    <meta type="language" name="bemba" iso-639-3="bem" tiers="phrases words morphemes"/>
    <meta type="language" name="English" iso-639-3="eng" tiers="translations"/>
    <meta type="odin-source" doc-id="2902" line-range="524-526" line-types="L+LN+DB G+DB T+DB"/>
  </metadata>
  <tier id="o" type="odin-raw">
    <item id="o1" line="524" tag="L+LN+DB">  (103) ici-puna       ne      tebulo           na-fi-pon-a                    [Bemba]    Bresnan, Joan and Jonni M. Kanerva, 1989, `Locative inversion in Chichewa: A case</item>
    <item id="o2" line="525" tag="G+DB">        7-chair        and     9.table          past-SC8-fall-fv                             study of factorization in grammar', Linguistic Inquiry 20, 1-50.</item>
    <item id="o3" line="526" tag="T+DB">        `The chair and the table fell down'                                               Bresnan, J. and L. Moshi. 1990. Object asymmetries in comparative Bantu syntax.</item>
  </tier>
  <tier id="c" type="odin-clean">
    <item id="c1" line="524" tag="L+LN+DB">ici-puna       ne      tebulo           na-fi-pon-a                    [Bemba]    Bresnan, Joan and Jonni M. Kanerva, 1989, `Locative inversion in Chichewa: A case</item>
    <item id="c2" line="525" tag="G+DB">7-chair        and     9.table          past-SC8-fall-fv                             study of factorization in grammar', Linguistic Inquiry 20, 1-50.</item>
    <item id="c3" line="526" tag="T+DB">The chair and the table fell down'                                               Bresnan, J. and L. Moshi. 1990. Object asymmetries in comparative Bantu syntax.</item>
  </tier>
  <tier id="p" type="phrases" content="c">
    <item id="p0" content="c1[0:163]"/>
  </tier>
  <tier id="g" type="glosses" content="c">
    <item id="g0" content="c2[0:149]" alignment="p1"/>
  </tier>
  <tier id="t" type="translations" content="c">
    <item id="t0" content="c3[0:160]" alignment="p1"/>
  </tier>
</igt>
<igt id="i31012">
  <metadata type="xigt-meta">
    <meta type="language" name="bemba" iso-639-3="bem" tiers="phrases words morphemes"/>
    <meta type="language" name="English" iso-639-3="eng" tiers="translations"/>
    <meta type="odin-source" doc-id="1483" line-range="193-195" line-types="L G T"/>
  </metadata>
  <tier id="o" type="odin-raw">
    <item id="o1" line="193" tag="L">      (5) a.    Im-fumu na i-shilu ba-alii-le</item>
    <item id="o2" line="194" tag="G">                5-chief and 5-lunatic 2-leave-PAST</item>
    <item id="o3" line="195" tag="T">                `The chief and the lunatic left.'</item>
  </tier>
  <tier id="c" type="odin-clean">
    <item id="c1" line="193" tag="L">Im-fumu na i-shilu ba-alii-le</item>
    <item id="c2" line="194" tag="G">5-chief and 5-lunatic 2-leave-PAST</item>
    <item id="c3" line="195" tag="T">The chief and the lunatic left.</item>
  </tier>
  <tier id="p" type="phrases" content="c">
    <item id="p0" content="c1[0:29]"/>
  </tier>
  <tier id="g" type="glosses" content="c">
    <item id="g0" content="c2[0:34]" alignment="p1"/>
  </tier>
  <tier id="t" type="translations" content="c">
    <item id="t0" content="c3[0:31]" alignment="p1"/>
  </tier>
</igt>
<igt id="i31013">
  <metadata type="xigt-meta">
    <meta type="language" name="bemba" iso-639-3="bem" tiers="phrases words morphemes"/>
    <meta type="language" name="English" iso-639-3="eng" tiers="translations"/>
    <meta type="odin-source" doc-id="1483" line-range="196-198" line-types="L G T"/>
  </metadata>
  <tier id="o" type="odin-raw">
    <item id="o1" line="196" tag="L">           b.   Ici-tabo ubu-sanshi      na ulu-balala        fi-li    ku-no</item>
    <item id="o2" line="197" tag="G">                7-book 14-bed            and 11-peanut        7-be     7-here</item>
    <item id="o3" line="198" tag="T">                `The book, the bed, and the peanut are here.'</item>
  </tier>
  <tier id="c" type="odin-clean">
    <item id="c1" line="196" tag="L">Ici-tabo ubu-sanshi      na ulu-balala        fi-li    ku-no</item>
    <item id="c2" line="197" tag="G">7-book 14-bed            and 11-peanut        7-be     7-here</item>
    <item id="c3" line="198" tag="T">The book, the bed, and the peanut are here.</item>
  </tier>
  <tier id="p" type="phrases" content="c">
    <item id="p0" content="c1[0:60]"/>
  </tier>
  <tier id="g" type="glosses" content="c">
    <item id="g0" content="c2[0:61]" alignment="p1"/>
  </tier>
  <tier id="t" type="translations" content="c">
    <item id="t0" content="c3[0:43]" alignment="p1"/>
  </tier>
</igt>
<igt id="i41798">
  <metadata type="xigt-meta">
    <meta type="language" name="bemba" iso-639-3="bem" tiers="phrases words morphemes"/>
    <meta type="language" name="English" iso-639-3="eng" tiers="translations"/>
    <meta type="odin-source" doc-id="3512" line-range="1544-1546" line-types="L G T"/>
  </metadata>
  <tier id="o" type="odin-raw">
    <item id="o1" line="1544" tag="L">  7.    a. umuuntu ù-ashipa/akosa/aceenjela</item>
    <item id="o2" line="1545" tag="G">            person       RELATIVE.SUBJECT.CONCORD-brave/strong/wise</item>
    <item id="o3" line="1546" tag="T">            `a brave/strong/wise person'</item>
  </tier>
  <tier id="c" type="odin-clean">
    <item id="c1" line="1544" tag="L">a. umuuntu ù-ashipa/akosa/aceenjela</item>
    <item id="c2" line="1545" tag="G">person       RELATIVE.SUBJECT.CONCORD-brave/strong/wise</item>
    <item id="c3" line="1546" tag="T">a brave/strong/wise person</item>
  </tier>
  <tier id="p" type="phrases" content="c">
    <item id="p0" content="c1[0:35]"/>
  </tier>
  <tier id="g" type="glosses" content="c">
    <item id="g0" content="c2[0:55]" alignment="p1"/>
  </tier>
  <tier id="t" type="translations" content="c">
    <item id="t0" content="c3[0:26]" alignment="p1"/>
  </tier>
</igt>
<igt id="i41799">
  <metadata type="xigt-meta">
    <meta type="language" name="bemba" iso-639-3="bem" tiers="phrases words morphemes"/>
    <meta type="language" name="English" iso-639-3="eng" tiers="translations"/>
    <meta type="odin-source" doc-id="3512" line-range="1547-1549" line-types="L G T"/>
  </metadata>
  <tier id="o" type="odin-raw">
    <item id="o1" line="1547" tag="L">        b . umuuntu ù-alemba</item>
    <item id="o2" line="1548" tag="G">            person       RELATIVE.SUBJECT.CONCORD-write</item>
    <item id="o3" line="1549" tag="T">            `a person who is writing'</item>
  </tier>
  <tier id="c" type="odin-clean">
    <item id="c1" line="1547" tag="L">b . umuuntu ù-alemba</item>
    <item id="c2" line="1548" tag="G">person       RELATIVE.SUBJECT.CONCORD-write</item>
    <item id="c3" line="1549" tag="T">a person who is writing</item>
  </tier>
  <tier id="p" type="phrases" content="c">
    <item id="p0" content="c1[0:20]"/>
  </tier>
  <tier id="g" type="glosses" content="c">
    <item id="g0" content="c2[0:43]" alignment="p1"/>
  </tier>
  <tier id="t" type="translations" content="c">
    <item id="t0" content="c3[0:23]" alignment="p1"/>
  </tier>
</igt>
<igt id="i41800">
  <metadata type="xigt-meta">
    <meta type="language" name="bemba" iso-639-3="bem" tiers="phrases words morphemes"/>
    <meta type="language" name="English" iso-639-3="eng" tiers="translations"/>
    <meta type="odin-source" doc-id="3512" line-range="1550-1552" line-types="L G T"/>
  </metadata>
  <tier id="o" type="odin-raw">
    <item id="o1" line="1550" tag="L">        c. umuuntu á-ashipa/akosa/aceenjela</item>
    <item id="o2" line="1551" tag="G">            person       SUBJECT.CONCORD-brave/strong/wise</item>
    <item id="o3" line="1552" tag="T">            `The person is brave/strong/wise.'</item>
  </tier>
  <tier id="c" type="odin-clean">
    <item id="c1" line="1550" tag="L">umuuntu á-ashipa/akosa/aceenjela</item>
    <item id="c2" line="1551" tag="G">person       SUBJECT.CONCORD-brave/strong/wise</item>
    <item id="c3" line="1552" tag="T">The person is brave/strong/wise.</item>
  </tier>
  <tier id="p" type="phrases" content="c">
    <item id="p0" content="c1[0:32]"/>
  </tier>
  <tier id="g" type="glosses" content="c">
    <item id="g0" content="c2[0:46]" alignment="p1"/>
  </tier>
  <tier id="t" type="translations" content="c">
    <item id="t0" content="c3[0:32]" alignment="p1"/>
  </tier>
</igt>
<igt id="i41801">
  <metadata type="xigt-meta">
    <meta type="language" name="bemba" iso-639-3="bem" tiers="phrases words morphemes"/>
    <meta type="language" name="English" iso-639-3="eng" tiers="translations"/>
    <meta type="odin-source" doc-id="3512" line-range="1553-1556" line-types="L G T M+AC"/>
  </metadata>
  <tier id="o" type="odin-raw">
    <item id="o1" line="1553" tag="L">        d. umuuntu á-alemba</item>
    <item id="o2" line="1554" tag="G">            person       SUBJECT.CONCORD-write</item>
    <item id="o3" line="1555" tag="T">            `The person is writing.'</item>
    <item id="o4" line="1556" tag="M+AC">                                                           (Schachter 1985:16)</item>
  </tier>
  <tier id="c" type="odin-clean">
    <item id="c1" line="1553" tag="L">umuuntu á-alemba</item>
    <item id="c2" line="1554" tag="G">person       SUBJECT.CONCORD-write</item>
    <item id="c3" line="1555" tag="T">The person is writing.</item>
    <item id="c4" line="1556" tag="M+AC">Schachter 1985:16</item>
  </tier>
  <tier id="p" type="phrases" content="c">
    <item id="p0" content="c1[0:16]"/>
  </tier>
  <tier id="g" type="glosses" content="c">
    <item id="g0" content="c2[0:34]" alignment="p1"/>
  </tier>
  <tier id="t" type="translations" content="c">
    <item id="t0" content="c3[0:22]" alignment="p1"/>
  </tier>
</igt>
<igt id="i70419">
  <metadata type="xigt-meta">
    <meta type="language" name="chibemba" iso-639-3="bem" tiers="phrases words morphemes"/>
    <meta type="language" name="English" iso-639-3="eng" tiers="translations"/>
    <meta type="odin-source" doc-id="4082" line-range="716-719" line-types="L+CR L+CR G T+AC+LN"/>
  </metadata>
  <tier id="o" type="odin-raw">
    <item id="o1" line="716" tag="L+CR">  (24)     a.   n-ka-laa-boomba</item>
    <item id="o2" line="717" tag="L+CR">                     ` ´´</item>
    <item id="o3" line="718" tag="G">                1sS-fut-prog-work</item>
    <item id="o4" line="719" tag="T+AC+LN">                `I'll be working tomorrow' (Chibemba, Cinque 1999 (citing Givon))</item>
  </tier>
  <tier id="c" type="odin-clean">
    <item id="c1" line="716" tag="L+CR">n-ka-laa-boomba</item>
    <item id="c3" line="718" tag="G">1sS-fut-prog-work</item>
    <item id="c4" line="719" tag="T+AC+LN">I'll be working tomorrow' (Chibemba, Cinque 1999 (citing Givon))</item>
  </tier>
  <tier id="p" type="phrases" content="c">
    <item id="p0" content="c1[0:15]"/>
  </tier>
  <tier id="g" type="glosses" content="c">
    <item id="g0" content="c3[0:17]" alignment="p1"/>
  </tier>
  <tier id="t" type="translations" content="c">
    <item id="t0" content="c4[0:64]" alignment="p1"/>
  </tier>
</igt>
<igt id="i78666">
  <metadata type="xigt-meta">
    <meta type="language" name="bemba" iso-639-3="bem" tiers="phrases words morphemes"/>
    <meta type="language" name="English" iso-639-3="eng" tiers="translations"/>
    <meta type="odin-source" doc-id="2522" line-range="4908-4912" line-types="L G T M+AC T+AL"/>
  </metadata>
  <tier id="o" type="odin-raw">
    <item id="o1" line="4908" tag="L">  (209)       Naa-butwiish-ya        Mwape   ulubilo.</item>
    <item id="o2" line="4909" tag="G">              I.past-run-CAUSE       Mwape   fast</item>
    <item id="o3" line="4910" tag="T">              (i)      `I made Mwape RUN QUICKLY'</item>
    <item id="o4" line="4911" tag="M+AC">                                                                    (Givón, 1976, 343: 120)</item>
    <item id="o5" line="4912" tag="T+AL">              (ii)     *'I QUICKLY MADE Mwape run'</item>
  </tier>
  <tier id="c" type="odin-clean">
    <item id="c1" line="4908" tag="L">Naa-butwiish-ya        Mwape   ulubilo.</item>
    <item id="c2" line="4909" tag="G">I.past-run-CAUSE       Mwape   fast</item>
    <item id="c3" line="4910" tag="T">`I made Mwape RUN QUICKLY</item>
    <item id="c4" line="4911" tag="M+AC">Givón, 1976, 343: 120</item>
    <item id="c5" line="4912" tag="T+AL">*'I QUICKLY MADE Mwape run</item>
  </tier>
  <tier id="p" type="phrases" content="c">
    <item id="p0" content="c1[0:39]"/>
  </tier>
  <tier id="g" type="glosses" content="c">
    <item id="g0" content="c2[0:35]" alignment="p1"/>
  </tier>
  <tier id="t" type="translations" content="c">
    <item id="t0" content="c3[0:25]" alignment="p1"/>
    <item id="t1" content="c5[0:26]" alignment="p1"/>
  </tier>
</igt>
<igt id="i78667">
  <metadata type="xigt-meta">
    <meta type="language" name="bemba" iso-639-3="bem" tiers="phrases words morphemes"/>
    <meta type="language" name="English" iso-639-3="eng" tiers="translations"/>
    <meta type="odin-source" doc-id="2522" line-range="4914-4918" line-types="L G T T+AL M+AC"/>
  </metadata>
  <tier id="o" type="odin-raw">
    <item id="o1" line="4914" tag="L">  (210)   a. Naa-mu-fuund-ishya         uku- laanda iciBemba ku-mufulo</item>
    <item id="o2" line="4915" tag="G">             I-PAST-him-learn-CAUSE to-speak            Bemba on-purpose</item>
    <item id="o3" line="4916" tag="T">             (i)    `I, on purpose, made him learn to speak Bemba'</item>
    <item id="o4" line="4917" tag="T+AL">             (ii)   *`I made him on purpose learn to speak Bemba'</item>
    <item id="o5" line="4918" tag="M+AC">                                                               (Givón, 1976, 329: 18)</item>
  </tier>
  <tier id="c" type="odin-clean">
    <item id="c1" line="4914" tag="L">Naa-mu-fuund-ishya         uku-laanda iciBemba ku-mufulo</item>
    <item id="c2" line="4915" tag="G">I-PAST-him-learn-CAUSE to-speak            Bemba on-purpose</item>
    <item id="c3" line="4916" tag="T">`I, on purpose, made him learn to speak Bemba</item>
    <item id="c4" line="4917" tag="T+AL">*`I made him on purpose learn to speak Bemba</item>
    <item id="c5" line="4918" tag="M+AC">Givón, 1976, 329: 18</item>
  </tier>
  <tier id="p" type="phrases" content="c">
    <item id="p0" content="c1[0:56]"/>
  </tier>
  <tier id="g" type="glosses" content="c">
    <item id="g0" content="c2[0:59]" alignment="p1"/>
  </tier>
  <tier id="t" type="translations" content="c">
    <item id="t0" content="c3[0:45]" alignment="p1"/>
    <item id="t1" content="c4[0:44]" alignment="p1"/>
  </tier>
</igt>
<igt id="i78668">
  <metadata type="xigt-meta">
    <meta type="language" name="bemba" iso-639-3="bem" tiers="phrases words morphemes"/>
    <meta type="language" name="English" iso-639-3="eng" tiers="translations"/>
    <meta type="odin-source" doc-id="2522" line-range="4919-4922" line-types="L T M+AC T+AL"/>
  </metadata>
  <tier id="o" type="odin-raw">
    <item id="o1" line="4919" tag="L">          b. Naa-butwiishya umuana ukwiitemenwa</item>
    <item id="o2" line="4920" tag="T">             (i)    *'I made the boy RUN WILLINGLY'</item>
    <item id="o3" line="4921" tag="M+AC">                                                               (Givón, 1976, 345: 136)</item>
    <item id="o4" line="4922" tag="T+AL">             (ii)   `I WILLINGLY MADE the boy run'</item>
  </tier>
  <tier id="c" type="odin-clean">
    <item id="c1" line="4919" tag="L">Naa-butwiishya umuana ukwiitemenwa</item>
    <item id="c2" line="4920" tag="T">*'I made the boy RUN WILLINGLY</item>
    <item id="c3" line="4921" tag="M+AC">Givón, 1976, 345: 136</item>
    <item id="c4" line="4922" tag="T+AL">`I WILLINGLY MADE the boy run</item>
  </tier>
  <tier id="p" type="phrases" content="c">
    <item id="p0" content="c1[0:34]"/>
  </tier>
  <tier id="t" type="translations" content="c">
    <item id="t0" content="c2[0:30]" alignment="p1"/>
    <item id="t1" content="c4[0:29]" alignment="p1"/>
  </tier>
</igt>
<igt id="i78669">
  <metadata type="xigt-meta">
    <meta type="language" name="bemba" iso-639-3="bem" tiers="phrases words morphemes"/>
    <meta type="language" name="English" iso-639-3="eng" tiers="translations"/>
    <meta type="odin-source" doc-id="2522" line-range="4928-4932" line-types="L+CR L+CR G M+AC T"/>
  </metadata>
  <tier id="o" type="odin-raw">
    <item id="o1" line="4928" tag="L+CR">          a. Naa-tem-ek -eshya</item>
    <item id="o2" line="4929" tag="L+CR">  (211)                                        iciimuti</item>
    <item id="o3" line="4930" tag="G">             1sg.past-cut-STAT-CAUSE           stick</item>
    <item id="o4" line="4931" tag="M+AC">                                                                    (Givón, 1976, 332: 40)</item>
    <item id="o5" line="4932" tag="T">             `I caused the stick to be cut'</item>
  </tier>
  <tier id="c" type="odin-clean">
    <item id="c1" line="4928 4929" tag="L+CR">Naa-tem-ek-eshya                 iciimuti</item>
    <item id="c3" line="4930" tag="G">1sg.past-cut-STAT-CAUSE           stick</item>
    <item id="c4" line="4931" tag="M+AC">Givón, 1976, 332: 40</item>
    <item id="c5" line="4932" tag="T">I caused the stick to be cut</item>
  </tier>
  <tier id="p" type="phrases" content="c">
    <item id="p0" content="c1[0:41]"/>
  </tier>
  <tier id="g" type="glosses" content="c">
    <item id="g0" content="c3[0:39]" alignment="p1"/>
  </tier>
  <tier id="t" type="translations" content="c">
    <item id="t0" content="c5[0:28]" alignment="p1"/>
  </tier>
</igt>
<igt id="i78670">
  <metadata type="xigt-meta">
    <meta type="language" name="bemba" iso-639-3="bem" tiers="phrases words morphemes"/>
    <meta type="language" name="English" iso-639-3="eng" tiers="translations"/>
    <meta type="odin-source" doc-id="2522" line-range="4934-4937" line-types="L G M+AC T"/>
  </metadata>
  <tier id="o" type="odin-raw">
    <item id="o1" line="4934" tag="L">          b. Naa-mon-an-ya       Mwape na Mutumba</item>
    <item id="o2" line="4935" tag="G">             I.past-see-REC-CAUS Mwape and Mutumba</item>
    <item id="o3" line="4936" tag="M+AC">                                                                    (Givón, 1976, 335: 66)</item>
    <item id="o4" line="4937" tag="T">             `I made Mwape and Mutumba see each other'</item>
  </tier>
  <tier id="c" type="odin-clean">
    <item id="c1" line="4934" tag="L">Naa-mon-an-ya       Mwape na Mutumba</item>
    <item id="c2" line="4935" tag="G">I.past-see-REC-CAUS Mwape and Mutumba</item>
    <item id="c3" line="4936" tag="M+AC">Givón, 1976, 335: 66</item>
    <item id="c4" line="4937" tag="T">I made Mwape and Mutumba see each other</item>
  </tier>
  <tier id="p" type="phrases" content="c">
    <item id="p0" content="c1[0:36]"/>
  </tier>
  <tier id="g" type="glosses" content="c">
    <item id="g0" content="c2[0:37]" alignment="p1"/>
  </tier>
  <tier id="t" type="translations" content="c">
    <item id="t0" content="c4[0:39]" alignment="p1"/>
  </tier>
</igt>
<igt id="i78671">
  <metadata type="xigt-meta">
    <meta type="language" name="bemba" iso-639-3="bem" tiers="phrases words morphemes"/>
    <meta type="language" name="English" iso-639-3="eng" tiers="translations"/>
    <meta type="odin-source" doc-id="2522" line-range="4948-4950" line-types="L M+AC T"/>
  </metadata>
  <tier id="o" type="odin-raw">
    <item id="o1" line="4948" tag="L">  (212)   a. Mwape aa-boomb-ela Mutumba</item>
    <item id="o2" line="4949" tag="M+AC">                                                                     (Givón, 1976, 345: 136)</item>
    <item id="o3" line="4950" tag="T">             `Mwape worked for Mutumba'</item>
  </tier>
  <tier id="c" type="odin-clean">
    <item id="c1" line="4948" tag="L">Mwape aa-boomb-ela Mutumba</item>
    <item id="c2" line="4949" tag="M+AC">Givón, 1976, 345: 136</item>
    <item id="c3" line="4950" tag="T">Mwape worked for Mutumba</item>
  </tier>
  <tier id="p" type="phrases" content="c">
    <item id="p0" content="c1[0:26]"/>
  </tier>
  <tier id="t" type="translations" content="c">
    <item id="t0" content="c3[0:24]" alignment="p1"/>
  </tier>
</igt>
<igt id="i78672">
  <metadata type="xigt-meta">
    <meta type="language" name="bemba" iso-639-3="bem" tiers="phrases words morphemes"/>
    <meta type="language" name="English" iso-639-3="eng" tiers="translations"/>
    <meta type="odin-source" doc-id="2522" line-range="4952-4955" line-types="L G M+AC T"/>
  </metadata>
  <tier id="o" type="odin-raw">
    <item id="o1" line="4952" tag="L">          b. *Naa-tem-en-eshya Mwape Mutumba iciimuti</item>
    <item id="o2" line="4953" tag="G">             I-cut-BEN-CAUS Mwape Mutumba stick</item>
    <item id="o3" line="4954" tag="M+AC">                                                                     (Givón, 1976, 345: 136)</item>
    <item id="o4" line="4955" tag="T">             `I made Mwape cut Mutumba a stick'</item>
  </tier>
  <tier id="c" type="odin-clean">
    <item id="c1" line="4952" tag="L">*Naa-tem-en-eshya Mwape Mutumba iciimuti</item>
    <item id="c2" line="4953" tag="G">I-cut-BEN-CAUS Mwape Mutumba stick</item>
    <item id="c3" line="4954" tag="M+AC">Givón, 1976, 345: 136</item>
    <item id="c4" line="4955" tag="T">I made Mwape cut Mutumba a stick</item>
  </tier>
  <tier id="p" type="phrases" content="c">
    <item id="p0" content="c1[0:40]"/>
  </tier>
  <tier id="g" type="glosses" content="c">
    <item id="g0" content="c2[0:34]" alignment="p1"/>
  </tier>
  <tier id="t" type="translations" content="c">
    <item id="t0" content="c4[0:32]" alignment="p1"/>
  </tier>
</igt>
<igt id="i90130">
  <metadata type="xigt-meta">
    <meta type="language" name="bemba" iso-639-3="bem" tiers="phrases words morphemes"/>
    <meta type="language" name="English" iso-639-3="eng" tiers="translations"/>
    <meta type="odin-source" doc-id="2625" line-range="78-80" line-types="L G T+AC+LN+EX"/>
  </metadata>
  <tier id="o" type="odin-raw">
    <item id="o1" line="78" tag="L">       b. Naa-butwiish-ya            Mwape ulubilo.</item>
    <item id="o2" line="79" tag="G">           I.past-run-CAUSE          Mwape        fast</item>
    <item id="o3" line="80" tag="T+AC+LN+EX">           OK: `I made Mwape RUN FAST'                                                     (Bemba, Givon 1976)</item>
  </tier>
  <tier id="c" type="odin-clean">
    <item id="c1" line="78" tag="L">Naa-butwiish-ya            Mwape ulubilo.</item>
    <item id="c2" line="79" tag="G">I.past-run-CAUSE          Mwape        fast</item>
    <item id="c3" line="80" tag="T+AC+LN+EX">`I made Mwape RUN FAST'                                                     (Bemba, Givon 1976)</item>
  </tier>
  <tier id="p" type="phrases" content="c">
    <item id="p0" content="c1[0:41]"/>
  </tier>
  <tier id="g" type="glosses" content="c">
    <item id="g0" content="c2[0:43]" alignment="p1"/>
  </tier>
  <tier id="t" type="translations" content="c">
    <item id="t0" content="c3[0:95]" alignment="p1"/>
  </tier>
</igt>
<igt id="i90132">
  <metadata type="xigt-meta">
    <meta type="language" name="bemba" iso-639-3="bem" tiers="phrases words morphemes"/>
    <meta type="language" name="English" iso-639-3="eng" tiers="translations"/>
    <meta type="odin-source" doc-id="2625" line-range="86-88" line-types="L T T+LN+AL"/>
  </metadata>
  <tier id="o" type="odin-raw">
    <item id="o1" line="86" tag="L">       b. Naa-butwiishya umuana ukwiitemenwa</item>
    <item id="o2" line="87" tag="T">           (i)       `I WILLINGLY MADE the boy run'</item>
    <item id="o3" line="88" tag="T+LN+AL">           (ii)     `*I made the boy RUN WILLINGLY'                                            (Bemba)</item>
  </tier>
  <tier id="c" type="odin-clean">
    <item id="c1" line="86" tag="L">Naa-butwiishya umuana ukwiitemenwa</item>
    <item id="c2" line="87" tag="T">`I WILLINGLY MADE the boy run</item>
    <item id="c3" line="88" tag="T+LN+AL">`*I made the boy RUN WILLINGLY'                                            (Bemba</item>
  </tier>
  <tier id="p" type="phrases" content="c">
    <item id="p0" content="c1[0:34]"/>
  </tier>
  <tier id="t" type="translations" content="c">
    <item id="t0" content="c2[0:29]" alignment="p1"/>
    <item id="t1" content="c3[0:81]" alignment="p1"/>
  </tier>
</igt>
<igt id="i90134">
  <metadata type="xigt-meta">
    <meta type="language" name="bemba" iso-639-3="bem" tiers="phrases words morphemes"/>
    <meta type="language" name="English" iso-639-3="eng" tiers="translations"/>
    <meta type="odin-source" doc-id="2625" line-range="90-92" line-types="L G T+LN"/>
  </metadata>
  <tier id="o" type="odin-raw">
    <item id="o1" line="90" tag="L">       b. Naa-mon-an-ya              Mwape na Mutumba</item>
    <item id="o2" line="91" tag="G">           I.past-see-REC-CAUS Mwape and Mutumba</item>
    <item id="o3" line="92" tag="T+LN">           `I made Mwape and Mutumba see each other'                                           (Bemba)</item>
  </tier>
  <tier id="c" type="odin-clean">
    <item id="c1" line="90" tag="L">Naa-mon-an-ya              Mwape na Mutumba</item>
    <item id="c2" line="91" tag="G">I.past-see-REC-CAUS Mwape and Mutumba</item>
    <item id="c3" line="92" tag="T+LN">I made Mwape and Mutumba see each other'                                           (Bemba)</item>
  </tier>
  <tier id="p" type="phrases" content="c">
    <item id="p0" content="c1[0:43]"/>
  </tier>
  <tier id="g" type="glosses" content="c">
    <item id="g0" content="c2[0:37]" alignment="p1"/>
  </tier>
  <tier id="t" type="translations" content="c">
    <item id="t0" content="c3[0:90]" alignment="p1"/>
  </tier>
</igt>
<igt id="i90135">
  <metadata type="xigt-meta">
    <meta type="language" name="bemba" iso-639-3="bem" tiers="phrases words morphemes"/>
    <meta type="language" name="English" iso-639-3="eng" tiers="translations"/>
    <meta type="odin-source" doc-id="2625" line-range="93-95" line-types="L G T+LN"/>
  </metadata>
  <tier id="o" type="odin-raw">
    <item id="o1" line="93" tag="L">       c. *Naa-tem-en-eshya Mwape Mutumba iciimuti</item>
    <item id="o2" line="94" tag="G">           I-cut-BEN-CAUS            M.       M.           st i ck</item>
    <item id="o3" line="95" tag="T+LN">           `I made Mwape cut Mutumba a stick'                                                  (Bemba)</item>
  </tier>
  <tier id="c" type="odin-clean">
    <item id="c1" line="93" tag="L">*Naa-tem-en-eshya Mwape Mutumba iciimuti</item>
    <item id="c2" line="94" tag="G">I-cut-BEN-CAUS            M.       M.           st i ck</item>
    <item id="c3" line="95" tag="T+LN">I made Mwape cut Mutumba a stick'                                                  (Bemba)</item>
  </tier>
  <tier id="p" type="phrases" content="c">
    <item id="p0" content="c1[0:40]"/>
  </tier>
  <tier id="g" type="glosses" content="c">
    <item id="g0" content="c2[0:55]" alignment="p1"/>
  </tier>
  <tier id="t" type="translations" content="c">
    <item id="t0" content="c3[0:90]" alignment="p1"/>
  </tier>
</igt>
<igt id="i116327">
  <metadata type="xigt-meta">
    <meta type="language" name="bemba" iso-639-3="bem" tiers="phrases words morphemes"/>
    <meta type="language" name="English" iso-639-3="eng" tiers="translations"/>
    <meta type="odin-source" doc-id="3642" line-range="1279-1281" line-types="L G T"/>
  </metadata>
  <tier id="o" type="odin-raw">
    <item id="o1" line="1279" tag="L">  (31)    a.    a­à­ya               ku­mushi</item>
    <item id="o2" line="1280" tag="G">                he­past­go to        LOC­village</item>
    <item id="o3" line="1281" tag="T">                `He went to the village.'</item>
  </tier>
  <tier id="c" type="odin-clean">
    <item id="c1" line="1279" tag="L">a­à­ya               ku­mushi</item>
    <item id="c2" line="1280" tag="G">he­past­go to        LOC­village</item>
    <item id="c3" line="1281" tag="T">He went to the village.</item>
  </tier>
  <tier id="p" type="phrases" content="c">
    <item id="p0" content="c1[0:29]"/>
  </tier>
  <tier id="g" type="glosses" content="c">
    <item id="g0" content="c2[0:32]" alignment="p1"/>
  </tier>
  <tier id="t" type="translations" content="c">
    <item id="t0" content="c3[0:23]" alignment="p1"/>
  </tier>
</igt>
<igt id="i116328">
  <metadata type="xigt-meta">
    <meta type="language" name="bemba" iso-639-3="bem" tiers="phrases words morphemes"/>
    <meta type="language" name="English" iso-639-3="eng" tiers="translations"/>
    <meta type="odin-source" doc-id="3642" line-range="1283-1285" line-types="L G T"/>
  </metadata>
  <tier id="o" type="odin-raw">
    <item id="o1" line="1283" tag="L">          b.    a­à­shya            ku­mushi</item>
    <item id="o2" line="1284" tag="G">                he­past­go from     LOC­village</item>
    <item id="o3" line="1285" tag="T">                `He went from the village.'</item>
  </tier>
  <tier id="c" type="odin-clean">
    <item id="c1" line="1283" tag="L">a­à­shya            ku­mushi</item>
    <item id="c2" line="1284" tag="G">he­past­go from     LOC­village</item>
    <item id="c3" line="1285" tag="T">He went from the village.</item>
  </tier>
  <tier id="p" type="phrases" content="c">
    <item id="p0" content="c1[0:28]"/>
  </tier>
  <tier id="g" type="glosses" content="c">
    <item id="g0" content="c2[0:31]" alignment="p1"/>
  </tier>
  <tier id="t" type="translations" content="c">
    <item id="t0" content="c3[0:25]" alignment="p1"/>
  </tier>
</igt>
<igt id="i116329">
  <metadata type="xigt-meta">
    <meta type="language" name="bemba" iso-639-3="bem" tiers="phrases words morphemes"/>
    <meta type="language" name="English" iso-639-3="eng" tiers="translations"/>
    <meta type="odin-source" doc-id="3642" line-range="1287-1289" line-types="L G T"/>
  </metadata>
  <tier id="o" type="odin-raw">
    <item id="o1" line="1287" tag="L">          c.    a­à­isa              ku­mushi</item>
    <item id="o2" line="1288" tag="G">                he­past­come to      LOC­village</item>
    <item id="o3" line="1289" tag="T">                `He came to the village.'</item>
  </tier>
  <tier id="c" type="odin-clean">
    <item id="c1" line="1287" tag="L">a­à­isa              ku­mushi</item>
    <item id="c2" line="1288" tag="G">he­past­come to      LOC­village</item>
    <item id="c3" line="1289" tag="T">He came to the village.</item>
  </tier>
  <tier id="p" type="phrases" content="c">
    <item id="p0" content="c1[0:29]"/>
  </tier>
  <tier id="g" type="glosses" content="c">
    <item id="g0" content="c2[0:32]" alignment="p1"/>
  </tier>
  <tier id="t" type="translations" content="c">
    <item id="t0" content="c3[0:23]" alignment="p1"/>
  </tier>
</igt>
<igt id="i116330">
  <metadata type="xigt-meta">
    <meta type="language" name="bemba" iso-639-3="bem" tiers="phrases words morphemes"/>
    <meta type="language" name="English" iso-639-3="eng" tiers="translations"/>
    <meta type="odin-source" doc-id="3642" line-range="1291-1293" line-types="L G T"/>
  </metadata>
  <tier id="o" type="odin-raw">
    <item id="o1" line="1291" tag="L">          d.    a­à­fuma           ku­mushi</item>
    <item id="o2" line="1292" tag="G">                he­past­come from LOC­village</item>
    <item id="o3" line="1293" tag="T">                `He came from the village.'</item>
  </tier>
  <tier id="c" type="odin-clean">
    <item id="c1" line="1291" tag="L">a­à­fuma           ku­mushi</item>
    <item id="c2" line="1292" tag="G">he­past­come from LOC­village</item>
    <item id="c3" line="1293" tag="T">He came from the village.</item>
  </tier>
  <tier id="p" type="phrases" content="c">
    <item id="p0" content="c1[0:27]"/>
  </tier>
  <tier id="g" type="glosses" content="c">
    <item id="g0" content="c2[0:29]" alignment="p1"/>
  </tier>
  <tier id="t" type="translations" content="c">
    <item id="t0" content="c3[0:25]" alignment="p1"/>
  </tier>
</igt>
<igt id="i130916">
  <metadata type="xigt-meta">
    <meta type="language" name="bemba" iso-639-3="bem" tiers="phrases words morphemes"/>
    <meta type="language" name="English" iso-639-3="eng" tiers="translations"/>
    <meta type="odin-source" doc-id="89" line-range="288-290" line-types="L G T"/>
  </metadata>
  <tier id="o" type="odin-raw">
    <item id="o1" line="288" tag="L">  (16 ) a. Umu-ana a-a-fwaaya ci-tabo.</item>
    <item id="o2" line="289" tag="G">           vcv-child he-past-want cv-book</item>
    <item id="o3" line="290" tag="T">           `The child wanted a book (be it any).'</item>
  </tier>
  <tier id="c" type="odin-clean">
    <item id="c1" line="288" tag="L">Umu-ana a-a-fwaaya ci-tabo.</item>
    <item id="c2" line="289" tag="G">vcv-child he-past-want cv-book</item>
    <item id="c3" line="290" tag="T">The child wanted a book (be it any).</item>
  </tier>
  <tier id="p" type="phrases" content="c">
    <item id="p0" content="c1[0:27]"/>
  </tier>
  <tier id="g" type="glosses" content="c">
    <item id="g0" content="c2[0:30]" alignment="p1"/>
  </tier>
  <tier id="t" type="translations" content="c">
    <item id="t0" content="c3[0:36]" alignment="p1"/>
  </tier>
</igt>
<igt id="i130917">
  <metadata type="xigt-meta">
    <meta type="language" name="bemba" iso-639-3="bem" tiers="phrases words morphemes"/>
    <meta type="language" name="English" iso-639-3="eng" tiers="translations"/>
    <meta type="odin-source" doc-id="89" line-range="291-293" line-types="L G T"/>
  </metadata>
  <tier id="o" type="odin-raw">
    <item id="o1" line="291" tag="L">        b. Umu-ana t-a-à-somene ci-tabo.</item>
    <item id="o2" line="292" tag="G">           vcv-child neg-he-past-read cv-book</item>
    <item id="o3" line="293" tag="T">           `The child didn't read a/any book.'</item>
  </tier>
  <tier id="c" type="odin-clean">
    <item id="c1" line="291" tag="L">Umu-ana t-a-à-somene ci-tabo.</item>
    <item id="c2" line="292" tag="G">vcv-child neg-he-past-read cv-book</item>
    <item id="c3" line="293" tag="T">The child didn't read a/any book.</item>
  </tier>
  <tier id="p" type="phrases" content="c">
    <item id="p0" content="c1[0:29]"/>
  </tier>
  <tier id="g" type="glosses" content="c">
    <item id="g0" content="c2[0:34]" alignment="p1"/>
  </tier>
  <tier id="t" type="translations" content="c">
    <item id="t0" content="c3[0:33]" alignment="p1"/>
  </tier>
</igt>
<igt id="i130918">
  <metadata type="xigt-meta">
    <meta type="language" name="bemba" iso-639-3="bem" tiers="phrases words morphemes"/>
    <meta type="language" name="English" iso-639-3="eng" tiers="translations"/>
    <meta type="odin-source" doc-id="89" line-range="294-296" line-types="L G T"/>
  </metadata>
  <tier id="o" type="odin-raw">
    <item id="o1" line="294" tag="L">        c. Umu-ana a-a-fwaaya ici-tabo.</item>
    <item id="o2" line="295" tag="G">           vcv-child he-past-want vcv-book</item>
    <item id="o3" line="296" tag="T">           `The child wanted the book' or `The child wanted a specific book.'</item>
  </tier>
  <tier id="c" type="odin-clean">
    <item id="c1" line="294" tag="L">Umu-ana a-a-fwaaya ici-tabo.</item>
    <item id="c2" line="295" tag="G">vcv-child he-past-want vcv-book</item>
    <item id="c3" line="296" tag="T">The child wanted the book' or `The child wanted a specific book.</item>
  </tier>
  <tier id="p" type="phrases" content="c">
    <item id="p0" content="c1[0:28]"/>
  </tier>
  <tier id="g" type="glosses" content="c">
    <item id="g0" content="c2[0:31]" alignment="p1"/>
  </tier>
  <tier id="t" type="translations" content="c">
    <item id="t0" content="c3[0:64]" alignment="p1"/>
  </tier>
</igt>
<igt id="i153016">
  <metadata type="xigt-meta">
    <meta type="language" name="chibemba" iso-639-3="bem" tiers="phrases words morphemes"/>
    <meta type="language" name="English" iso-639-3="eng" tiers="translations"/>
    <meta type="odin-source" doc-id="2749" line-range="695-697" line-types="L G+LN T"/>
  </metadata>
  <tier id="o" type="odin-raw">
    <item id="o1" line="695" tag="L">  (37) a. Remote past</item>
    <item id="o2" line="696" tag="G+LN">  CHI     Ba-àlí-bomb-ele.</item>
    <item id="o3" line="697" tag="T">          `They worked (before yesterday).'</item>
  </tier>
  <tier id="c" type="odin-clean">
    <item id="c1" line="695" tag="L">Remote past</item>
    <item id="c2" line="696" tag="G+LN">CHI     Ba-àlí-bomb-ele.</item>
    <item id="c3" line="697" tag="T">They worked (before yesterday).</item>
  </tier>
  <tier id="p" type="phrases" content="c">
    <item id="p0" content="c1[0:11]"/>
  </tier>
  <tier id="g" type="glosses" content="c">
    <item id="g0" content="c2[0:24]" alignment="p1"/>
  </tier>
  <tier id="t" type="translations" content="c">
    <item id="t0" content="c3[0:31]" alignment="p1"/>
  </tier>
</igt>
<igt id="i153017">
  <metadata type="xigt-meta">
    <meta type="language" name="chibemba" iso-639-3="bem" tiers="phrases words morphemes"/>
    <meta type="language" name="English" iso-639-3="eng" tiers="translations"/>
    <meta type="odin-source" doc-id="2749" line-range="699-701" line-types="L G T"/>
  </metadata>
  <tier id="o" type="odin-raw">
    <item id="o1" line="699" tag="L">       b. Removed past</item>
    <item id="o2" line="700" tag="G">          Ba-àlíí-bomba.</item>
    <item id="o3" line="701" tag="T">          `They worked (yesterday).'</item>
  </tier>
  <tier id="c" type="odin-clean">
    <item id="c1" line="699" tag="L">Removed past</item>
    <item id="c2" line="700" tag="G">Ba-àlíí-bomba.</item>
    <item id="c3" line="701" tag="T">They worked (yesterday).</item>
  </tier>
  <tier id="p" type="phrases" content="c">
    <item id="p0" content="c1[0:12]"/>
  </tier>
  <tier id="g" type="glosses" content="c">
    <item id="g0" content="c2[0:14]" alignment="p1"/>
  </tier>
  <tier id="t" type="translations" content="c">
    <item id="t0" content="c3[0:24]" alignment="p1"/>
  </tier>
</igt>
<igt id="i153018">
  <metadata type="xigt-meta">
    <meta type="language" name="chibemba" iso-639-3="bem" tiers="phrases words morphemes"/>
    <meta type="language" name="English" iso-639-3="eng" tiers="translations"/>
    <meta type="odin-source" doc-id="2749" line-range="703-705" line-types="L G T"/>
  </metadata>
  <tier id="o" type="odin-raw">
    <item id="o1" line="703" tag="L">       c. Near past</item>
    <item id="o2" line="704" tag="G">          Ba-àcí-bomba.</item>
    <item id="o3" line="705" tag="T">          `They worked (today).'</item>
  </tier>
  <tier id="c" type="odin-clean">
    <item id="c1" line="703" tag="L">Near past</item>
    <item id="c2" line="704" tag="G">Ba-àcí-bomba.</item>
    <item id="c3" line="705" tag="T">They worked (today).</item>
  </tier>
  <tier id="p" type="phrases" content="c">
    <item id="p0" content="c1[0:9]"/>
  </tier>
  <tier id="g" type="glosses" content="c">
    <item id="g0" content="c2[0:13]" alignment="p1"/>
  </tier>
  <tier id="t" type="translations" content="c">
    <item id="t0" content="c3[0:20]" alignment="p1"/>
  </tier>
</igt>
<igt id="i153019">
  <metadata type="xigt-meta">
    <meta type="language" name="chibemba" iso-639-3="bem" tiers="phrases words morphemes"/>
    <meta type="language" name="English" iso-639-3="eng" tiers="translations"/>
    <meta type="odin-source" doc-id="2749" line-range="707-709" line-types="L G T"/>
  </metadata>
  <tier id="o" type="odin-raw">
    <item id="o1" line="707" tag="L">       d. Immediate past</item>
    <item id="o2" line="708" tag="G">          Ba-á-bomba.</item>
    <item id="o3" line="709" tag="T">          `They worked (within the last three hours).'</item>
  </tier>
  <tier id="c" type="odin-clean">
    <item id="c1" line="707" tag="L">Immediate past</item>
    <item id="c2" line="708" tag="G">Ba-á-bomba.</item>
    <item id="c3" line="709" tag="T">They worked (within the last three hours).</item>
  </tier>
  <tier id="p" type="phrases" content="c">
    <item id="p0" content="c1[0:14]"/>
  </tier>
  <tier id="g" type="glosses" content="c">
    <item id="g0" content="c2[0:11]" alignment="p1"/>
  </tier>
  <tier id="t" type="translations" content="c">
    <item id="t0" content="c3[0:42]" alignment="p1"/>
  </tier>
</igt>
<igt id="i153020">
  <metadata type="xigt-meta">
    <meta type="language" name="chibemba" iso-639-3="bem" tiers="phrases words morphemes"/>
    <meta type="language" name="English" iso-639-3="eng" tiers="translations"/>
    <meta type="odin-source" doc-id="2749" line-range="711-713" line-types="L G T"/>
  </metadata>
  <tier id="o" type="odin-raw">
    <item id="o1" line="711" tag="L">       e. Immediate future</item>
    <item id="o2" line="712" tag="G">          Ba-áláa-bomba.</item>
    <item id="o3" line="713" tag="T">          `They'll work (within the next three hours).'</item>
  </tier>
  <tier id="c" type="odin-clean">
    <item id="c1" line="711" tag="L">Immediate future</item>
    <item id="c2" line="712" tag="G">Ba-áláa-bomba.</item>
    <item id="c3" line="713" tag="T">They'll work (within the next three hours).</item>
  </tier>
  <tier id="p" type="phrases" content="c">
    <item id="p0" content="c1[0:16]"/>
  </tier>
  <tier id="g" type="glosses" content="c">
    <item id="g0" content="c2[0:14]" alignment="p1"/>
  </tier>
  <tier id="t" type="translations" content="c">
    <item id="t0" content="c3[0:43]" alignment="p1"/>
  </tier>
</igt>
<igt id="i153021">
  <metadata type="xigt-meta">
    <meta type="language" name="chibemba" iso-639-3="bem" tiers="phrases words morphemes"/>
    <meta type="language" name="English" iso-639-3="eng" tiers="translations"/>
    <meta type="odin-source" doc-id="2749" line-range="721-723" line-types="L G T"/>
  </metadata>
  <tier id="o" type="odin-raw">
    <item id="o1" line="721" tag="L">         f. Near future</item>
    <item id="o2" line="722" tag="G">            Ba-léé-bomba.</item>
    <item id="o3" line="723" tag="T">            `They'll work (later today).'</item>
  </tier>
  <tier id="c" type="odin-clean">
    <item id="c1" line="721" tag="L">Near future</item>
    <item id="c2" line="722" tag="G">Ba-léé-bomba.</item>
    <item id="c3" line="723" tag="T">They'll work (later today).</item>
  </tier>
  <tier id="p" type="phrases" content="c">
    <item id="p0" content="c1[0:11]"/>
  </tier>
  <tier id="g" type="glosses" content="c">
    <item id="g0" content="c2[0:13]" alignment="p1"/>
  </tier>
  <tier id="t" type="translations" content="c">
    <item id="t0" content="c3[0:27]" alignment="p1"/>
  </tier>
</igt>
<igt id="i153022">
  <metadata type="xigt-meta">
    <meta type="language" name="chibemba" iso-639-3="bem" tiers="phrases words morphemes"/>
    <meta type="language" name="English" iso-639-3="eng" tiers="translations"/>
    <meta type="odin-source" doc-id="2749" line-range="725-727" line-types="L G T"/>
  </metadata>
  <tier id="o" type="odin-raw">
    <item id="o1" line="725" tag="L">         g. Removed future</item>
    <item id="o2" line="726" tag="G">            Ba-kà-bomba.</item>
    <item id="o3" line="727" tag="T">            `They'll work (tomorrow).'</item>
  </tier>
  <tier id="c" type="odin-clean">
    <item id="c1" line="725" tag="L">Removed future</item>
    <item id="c2" line="726" tag="G">Ba-kà-bomba.</item>
    <item id="c3" line="727" tag="T">They'll work (tomorrow).</item>
  </tier>
  <tier id="p" type="phrases" content="c">
    <item id="p0" content="c1[0:14]"/>
  </tier>
  <tier id="g" type="glosses" content="c">
    <item id="g0" content="c2[0:12]" alignment="p1"/>
  </tier>
  <tier id="t" type="translations" content="c">
    <item id="t0" content="c3[0:24]" alignment="p1"/>
  </tier>
</igt>
<igt id="i153023">
  <metadata type="xigt-meta">
    <meta type="language" name="chibemba" iso-639-3="bem" tiers="phrases words morphemes"/>
    <meta type="language" name="English" iso-639-3="eng" tiers="translations"/>
    <meta type="odin-source" doc-id="2749" line-range="729-731" line-types="L G T"/>
  </metadata>
  <tier id="o" type="odin-raw">
    <item id="o1" line="729" tag="L">         h. Remote future</item>
    <item id="o2" line="730" tag="G">            Ba-ká-bomba.</item>
    <item id="o3" line="731" tag="T">            `They'll work (after tomorrow).' (Chung &amp; Timberlake 1985: 208-209)</item>
  </tier>
  <tier id="c" type="odin-clean">
    <item id="c1" line="729" tag="L">Remote future</item>
    <item id="c2" line="730" tag="G">Ba-ká-bomba.</item>
    <item id="c3" line="731" tag="T">They'll work (after tomorrow).' (Chung &amp; Timberlake 1985: 208-209)</item>
  </tier>
  <tier id="p" type="phrases" content="c">
    <item id="p0" content="c1[0:13]"/>
  </tier>
  <tier id="g" type="glosses" content="c">
    <item id="g0" content="c2[0:12]" alignment="p1"/>
  </tier>
  <tier id="t" type="translations" content="c">
    <item id="t0" content="c3[0:66]" alignment="p1"/>
  </tier>
</igt>
<igt id="i155922">
  <metadata type="xigt-meta">
    <meta type="language" name="bemba" iso-639-3="bem" tiers="phrases words morphemes"/>
    <meta type="language" name="English" iso-639-3="eng" tiers="translations"/>
    <meta type="odin-source" doc-id="3302" line-range="262-263" line-types="L+LN+DB T+DB"/>
  </metadata>
  <tier id="o" type="odin-raw">
    <item id="o1" line="262" tag="L+LN+DB">          Bemba           bá-ø-bómba                             bá-ø-lá-bomba</item>
    <item id="o2" line="263" tag="T+DB">                          `They work...'                         `They work'</item>
  </tier>
  <tier id="c" type="odin-clean">
    <item id="c1" line="262" tag="L+LN+DB">Bemba           bá-ø-bómba                             bá-ø-lá-bomba</item>
    <item id="c2" line="263" tag="T+DB">They work...'                         `They work</item>
  </tier>
  <tier id="p" type="phrases" content="c">
    <item id="p0" content="c1[0:68]"/>
  </tier>
  <tier id="t" type="translations" content="c">
    <item id="t0" content="c2[0:48]" alignment="p1"/>
  </tier>
</igt>
</xigt-corpus>
