<?xml version="1.0" encoding="UTF-8"?>
<xigt-corpus>
<igt id="i116876">
  <metadata type="xigt-meta">
    <meta type="language" name="betawi" iso-639-3="bew" tiers="phrases words morphemes"/>
    <meta type="language" name="English" iso-639-3="eng" tiers="translations"/>
    <meta type="odin-source" doc-id="3656" line-range="6000-6003" line-types="M+AC+LN L G T"/>
  </metadata>
  <tier id="o" type="odin-raw">
    <item id="o1" line="6000" tag="M+AC+LN">  Betawi (Pidgin, Indonesian-Malayan; Ikranagara 1980: 32)</item>
    <item id="o2" line="6001" tag="L">          Miun di-kasi duit ame siDulo.</item>
    <item id="o3" line="6002" tag="G">          Miun PASS-give money PREP Dulo</item>
    <item id="o4" line="6003" tag="T">          `Miun was given money by Dulo'.</item>
  </tier>
  <tier id="c" type="odin-clean">
    <item id="c1" line="6000" tag="M+AC+LN">Betawi (Pidgin, Indonesian-Malayan; Ikranagara 1980: 32)</item>
    <item id="c2" line="6001" tag="L">Miun di-kasi duit ame siDulo.</item>
    <item id="c3" line="6002" tag="G">Miun PASS-give money PREP Dulo</item>
    <item id="c4" line="6003" tag="T">Miun was given money by Dulo'.</item>
  </tier>
  <tier id="p" type="phrases" content="c">
    <item id="p0" content="c2[0:29]"/>
  </tier>
  <tier id="g" type="glosses" content="c">
    <item id="g0" content="c3[0:30]" alignment="p1"/>
  </tier>
  <tier id="t" type="translations" content="c">
    <item id="t0" content="c4[0:30]" alignment="p1"/>
  </tier>
</igt>
</xigt-corpus>
