<?xml version="1.0" encoding="UTF-8"?>
<xigt-corpus>
<igt id="i34688">
  <metadata type="xigt-meta">
    <meta type="language" name="hibena" iso-639-3="bez" tiers="phrases words morphemes"/>
    <meta type="language" name="English" iso-639-3="eng" tiers="translations"/>
    <meta type="odin-source" doc-id="3705" line-range="993-996" line-types="M+AC+LN L G T"/>
  </metadata>
  <tier id="o" type="odin-raw">
    <item id="o1" line="993" tag="M+AC+LN">    (43) HiBena (Hodges and Stucky (1979     (4a), (6)))</item>
    <item id="o2" line="994" tag="L">        a. Umugosi i-hwandih-ila umudala      ibaluwa.</item>
    <item id="o3" line="995" tag="G">            man     ag-write-app woman        letters</item>
    <item id="o4" line="996" tag="T">            'The man is writing the woman     letters.'</item>
  </tier>
  <tier id="c" type="odin-clean">
    <item id="c1" line="993" tag="M+AC+LN">HiBena (Hodges and Stucky (1979     (4a), (6))</item>
    <item id="c2" line="994" tag="L">Umugosi i-hwandih-ila umudala      ibaluwa.</item>
    <item id="c3" line="995" tag="G">man     ag-write-app woman        letters</item>
    <item id="c4" line="996" tag="T">The man is writing the woman     letters.</item>
  </tier>
  <tier id="p" type="phrases" content="c">
    <item id="p0" content="c2[0:43]"/>
  </tier>
  <tier id="g" type="glosses" content="c">
    <item id="g0" content="c3[0:41]" alignment="p1"/>
  </tier>
  <tier id="t" type="translations" content="c">
    <item id="t0" content="c4[0:41]" alignment="p1"/>
  </tier>
</igt>
<igt id="i34689">
  <metadata type="xigt-meta">
    <meta type="language" name="hibena" iso-639-3="bez" tiers="phrases words morphemes"/>
    <meta type="language" name="English" iso-639-3="eng" tiers="translations"/>
    <meta type="odin-source" doc-id="3705" line-range="998-1000" line-types="L G T"/>
  </metadata>
  <tier id="o" type="odin-raw">
    <item id="o1" line="998" tag="L">        b.   Umudala a-hwandih-ilil-we   ibaluwa n-umugosi.</item>
    <item id="o2" line="999" tag="G">             woman   ag-write-app/T-pass letters by-man</item>
    <item id="o3" line="1000" tag="T">             'The woman was written letters by the man.'</item>
  </tier>
  <tier id="c" type="odin-clean">
    <item id="c1" line="998" tag="L">Umudala a-hwandih-ilil-we   ibaluwa n-umugosi.</item>
    <item id="c2" line="999" tag="G">woman   ag-write-app/T-pass letters by-man</item>
    <item id="c3" line="1000" tag="T">The woman was written letters by the man.</item>
  </tier>
  <tier id="p" type="phrases" content="c">
    <item id="p0" content="c1[0:46]"/>
  </tier>
  <tier id="g" type="glosses" content="c">
    <item id="g0" content="c2[0:42]" alignment="p1"/>
  </tier>
  <tier id="t" type="translations" content="c">
    <item id="t0" content="c3[0:41]" alignment="p1"/>
  </tier>
</igt>
<igt id="i34690">
  <metadata type="xigt-meta">
    <meta type="language" name="hibena" iso-639-3="bez" tiers="phrases words morphemes"/>
    <meta type="language" name="English" iso-639-3="eng" tiers="translations"/>
    <meta type="odin-source" doc-id="3705" line-range="1002-1004" line-types="L G T"/>
  </metadata>
  <tier id="o" type="odin-raw">
    <item id="o1" line="1002" tag="L">       c. *Ibaluwa dza-hwandih-ilil-we umudala n-umugosi.</item>
    <item id="o2" line="1003" tag="G">            letters ag-write-app/T-pass woman   by-man</item>
    <item id="o3" line="1004" tag="T">            'Letters were written the woman by the man.'</item>
  </tier>
  <tier id="c" type="odin-clean">
    <item id="c1" line="1002" tag="L">*Ibaluwa dza-hwandih-ilil-we umudala n-umugosi.</item>
    <item id="c2" line="1003" tag="G">letters ag-write-app/T-pass woman   by-man</item>
    <item id="c3" line="1004" tag="T">Letters were written the woman by the man.</item>
  </tier>
  <tier id="p" type="phrases" content="c">
    <item id="p0" content="c1[0:47]"/>
  </tier>
  <tier id="g" type="glosses" content="c">
    <item id="g0" content="c2[0:42]" alignment="p1"/>
  </tier>
  <tier id="t" type="translations" content="c">
    <item id="t0" content="c3[0:42]" alignment="p1"/>
  </tier>
</igt>
<igt id="i34694">
  <metadata type="xigt-meta">
    <meta type="language" name="hibena" iso-639-3="bez" tiers="phrases words morphemes"/>
    <meta type="language" name="English" iso-639-3="eng" tiers="translations"/>
    <meta type="odin-source" doc-id="3705" line-range="1038-1041" line-types="M+AC+LN L G T"/>
  </metadata>
  <tier id="o" type="odin-raw">
    <item id="o1" line="1038" tag="M+AC+LN">    (45) HiBena (Hodges and Stucky (1979 (11b), (12)))</item>
    <item id="o2" line="1039" tag="L">        a. Umugosi a-vind-iye      iliduma ibunduhi mu-musitu.</item>
    <item id="o3" line="1040" tag="G">            man     ag-hunt-inst/T leopard gun      in-forest</item>
    <item id="o4" line="1041" tag="T">            'The man hunted the leopard with the gun in the forest.'</item>
  </tier>
  <tier id="c" type="odin-clean">
    <item id="c1" line="1038" tag="M+AC+LN">HiBena (Hodges and Stucky (1979 (11b), (12))</item>
    <item id="c2" line="1039" tag="L">Umugosi a-vind-iye      iliduma ibunduhi mu-musitu.</item>
    <item id="c3" line="1040" tag="G">man     ag-hunt-inst/T leopard gun      in-forest</item>
    <item id="c4" line="1041" tag="T">The man hunted the leopard with the gun in the forest.</item>
  </tier>
  <tier id="p" type="phrases" content="c">
    <item id="p0" content="c2[0:51]"/>
  </tier>
  <tier id="g" type="glosses" content="c">
    <item id="g0" content="c3[0:49]" alignment="p1"/>
  </tier>
  <tier id="t" type="translations" content="c">
    <item id="t0" content="c4[0:54]" alignment="p1"/>
  </tier>
</igt>
<igt id="i34695">
  <metadata type="xigt-meta">
    <meta type="language" name="hibena" iso-639-3="bez" tiers="phrases words morphemes"/>
    <meta type="language" name="English" iso-639-3="eng" tiers="translations"/>
    <meta type="odin-source" doc-id="3705" line-range="1043-1046" line-types="L G T T"/>
  </metadata>
  <tier id="o" type="odin-raw">
    <item id="o1" line="1043" tag="L">        b.     Iliduma lya-vind-ilil-we    ibunduhi mu-musitu n-umugosi.</item>
    <item id="o2" line="1044" tag="G">               leopard ag-hunt-inst/T-pass gun      in-forest by-man</item>
    <item id="o3" line="1045" tag="T">               'The leopard was hunted with a gun in the forest by the</item>
    <item id="o4" line="1046" tag="T">                man.'</item>
  </tier>
  <tier id="c" type="odin-clean">
    <item id="c1" line="1043" tag="L">Iliduma lya-vind-ilil-we    ibunduhi mu-musitu n-umugosi.</item>
    <item id="c2" line="1044" tag="G">leopard ag-hunt-inst/T-pass gun      in-forest by-man</item>
    <item id="c3" line="1045" tag="T">The leopard was hunted with a gun in the forest by the</item>
    <item id="c4" line="1046" tag="T">man.</item>
  </tier>
  <tier id="p" type="phrases" content="c">
    <item id="p0" content="c1[0:57]"/>
  </tier>
  <tier id="g" type="glosses" content="c">
    <item id="g0" content="c2[0:53]" alignment="p1"/>
  </tier>
  <tier id="t" type="translations" content="c">
    <item id="t0" content="c3[0:54]" alignment="p1"/>
    <item id="t1" content="c4[0:4]" alignment="p1"/>
  </tier>
</igt>
<igt id="i34696">
  <metadata type="xigt-meta">
    <meta type="language" name="hibena" iso-639-3="bez" tiers="phrases words morphemes"/>
    <meta type="language" name="English" iso-639-3="eng" tiers="translations"/>
    <meta type="odin-source" doc-id="3705" line-range="1048-1049" line-types="L G"/>
  </metadata>
  <tier id="o" type="odin-raw">
    <item id="o1" line="1048" tag="L">        c. *Ibunduhi dza-vind-ilil-we    iliduma mu-musitu n-umugosi.</item>
    <item id="o2" line="1049" tag="G">            gun      ag-hunt-inst/T-pass leopard in-forest by-man</item>
  </tier>
  <tier id="c" type="odin-clean">
    <item id="c1" line="1048" tag="L">*Ibunduhi dza-vind-ilil-we    iliduma mu-musitu n-umugosi.</item>
    <item id="c2" line="1049" tag="G">gun      ag-hunt-inst/T-pass leopard in-forest by-man</item>
  </tier>
  <tier id="p" type="phrases" content="c">
    <item id="p0" content="c1[0:58]"/>
  </tier>
  <tier id="g" type="glosses" content="c">
    <item id="g0" content="c2[0:53]" alignment="p1"/>
  </tier>
</igt>
<igt id="i34728">
  <metadata type="xigt-meta">
    <meta type="language" name="hibena" iso-639-3="bez" tiers="phrases words morphemes"/>
    <meta type="language" name="English" iso-639-3="eng" tiers="translations"/>
    <meta type="odin-source" doc-id="3705" line-range="1572-1575" line-types="M+AC+LN L G T"/>
  </metadata>
  <tier id="o" type="odin-raw">
    <item id="o1" line="1572" tag="M+AC+LN">    (66) HiBena (Hodges and Stucky (1979 (2)))</item>
    <item id="o2" line="1573" tag="L">        a. umusehe a-bahile mu-nyumba.</item>
    <item id="o3" line="1574" tag="G">           old-man ag-remain in-house</item>
    <item id="o4" line="1575" tag="T">           'The old man remained in the house.'</item>
  </tier>
  <tier id="c" type="odin-clean">
    <item id="c1" line="1572" tag="M+AC+LN">HiBena (Hodges and Stucky (1979 (2))</item>
    <item id="c2" line="1573" tag="L">umusehe a-bahile mu-nyumba.</item>
    <item id="c3" line="1574" tag="G">old-man ag-remain in-house</item>
    <item id="c4" line="1575" tag="T">The old man remained in the house.</item>
  </tier>
  <tier id="p" type="phrases" content="c">
    <item id="p0" content="c2[0:27]"/>
  </tier>
  <tier id="g" type="glosses" content="c">
    <item id="g0" content="c3[0:26]" alignment="p1"/>
  </tier>
  <tier id="t" type="translations" content="c">
    <item id="t0" content="c4[0:34]" alignment="p1"/>
  </tier>
</igt>
<igt id="i34729">
  <metadata type="xigt-meta">
    <meta type="language" name="hibena" iso-639-3="bez" tiers="phrases words morphemes"/>
    <meta type="language" name="English" iso-639-3="eng" tiers="translations"/>
    <meta type="odin-source" doc-id="3705" line-range="1577-1579" line-types="L G T"/>
  </metadata>
  <tier id="o" type="odin-raw">
    <item id="o1" line="1577" tag="L">        b. mu-nyumba mwa-bahil-we   n-umusehe</item>
    <item id="o2" line="1578" tag="G">           in-house ag-remain-pass by-old-man</item>
    <item id="o3" line="1579" tag="T">           'In the house was remained by the old man.'</item>
  </tier>
  <tier id="c" type="odin-clean">
    <item id="c1" line="1577" tag="L">mu-nyumba mwa-bahil-we   n-umusehe</item>
    <item id="c2" line="1578" tag="G">in-house ag-remain-pass by-old-man</item>
    <item id="c3" line="1579" tag="T">In the house was remained by the old man.</item>
  </tier>
  <tier id="p" type="phrases" content="c">
    <item id="p0" content="c1[0:34]"/>
  </tier>
  <tier id="g" type="glosses" content="c">
    <item id="g0" content="c2[0:34]" alignment="p1"/>
  </tier>
  <tier id="t" type="translations" content="c">
    <item id="t0" content="c3[0:41]" alignment="p1"/>
  </tier>
</igt>
<igt id="i34730">
  <metadata type="xigt-meta">
    <meta type="language" name="hibena" iso-639-3="bez" tiers="phrases words morphemes"/>
    <meta type="language" name="English" iso-639-3="eng" tiers="translations"/>
    <meta type="odin-source" doc-id="3705" line-range="1581-1585" line-types="M+AC+LN L G T T"/>
  </metadata>
  <tier id="o" type="odin-raw">
    <item id="o1" line="1581" tag="M+AC+LN">    (67) Hodges and Stucky (1979 (7c)))</item>
    <item id="o2" line="1582" tag="L">         *mu-hijiji mwa-nyamul-ilil-we umusehe ihidoto n-umudala</item>
    <item id="o3" line="1583" tag="G">          in-village ag-carry-app/T-pass old-man basket by-woman</item>
    <item id="o4" line="1584" tag="T">          'In the village was carried (for) the old man the basket by</item>
    <item id="o5" line="1585" tag="T">           the woman.'</item>
  </tier>
  <tier id="c" type="odin-clean">
    <item id="c1" line="1581" tag="M+AC+LN">Hodges and Stucky (1979 (7c))</item>
    <item id="c2" line="1582" tag="L">*mu-hijiji mwa-nyamul-ilil-we umusehe ihidoto n-umudala</item>
    <item id="c3" line="1583" tag="G">in-village ag-carry-app/T-pass old-man basket by-woman</item>
    <item id="c4" line="1584" tag="T">In the village was carried (for) the old man the basket by</item>
    <item id="c5" line="1585" tag="T">the woman.</item>
  </tier>
  <tier id="p" type="phrases" content="c">
    <item id="p0" content="c2[0:55]"/>
  </tier>
  <tier id="g" type="glosses" content="c">
    <item id="g0" content="c3[0:54]" alignment="p1"/>
  </tier>
  <tier id="t" type="translations" content="c">
    <item id="t0" content="c4[0:58]" alignment="p1"/>
    <item id="t1" content="c5[0:10]" alignment="p1"/>
  </tier>
</igt>
<igt id="i34731">
  <metadata type="xigt-meta">
    <meta type="language" name="hibena" iso-639-3="bez" tiers="phrases words morphemes"/>
    <meta type="language" name="English" iso-639-3="eng" tiers="translations"/>
    <meta type="odin-source" doc-id="3705" line-range="1601-1604" line-types="M+AC+LN L G T"/>
  </metadata>
  <tier id="o" type="odin-raw">
    <item id="o1" line="1601" tag="M+AC+LN">    (i) HiBena (Hodges and Stucky (1979 (7b)))</item>
    <item id="o2" line="1602" tag="L">        Mu-nyumba mwa-bah-ilil-we       avana    n-umusehe.</item>
    <item id="o3" line="1603" tag="G">        in-house ag-remain-app/T-pass children by-old-man</item>
    <item id="o4" line="1604" tag="T">        'In the house was remained (for) the children by the old man.'</item>
  </tier>
  <tier id="c" type="odin-clean">
    <item id="c1" line="1601" tag="M+AC+LN">HiBena (Hodges and Stucky (1979 (7b))</item>
    <item id="c2" line="1602" tag="L">Mu-nyumba mwa-bah-ilil-we       avana    n-umusehe.</item>
    <item id="c3" line="1603" tag="G">in-house ag-remain-app/T-pass children by-old-man</item>
    <item id="c4" line="1604" tag="T">In the house was remained (for) the children by the old man.</item>
  </tier>
  <tier id="p" type="phrases" content="c">
    <item id="p0" content="c2[0:51]"/>
  </tier>
  <tier id="g" type="glosses" content="c">
    <item id="g0" content="c3[0:49]" alignment="p1"/>
  </tier>
  <tier id="t" type="translations" content="c">
    <item id="t0" content="c4[0:60]" alignment="p1"/>
  </tier>
</igt>
</xigt-corpus>
