<?xml version="1.0" encoding="UTF-8"?>
<xigt-corpus>
<igt id="i85158">
  <metadata type="xigt-meta">
    <meta type="language" name="bari" iso-639-3="bfa" tiers="phrases words morphemes"/>
    <meta type="language" name="English" iso-639-3="eng" tiers="translations"/>
    <meta type="odin-source" doc-id="289" line-range="18713-18718" line-types="M+LN B L+CR L+CR G T+AC"/>
  </metadata>
  <tier id="o" type="odin-raw">
    <item id="o1" line="18713" tag="M+LN">  (A.23) B   ARI</item>
    <item id="o2" line="18714" tag="B"></item>
    <item id="o3" line="18715" tag="L+CR">                                 dn</item>
    <item id="o4" line="18716" tag="L+CR">          a. yi      ko</item>
    <item id="o5" line="18717" tag="G">             1+3     with        2</item>
    <item id="o6" line="18718" tag="T+AC">             `I and you' (lit. `we with you')                               (Spagnolo, 1933: 212)</item>
  </tier>
  <tier id="c" type="odin-clean">
    <item id="c1" line="18713" tag="M+LN">(A.23) B   ARI</item>
    <item id="c2" line="18714" tag="B"/>
    <item id="c3" line="18715 18716" tag="L+CR">yi      ko          dn</item>
    <item id="c5" line="18717" tag="G">1+3     with        2</item>
    <item id="c6" line="18718" tag="T+AC">I and you' (lit. `we with you')                               (Spagnolo, 1933: 212)</item>
  </tier>
  <tier id="p" type="phrases" content="c">
    <item id="p0" content="c3[0:22]"/>
  </tier>
  <tier id="g" type="glosses" content="c">
    <item id="g0" content="c5[0:21]" alignment="p1"/>
  </tier>
  <tier id="t" type="translations" content="c">
    <item id="t0" content="c6[0:83]" alignment="p1"/>
  </tier>
</igt>
<igt id="i85159">
  <metadata type="xigt-meta">
    <meta type="language" name="bari" iso-639-3="bfa" tiers="phrases words morphemes"/>
    <meta type="language" name="English" iso-639-3="eng" tiers="translations"/>
    <meta type="odin-source" doc-id="289" line-range="18719-18721" line-types="L G T+AC"/>
  </metadata>
  <tier id="o" type="odin-raw">
    <item id="o1" line="18719" tag="L">          b. ta           ko          nan</item>
    <item id="o2" line="18720" tag="G">             2+3          with        1</item>
    <item id="o3" line="18721" tag="T+AC">             `You and I' (lit. `you all with me')                           (Spagnolo, 1933: 212)</item>
  </tier>
  <tier id="c" type="odin-clean">
    <item id="c1" line="18719" tag="L">ta           ko          nan</item>
    <item id="c2" line="18720" tag="G">2+3          with        1</item>
    <item id="c3" line="18721" tag="T+AC">You and I' (lit. `you all with me')                           (Spagnolo, 1933: 212)</item>
  </tier>
  <tier id="p" type="phrases" content="c">
    <item id="p0" content="c1[0:28]"/>
  </tier>
  <tier id="g" type="glosses" content="c">
    <item id="g0" content="c2[0:26]" alignment="p1"/>
  </tier>
  <tier id="t" type="translations" content="c">
    <item id="t0" content="c3[0:83]" alignment="p1"/>
  </tier>
</igt>
</xigt-corpus>
