<?xml version="1.0" encoding="UTF-8"?>
<xigt-corpus>
<igt id="i2623">
  <metadata type="xigt-meta">
    <meta type="language" name="bagari" iso-639-3="bgq" tiers="phrases words morphemes"/>
    <meta type="language" name="English" iso-639-3="eng" tiers="translations"/>
    <meta type="odin-source" doc-id="567" line-range="3132-3134" line-types="L G T"/>
  </metadata>
  <tier id="o" type="odin-raw">
    <item id="o1" line="3132" tag="L">  (85)     a. ìdan Gizò yaa                yi shillòo, kù                  baa    shì     yàDaa.</item>
    <item id="o2" line="3133" tag="G">              if      Spider 3ms.PERF do swing           2p.SUB            give   3ms     peanuts</item>
    <item id="o3" line="3134" tag="T">              'If Spider has swung, please give him some peanuts.'</item>
  </tier>
  <tier id="c" type="odin-clean">
    <item id="c1" line="3132" tag="L">ìdan Gizò yaa                yi shillòo, kù                  baa    shì     yàDaa.</item>
    <item id="c2" line="3133" tag="G">if      Spider 3ms.PERF do swing           2p.SUB            give   3ms     peanuts</item>
    <item id="c3" line="3134" tag="T">If Spider has swung, please give him some peanuts.</item>
  </tier>
  <tier id="p" type="phrases" content="c">
    <item id="p0" content="c1[0:82]"/>
  </tier>
  <tier id="g" type="glosses" content="c">
    <item id="g0" content="c2[0:83]" alignment="p1"/>
  </tier>
  <tier id="t" type="translations" content="c">
    <item id="t0" content="c3[0:50]" alignment="p1"/>
  </tier>
</igt>
<igt id="i2624">
  <metadata type="xigt-meta">
    <meta type="language" name="bagari" iso-639-3="bgq" tiers="phrases words morphemes"/>
    <meta type="language" name="English" iso-639-3="eng" tiers="translations"/>
    <meta type="odin-source" doc-id="567" line-range="3136-3138" line-types="L G T"/>
  </metadata>
  <tier id="o" type="odin-raw">
    <item id="o1" line="3136" tag="L">           b. ìdan Gizò ya                     yi shillòo, kù        baa shì gyàDaa.</item>
    <item id="o2" line="3137" tag="G">              once Spider 3ms.REL PERF do swing 2p.SUB give 3ms peanuts</item>
    <item id="o3" line="3138" tag="T">              'Once Spider has swung, please give him some peanuts.'</item>
  </tier>
  <tier id="c" type="odin-clean">
    <item id="c1" line="3136" tag="L">ìdan Gizò ya                     yi shillòo, kù        baa shì gyàDaa.</item>
    <item id="c2" line="3137" tag="G">once Spider 3ms.REL PERF do swing 2p.SUB give 3ms peanuts</item>
    <item id="c3" line="3138" tag="T">Once Spider has swung, please give him some peanuts.</item>
  </tier>
  <tier id="p" type="phrases" content="c">
    <item id="p0" content="c1[0:70]"/>
  </tier>
  <tier id="g" type="glosses" content="c">
    <item id="g0" content="c2[0:57]" alignment="p1"/>
  </tier>
  <tier id="t" type="translations" content="c">
    <item id="t0" content="c3[0:52]" alignment="p1"/>
  </tier>
</igt>
</xigt-corpus>
