<?xml version="1.0" encoding="UTF-8"?>
<xigt-corpus>
<igt id="i73293">
  <metadata type="xigt-meta">
    <meta type="language" name="bawm" iso-639-3="bgr" tiers="phrases words morphemes"/>
    <meta type="language" name="English" iso-639-3="eng" tiers="translations"/>
    <meta type="odin-source" doc-id="990" line-range="674-677" line-types="L+CR L+CR G T"/>
  </metadata>
  <tier id="o" type="odin-raw">
    <item id="o1" line="674" tag="L+CR">                        heb naj</item>
    <item id="o2" line="675" tag="L+CR">  (51) caw-a                            winaj</item>
    <item id="o3" line="676" tag="G">          two-CLSFR PLUR CLASS man</item>
    <item id="o4" line="677" tag="T">          `two men'</item>
  </tier>
  <tier id="c" type="odin-clean">
    <item id="c1" line="674 675" tag="L+CR">caw-a            heb naj         winaj</item>
    <item id="c3" line="676" tag="G">two-CLSFR PLUR CLASS man</item>
    <item id="c4" line="677" tag="T">two men</item>
  </tier>
  <tier id="p" type="phrases" content="c">
    <item id="p0" content="c1[0:38]"/>
  </tier>
  <tier id="g" type="glosses" content="c">
    <item id="g0" content="c3[0:24]" alignment="p1"/>
  </tier>
  <tier id="t" type="translations" content="c">
    <item id="t0" content="c4[0:7]" alignment="p1"/>
  </tier>
</igt>
<igt id="i73401">
  <metadata type="xigt-meta">
    <meta type="language" name="bawm" iso-639-3="bgr" tiers="phrases words morphemes"/>
    <meta type="language" name="English" iso-639-3="eng" tiers="translations"/>
    <meta type="odin-source" doc-id="990" line-range="1554-1556" line-types="L G T"/>
  </metadata>
  <tier id="o" type="odin-raw">
    <item id="o1" line="1554" tag="L">  (133) [in           sungah] mi tlâ</item>
    <item id="o2" line="1555" tag="G">            [house in]            man PLUR</item>
    <item id="o3" line="1556" tag="T">            `the people in the house'</item>
  </tier>
  <tier id="c" type="odin-clean">
    <item id="c1" line="1554" tag="L">[in           sungah] mi tlâ</item>
    <item id="c2" line="1555" tag="G">[house in]            man PLUR</item>
    <item id="c3" line="1556" tag="T">the people in the house</item>
  </tier>
  <tier id="p" type="phrases" content="c">
    <item id="p0" content="c1[0:28]"/>
  </tier>
  <tier id="g" type="glosses" content="c">
    <item id="g0" content="c2[0:30]" alignment="p1"/>
  </tier>
  <tier id="t" type="translations" content="c">
    <item id="t0" content="c3[0:23]" alignment="p1"/>
  </tier>
</igt>
<igt id="i115577">
  <metadata type="xigt-meta">
    <meta type="language" name="bawm" iso-639-3="bgr" tiers="phrases words morphemes"/>
    <meta type="language" name="English" iso-639-3="eng" tiers="translations"/>
    <meta type="odin-source" doc-id="3380" line-range="1536-1539" line-types="M+LN L G T+AC"/>
  </metadata>
  <tier id="o" type="odin-raw">
    <item id="o1" line="1536" tag="M+LN">         b.    Bawm</item>
    <item id="o2" line="1537" tag="L">               mip?nih chabu a            hawng ka pêk        mi chu</item>
    <item id="o3" line="1538" tag="G">               man ERG book 3SG 1SG                    give REL that</item>
    <item id="o4" line="1539" tag="T+AC">               `the book that the man gave me' (Reichle 1981: 93)</item>
  </tier>
  <tier id="c" type="odin-clean">
    <item id="c1" line="1536" tag="M+LN">Bawm</item>
    <item id="c2" line="1537" tag="L">mip?nih chabu a            hawng ka pêk        mi chu</item>
    <item id="c3" line="1538" tag="G">man ERG book 3SG 1SG                    give REL that</item>
    <item id="c4" line="1539" tag="T+AC">the book that the man gave me' (Reichle 1981: 93)</item>
  </tier>
  <tier id="p" type="phrases" content="c">
    <item id="p0" content="c2[0:53]"/>
  </tier>
  <tier id="g" type="glosses" content="c">
    <item id="g0" content="c3[0:53]" alignment="p1"/>
  </tier>
  <tier id="t" type="translations" content="c">
    <item id="t0" content="c4[0:49]" alignment="p1"/>
  </tier>
</igt>
<igt id="i115584">
  <metadata type="xigt-meta">
    <meta type="language" name="bawm" iso-639-3="bgr" tiers="phrases words morphemes"/>
    <meta type="language" name="English" iso-639-3="eng" tiers="translations"/>
    <meta type="odin-source" doc-id="3380" line-range="1735-1739" line-types="M+LN B L G T+AC"/>
  </metadata>
  <tier id="o" type="odin-raw">
    <item id="o1" line="1735" tag="M+LN">  (65)   Bawm</item>
    <item id="o2" line="1736" tag="B"></item>
    <item id="o3" line="1737" tag="L">         hi   Pathian     biakin hi râwk               u    le!</item>
    <item id="o4" line="1738" tag="G">         this God         temple this break.down       2PL IMPER</item>
    <item id="o5" line="1739" tag="T+AC">         `break down this temple of God!' (Reichle 1981: 136)</item>
  </tier>
  <tier id="c" type="odin-clean">
    <item id="c1" line="1735" tag="M+LN">Bawm</item>
    <item id="c2" line="1736" tag="B"/>
    <item id="c3" line="1737" tag="L">hi   Pathian     biakin hi râwk               u    le!</item>
    <item id="c4" line="1738" tag="G">this God         temple this break.down       2PL IMPER</item>
    <item id="c5" line="1739" tag="T+AC">break down this temple of God!' (Reichle 1981: 136)</item>
  </tier>
  <tier id="p" type="phrases" content="c">
    <item id="p0" content="c3[0:54]"/>
  </tier>
  <tier id="g" type="glosses" content="c">
    <item id="g0" content="c4[0:55]" alignment="p1"/>
  </tier>
  <tier id="t" type="translations" content="c">
    <item id="t0" content="c5[0:51]" alignment="p1"/>
  </tier>
</igt>
<igt id="i115585">
  <metadata type="xigt-meta">
    <meta type="language" name="bawm" iso-639-3="bgr" tiers="phrases words morphemes"/>
    <meta type="language" name="English" iso-639-3="eng" tiers="translations"/>
    <meta type="odin-source" doc-id="3380" line-range="1744-1746" line-types="L G T+AC"/>
  </metadata>
  <tier id="o" type="odin-raw">
    <item id="o1" line="1744" tag="L">  (66)   Rêtâi hi lal        a      si le</item>
    <item id="o2" line="1745" tag="G">         Retai this king 3SG be LINK</item>
    <item id="o3" line="1746" tag="T+AC">         `this (man called) Retai was a king' (Reichle 1981: 137)</item>
  </tier>
  <tier id="c" type="odin-clean">
    <item id="c1" line="1744" tag="L">Rêtâi hi lal        a      si le</item>
    <item id="c2" line="1745" tag="G">Retai this king 3SG be LINK</item>
    <item id="c3" line="1746" tag="T+AC">this (man called) Retai was a king' (Reichle 1981: 137)</item>
  </tier>
  <tier id="p" type="phrases" content="c">
    <item id="p0" content="c1[0:32]"/>
  </tier>
  <tier id="g" type="glosses" content="c">
    <item id="g0" content="c2[0:27]" alignment="p1"/>
  </tier>
  <tier id="t" type="translations" content="c">
    <item id="t0" content="c3[0:55]" alignment="p1"/>
  </tier>
</igt>
<igt id="i115626">
  <metadata type="xigt-meta">
    <meta type="language" name="bawm" iso-639-3="bgr" tiers="phrases words morphemes"/>
    <meta type="language" name="English" iso-639-3="eng" tiers="translations"/>
    <meta type="odin-source" doc-id="3380" line-range="2405-2408" line-types="M+LN+CN L G T+AC"/>
  </metadata>
  <tier id="o" type="odin-raw">
    <item id="o1" line="2405" tag="M+LN+CN">  (90)   Bawm: NAdj, AdjIntens</item>
    <item id="o2" line="2406" tag="L">         a.   in      t?</item>
    <item id="o3" line="2407" tag="G">              house small</item>
    <item id="o4" line="2408" tag="T+AC">              `small house' (Reichle 1981: 42)</item>
  </tier>
  <tier id="c" type="odin-clean">
    <item id="c1" line="2405" tag="M+LN+CN">NAdj, AdjIntens</item>
    <item id="c2" line="2406" tag="L">in      t?</item>
    <item id="c3" line="2407" tag="G">house small</item>
    <item id="c4" line="2408" tag="T+AC">small house' (Reichle 1981: 42)</item>
  </tier>
  <tier id="p" type="phrases" content="c">
    <item id="p0" content="c2[0:10]"/>
  </tier>
  <tier id="g" type="glosses" content="c">
    <item id="g0" content="c3[0:11]" alignment="p1"/>
  </tier>
  <tier id="t" type="translations" content="c">
    <item id="t0" content="c4[0:31]" alignment="p1"/>
  </tier>
</igt>
<igt id="i115627">
  <metadata type="xigt-meta">
    <meta type="language" name="bawm" iso-639-3="bgr" tiers="phrases words morphemes"/>
    <meta type="language" name="English" iso-639-3="eng" tiers="translations"/>
    <meta type="odin-source" doc-id="3380" line-range="2410-2412" line-types="L G T+AC"/>
  </metadata>
  <tier id="o" type="odin-raw">
    <item id="o1" line="2410" tag="L">         b.   tha    thlo</item>
    <item id="o2" line="2411" tag="G">              good very</item>
    <item id="o3" line="2412" tag="T+AC">              `very good' (Reichle 1981: 66)</item>
  </tier>
  <tier id="c" type="odin-clean">
    <item id="c1" line="2410" tag="L">tha    thlo</item>
    <item id="c2" line="2411" tag="G">good very</item>
    <item id="c3" line="2412" tag="T+AC">very good' (Reichle 1981: 66)</item>
  </tier>
  <tier id="p" type="phrases" content="c">
    <item id="p0" content="c1[0:11]"/>
  </tier>
  <tier id="g" type="glosses" content="c">
    <item id="g0" content="c2[0:9]" alignment="p1"/>
  </tier>
  <tier id="t" type="translations" content="c">
    <item id="t0" content="c3[0:29]" alignment="p1"/>
  </tier>
</igt>
</xigt-corpus>
