<?xml version="1.0" encoding="UTF-8"?>
<xigt-corpus>
<igt id="i58533">
  <metadata type="xigt-meta">
    <meta type="language" name="bhojpuri" iso-639-3="bho" tiers="phrases words morphemes"/>
    <meta type="language" name="English" iso-639-3="eng" tiers="translations"/>
    <meta type="odin-source" doc-id="3186" line-range="234-237" line-types="L+CR L+CR G T"/>
  </metadata>
  <tier id="o" type="odin-raw">
    <item id="o1" line="234" tag="L+CR">    (8) deXkh£</item>
    <item id="o2" line="235" tag="L+CR">             iXGdeXkh GdeXkh u</item>
    <item id="o3" line="236" tag="G">        show-imv-2s</item>
    <item id="o4" line="237" tag="T">           `(You-s) show (me)!</item>
  </tier>
  <tier id="c" type="odin-clean">
    <item id="c1" line="234" tag="L+CR">deXkh£</item>
    <item id="c3" line="236" tag="G">show-imv-2s</item>
    <item id="c4" line="237" tag="T">(You-s) show (me)!</item>
  </tier>
  <tier id="p" type="phrases" content="c">
    <item id="p0" content="c1[0:6]"/>
  </tier>
  <tier id="g" type="glosses" content="c">
    <item id="g0" content="c3[0:11]" alignment="p1"/>
  </tier>
  <tier id="t" type="translations" content="c">
    <item id="t0" content="c4[0:18]" alignment="p1"/>
  </tier>
</igt>
<igt id="i58534">
  <metadata type="xigt-meta">
    <meta type="language" name="bhojpuri" iso-639-3="bho" tiers="phrases words morphemes"/>
    <meta type="language" name="English" iso-639-3="eng" tiers="translations"/>
    <meta type="odin-source" doc-id="3186" line-range="243-245" line-types="L G T"/>
  </metadata>
  <tier id="o" type="odin-raw">
    <item id="o1" line="243" tag="L">    (9) deXkh XlXGdeXkh lXGdeXkh X</item>
    <item id="o2" line="244" tag="G">        show-pres/past/fut-2s</item>
    <item id="o3" line="245" tag="T">           `(You-s) are showing/showed/will show'</item>
  </tier>
  <tier id="c" type="odin-clean">
    <item id="c1" line="243" tag="L">deXkh XlXGdeXkh lXGdeXkh X</item>
    <item id="c2" line="244" tag="G">show-pres/past/fut-2s</item>
    <item id="c3" line="245" tag="T">(You-s) are showing/showed/will show</item>
  </tier>
  <tier id="p" type="phrases" content="c">
    <item id="p0" content="c1[0:26]"/>
  </tier>
  <tier id="g" type="glosses" content="c">
    <item id="g0" content="c2[0:21]" alignment="p1"/>
  </tier>
  <tier id="t" type="translations" content="c">
    <item id="t0" content="c3[0:36]" alignment="p1"/>
  </tier>
</igt>
<igt id="i58573">
  <metadata type="xigt-meta">
    <meta type="language" name="bhojpuri" iso-639-3="bho" tiers="phrases words morphemes"/>
    <meta type="language" name="English" iso-639-3="eng" tiers="translations"/>
    <meta type="odin-source" doc-id="3186" line-range="758-760" line-types="L G T+DB"/>
  </metadata>
  <tier id="o" type="odin-raw">
    <item id="o1" line="758" tag="L">   (37) Ã j£%</item>
    <item id="o2" line="759" tag="G">        go-imp.1s</item>
    <item id="o3" line="760" tag="T+DB">            `I'll go/I promise to go'</item>
  </tier>
  <tier id="c" type="odin-clean">
    <item id="c1" line="758" tag="L">Ã j£%</item>
    <item id="c2" line="759" tag="G">go-imp.1s</item>
    <item id="c3" line="760" tag="T+DB">I'll go/I promise to go</item>
  </tier>
  <tier id="p" type="phrases" content="c">
    <item id="p0" content="c1[0:5]"/>
  </tier>
  <tier id="g" type="glosses" content="c">
    <item id="g0" content="c2[0:9]" alignment="p1"/>
  </tier>
  <tier id="t" type="translations" content="c">
    <item id="t0" content="c3[0:23]" alignment="p1"/>
  </tier>
</igt>
<igt id="i152252">
  <metadata type="xigt-meta">
    <meta type="language" name="bhojpuri" iso-639-3="bho" tiers="phrases words morphemes"/>
    <meta type="language" name="English" iso-639-3="eng" tiers="translations"/>
    <meta type="odin-source" doc-id="2773" line-range="140-143" line-types="L+CR L+CR G T"/>
  </metadata>
  <tier id="o" type="odin-raw">
    <item id="o1" line="140" tag="L+CR">          Lajke          cup       raaheN!</item>
    <item id="o2" line="141" tag="L+CR">  (12)</item>
    <item id="o3" line="142" tag="G">          children-nom. quiet-nom. be-imv.3p</item>
    <item id="o4" line="143" tag="T">          "Children be quiet!"</item>
  </tier>
  <tier id="c" type="odin-clean">
    <item id="c1" line="140 141" tag="L+CR">Lajke          cup       raaheN!</item>
    <item id="c3" line="142" tag="G">children-nom. quiet-nom. be-imv.3p</item>
    <item id="c4" line="143" tag="T">Children be quiet!</item>
  </tier>
  <tier id="p" type="phrases" content="c">
    <item id="p0" content="c1[0:32]"/>
  </tier>
  <tier id="g" type="glosses" content="c">
    <item id="g0" content="c3[0:34]" alignment="p1"/>
  </tier>
  <tier id="t" type="translations" content="c">
    <item id="t0" content="c4[0:18]" alignment="p1"/>
  </tier>
</igt>
<igt id="i152253">
  <metadata type="xigt-meta">
    <meta type="language" name="bhojpuri" iso-639-3="bho" tiers="phrases words morphemes"/>
    <meta type="language" name="English" iso-639-3="eng" tiers="translations"/>
    <meta type="odin-source" doc-id="2773" line-range="144-146" line-types="L G T"/>
  </metadata>
  <tier id="o" type="odin-raw">
    <item id="o1" line="144" tag="L">  (13)    Shakti      jaay!</item>
    <item id="o2" line="145" tag="G">          Shakti-nom. go-imv.3s</item>
    <item id="o3" line="146" tag="T">          "Shakti leave!"</item>
  </tier>
  <tier id="c" type="odin-clean">
    <item id="c1" line="144" tag="L">Shakti      jaay!</item>
    <item id="c2" line="145" tag="G">Shakti-nom. go-imv.3s</item>
    <item id="c3" line="146" tag="T">Shakti leave!</item>
  </tier>
  <tier id="p" type="phrases" content="c">
    <item id="p0" content="c1[0:17]"/>
  </tier>
  <tier id="g" type="glosses" content="c">
    <item id="g0" content="c2[0:21]" alignment="p1"/>
  </tier>
  <tier id="t" type="translations" content="c">
    <item id="t0" content="c3[0:13]" alignment="p1"/>
  </tier>
</igt>
<igt id="i152254">
  <metadata type="xigt-meta">
    <meta type="language" name="bhojpuri" iso-639-3="bho" tiers="phrases words morphemes"/>
    <meta type="language" name="English" iso-639-3="eng" tiers="translations"/>
    <meta type="odin-source" doc-id="2773" line-range="168-171" line-types="L+CR L+CR G T"/>
  </metadata>
  <tier id="o" type="odin-raw">
    <item id="o1" line="168" tag="L+CR">          Lajke          (aapan) tini baje   aaveN</item>
    <item id="o2" line="169" tag="L+CR">  (14)</item>
    <item id="o3" line="170" tag="G">          children-nom. (self) 3 o'clock come-imv.3p</item>
    <item id="o4" line="171" tag="T">          "(Your) children come at 3 o'clock!"</item>
  </tier>
  <tier id="c" type="odin-clean">
    <item id="c1" line="168 169" tag="L+CR">Lajke          (aapan) tini baje   aaveN</item>
    <item id="c3" line="170" tag="G">children-nom. (self) 3 o'clock come-imv.3p</item>
    <item id="c4" line="171" tag="T">(Your) children come at 3 o'clock!</item>
  </tier>
  <tier id="p" type="phrases" content="c">
    <item id="p0" content="c1[0:40]"/>
  </tier>
  <tier id="g" type="glosses" content="c">
    <item id="g0" content="c3[0:42]" alignment="p1"/>
  </tier>
  <tier id="t" type="translations" content="c">
    <item id="t0" content="c4[0:34]" alignment="p1"/>
  </tier>
</igt>
</xigt-corpus>
