<?xml version="1.0" encoding="UTF-8"?>
<xigt-corpus>
<igt id="i27938">
  <metadata type="xigt-meta">
    <meta type="language" name="bima" iso-639-3="bhp" tiers="phrases words morphemes"/>
    <meta type="language" name="English" iso-639-3="eng" tiers="translations"/>
    <meta type="odin-source" doc-id="868" line-range="948-950" line-types="L+LN G+AC T"/>
  </metadata>
  <tier id="o" type="odin-raw">
    <item id="o1" line="948" tag="L+LN">    (39) a.     Sia     ra-ha'a                ba     ngao ede               (Bima)</item>
    <item id="o2" line="949" tag="G+AC">                3s      PASS.REAL-bit          by     cat  that              (Jauhary 2000)</item>
    <item id="o3" line="950" tag="T">                '(S)he has been bitten by the cat.'</item>
  </tier>
  <tier id="c" type="odin-clean">
    <item id="c1" line="948" tag="L+LN">a.     Sia     ra-ha'a                ba     ngao ede               (Bima</item>
    <item id="c2" line="949" tag="G+AC">3s      PASS.REAL-bit          by     cat  that              (Jauhary 2000)</item>
    <item id="c3" line="950" tag="T">he has been bitten by the cat.</item>
  </tier>
  <tier id="p" type="phrases" content="c">
    <item id="p0" content="c1[0:73]"/>
  </tier>
  <tier id="g" type="glosses" content="c">
    <item id="g0" content="c2[0:75]" alignment="p1"/>
  </tier>
  <tier id="t" type="translations" content="c">
    <item id="t0" content="c3[0:30]" alignment="p1"/>
  </tier>
</igt>
<igt id="i27939">
  <metadata type="xigt-meta">
    <meta type="language" name="bima" iso-639-3="bhp" tiers="phrases words morphemes"/>
    <meta type="language" name="English" iso-639-3="eng" tiers="translations"/>
    <meta type="odin-source" doc-id="868" line-range="952-954" line-types="L G T"/>
  </metadata>
  <tier id="o" type="odin-raw">
    <item id="o1" line="952" tag="L">           b.   Wela ede        di-weli               ba        La    Amir</item>
    <item id="o2" line="953" tag="G">                kite    that    PASS.IRR-buy          by        ART   NAME</item>
    <item id="o3" line="954" tag="T">                'The kite will be bought by Amir'</item>
  </tier>
  <tier id="c" type="odin-clean">
    <item id="c1" line="952" tag="L">Wela ede        di-weli               ba        La    Amir</item>
    <item id="c2" line="953" tag="G">kite    that    PASS.IRR-buy          by        ART   NAME</item>
    <item id="c3" line="954" tag="T">The kite will be bought by Amir</item>
  </tier>
  <tier id="p" type="phrases" content="c">
    <item id="p0" content="c1[0:58]"/>
  </tier>
  <tier id="g" type="glosses" content="c">
    <item id="g0" content="c2[0:58]" alignment="p1"/>
  </tier>
  <tier id="t" type="translations" content="c">
    <item id="t0" content="c3[0:31]" alignment="p1"/>
  </tier>
</igt>
<igt id="i28031">
  <metadata type="xigt-meta">
    <meta type="language" name="bima" iso-639-3="bhp" tiers="phrases words morphemes"/>
    <meta type="language" name="English" iso-639-3="eng" tiers="translations"/>
    <meta type="odin-source" doc-id="869" line-range="74-76" line-types="L+LN G T"/>
  </metadata>
  <tier id="o" type="odin-raw">
    <item id="o1" line="74" tag="L+LN">         c. Sia na-weli-ku        baju.                           (Bima)</item>
    <item id="o2" line="75" tag="G">            SG 3-buy-ADV shirt</item>
    <item id="o3" line="76" tag="T">            `(S)he really bought the shirt'</item>
  </tier>
  <tier id="c" type="odin-clean">
    <item id="c1" line="74" tag="L+LN">Sia na-weli-ku        baju.                           (Bima)</item>
    <item id="c2" line="75" tag="G">SG 3-buy-ADV shirt</item>
    <item id="c3" line="76" tag="T">he really bought the shirt</item>
  </tier>
  <tier id="p" type="phrases" content="c">
    <item id="p0" content="c1[0:60]"/>
  </tier>
  <tier id="g" type="glosses" content="c">
    <item id="g0" content="c2[0:18]" alignment="p1"/>
  </tier>
  <tier id="t" type="translations" content="c">
    <item id="t0" content="c3[0:26]" alignment="p1"/>
  </tier>
</igt>
<igt id="i28044">
  <metadata type="xigt-meta">
    <meta type="language" name="bima" iso-639-3="bhp" tiers="phrases words morphemes"/>
    <meta type="language" name="English" iso-639-3="eng" tiers="translations"/>
    <meta type="odin-source" doc-id="869" line-range="182-184" line-types="L+LN G T"/>
  </metadata>
  <tier id="o" type="odin-raw">
    <item id="o1" line="182" tag="L+LN">  (5)     a. Sia     na ­mbei ana dou            ede buku                                  (Bima)</item>
    <item id="o2" line="183" tag="G">             3SG 3.IRR-give child person that book</item>
    <item id="o3" line="184" tag="T">             `(S)he is going to give the child a book'</item>
  </tier>
  <tier id="c" type="odin-clean">
    <item id="c1" line="182" tag="L+LN">a. Sia     na ­mbei ana dou            ede buku                                  (Bima</item>
    <item id="c2" line="183" tag="G">3SG 3.IRR-give child person that book</item>
    <item id="c3" line="184" tag="T">he is going to give the child a book</item>
  </tier>
  <tier id="p" type="phrases" content="c">
    <item id="p0" content="c1[0:86]"/>
  </tier>
  <tier id="g" type="glosses" content="c">
    <item id="g0" content="c2[0:37]" alignment="p1"/>
  </tier>
  <tier id="t" type="translations" content="c">
    <item id="t0" content="c3[0:36]" alignment="p1"/>
  </tier>
</igt>
<igt id="i28045">
  <metadata type="xigt-meta">
    <meta type="language" name="bima" iso-639-3="bhp" tiers="phrases words morphemes"/>
    <meta type="language" name="English" iso-639-3="eng" tiers="translations"/>
    <meta type="odin-source" doc-id="869" line-range="195-197" line-types="L G T"/>
  </metadata>
  <tier id="o" type="odin-raw">
    <item id="o1" line="195" tag="L">           b. Nahu nduku-ku1                 sia</item>
    <item id="o2" line="196" tag="G">              1SG hit-1SG.REAL               3SG</item>
    <item id="o3" line="197" tag="T">              `I have hit him/her'</item>
  </tier>
  <tier id="c" type="odin-clean">
    <item id="c1" line="195" tag="L">Nahu nduku-ku1                 sia</item>
    <item id="c2" line="196" tag="G">1SG hit-1SG.REAL               3SG</item>
    <item id="c3" line="197" tag="T">I have hit him/her</item>
  </tier>
  <tier id="p" type="phrases" content="c">
    <item id="p0" content="c1[0:34]"/>
  </tier>
  <tier id="g" type="glosses" content="c">
    <item id="g0" content="c2[0:34]" alignment="p1"/>
  </tier>
  <tier id="t" type="translations" content="c">
    <item id="t0" content="c3[0:18]" alignment="p1"/>
  </tier>
</igt>
<igt id="i28046">
  <metadata type="xigt-meta">
    <meta type="language" name="bima" iso-639-3="bhp" tiers="phrases words morphemes"/>
    <meta type="language" name="English" iso-639-3="eng" tiers="translations"/>
    <meta type="odin-source" doc-id="869" line-range="206-208" line-types="L G T"/>
  </metadata>
  <tier id="o" type="odin-raw">
    <item id="o1" line="206" tag="L">  (6)     Mbe'e      ede      ra-nduku            ba               ompu        sia</item>
    <item id="o2" line="207" tag="G">          goat       that     PAS.REAL-hit        by               grandfather 3SG</item>
    <item id="o3" line="208" tag="T">          `The goat was hit by his/her grandfather'</item>
  </tier>
  <tier id="c" type="odin-clean">
    <item id="c1" line="206" tag="L">Mbe'e      ede      ra-nduku            ba               ompu        sia</item>
    <item id="c2" line="207" tag="G">goat       that     PAS.REAL-hit        by               grandfather 3SG</item>
    <item id="c3" line="208" tag="T">The goat was hit by his/her grandfather</item>
  </tier>
  <tier id="p" type="phrases" content="c">
    <item id="p0" content="c1[0:72]"/>
  </tier>
  <tier id="g" type="glosses" content="c">
    <item id="g0" content="c2[0:72]" alignment="p1"/>
  </tier>
  <tier id="t" type="translations" content="c">
    <item id="t0" content="c3[0:39]" alignment="p1"/>
  </tier>
</igt>
<igt id="i28104">
  <metadata type="xigt-meta">
    <meta type="language" name="bima" iso-639-3="bhp" tiers="phrases words morphemes"/>
    <meta type="language" name="English" iso-639-3="eng" tiers="translations"/>
    <meta type="odin-source" doc-id="869" line-range="1211-1213" line-types="L+LN+CN G T"/>
  </metadata>
  <tier id="o" type="odin-raw">
    <item id="o1" line="1211" tag="L+LN+CN">  (42) a. Sia ndawi-wea-na               nahu     kuru nasi                    (active)(Bima)</item>
    <item id="o2" line="1212" tag="G">          3SG make-APPL-3.REAL 1SG                cage bird</item>
    <item id="o3" line="1213" tag="T">          `(S)he has made a bird cage for me'</item>
  </tier>
  <tier id="c" type="odin-clean">
    <item id="c1" line="1211" tag="L+LN+CN">a. Sia ndawi-wea-na               nahu     kuru nasi                    (active)(Bima</item>
    <item id="c2" line="1212" tag="G">3SG make-APPL-3.REAL 1SG                cage bird</item>
    <item id="c3" line="1213" tag="T">he has made a bird cage for me</item>
  </tier>
  <tier id="p" type="phrases" content="c">
    <item id="p0" content="c1[0:85]"/>
  </tier>
  <tier id="g" type="glosses" content="c">
    <item id="g0" content="c2[0:49]" alignment="p1"/>
  </tier>
  <tier id="t" type="translations" content="c">
    <item id="t0" content="c3[0:30]" alignment="p1"/>
  </tier>
</igt>
<igt id="i28105">
  <metadata type="xigt-meta">
    <meta type="language" name="bima" iso-639-3="bhp" tiers="phrases words morphemes"/>
    <meta type="language" name="English" iso-639-3="eng" tiers="translations"/>
    <meta type="odin-source" doc-id="869" line-range="1215-1217" line-types="L+CN G T"/>
  </metadata>
  <tier id="o" type="odin-raw">
    <item id="o1" line="1215" tag="L+CN">         b. Nahu      ndawi-wea       ba sia   kuru     nasi                   (pass.)</item>
    <item id="o2" line="1216" tag="G">            1SG       make-APPL       by 3SG cage       bird</item>
    <item id="o3" line="1217" tag="T">            `For me, the bird cage was made by him/her'</item>
  </tier>
  <tier id="c" type="odin-clean">
    <item id="c1" line="1215" tag="L+CN">Nahu      ndawi-wea       ba sia   kuru     nasi                   (pass.)</item>
    <item id="c2" line="1216" tag="G">1SG       make-APPL       by 3SG cage       bird</item>
    <item id="c3" line="1217" tag="T">For me, the bird cage was made by him/her</item>
  </tier>
  <tier id="p" type="phrases" content="c">
    <item id="p0" content="c1[0:74]"/>
  </tier>
  <tier id="g" type="glosses" content="c">
    <item id="g0" content="c2[0:48]" alignment="p1"/>
  </tier>
  <tier id="t" type="translations" content="c">
    <item id="t0" content="c3[0:41]" alignment="p1"/>
  </tier>
</igt>
<igt id="i28106">
  <metadata type="xigt-meta">
    <meta type="language" name="bima" iso-639-3="bhp" tiers="phrases words morphemes"/>
    <meta type="language" name="English" iso-639-3="eng" tiers="translations"/>
    <meta type="odin-source" doc-id="869" line-range="1219-1221" line-types="L+CN G T"/>
  </metadata>
  <tier id="o" type="odin-raw">
    <item id="o1" line="1219" tag="L+CN">         c. * Kuru    nasi ede     ndawi-wea      nahu    ba sia               (pass.)</item>
    <item id="o2" line="1220" tag="G">            cage      bird that make-APPL 1SG             by 3SG</item>
    <item id="o3" line="1221" tag="T">            `The bird cage was made by him/her for me'</item>
  </tier>
  <tier id="c" type="odin-clean">
    <item id="c1" line="1219" tag="L+CN">* Kuru    nasi ede     ndawi-wea      nahu    ba sia               (pass.)</item>
    <item id="c2" line="1220" tag="G">cage      bird that make-APPL 1SG             by 3SG</item>
    <item id="c3" line="1221" tag="T">The bird cage was made by him/her for me</item>
  </tier>
  <tier id="p" type="phrases" content="c">
    <item id="p0" content="c1[0:74]"/>
  </tier>
  <tier id="g" type="glosses" content="c">
    <item id="g0" content="c2[0:52]" alignment="p1"/>
  </tier>
  <tier id="t" type="translations" content="c">
    <item id="t0" content="c3[0:40]" alignment="p1"/>
  </tier>
</igt>
<igt id="i28107">
  <metadata type="xigt-meta">
    <meta type="language" name="bima" iso-639-3="bhp" tiers="phrases words morphemes"/>
    <meta type="language" name="English" iso-639-3="eng" tiers="translations"/>
    <meta type="odin-source" doc-id="869" line-range="1223-1225" line-types="L+CN G T"/>
  </metadata>
  <tier id="o" type="odin-raw">
    <item id="o1" line="1223" tag="L+CN">         d. Kuru nasi ede ndawi-wea ba sia             ruu nahu                (pass.)</item>
    <item id="o2" line="1224" tag="G">            cage bird that make-APPL by 3SG            for   1SG</item>
    <item id="o3" line="1225" tag="T">            `The bird cage was made by him/her for me'</item>
  </tier>
  <tier id="c" type="odin-clean">
    <item id="c1" line="1223" tag="L+CN">Kuru nasi ede ndawi-wea ba sia             ruu nahu                (pass.)</item>
    <item id="c2" line="1224" tag="G">cage bird that make-APPL by 3SG            for   1SG</item>
    <item id="c3" line="1225" tag="T">The bird cage was made by him/her for me</item>
  </tier>
  <tier id="p" type="phrases" content="c">
    <item id="p0" content="c1[0:74]"/>
  </tier>
  <tier id="g" type="glosses" content="c">
    <item id="g0" content="c2[0:52]" alignment="p1"/>
  </tier>
  <tier id="t" type="translations" content="c">
    <item id="t0" content="c3[0:40]" alignment="p1"/>
  </tier>
</igt>
<igt id="i118146">
  <metadata type="xigt-meta">
    <meta type="language" name="bimanese" iso-639-3="bhp" tiers="phrases words morphemes"/>
    <meta type="language" name="English" iso-639-3="eng" tiers="translations"/>
    <meta type="odin-source" doc-id="3657" line-range="4505-4507" line-types="L+LN G T"/>
  </metadata>
  <tier id="o" type="odin-raw">
    <item id="o1" line="4505" tag="L+LN">  (3)   Amu hanta wa'a.na meja ese              uma.          (Bimanese)</item>
    <item id="o2" line="4506" tag="G">        Amu pick-up carry.3 table up-to house</item>
    <item id="o3" line="4507" tag="T">        `Amu (picked up and) carried the table up to the house.'</item>
  </tier>
  <tier id="c" type="odin-clean">
    <item id="c1" line="4505" tag="L+LN">Amu hanta wa'a.na meja ese              uma.          (Bimanese</item>
    <item id="c2" line="4506" tag="G">Amu pick-up carry.3 table up-to house</item>
    <item id="c3" line="4507" tag="T">Amu (picked up and) carried the table up to the house.</item>
  </tier>
  <tier id="p" type="phrases" content="c">
    <item id="p0" content="c1[0:63]"/>
  </tier>
  <tier id="g" type="glosses" content="c">
    <item id="g0" content="c2[0:37]" alignment="p1"/>
  </tier>
  <tier id="t" type="translations" content="c">
    <item id="t0" content="c3[0:54]" alignment="p1"/>
  </tier>
</igt>
<igt id="i118147">
  <metadata type="xigt-meta">
    <meta type="language" name="bimanese" iso-639-3="bhp" tiers="phrases words morphemes"/>
    <meta type="language" name="English" iso-639-3="eng" tiers="translations"/>
    <meta type="odin-source" doc-id="3657" line-range="4508-4510" line-types="L+LN G T+DB+LT"/>
  </metadata>
  <tier id="o" type="odin-raw">
    <item id="o1" line="4508" tag="L+LN">  (4)   Rao lu'u ka.maru              weki.na.                (Bimanese)</item>
    <item id="o2" line="4509" tag="G">        Rao enter CAUS.sleep          REFL.3</item>
    <item id="o3" line="4510" tag="T+DB+LT">        `Rao went in and slept.' (lit. `made herself sleep.')</item>
  </tier>
  <tier id="c" type="odin-clean">
    <item id="c1" line="4508" tag="L+LN">Rao lu'u ka.maru              weki.na.                (Bimanese</item>
    <item id="c2" line="4509" tag="G">Rao enter CAUS.sleep          REFL.3</item>
    <item id="c3" line="4510" tag="T+DB+LT">Rao went in and slept.' (lit. `made herself sleep.')</item>
  </tier>
  <tier id="p" type="phrases" content="c">
    <item id="p0" content="c1[0:63]"/>
  </tier>
  <tier id="g" type="glosses" content="c">
    <item id="g0" content="c2[0:36]" alignment="p1"/>
  </tier>
  <tier id="t" type="translations" content="c">
    <item id="t0" content="c3[0:52]" alignment="p1"/>
  </tier>
</igt>
<igt id="i118148">
  <metadata type="xigt-meta">
    <meta type="language" name="bimanese" iso-639-3="bhp" tiers="phrases words morphemes"/>
    <meta type="language" name="English" iso-639-3="eng" tiers="translations"/>
    <meta type="odin-source" doc-id="3657" line-range="4511-4513" line-types="L+LN G T"/>
  </metadata>
  <tier id="o" type="odin-raw">
    <item id="o1" line="4511" tag="L+LN">  (5)   Fero       tu'u        reb'o.na.                      (Bimanese)</item>
    <item id="o2" line="4512" tag="G">        Fero       get-up      dance.3</item>
    <item id="o3" line="4513" tag="T">        `Fero got up and danced.'</item>
  </tier>
  <tier id="c" type="odin-clean">
    <item id="c1" line="4511" tag="L+LN">Fero       tu'u        reb'o.na.                      (Bimanese</item>
    <item id="c2" line="4512" tag="G">Fero       get-up      dance.3</item>
    <item id="c3" line="4513" tag="T">Fero got up and danced.</item>
  </tier>
  <tier id="p" type="phrases" content="c">
    <item id="p0" content="c1[0:63]"/>
  </tier>
  <tier id="g" type="glosses" content="c">
    <item id="g0" content="c2[0:30]" alignment="p1"/>
  </tier>
  <tier id="t" type="translations" content="c">
    <item id="t0" content="c3[0:23]" alignment="p1"/>
  </tier>
</igt>
</xigt-corpus>
