<?xml version="1.0" encoding="UTF-8"?>
<xigt-corpus>
<igt id="i52441">
  <metadata type="xigt-meta">
    <meta type="language" name="edo" iso-639-3="bin:lew" tiers="phrases words morphemes"/>
    <meta type="language" name="English" iso-639-3="eng" tiers="translations"/>
    <meta type="odin-source" doc-id="1211" line-range="495-498" line-types="L+LN L G T"/>
  </metadata>
  <tier id="o" type="odin-raw">
    <item id="o1" line="495" tag="L+LN">           a. Òzó gié Úyì yó (èkì).                               (Edo)</item>
    <item id="o2" line="496" tag="L">  (19)</item>
    <item id="o3" line="497" tag="G">              Ozo send Uyi go market</item>
    <item id="o4" line="498" tag="T">              `Ozo sent Uyi away/to the market.'</item>
  </tier>
  <tier id="c" type="odin-clean">
    <item id="c1" line="495" tag="L+LN">Òzó gié Úyì yó (èkì).                               (Edo)</item>
    <item id="c2" line="496" tag="L">19</item>
    <item id="c3" line="497" tag="G">Ozo send Uyi go market</item>
    <item id="c4" line="498" tag="T">Ozo sent Uyi away/to the market.</item>
  </tier>
  <tier id="p" type="phrases" content="c">
    <item id="p0" content="c1[0:57]"/>
    <item id="p1" content="c2[0:2]"/>
  </tier>
  <tier id="g" type="glosses" content="c">
    <item id="g0" content="c3[0:22]" alignment="p2"/>
  </tier>
  <tier id="t" type="translations" content="c">
    <item id="t0" content="c4[0:32]" alignment="p2"/>
  </tier>
</igt>
<igt id="i52444">
  <metadata type="xigt-meta">
    <meta type="language" name="edo" iso-639-3="bin:lew" tiers="phrases words morphemes"/>
    <meta type="language" name="English" iso-639-3="eng" tiers="translations"/>
    <meta type="odin-source" doc-id="1211" line-range="513-516" line-types="L+LN G T+AL T"/>
  </metadata>
  <tier id="o" type="odin-raw">
    <item id="o1" line="513" tag="L+LN">           d. #Òzó gbé àkhé [guòghó           ègìégìé].        (Edo)</item>
    <item id="o2" line="514" tag="G">               Ozo hit pot        break       quickly</item>
    <item id="o3" line="515" tag="T+AL">               NOT: `Ozo hit the pot, causing it to break quickly.'</item>
    <item id="o4" line="516" tag="T">               (OK as: `Ozo quickly hit the pot, causing it to break.')</item>
  </tier>
  <tier id="c" type="odin-clean">
    <item id="c1" line="513" tag="L+LN">#Òzó gbé àkhé [guòghó           ègìégìé].        (Edo)</item>
    <item id="c2" line="514" tag="G">Ozo hit pot        break       quickly</item>
    <item id="c3" line="515" tag="T+AL">`Ozo hit the pot, causing it to break quickly.</item>
    <item id="c4" line="516" tag="T">`Ozo quickly hit the pot, causing it to break.</item>
  </tier>
  <tier id="p" type="phrases" content="c">
    <item id="p0" content="c1[0:54]"/>
  </tier>
  <tier id="g" type="glosses" content="c">
    <item id="g0" content="c2[0:38]" alignment="p1"/>
  </tier>
  <tier id="t" type="translations" content="c">
    <item id="t0" content="c3[0:46]" alignment="p1"/>
    <item id="t1" content="c4[0:46]" alignment="p1"/>
  </tier>
</igt>
</xigt-corpus>
