<?xml version="1.0" encoding="UTF-8"?>
<xigt-corpus>
<igt id="i106185">
  <metadata type="xigt-meta">
    <meta type="language" name="bislama" iso-639-3="bis" tiers="phrases words morphemes"/>
    <meta type="language" name="English" iso-639-3="eng" tiers="translations"/>
    <meta type="odin-source" doc-id="1538" line-range="3971-3975" line-types="L B G B T"/>
  </metadata>
  <tier id="o" type="odin-raw">
    <item id="o1" line="3971" tag="L">     (96)      maki hem i    go long maket</item>
    <item id="o2" line="3972" tag="B"></item>
    <item id="o3" line="3973" tag="G">               Maki 3SG RP go to     market</item>
    <item id="o4" line="3974" tag="B"></item>
    <item id="o5" line="3975" tag="T">               `As for Maki, he went to the market.'</item>
  </tier>
  <tier id="c" type="odin-clean">
    <item id="c1" line="3971" tag="L">maki hem i    go long maket</item>
    <item id="c2" line="3972" tag="B"/>
    <item id="c3" line="3973" tag="G">Maki 3SG RP go to     market</item>
    <item id="c4" line="3974" tag="B"/>
    <item id="c5" line="3975" tag="T">As for Maki, he went to the market.</item>
  </tier>
  <tier id="p" type="phrases" content="c">
    <item id="p0" content="c1[0:27]"/>
  </tier>
  <tier id="g" type="glosses" content="c">
    <item id="g0" content="c3[0:28]" alignment="p1"/>
  </tier>
  <tier id="t" type="translations" content="c">
    <item id="t0" content="c5[0:35]" alignment="p1"/>
  </tier>
</igt>
<igt id="i116611">
  <metadata type="xigt-meta">
    <meta type="language" name="bislama" iso-639-3="bis" tiers="phrases words morphemes"/>
    <meta type="language" name="English" iso-639-3="eng" tiers="translations"/>
    <meta type="odin-source" doc-id="3648" line-range="680-683" line-types="M+AC+LN L G T"/>
  </metadata>
  <tier id="o" type="odin-raw">
    <item id="o1" line="680" tag="M+AC+LN">  Bislama (Vanuatu; Tryon 1987:48)</item>
    <item id="o2" line="681" tag="L">  (38) Mi givim buk ia         long                                    Pita.</item>
    <item id="o3" line="682" tag="G">         I        give          book          this       to            Peter</item>
    <item id="o4" line="683" tag="T">        'I gave Peter that book.'</item>
  </tier>
  <tier id="c" type="odin-clean">
    <item id="c1" line="680" tag="M+AC+LN">Bislama (Vanuatu; Tryon 1987:48)</item>
    <item id="c2" line="681" tag="L">Mi givim buk ia         long                                    Pita.</item>
    <item id="c3" line="682" tag="G">I        give          book          this       to            Peter</item>
    <item id="c4" line="683" tag="T">I gave Peter that book.</item>
  </tier>
  <tier id="p" type="phrases" content="c">
    <item id="p0" content="c2[0:69]"/>
  </tier>
  <tier id="g" type="glosses" content="c">
    <item id="g0" content="c3[0:67]" alignment="p1"/>
  </tier>
  <tier id="t" type="translations" content="c">
    <item id="t0" content="c4[0:23]" alignment="p1"/>
  </tier>
</igt>
</xigt-corpus>
