<?xml version="1.0" encoding="UTF-8"?>
<xigt-corpus>
<igt id="i75593">
  <metadata type="xigt-meta">
    <meta type="language" name="bete" iso-639-3="biu" tiers="phrases words morphemes"/>
    <meta type="language" name="English" iso-639-3="eng" tiers="translations"/>
    <meta type="odin-source" doc-id="3695" line-range="449-452" line-types="M+AC+LN L+EX G T"/>
  </metadata>
  <tier id="o" type="odin-raw">
    <item id="o1" line="449" tag="M+AC+LN">  (10) Bete (Kru; Ivory Coast; Marchese 1986:197)</item>
    <item id="o2" line="450" tag="L+EX">       ná dÑ"b\a n"ß    lÑ" k\¿kç¿.                             [ç should be a vertical bar]</item>
    <item id="o3" line="451" tag="G">        my father NEG     eat   chicken</item>
    <item id="o4" line="452" tag="T">        `My father doesn't eat chicken.'</item>
  </tier>
  <tier id="c" type="odin-clean">
    <item id="c1" line="449" tag="M+AC+LN">Bete (Kru; Ivory Coast; Marchese 1986:197</item>
    <item id="c2" line="450" tag="L+EX">ná dÑ"b\a n"ß    lÑ" k\¿kç¿.                             [ç should be a vertical bar]</item>
    <item id="c3" line="451" tag="G">my father NEG     eat   chicken</item>
    <item id="c4" line="452" tag="T">My father doesn't eat chicken.</item>
  </tier>
  <tier id="p" type="phrases" content="c">
    <item id="p0" content="c2[0:85]"/>
  </tier>
  <tier id="g" type="glosses" content="c">
    <item id="g0" content="c3[0:31]" alignment="p1"/>
  </tier>
  <tier id="t" type="translations" content="c">
    <item id="t0" content="c4[0:30]" alignment="p1"/>
  </tier>
</igt>
<igt id="i75596">
  <metadata type="xigt-meta">
    <meta type="language" name="bete" iso-639-3="biu" tiers="phrases words morphemes"/>
    <meta type="language" name="English" iso-639-3="eng" tiers="translations"/>
    <meta type="odin-source" doc-id="3695" line-range="484-487" line-types="M+AC+LN L+EX G T"/>
  </metadata>
  <tier id="o" type="odin-raw">
    <item id="o1" line="484" tag="M+AC+LN">  (.12) Bete (Marchese 1986:197)</item>
    <item id="o2" line="485" tag="L+EX">        \¿=ç   n|émç¯.                        [ç should be a vertical bar]</item>
    <item id="o3" line="486" tag="G">        3SG=NEG drink</item>
    <item id="o4" line="487" tag="T">        `He doesn't drink.'</item>
  </tier>
  <tier id="c" type="odin-clean">
    <item id="c1" line="484" tag="M+AC+LN">Bete (Marchese 1986:197</item>
    <item id="c2" line="485" tag="L+EX">\¿=ç   n|émç¯.                        [ç should be a vertical bar]</item>
    <item id="c3" line="486" tag="G">3SG=NEG drink</item>
    <item id="c4" line="487" tag="T">He doesn't drink.</item>
  </tier>
  <tier id="p" type="phrases" content="c">
    <item id="p0" content="c2[0:66]"/>
  </tier>
  <tier id="g" type="glosses" content="c">
    <item id="g0" content="c3[0:13]" alignment="p1"/>
  </tier>
  <tier id="t" type="translations" content="c">
    <item id="t0" content="c4[0:17]" alignment="p1"/>
  </tier>
</igt>
</xigt-corpus>
