<?xml version="1.0" encoding="UTF-8"?>
<xigt-corpus>
<igt id="i22435">
  <metadata type="xigt-meta">
    <meta type="language" name="blackfoot" iso-639-3="bla" tiers="phrases words morphemes"/>
    <meta type="language" name="English" iso-639-3="eng" tiers="translations"/>
    <meta type="odin-source" doc-id="3226" line-range="372-375" line-types="L L+AL G T+AC"/>
  </metadata>
  <tier id="o" type="odin-raw">
    <item id="o1" line="372" tag="L">  (19)     Nitsikákomimmawa             nitána.</item>
    <item id="o2" line="373" tag="L+AL">           nit-ik-waakomimm-a-wa        n-itan-wa</item>
    <item id="o3" line="374" tag="G">           1-intns-love(TA)-dir-3sg     1-daughter-3sg</item>
    <item id="o4" line="375" tag="T+AC">           `I love my daughter.'    Frantz 1991: 51 (a)</item>
  </tier>
  <tier id="c" type="odin-clean">
    <item id="c1" line="372" tag="L">Nitsikákomimmawa             nitána.</item>
    <item id="c2" line="373" tag="L+AL">nit-ik-waakomimm-a-wa        n-itan-wa</item>
    <item id="c3" line="374" tag="G">1-intns-love(TA)-dir-3sg     1-daughter-3sg</item>
    <item id="c4" line="375" tag="T+AC">I love my daughter.'    Frantz 1991: 51 (a)</item>
  </tier>
  <tier id="p" type="phrases" content="c">
    <item id="p0" content="c1[0:36]"/>
    <item id="p1" content="c2[0:38]"/>
  </tier>
  <tier id="g" type="glosses" content="c">
    <item id="g0" content="c3[0:43]" alignment="p2"/>
  </tier>
  <tier id="t" type="translations" content="c">
    <item id="t0" content="c4[0:43]" alignment="p2"/>
  </tier>
</igt>
<igt id="i22436">
  <metadata type="xigt-meta">
    <meta type="language" name="blackfoot" iso-639-3="bla" tiers="phrases words morphemes"/>
    <meta type="language" name="English" iso-639-3="eng" tiers="translations"/>
    <meta type="odin-source" doc-id="3226" line-range="391-394" line-types="L L+AL G T+AC"/>
  </metadata>
  <tier id="o" type="odin-raw">
    <item id="o1" line="391" tag="L">  (21)     ikákomimmiiwa                nohkówa          kitáni</item>
    <item id="o2" line="392" tag="L+AL">           ik-waakomimm-yii-wa          n-ohkó-wa        k-itan-yi</item>
    <item id="o3" line="393" tag="G">           intns-love(TA)-dir.3sg       1-son-3sg.prox 2-daughter-3sg.obv</item>
    <item id="o4" line="394" tag="T+AC">           `My son loves your daugh    ter.'    Frantz 1991: 53 (1)</item>
  </tier>
  <tier id="c" type="odin-clean">
    <item id="c1" line="391" tag="L">ikákomimmiiwa                nohkówa          kitáni</item>
    <item id="c2" line="392" tag="L+AL">ik-waakomimm-yii-wa          n-ohkó-wa        k-itan-yi</item>
    <item id="c3" line="393" tag="G">intns-love(TA)-dir.3sg       1-son-3sg.prox 2-daughter-3sg.obv</item>
    <item id="c4" line="394" tag="T+AC">My son loves your daugh    ter.'    Frantz 1991: 53 (1)</item>
  </tier>
  <tier id="p" type="phrases" content="c">
    <item id="p0" content="c1[0:52]"/>
    <item id="p1" content="c2[0:55]"/>
  </tier>
  <tier id="g" type="glosses" content="c">
    <item id="g0" content="c3[0:62]" alignment="p2"/>
  </tier>
  <tier id="t" type="translations" content="c">
    <item id="t0" content="c4[0:55]" alignment="p2"/>
  </tier>
</igt>
<igt id="i22437">
  <metadata type="xigt-meta">
    <meta type="language" name="blackfoot" iso-639-3="bla" tiers="phrases words morphemes"/>
    <meta type="language" name="English" iso-639-3="eng" tiers="translations"/>
    <meta type="odin-source" doc-id="3226" line-range="404-407" line-types="L L+AL G T"/>
  </metadata>
  <tier id="o" type="odin-raw">
    <item id="o1" line="404" tag="L">  (22)     Nitsikákomimmoka                     nitána.</item>
    <item id="o2" line="405" tag="L+AL">           nit-ik-waakomimm-ok-wa               n-itan-wa</item>
    <item id="o3" line="406" tag="G">           1-??-love(TA)-inv-3sg                1-daughter-3sg</item>
    <item id="o4" line="407" tag="T">           `My daughter loves me.'          Frantz 1991: 55 (c)</item>
  </tier>
  <tier id="c" type="odin-clean">
    <item id="c1" line="404" tag="L">Nitsikákomimmoka                     nitána.</item>
    <item id="c2" line="405" tag="L+AL">nit-ik-waakomimm-ok-wa               n-itan-wa</item>
    <item id="c3" line="406" tag="G">1-??-love(TA)-inv-3sg                1-daughter-3sg</item>
    <item id="c4" line="407" tag="T">My daughter loves me.'          Frantz 1991: 55 (c)</item>
  </tier>
  <tier id="p" type="phrases" content="c">
    <item id="p0" content="c1[0:44]"/>
    <item id="p1" content="c2[0:46]"/>
  </tier>
  <tier id="g" type="glosses" content="c">
    <item id="g0" content="c3[0:51]" alignment="p2"/>
  </tier>
  <tier id="t" type="translations" content="c">
    <item id="t0" content="c4[0:51]" alignment="p2"/>
  </tier>
</igt>
<igt id="i22438">
  <metadata type="xigt-meta">
    <meta type="language" name="blackfoot" iso-639-3="bla" tiers="phrases words morphemes"/>
    <meta type="language" name="English" iso-639-3="eng" tiers="translations"/>
    <meta type="odin-source" doc-id="3226" line-range="455-459" line-types="L L+AL G T T+AL"/>
  </metadata>
  <tier id="o" type="odin-raw">
    <item id="o1" line="455" tag="L">  (24)     Namyááni náínooyiwai                   matúnnii</item>
    <item id="o2" line="456" tag="L+AL">           na-myaani na-inoo-yi-wa-i              matunnii</item>
    <item id="o3" line="457" tag="G">           DEM-Mary DEM-see-OBV-PROX-??           day.before</item>
    <item id="o4" line="458" tag="T">           `Mary saw him yesterday.' OR</item>
    <item id="o5" line="459" tag="T+AL">           (I saw John one day last week and...) Mary saw him the day before'</item>
  </tier>
  <tier id="c" type="odin-clean">
    <item id="c1" line="455" tag="L">Namyááni náínooyiwai                   matúnnii</item>
    <item id="c2" line="456" tag="L+AL">na-myaani na-inoo-yi-wa-i              matunnii</item>
    <item id="c3" line="457" tag="G">DEM-Mary DEM-see-OBV-PROX-??           day.before</item>
    <item id="c4" line="458" tag="T">Mary saw him yesterday.' OR</item>
    <item id="c5" line="459" tag="T+AL">(I saw John one day last week and...) Mary saw him the day before</item>
  </tier>
  <tier id="p" type="phrases" content="c">
    <item id="p0" content="c1[0:47]"/>
    <item id="p1" content="c2[0:47]"/>
  </tier>
  <tier id="g" type="glosses" content="c">
    <item id="g0" content="c3[0:49]" alignment="p2"/>
  </tier>
  <tier id="t" type="translations" content="c">
    <item id="t0" content="c4[0:27]" alignment="p2"/>
    <item id="t1" content="c5[0:65]" alignment="p2"/>
  </tier>
</igt>
<igt id="i22439">
  <metadata type="xigt-meta">
    <meta type="language" name="blackfoot" iso-639-3="bla" tiers="phrases words morphemes"/>
    <meta type="language" name="English" iso-639-3="eng" tiers="translations"/>
    <meta type="odin-source" doc-id="3226" line-range="488-492" line-types="L G L G T+AC"/>
  </metadata>
  <tier id="o" type="odin-raw">
    <item id="o1" line="488" tag="L">  (27)     a'-o'tahkayi-iniki                  am-yi-ka       n-ookóówa-yi-ka...</item>
    <item id="o2" line="489" tag="G">           when-arrive.home-1s(subjunctive) this-inan.sg-ka 1-home-inan.sg.-ka</item>
    <item id="o3" line="490" tag="L">           ...nit-yáak-a'p-á-sok-Istotsi-`p-wa</item>
    <item id="o4" line="491" tag="G">              1-fut-PREF-dur-well-build-theme-3sg</item>
    <item id="o5" line="492" tag="T+AC">           `When I get home, I'll fix my house up .'      Frantz 1991: 66(n)</item>
  </tier>
  <tier id="c" type="odin-clean">
    <item id="c1" line="488" tag="L">a'-o'tahkayi-iniki                  am-yi-ka       n-ookóówa-yi-ka...</item>
    <item id="c2" line="489" tag="G">when-arrive.home-1s(subjunctive) this-inan.sg-ka 1-home-inan.sg.-ka</item>
    <item id="c3" line="490" tag="L">...nit-yáak-a'p-á-sok-Istotsi-`p-wa</item>
    <item id="c4" line="491" tag="G">1-fut-PREF-dur-well-build-theme-3sg</item>
    <item id="c5" line="492" tag="T+AC">When I get home, I'll fix my house up .'      Frantz 1991: 66(n)</item>
  </tier>
  <tier id="p" type="phrases" content="c">
    <item id="p0" content="c1[0:69]"/>
    <item id="p1" content="c3[0:35]"/>
  </tier>
  <tier id="g" type="glosses" content="c">
    <item id="g0" content="c2[0:67]" alignment="p1"/>
    <item id="g1" content="c4[0:35]" alignment="p2"/>
  </tier>
  <tier id="t" type="translations" content="c">
    <item id="t0" content="c5[0:64]" alignment="p2"/>
  </tier>
</igt>
<igt id="i44829">
  <metadata type="xigt-meta">
    <meta type="language" name="blackfoot" iso-639-3="bla" tiers="phrases words morphemes"/>
    <meta type="language" name="English" iso-639-3="eng" tiers="translations"/>
    <meta type="odin-source" doc-id="4021" line-range="7313-7316" line-types="L+CR L+CR G T"/>
  </metadata>
  <tier id="o" type="odin-raw">
    <item id="o1" line="7313" tag="L+CR">                          n-ohko-wa m-ahk-itap-aapiksist-ahsi (kiistoyi ) omi pokon-i</item>
    <item id="o2" line="7314" tag="L+CR">  236.    kits-iksstat-o</item>
    <item id="o3" line="7315" tag="G">          2-want-(Tr)-1s:2s my-son-3s 3-might-toward-throw-4s 2s         that ball-4s</item>
    <item id="o4" line="7316" tag="T">          "I want my son to throw the ball toward/to you"</item>
  </tier>
  <tier id="c" type="odin-clean">
    <item id="c1" line="7313 7314" tag="L+CR">kits-iksstat-o  n-ohko-wa m-ahk-itap-aapiksist-ahsi (kiistoyi ) omi pokon-i</item>
    <item id="c3" line="7315" tag="G">2-want-(Tr)-1s:2s my-son-3s 3-might-toward-throw-4s 2s         that ball-4s</item>
    <item id="c4" line="7316" tag="T">I want my son to throw the ball toward/to you</item>
  </tier>
  <tier id="p" type="phrases" content="c">
    <item id="p0" content="c1[0:75]"/>
  </tier>
  <tier id="g" type="glosses" content="c">
    <item id="g0" content="c3[0:75]" alignment="p1"/>
  </tier>
  <tier id="t" type="translations" content="c">
    <item id="t0" content="c4[0:45]" alignment="p1"/>
  </tier>
</igt>
<igt id="i44830">
  <metadata type="xigt-meta">
    <meta type="language" name="blackfoot" iso-639-3="bla" tiers="phrases words morphemes"/>
    <meta type="language" name="English" iso-639-3="eng" tiers="translations"/>
    <meta type="odin-source" doc-id="4021" line-range="7333-7335" line-types="L G T"/>
  </metadata>
  <tier id="o" type="odin-raw">
    <item id="o1" line="7333" tag="L">  237.    nits-iksstat-a-wa    n-ohko-wa nits-oyi-hsinnaani</item>
    <item id="o2" line="7334" tag="G">          1-want(Tr)-direct-3s my-son-3s 1-eat-1p</item>
    <item id="o3" line="7335" tag="T">          "I want my son and I [sic] to eat."</item>
  </tier>
  <tier id="c" type="odin-clean">
    <item id="c1" line="7333" tag="L">nits-iksstat-a-wa    n-ohko-wa nits-oyi-hsinnaani</item>
    <item id="c2" line="7334" tag="G">1-want(Tr)-direct-3s my-son-3s 1-eat-1p</item>
    <item id="c3" line="7335" tag="T">I want my son and I [sic] to eat.</item>
  </tier>
  <tier id="p" type="phrases" content="c">
    <item id="p0" content="c1[0:49]"/>
  </tier>
  <tier id="g" type="glosses" content="c">
    <item id="g0" content="c2[0:39]" alignment="p1"/>
  </tier>
  <tier id="t" type="translations" content="c">
    <item id="t0" content="c3[0:33]" alignment="p1"/>
  </tier>
</igt>
<igt id="i44860">
  <metadata type="xigt-meta">
    <meta type="language" name="blackfoot" iso-639-3="bla" tiers="phrases words morphemes"/>
    <meta type="language" name="English" iso-639-3="eng" tiers="translations"/>
    <meta type="odin-source" doc-id="4021" line-range="7874-7877" line-types="L G T T+LT+AL"/>
  </metadata>
  <tier id="o" type="odin-raw">
    <item id="o1" line="7874" tag="L">  268.     iksipisata'pssi-yi n-oko's-iksi       ot-ayo'kaa-hsaawa</item>
    <item id="o2" line="7875" tag="G">           amazing (AI)-3.Pl my-offspring-3.Pl 3-sleep-3.Pl</item>
    <item id="o3" line="7876" tag="T">           "It is amazing that my kids are sleeping."</item>
    <item id="o4" line="7877" tag="T+LT+AL">           (literally: "My kids are amazing to be sleeping")</item>
  </tier>
  <tier id="c" type="odin-clean">
    <item id="c1" line="7874" tag="L">iksipisata'pssi-yi n-oko's-iksi       ot-ayo'kaa-hsaawa</item>
    <item id="c2" line="7875" tag="G">amazing (AI)-3.Pl my-offspring-3.Pl 3-sleep-3.Pl</item>
    <item id="c3" line="7876" tag="T">It is amazing that my kids are sleeping.</item>
    <item id="c4" line="7877" tag="T+LT+AL">"My kids are amazing to be sleeping</item>
  </tier>
  <tier id="p" type="phrases" content="c">
    <item id="p0" content="c1[0:55]"/>
  </tier>
  <tier id="g" type="glosses" content="c">
    <item id="g0" content="c2[0:48]" alignment="p1"/>
  </tier>
  <tier id="t" type="translations" content="c">
    <item id="t0" content="c3[0:40]" alignment="p1"/>
    <item id="t1" content="c4[0:35]" alignment="p1"/>
  </tier>
</igt>
<igt id="i87007">
  <metadata type="xigt-meta">
    <meta type="language" name="blackfoot" iso-639-3="bla" tiers="phrases words morphemes"/>
    <meta type="language" name="English" iso-639-3="eng" tiers="translations"/>
    <meta type="odin-source" doc-id="3269" line-range="630-633" line-types="M+LN+EX L G T"/>
  </metadata>
  <tier id="o" type="odin-raw">
    <item id="o1" line="630" tag="M+LN+EX">  (16) Blackfoot (glossing is simplified)</item>
    <item id="o2" line="631" tag="L">       nit-wikixtatwaa-wa n-oxko-wa m-áxk-a'po'takixsi</item>
    <item id="o3" line="632" tag="G">       ISUBJ-want-3OBJ    I-son-3   3SUBJ-might-work</item>
    <item id="o4" line="633" tag="T">      `I want my son to work.'</item>
  </tier>
  <tier id="c" type="odin-clean">
    <item id="c1" line="630" tag="M+LN+EX">Blackfoot (glossing is simplified</item>
    <item id="c2" line="631" tag="L">nit-wikixtatwaa-wa n-oxko-wa m-áxk-a'po'takixsi</item>
    <item id="c3" line="632" tag="G">ISUBJ-want-3OBJ    I-son-3   3SUBJ-might-work</item>
    <item id="c4" line="633" tag="T">I want my son to work.</item>
  </tier>
  <tier id="p" type="phrases" content="c">
    <item id="p0" content="c2[0:47]"/>
  </tier>
  <tier id="g" type="glosses" content="c">
    <item id="g0" content="c3[0:45]" alignment="p1"/>
  </tier>
  <tier id="t" type="translations" content="c">
    <item id="t0" content="c4[0:22]" alignment="p1"/>
  </tier>
</igt>
</xigt-corpus>
