<?xml version="1.0" encoding="UTF-8"?>
<xigt-corpus>
<igt id="i18763">
  <metadata type="xigt-meta">
    <meta type="language" name="bella coola" iso-639-3="blc" tiers="phrases words morphemes"/>
    <meta type="language" name="English" iso-639-3="eng" tiers="translations"/>
    <meta type="odin-source" doc-id="2906" line-range="1244-1248" line-types="M+LN L G T M+AC"/>
  </metadata>
  <tier id="o" type="odin-raw">
    <item id="o1" line="1244" tag="M+LN">       Bella Coola</item>
    <item id="o2" line="1245" tag="L">       c. imlk-c</item>
    <item id="o3" line="1246" tag="G">          man-1SG</item>
    <item id="o4" line="1247" tag="T">          `I am a father.'</item>
    <item id="o5" line="1248" tag="M+AC">                                                                 (Nater 1984:33)</item>
  </tier>
  <tier id="c" type="odin-clean">
    <item id="c1" line="1244" tag="M+LN">Bella Coola</item>
    <item id="c2" line="1245" tag="L">imlk-c</item>
    <item id="c3" line="1246" tag="G">man-1SG</item>
    <item id="c4" line="1247" tag="T">I am a father.</item>
    <item id="c5" line="1248" tag="M+AC">Nater 1984:33</item>
  </tier>
  <tier id="p" type="phrases" content="c">
    <item id="p0" content="c2[0:6]"/>
  </tier>
  <tier id="g" type="glosses" content="c">
    <item id="g0" content="c3[0:7]" alignment="p1"/>
  </tier>
  <tier id="t" type="translations" content="c">
    <item id="t0" content="c4[0:14]" alignment="p1"/>
  </tier>
</igt>
<igt id="i18766">
  <metadata type="xigt-meta">
    <meta type="language" name="bella coola" iso-639-3="blc" tiers="phrases words morphemes"/>
    <meta type="language" name="English" iso-639-3="eng" tiers="translations"/>
    <meta type="odin-source" doc-id="2906" line-range="1261-1265" line-types="M+LN L G T M+AC"/>
  </metadata>
  <tier id="o" type="odin-raw">
    <item id="o1" line="1261" tag="M+LN">       Bella Coola</item>
    <item id="o2" line="1262" tag="L">       c. Ò©ikm-c</item>
    <item id="o3" line="1263" tag="G">          run-1SG</item>
    <item id="o4" line="1264" tag="T">          `I run.'</item>
    <item id="o5" line="1265" tag="M+AC">                                                                 (Nater 1984:33)</item>
  </tier>
  <tier id="c" type="odin-clean">
    <item id="c1" line="1261" tag="M+LN">Bella Coola</item>
    <item id="c2" line="1262" tag="L">Ò©ikm-c</item>
    <item id="c3" line="1263" tag="G">run-1SG</item>
    <item id="c4" line="1264" tag="T">I run.</item>
    <item id="c5" line="1265" tag="M+AC">Nater 1984:33</item>
  </tier>
  <tier id="p" type="phrases" content="c">
    <item id="p0" content="c2[0:7]"/>
  </tier>
  <tier id="g" type="glosses" content="c">
    <item id="g0" content="c3[0:7]" alignment="p1"/>
  </tier>
  <tier id="t" type="translations" content="c">
    <item id="t0" content="c4[0:6]" alignment="p1"/>
  </tier>
</igt>
<igt id="i18772">
  <metadata type="xigt-meta">
    <meta type="language" name="bella coola" iso-639-3="blc" tiers="phrases words morphemes"/>
    <meta type="language" name="English" iso-639-3="eng" tiers="translations"/>
    <meta type="odin-source" doc-id="2906" line-range="1416-1421" line-types="M+LN L+CR L+CR G T M+AC"/>
  </metadata>
  <tier id="o" type="odin-raw">
    <item id="o1" line="1416" tag="M+LN">  23. Bella Coola</item>
    <item id="o2" line="1417" tag="L+CR">                          ti-ya</item>
    <item id="o3" line="1418" tag="L+CR">      a. k©x-ic                       ti-Ò©msta-tx</item>
    <item id="o4" line="1419" tag="G">         see-3SG.1SG D-good           D-person-D</item>
    <item id="o5" line="1420" tag="T">         `I see the good person.'</item>
    <item id="o6" line="1421" tag="M+AC">                                                       (Davis &amp; Saunders 1978:40)</item>
  </tier>
  <tier id="c" type="odin-clean">
    <item id="c1" line="1416" tag="M+LN">Bella Coola</item>
    <item id="c2" line="1417 1418" tag="L+CR">k©x-ic          ti-ya        ti-Ò©msta-tx</item>
    <item id="c4" line="1419" tag="G">see-3SG.1SG D-good           D-person-D</item>
    <item id="c5" line="1420" tag="T">I see the good person.</item>
    <item id="c6" line="1421" tag="M+AC">Davis &amp; Saunders 1978:40</item>
  </tier>
  <tier id="p" type="phrases" content="c">
    <item id="p0" content="c2[0:41]"/>
  </tier>
  <tier id="g" type="glosses" content="c">
    <item id="g0" content="c4[0:39]" alignment="p1"/>
  </tier>
  <tier id="t" type="translations" content="c">
    <item id="t0" content="c5[0:22]" alignment="p1"/>
  </tier>
</igt>
<igt id="i18774">
  <metadata type="xigt-meta">
    <meta type="language" name="bella coola" iso-639-3="blc" tiers="phrases words morphemes"/>
    <meta type="language" name="English" iso-639-3="eng" tiers="translations"/>
    <meta type="odin-source" doc-id="2906" line-range="1439-1444" line-types="M+LN L+CR L+CR G T M+AC"/>
  </metadata>
  <tier id="o" type="odin-raw">
    <item id="o1" line="1439" tag="M+LN">  24. Bella Coola</item>
    <item id="o2" line="1440" tag="L+CR">                          ti-Ò©ap ti-Ò©msta-tx</item>
    <item id="o3" line="1441" tag="L+CR">      a. k©x-ic</item>
    <item id="o4" line="1442" tag="G">         see-3SG.1SG D-go D-person-D</item>
    <item id="o5" line="1443" tag="T">         `I see the going person.'</item>
    <item id="o6" line="1444" tag="M+AC">                                                                  (Davis &amp; Saunders 1978:40)</item>
  </tier>
  <tier id="c" type="odin-clean">
    <item id="c1" line="1439" tag="M+LN">Bella Coola</item>
    <item id="c2" line="1440 1441" tag="L+CR">k©x-ic          ti-Ò©ap ti-Ò©msta-tx</item>
    <item id="c4" line="1442" tag="G">see-3SG.1SG D-go D-person-D</item>
    <item id="c5" line="1443" tag="T">I see the going person.</item>
    <item id="c6" line="1444" tag="M+AC">Davis &amp; Saunders 1978:40</item>
  </tier>
  <tier id="p" type="phrases" content="c">
    <item id="p0" content="c2[0:36]"/>
  </tier>
  <tier id="g" type="glosses" content="c">
    <item id="g0" content="c4[0:27]" alignment="p1"/>
  </tier>
  <tier id="t" type="translations" content="c">
    <item id="t0" content="c5[0:23]" alignment="p1"/>
  </tier>
</igt>
<igt id="i18781">
  <metadata type="xigt-meta">
    <meta type="language" name="bella coola" iso-639-3="blc" tiers="phrases words morphemes"/>
    <meta type="language" name="English" iso-639-3="eng" tiers="translations"/>
    <meta type="odin-source" doc-id="2906" line-range="1536-1541" line-types="M+LN L+CR L+CR G T M+AC"/>
  </metadata>
  <tier id="o" type="odin-raw">
    <item id="o1" line="1536" tag="M+LN">  27. Bella Coola</item>
    <item id="o2" line="1537" tag="L+CR">                          ti-staltmx</item>
    <item id="o3" line="1538" tag="L+CR">      a. k©x-ic                                        ti-imlk-tx</item>
    <item id="o4" line="1539" tag="G">         see-3SG.1SG      D-chief                      D-man-D</item>
    <item id="o5" line="1540" tag="T">         `I see the man who is chief.'</item>
    <item id="o6" line="1541" tag="M+AC">                                                                   (Davis &amp; Saunders 1978:41)</item>
  </tier>
  <tier id="c" type="odin-clean">
    <item id="c1" line="1536" tag="M+LN">Bella Coola</item>
    <item id="c2" line="1537 1538" tag="L+CR">k©x-ic          ti-staltmx                    ti-imlk-tx</item>
    <item id="c4" line="1539" tag="G">see-3SG.1SG      D-chief                      D-man-D</item>
    <item id="c5" line="1540" tag="T">I see the man who is chief.</item>
    <item id="c6" line="1541" tag="M+AC">Davis &amp; Saunders 1978:41</item>
  </tier>
  <tier id="p" type="phrases" content="c">
    <item id="p0" content="c2[0:56]"/>
  </tier>
  <tier id="g" type="glosses" content="c">
    <item id="g0" content="c4[0:53]" alignment="p1"/>
  </tier>
  <tier id="t" type="translations" content="c">
    <item id="t0" content="c5[0:27]" alignment="p1"/>
  </tier>
</igt>
<igt id="i18783">
  <metadata type="xigt-meta">
    <meta type="language" name="bella coola" iso-639-3="blc" tiers="phrases words morphemes"/>
    <meta type="language" name="English" iso-639-3="eng" tiers="translations"/>
    <meta type="odin-source" doc-id="2906" line-range="1559-1564" line-types="M+LN L+CR L+CR G T M+AC"/>
  </metadata>
  <tier id="o" type="odin-raw">
    <item id="o1" line="1559" tag="M+LN">  28. Bella Coola</item>
    <item id="o2" line="1560" tag="L+CR">                         ti-imlk ti-staltmx-tx</item>
    <item id="o3" line="1561" tag="L+CR">      a. *k©x-ic</item>
    <item id="o4" line="1562" tag="G">         see-3SG.1SG D-man           D-chief-D</item>
    <item id="o5" line="1563" tag="T">         *`I see the man who is chief.'</item>
    <item id="o6" line="1564" tag="M+AC">                                                                   (Davis &amp; Saunders 1978:41)</item>
  </tier>
  <tier id="c" type="odin-clean">
    <item id="c1" line="1559" tag="M+LN">Bella Coola</item>
    <item id="c2" line="1560 1561" tag="L+CR">*k©x-ic        ti-imlk ti-staltmx-tx</item>
    <item id="c4" line="1562" tag="G">see-3SG.1SG D-man           D-chief-D</item>
    <item id="c5" line="1563" tag="T">*`I see the man who is chief.</item>
    <item id="c6" line="1564" tag="M+AC">Davis &amp; Saunders 1978:41</item>
  </tier>
  <tier id="p" type="phrases" content="c">
    <item id="p0" content="c2[0:36]"/>
  </tier>
  <tier id="g" type="glosses" content="c">
    <item id="g0" content="c4[0:37]" alignment="p1"/>
  </tier>
  <tier id="t" type="translations" content="c">
    <item id="t0" content="c5[0:29]" alignment="p1"/>
  </tier>
</igt>
<igt id="i18784">
  <metadata type="xigt-meta">
    <meta type="language" name="bella coola" iso-639-3="blc" tiers="phrases words morphemes"/>
    <meta type="language" name="English" iso-639-3="eng" tiers="translations"/>
    <meta type="odin-source" doc-id="2906" line-range="1565-1568" line-types="L+CR L+CR G T"/>
  </metadata>
  <tier id="o" type="odin-raw">
    <item id="o1" line="1565" tag="L+CR">                            ti-Ò©msta ti-ya-tx</item>
    <item id="o2" line="1566" tag="L+CR">        b. k©x-ic</item>
    <item id="o3" line="1567" tag="G">           see-3SG.1SG D-person D-good-D</item>
    <item id="o4" line="1568" tag="T">           `I see the good person.'</item>
  </tier>
  <tier id="c" type="odin-clean">
    <item id="c1" line="1565 1566" tag="L+CR">k©x-ic          ti-Ò©msta ti-ya-tx</item>
    <item id="c3" line="1567" tag="G">see-3SG.1SG D-person D-good-D</item>
    <item id="c4" line="1568" tag="T">I see the good person.</item>
  </tier>
  <tier id="p" type="phrases" content="c">
    <item id="p0" content="c1[0:34]"/>
  </tier>
  <tier id="g" type="glosses" content="c">
    <item id="g0" content="c3[0:29]" alignment="p1"/>
  </tier>
  <tier id="t" type="translations" content="c">
    <item id="t0" content="c4[0:22]" alignment="p1"/>
  </tier>
</igt>
<igt id="i18785">
  <metadata type="xigt-meta">
    <meta type="language" name="bella coola" iso-639-3="blc" tiers="phrases words morphemes"/>
    <meta type="language" name="English" iso-639-3="eng" tiers="translations"/>
    <meta type="odin-source" doc-id="2906" line-range="1569-1573" line-types="L+CR L+CR G T M+AC"/>
  </metadata>
  <tier id="o" type="odin-raw">
    <item id="o1" line="1569" tag="L+CR">                            ti-Ò©msta ti-Ò©ap-tx</item>
    <item id="o2" line="1570" tag="L+CR">        c. k©x-ic</item>
    <item id="o3" line="1571" tag="G">           see-3SG.1SG D-person D-go-D</item>
    <item id="o4" line="1572" tag="T">           `I see the person who is going.'</item>
    <item id="o5" line="1573" tag="M+AC">                                                                   (Davis &amp; Saunders 1978:40)</item>
  </tier>
  <tier id="c" type="odin-clean">
    <item id="c1" line="1569 1570" tag="L+CR">k©x-ic          ti-Ò©msta ti-Ò©ap-tx</item>
    <item id="c3" line="1571" tag="G">see-3SG.1SG D-person D-go-D</item>
    <item id="c4" line="1572" tag="T">I see the person who is going.</item>
    <item id="c5" line="1573" tag="M+AC">Davis &amp; Saunders 1978:40</item>
  </tier>
  <tier id="p" type="phrases" content="c">
    <item id="p0" content="c1[0:36]"/>
  </tier>
  <tier id="g" type="glosses" content="c">
    <item id="g0" content="c3[0:27]" alignment="p1"/>
  </tier>
  <tier id="t" type="translations" content="c">
    <item id="t0" content="c4[0:30]" alignment="p1"/>
  </tier>
</igt>
<igt id="i41804">
  <metadata type="xigt-meta">
    <meta type="language" name="bella coola" iso-639-3="blc" tiers="phrases words morphemes"/>
    <meta type="language" name="English" iso-639-3="eng" tiers="translations"/>
    <meta type="odin-source" doc-id="3512" line-range="2221-2225" line-types="M+LN L G T M+AC"/>
  </metadata>
  <tier id="o" type="odin-raw">
    <item id="o1" line="2221" tag="M+LN">       Bella Coola</item>
    <item id="o2" line="2222" tag="L">       c. imlk-c</item>
    <item id="o3" line="2223" tag="G">          man-1SG</item>
    <item id="o4" line="2224" tag="T">          `I am a father.'</item>
    <item id="o5" line="2225" tag="M+AC">                                                                 (Nater 1984:33)</item>
  </tier>
  <tier id="c" type="odin-clean">
    <item id="c1" line="2221" tag="M+LN">Bella Coola</item>
    <item id="c2" line="2222" tag="L">imlk-c</item>
    <item id="c3" line="2223" tag="G">man-1SG</item>
    <item id="c4" line="2224" tag="T">I am a father.</item>
    <item id="c5" line="2225" tag="M+AC">Nater 1984:33</item>
  </tier>
  <tier id="p" type="phrases" content="c">
    <item id="p0" content="c2[0:6]"/>
  </tier>
  <tier id="g" type="glosses" content="c">
    <item id="g0" content="c3[0:7]" alignment="p1"/>
  </tier>
  <tier id="t" type="translations" content="c">
    <item id="t0" content="c4[0:14]" alignment="p1"/>
  </tier>
</igt>
<igt id="i41807">
  <metadata type="xigt-meta">
    <meta type="language" name="bella coola" iso-639-3="blc" tiers="phrases words morphemes"/>
    <meta type="language" name="English" iso-639-3="eng" tiers="translations"/>
    <meta type="odin-source" doc-id="3512" line-range="2238-2242" line-types="M+LN L G T M+AC"/>
  </metadata>
  <tier id="o" type="odin-raw">
    <item id="o1" line="2238" tag="M+LN">       Bella Coola</item>
    <item id="o2" line="2239" tag="L">       c. Ò©ikm-c</item>
    <item id="o3" line="2240" tag="G">          run-1SG</item>
    <item id="o4" line="2241" tag="T">          `I run.'</item>
    <item id="o5" line="2242" tag="M+AC">                                                                 (Nater 1984:33)</item>
  </tier>
  <tier id="c" type="odin-clean">
    <item id="c1" line="2238" tag="M+LN">Bella Coola</item>
    <item id="c2" line="2239" tag="L">Ò©ikm-c</item>
    <item id="c3" line="2240" tag="G">run-1SG</item>
    <item id="c4" line="2241" tag="T">I run.</item>
    <item id="c5" line="2242" tag="M+AC">Nater 1984:33</item>
  </tier>
  <tier id="p" type="phrases" content="c">
    <item id="p0" content="c2[0:7]"/>
  </tier>
  <tier id="g" type="glosses" content="c">
    <item id="g0" content="c3[0:7]" alignment="p1"/>
  </tier>
  <tier id="t" type="translations" content="c">
    <item id="t0" content="c4[0:6]" alignment="p1"/>
  </tier>
</igt>
<igt id="i41813">
  <metadata type="xigt-meta">
    <meta type="language" name="bella coola" iso-639-3="blc" tiers="phrases words morphemes"/>
    <meta type="language" name="English" iso-639-3="eng" tiers="translations"/>
    <meta type="odin-source" doc-id="3512" line-range="2393-2398" line-types="M+LN L+CR L+CR G T M+AC"/>
  </metadata>
  <tier id="o" type="odin-raw">
    <item id="o1" line="2393" tag="M+LN">  23. Bella Coola</item>
    <item id="o2" line="2394" tag="L+CR">                          ti-ya</item>
    <item id="o3" line="2395" tag="L+CR">      a. k©x-ic                       ti-Ò©msta-tx</item>
    <item id="o4" line="2396" tag="G">         see-3SG.1SG D-good           D-person-D</item>
    <item id="o5" line="2397" tag="T">         `I see the good person.'</item>
    <item id="o6" line="2398" tag="M+AC">                                                       (Davis &amp; Saunders 1978:40)</item>
  </tier>
  <tier id="c" type="odin-clean">
    <item id="c1" line="2393" tag="M+LN">Bella Coola</item>
    <item id="c2" line="2394 2395" tag="L+CR">k©x-ic          ti-ya        ti-Ò©msta-tx</item>
    <item id="c4" line="2396" tag="G">see-3SG.1SG D-good           D-person-D</item>
    <item id="c5" line="2397" tag="T">I see the good person.</item>
    <item id="c6" line="2398" tag="M+AC">Davis &amp; Saunders 1978:40</item>
  </tier>
  <tier id="p" type="phrases" content="c">
    <item id="p0" content="c2[0:41]"/>
  </tier>
  <tier id="g" type="glosses" content="c">
    <item id="g0" content="c4[0:39]" alignment="p1"/>
  </tier>
  <tier id="t" type="translations" content="c">
    <item id="t0" content="c5[0:22]" alignment="p1"/>
  </tier>
</igt>
<igt id="i41815">
  <metadata type="xigt-meta">
    <meta type="language" name="bella coola" iso-639-3="blc" tiers="phrases words morphemes"/>
    <meta type="language" name="English" iso-639-3="eng" tiers="translations"/>
    <meta type="odin-source" doc-id="3512" line-range="2416-2421" line-types="M+LN L+CR L+CR G T M+AC"/>
  </metadata>
  <tier id="o" type="odin-raw">
    <item id="o1" line="2416" tag="M+LN">  24. Bella Coola</item>
    <item id="o2" line="2417" tag="L+CR">                          ti-Ò©ap ti-Ò©msta-tx</item>
    <item id="o3" line="2418" tag="L+CR">      a. k©x-ic</item>
    <item id="o4" line="2419" tag="G">         see-3SG.1SG D-go D-person-D</item>
    <item id="o5" line="2420" tag="T">         `I see the going person.'</item>
    <item id="o6" line="2421" tag="M+AC">                                                                  (Davis &amp; Saunders 1978:40)</item>
  </tier>
  <tier id="c" type="odin-clean">
    <item id="c1" line="2416" tag="M+LN">Bella Coola</item>
    <item id="c2" line="2417 2418" tag="L+CR">k©x-ic          ti-Ò©ap ti-Ò©msta-tx</item>
    <item id="c4" line="2419" tag="G">see-3SG.1SG D-go D-person-D</item>
    <item id="c5" line="2420" tag="T">I see the going person.</item>
    <item id="c6" line="2421" tag="M+AC">Davis &amp; Saunders 1978:40</item>
  </tier>
  <tier id="p" type="phrases" content="c">
    <item id="p0" content="c2[0:36]"/>
  </tier>
  <tier id="g" type="glosses" content="c">
    <item id="g0" content="c4[0:27]" alignment="p1"/>
  </tier>
  <tier id="t" type="translations" content="c">
    <item id="t0" content="c5[0:23]" alignment="p1"/>
  </tier>
</igt>
<igt id="i41822">
  <metadata type="xigt-meta">
    <meta type="language" name="bella coola" iso-639-3="blc" tiers="phrases words morphemes"/>
    <meta type="language" name="English" iso-639-3="eng" tiers="translations"/>
    <meta type="odin-source" doc-id="3512" line-range="2513-2518" line-types="M+LN L L G T M+AC"/>
  </metadata>
  <tier id="o" type="odin-raw">
    <item id="o1" line="2513" tag="M+LN">  27. Bella Coola</item>
    <item id="o2" line="2514" tag="L">                          ti-staltmx</item>
    <item id="o3" line="2515" tag="L">      a. k©x-ic                                        ti-imlk-tx</item>
    <item id="o4" line="2516" tag="G">         see-3SG.1SG      D-chief                      D-man-D</item>
    <item id="o5" line="2517" tag="T">         `I see the man who is chief.'</item>
    <item id="o6" line="2518" tag="M+AC">                                                                   (Davis &amp; Saunders 1978:41)</item>
  </tier>
  <tier id="c" type="odin-clean">
    <item id="c1" line="2513" tag="M+LN">Bella Coola</item>
    <item id="c2" line="2514" tag="L">ti-staltmx</item>
    <item id="c3" line="2515" tag="L">k©x-ic                                        ti-imlk-tx</item>
    <item id="c4" line="2516" tag="G">see-3SG.1SG      D-chief                      D-man-D</item>
    <item id="c5" line="2517" tag="T">I see the man who is chief.</item>
    <item id="c6" line="2518" tag="M+AC">Davis &amp; Saunders 1978:41</item>
  </tier>
  <tier id="p" type="phrases" content="c">
    <item id="p0" content="c2[0:10]"/>
    <item id="p1" content="c3[0:56]"/>
  </tier>
  <tier id="g" type="glosses" content="c">
    <item id="g0" content="c4[0:53]" alignment="p2"/>
  </tier>
  <tier id="t" type="translations" content="c">
    <item id="t0" content="c5[0:27]" alignment="p2"/>
  </tier>
</igt>
<igt id="i41824">
  <metadata type="xigt-meta">
    <meta type="language" name="bella coola" iso-639-3="blc" tiers="phrases words morphemes"/>
    <meta type="language" name="English" iso-639-3="eng" tiers="translations"/>
    <meta type="odin-source" doc-id="3512" line-range="2536-2541" line-types="M+LN L+CR L+CR G T M+AC"/>
  </metadata>
  <tier id="o" type="odin-raw">
    <item id="o1" line="2536" tag="M+LN">  28. Bella Coola</item>
    <item id="o2" line="2537" tag="L+CR">                         ti-imlk ti-staltmx-tx</item>
    <item id="o3" line="2538" tag="L+CR">      a. *k©x-ic</item>
    <item id="o4" line="2539" tag="G">         see-3SG.1SG D-man           D-chief-D</item>
    <item id="o5" line="2540" tag="T">         *`I see the man who is chief.'</item>
    <item id="o6" line="2541" tag="M+AC">                                                                   (Davis &amp; Saunders 1978:41)</item>
  </tier>
  <tier id="c" type="odin-clean">
    <item id="c1" line="2536" tag="M+LN">Bella Coola</item>
    <item id="c2" line="2537 2538" tag="L+CR">*k©x-ic        ti-imlk ti-staltmx-tx</item>
    <item id="c4" line="2539" tag="G">see-3SG.1SG D-man           D-chief-D</item>
    <item id="c5" line="2540" tag="T">*`I see the man who is chief.</item>
    <item id="c6" line="2541" tag="M+AC">Davis &amp; Saunders 1978:41</item>
  </tier>
  <tier id="p" type="phrases" content="c">
    <item id="p0" content="c2[0:36]"/>
  </tier>
  <tier id="g" type="glosses" content="c">
    <item id="g0" content="c4[0:37]" alignment="p1"/>
  </tier>
  <tier id="t" type="translations" content="c">
    <item id="t0" content="c5[0:29]" alignment="p1"/>
  </tier>
</igt>
<igt id="i41825">
  <metadata type="xigt-meta">
    <meta type="language" name="bella coola" iso-639-3="blc" tiers="phrases words morphemes"/>
    <meta type="language" name="English" iso-639-3="eng" tiers="translations"/>
    <meta type="odin-source" doc-id="3512" line-range="2542-2545" line-types="L+CR L+CR G T"/>
  </metadata>
  <tier id="o" type="odin-raw">
    <item id="o1" line="2542" tag="L+CR">                            ti-Ò©msta ti-ya-tx</item>
    <item id="o2" line="2543" tag="L+CR">        b. k©x-ic</item>
    <item id="o3" line="2544" tag="G">           see-3SG.1SG D-person D-good-D</item>
    <item id="o4" line="2545" tag="T">           `I see the good person.'</item>
  </tier>
  <tier id="c" type="odin-clean">
    <item id="c1" line="2542 2543" tag="L+CR">k©x-ic          ti-Ò©msta ti-ya-tx</item>
    <item id="c3" line="2544" tag="G">see-3SG.1SG D-person D-good-D</item>
    <item id="c4" line="2545" tag="T">I see the good person.</item>
  </tier>
  <tier id="p" type="phrases" content="c">
    <item id="p0" content="c1[0:34]"/>
  </tier>
  <tier id="g" type="glosses" content="c">
    <item id="g0" content="c3[0:29]" alignment="p1"/>
  </tier>
  <tier id="t" type="translations" content="c">
    <item id="t0" content="c4[0:22]" alignment="p1"/>
  </tier>
</igt>
<igt id="i41826">
  <metadata type="xigt-meta">
    <meta type="language" name="bella coola" iso-639-3="blc" tiers="phrases words morphemes"/>
    <meta type="language" name="English" iso-639-3="eng" tiers="translations"/>
    <meta type="odin-source" doc-id="3512" line-range="2546-2550" line-types="L+CR L+CR G T M+AC"/>
  </metadata>
  <tier id="o" type="odin-raw">
    <item id="o1" line="2546" tag="L+CR">                            ti-Ò©msta ti-Ò©ap-tx</item>
    <item id="o2" line="2547" tag="L+CR">        c. k©x-ic</item>
    <item id="o3" line="2548" tag="G">           see-3SG.1SG D-person D-go-D</item>
    <item id="o4" line="2549" tag="T">           `I see the person who is going.'</item>
    <item id="o5" line="2550" tag="M+AC">                                                                   (Davis &amp; Saunders 1978:40)</item>
  </tier>
  <tier id="c" type="odin-clean">
    <item id="c1" line="2546 2547" tag="L+CR">k©x-ic          ti-Ò©msta ti-Ò©ap-tx</item>
    <item id="c3" line="2548" tag="G">see-3SG.1SG D-person D-go-D</item>
    <item id="c4" line="2549" tag="T">I see the person who is going.</item>
    <item id="c5" line="2550" tag="M+AC">Davis &amp; Saunders 1978:40</item>
  </tier>
  <tier id="p" type="phrases" content="c">
    <item id="p0" content="c1[0:36]"/>
  </tier>
  <tier id="g" type="glosses" content="c">
    <item id="g0" content="c3[0:27]" alignment="p1"/>
  </tier>
  <tier id="t" type="translations" content="c">
    <item id="t0" content="c4[0:30]" alignment="p1"/>
  </tier>
</igt>
<igt id="i47958">
  <metadata type="xigt-meta">
    <meta type="language" name="bella coola" iso-639-3="blc" tiers="phrases words morphemes"/>
    <meta type="language" name="English" iso-639-3="eng" tiers="translations"/>
    <meta type="odin-source" doc-id="3416" line-range="1518-1522" line-types="M+AC+LN L+CR L+CN+CR G T"/>
  </metadata>
  <tier id="o" type="odin-raw">
    <item id="o1" line="1518" tag="M+AC+LN">  (43) Bella Coola (Saunders &amp; Davis 1982, slightly regularized)</item>
    <item id="o2" line="1519" tag="L+CR">                                    w</item>
    <item id="o3" line="1520" tag="L+CN+CR">      a. tx-is       ?aleks ti- qlsx - tx (Transitive)</item>
    <item id="o4" line="1521" tag="G">          cut- he/it Alex - rope -</item>
    <item id="o5" line="1522" tag="T">       `Alex cut the rope/Alex is cutting the rope.'</item>
  </tier>
  <tier id="c" type="odin-clean">
    <item id="c1" line="1518" tag="M+AC+LN">Bella Coola (Saunders &amp; Davis 1982, slightly regularized</item>
    <item id="c2" line="1519 1520" tag="L+CR+CN">tx-is       ?aleks ti-qlsxw-tx (Transitive)</item>
    <item id="c4" line="1521" tag="G">cut-he/it Alex-rope-</item>
    <item id="c5" line="1522" tag="T">Alex cut the rope/Alex is cutting the rope.</item>
  </tier>
  <tier id="p" type="phrases" content="c">
    <item id="p0" content="c2[0:43]"/>
  </tier>
  <tier id="g" type="glosses" content="c">
    <item id="g0" content="c4[0:20]" alignment="p1"/>
  </tier>
  <tier id="t" type="translations" content="c">
    <item id="t0" content="c5[0:43]" alignment="p1"/>
  </tier>
</igt>
<igt id="i47959">
  <metadata type="xigt-meta">
    <meta type="language" name="bella coola" iso-639-3="blc" tiers="phrases words morphemes"/>
    <meta type="language" name="English" iso-639-3="eng" tiers="translations"/>
    <meta type="odin-source" doc-id="3416" line-range="1523-1526" line-types="L+CR L+CN+CR G T"/>
  </metadata>
  <tier id="o" type="odin-raw">
    <item id="o1" line="1523" tag="L+CR">                                             w</item>
    <item id="o2" line="1524" tag="L+CN+CR">     b. tx-a- Ø         ?aleks     x- ti- qls - tx (Intransitivized via Antipassive)</item>
    <item id="o3" line="1525" tag="G">         cut- INTR- he Alex        PREP...- rope-</item>
    <item id="o4" line="1526" tag="T">        `Alex is cutting a rope.'</item>
  </tier>
  <tier id="c" type="odin-clean">
    <item id="c1" line="1523" tag="L+CR">w</item>
    <item id="c3" line="1525" tag="G">cut-INTR-he Alex        PREP...-rope-</item>
    <item id="c4" line="1526" tag="T">Alex is cutting a rope.</item>
  </tier>
  <tier id="p" type="phrases" content="c">
    <item id="p0" content="c1[0:1]"/>
  </tier>
  <tier id="g" type="glosses" content="c">
    <item id="g0" content="c3[0:37]" alignment="p1"/>
  </tier>
  <tier id="t" type="translations" content="c">
    <item id="t0" content="c4[0:23]" alignment="p1"/>
  </tier>
</igt>
<igt id="i47960">
  <metadata type="xigt-meta">
    <meta type="language" name="bella coola" iso-639-3="blc" tiers="phrases words morphemes"/>
    <meta type="language" name="English" iso-639-3="eng" tiers="translations"/>
    <meta type="odin-source" doc-id="3416" line-range="1527-1532" line-types="L+CR L+CR L+CR G T T+AL"/>
  </metadata>
  <tier id="o" type="odin-raw">
    <item id="o1" line="1527" tag="L+CR">                                                         w</item>
    <item id="o2" line="1528" tag="L+CR">      c. tx- a- tus          ?aleks mat x ti- qls - tx</item>
    <item id="o3" line="1529" tag="L+CR">                                                  -</item>
    <item id="o4" line="1530" tag="G">         cut- INTR- he/him Alex Matt PREP...- rope -</item>
    <item id="o5" line="1531" tag="T">        (i) `Alex cut the rope for Matt.'</item>
    <item id="o6" line="1532" tag="T+AL">        (ii) `Alex made/let Matt cut the rope.'</item>
  </tier>
  <tier id="c" type="odin-clean">
    <item id="c1" line="1527 1528" tag="L+CR">tx-a-tus          ?aleks mat x ti-qls-tx   w</item>
    <item id="c4" line="1530" tag="G">cut-INTR-he/him Alex Matt PREP...-rope-</item>
    <item id="c5" line="1531" tag="T">`Alex cut the rope for Matt.</item>
    <item id="c6" line="1532" tag="T+AL">`Alex made/let Matt cut the rope.</item>
  </tier>
  <tier id="p" type="phrases" content="c">
    <item id="p0" content="c1[0:44]"/>
  </tier>
  <tier id="g" type="glosses" content="c">
    <item id="g0" content="c4[0:39]" alignment="p1"/>
  </tier>
  <tier id="t" type="translations" content="c">
    <item id="t0" content="c5[0:28]" alignment="p1"/>
    <item id="t1" content="c6[0:33]" alignment="p1"/>
  </tier>
</igt>
<igt id="i50794">
  <metadata type="xigt-meta">
    <meta type="language" name="bella coola" iso-639-3="blc" tiers="phrases words morphemes"/>
    <meta type="language" name="English" iso-639-3="eng" tiers="translations"/>
    <meta type="odin-source" doc-id="1219" line-range="1518-1522" line-types="M+AC+LN M L G T"/>
  </metadata>
  <tier id="o" type="odin-raw">
    <item id="o1" line="1518" tag="M+AC+LN">  (43) Bella Coola (Saunders &amp; Davis 1982, slightly regularized)</item>
    <item id="o2" line="1519" tag="M">                                    w</item>
    <item id="o3" line="1520" tag="L">      a. tx-is       ?aleks ti- qlsx - tx (Transitive)</item>
    <item id="o4" line="1521" tag="G">          cut- he/it Alex - rope -</item>
    <item id="o5" line="1522" tag="T">       `Alex cut the rope/Alex is cutting the rope.'</item>
  </tier>
  <tier id="c" type="odin-clean">
    <item id="c1" line="1518" tag="M+AC+LN">Bella Coola (Saunders &amp; Davis 1982, slightly regularized</item>
    <item id="c2" line="1519" tag="M">w</item>
    <item id="c3" line="1520" tag="L">tx-is       ?aleks ti-qlsx-tx (Transitive)</item>
    <item id="c4" line="1521" tag="G">cut-he/it Alex-rope-</item>
    <item id="c5" line="1522" tag="T">Alex cut the rope/Alex is cutting the rope.</item>
  </tier>
  <tier id="p" type="phrases" content="c">
    <item id="p0" content="c3[0:42]"/>
  </tier>
  <tier id="g" type="glosses" content="c">
    <item id="g0" content="c4[0:20]" alignment="p1"/>
  </tier>
  <tier id="t" type="translations" content="c">
    <item id="t0" content="c5[0:43]" alignment="p1"/>
  </tier>
</igt>
<igt id="i50795">
  <metadata type="xigt-meta">
    <meta type="language" name="bella coola" iso-639-3="blc" tiers="phrases words morphemes"/>
    <meta type="language" name="English" iso-639-3="eng" tiers="translations"/>
    <meta type="odin-source" doc-id="1219" line-range="1524-1526" line-types="L G T"/>
  </metadata>
  <tier id="o" type="odin-raw">
    <item id="o1" line="1524" tag="L">     b. tx-a- Ø         ?aleks     x- ti- qls - tx (Intransitivized via Antipassive)</item>
    <item id="o2" line="1525" tag="G">         cut- INTR- he Alex        PREP...- rope-</item>
    <item id="o3" line="1526" tag="T">        `Alex is cutting a rope.'</item>
  </tier>
  <tier id="c" type="odin-clean">
    <item id="c1" line="1524" tag="L">tx-a-Ø         ?aleks     x-ti-qls-tx (Intransitivized via Antipassive)</item>
    <item id="c2" line="1525" tag="G">cut-INTR-he Alex        PREP...-rope-</item>
    <item id="c3" line="1526" tag="T">Alex is cutting a rope.</item>
  </tier>
  <tier id="p" type="phrases" content="c">
    <item id="p0" content="c1[0:71]"/>
  </tier>
  <tier id="g" type="glosses" content="c">
    <item id="g0" content="c2[0:37]" alignment="p1"/>
  </tier>
  <tier id="t" type="translations" content="c">
    <item id="t0" content="c3[0:23]" alignment="p1"/>
  </tier>
</igt>
<igt id="i50796">
  <metadata type="xigt-meta">
    <meta type="language" name="bella coola" iso-639-3="blc" tiers="phrases words morphemes"/>
    <meta type="language" name="English" iso-639-3="eng" tiers="translations"/>
    <meta type="odin-source" doc-id="1219" line-range="1528-1532" line-types="L M G T T+AL"/>
  </metadata>
  <tier id="o" type="odin-raw">
    <item id="o1" line="1528" tag="L">      c. tx- a- tus          ?aleks mat x ti- qls - tx</item>
    <item id="o2" line="1529" tag="M">                                                  -</item>
    <item id="o3" line="1530" tag="G">         cut- INTR- he/him Alex Matt PREP...- rope -</item>
    <item id="o4" line="1531" tag="T">        (i) `Alex cut the rope for Matt.'</item>
    <item id="o5" line="1532" tag="T+AL">        (ii) `Alex made/let Matt cut the rope.'</item>
  </tier>
  <tier id="c" type="odin-clean">
    <item id="c1" line="1528" tag="L">tx-a-tus          ?aleks mat x ti-qls-tx</item>
    <item id="c2" line="1529" tag="M">-</item>
    <item id="c3" line="1530" tag="G">cut-INTR-he/him Alex Matt PREP...-rope-</item>
    <item id="c4" line="1531" tag="T">`Alex cut the rope for Matt.</item>
    <item id="c5" line="1532" tag="T+AL">`Alex made/let Matt cut the rope.</item>
  </tier>
  <tier id="p" type="phrases" content="c">
    <item id="p0" content="c1[0:40]"/>
  </tier>
  <tier id="g" type="glosses" content="c">
    <item id="g0" content="c3[0:39]" alignment="p1"/>
  </tier>
  <tier id="t" type="translations" content="c">
    <item id="t0" content="c4[0:28]" alignment="p1"/>
    <item id="t1" content="c5[0:33]" alignment="p1"/>
  </tier>
</igt>
<igt id="i78322">
  <metadata type="xigt-meta">
    <meta type="language" name="bella coola" iso-639-3="blc" tiers="phrases words morphemes"/>
    <meta type="language" name="English" iso-639-3="eng" tiers="translations"/>
    <meta type="odin-source" doc-id="2527" line-range="138-141" line-types="L+EX G T+LT T+AL"/>
  </metadata>
  <tier id="o" type="odin-raw">
    <item id="o1" line="138" tag="L+EX">            b. 7axw ti ka lhalas 7ala 7ats (Bella Coola)</item>
    <item id="o2" line="139" tag="G">               neg det hyp boat here</item>
    <item id="o3" line="140" tag="T+LT">                `A boat doesn't exist here.' (literal ly)</item>
    <item id="o4" line="141" tag="T+AL">                `There's no boat here.'</item>
  </tier>
  <tier id="c" type="odin-clean">
    <item id="c1" line="138" tag="L+EX">7axw ti ka lhalas 7ala 7ats (Bella Coola)</item>
    <item id="c2" line="139" tag="G">neg det hyp boat here</item>
    <item id="c3" line="140" tag="T+LT">A boat doesn't exist here.' (literal ly)</item>
    <item id="c4" line="141" tag="T+AL">There's no boat here.</item>
  </tier>
  <tier id="p" type="phrases" content="c">
    <item id="p0" content="c1[0:41]"/>
  </tier>
  <tier id="g" type="glosses" content="c">
    <item id="g0" content="c2[0:21]" alignment="p1"/>
  </tier>
  <tier id="t" type="translations" content="c">
    <item id="t0" content="c3[0:40]" alignment="p1"/>
    <item id="t1" content="c4[0:21]" alignment="p1"/>
  </tier>
</igt>
<igt id="i137164">
  <metadata type="xigt-meta">
    <meta type="language" name="bella coola" iso-639-3="blc" tiers="phrases words morphemes"/>
    <meta type="language" name="English" iso-639-3="eng" tiers="translations"/>
    <meta type="odin-source" doc-id="3760" line-range="526-528" line-types="L G T"/>
  </metadata>
  <tier id="o" type="odin-raw">
    <item id="o1" line="526" tag="L">   (7) staltmx-aw wa-Pimlk</item>
    <item id="o2" line="527" tag="G">       chief-intr prox-man</item>
    <item id="o3" line="528" tag="T">       "The man is a chief."</item>
  </tier>
  <tier id="c" type="odin-clean">
    <item id="c1" line="526" tag="L">staltmx-aw wa-Pimlk</item>
    <item id="c2" line="527" tag="G">chief-intr prox-man</item>
    <item id="c3" line="528" tag="T">The man is a chief.</item>
  </tier>
  <tier id="p" type="phrases" content="c">
    <item id="p0" content="c1[0:19]"/>
  </tier>
  <tier id="g" type="glosses" content="c">
    <item id="g0" content="c2[0:19]" alignment="p1"/>
  </tier>
  <tier id="t" type="translations" content="c">
    <item id="t0" content="c3[0:19]" alignment="p1"/>
  </tier>
</igt>
<igt id="i137165">
  <metadata type="xigt-meta">
    <meta type="language" name="bella coola" iso-639-3="blc" tiers="phrases words morphemes"/>
    <meta type="language" name="English" iso-639-3="eng" tiers="translations"/>
    <meta type="odin-source" doc-id="3760" line-range="529-531" line-types="L G T"/>
  </metadata>
  <tier id="o" type="odin-raw">
    <item id="o1" line="529" tag="L">   (8) staltmx-aw          wa-Pimlk</item>
    <item id="o2" line="530" tag="G">       chief(3PL.)(INTR.) (PROX.)man</item>
    <item id="o3" line="531" tag="T">       "The man is a chief."</item>
  </tier>
  <tier id="c" type="odin-clean">
    <item id="c1" line="529" tag="L">staltmx-aw          wa-Pimlk</item>
    <item id="c2" line="530" tag="G">chief(3PL.)(INTR.) (PROX.)man</item>
    <item id="c3" line="531" tag="T">The man is a chief.</item>
  </tier>
  <tier id="p" type="phrases" content="c">
    <item id="p0" content="c1[0:28]"/>
  </tier>
  <tier id="g" type="glosses" content="c">
    <item id="g0" content="c2[0:29]" alignment="p1"/>
  </tier>
  <tier id="t" type="translations" content="c">
    <item id="t0" content="c3[0:19]" alignment="p1"/>
  </tier>
</igt>
<igt id="i153677">
  <metadata type="xigt-meta">
    <meta type="language" name="bella coola" iso-639-3="blc" tiers="phrases words morphemes"/>
    <meta type="language" name="English" iso-639-3="eng" tiers="translations"/>
    <meta type="odin-source" doc-id="505" line-range="229-231" line-types="L G T"/>
  </metadata>
  <tier id="o" type="odin-raw">
    <item id="o1" line="229" tag="L">  (11) likm     ti-wac-tx</item>
    <item id="o2" line="230" tag="G">       run(3)       DEIC-dog-DEIC</item>
    <item id="o3" line="231" tag="T">       `the dog is running'</item>
  </tier>
  <tier id="c" type="odin-clean">
    <item id="c1" line="229" tag="L">likm     ti-wac-tx</item>
    <item id="c2" line="230" tag="G">run(3)       DEIC-dog-DEIC</item>
    <item id="c3" line="231" tag="T">the dog is running</item>
  </tier>
  <tier id="p" type="phrases" content="c">
    <item id="p0" content="c1[0:18]"/>
  </tier>
  <tier id="g" type="glosses" content="c">
    <item id="g0" content="c2[0:26]" alignment="p1"/>
  </tier>
  <tier id="t" type="translations" content="c">
    <item id="t0" content="c3[0:18]" alignment="p1"/>
  </tier>
</igt>
<igt id="i153678">
  <metadata type="xigt-meta">
    <meta type="language" name="bella coola" iso-639-3="blc" tiers="phrases words morphemes"/>
    <meta type="language" name="English" iso-639-3="eng" tiers="translations"/>
    <meta type="odin-source" doc-id="505" line-range="233-237" line-types="L G T B M+AC"/>
  </metadata>
  <tier id="o" type="odin-raw">
    <item id="o1" line="233" tag="L">  (12) wac         ti-likm-tx</item>
    <item id="o2" line="234" tag="G">       dog(3)      DEIC-run-DEIC</item>
    <item id="o3" line="235" tag="T">       `the one running is a dog'</item>
    <item id="o4" line="236" tag="B"></item>
    <item id="o5" line="237" tag="M+AC">        (Davis/Saunders 1984:210)</item>
  </tier>
  <tier id="c" type="odin-clean">
    <item id="c1" line="233" tag="L">wac         ti-likm-tx</item>
    <item id="c2" line="234" tag="G">dog(3)      DEIC-run-DEIC</item>
    <item id="c3" line="235" tag="T">the one running is a dog</item>
    <item id="c4" line="236" tag="B"/>
    <item id="c5" line="237" tag="M+AC">Davis/Saunders 1984:210</item>
  </tier>
  <tier id="p" type="phrases" content="c">
    <item id="p0" content="c1[0:22]"/>
  </tier>
  <tier id="g" type="glosses" content="c">
    <item id="g0" content="c2[0:25]" alignment="p1"/>
  </tier>
  <tier id="t" type="translations" content="c">
    <item id="t0" content="c3[0:24]" alignment="p1"/>
  </tier>
</igt>
</xigt-corpus>
