<?xml version="1.0" encoding="UTF-8"?>
<xigt-corpus>
<igt id="i48613">
  <metadata type="xigt-meta">
    <meta type="language" name="igorot" iso-639-3="bnc" tiers="phrases words morphemes"/>
    <meta type="language" name="English" iso-639-3="eng" tiers="translations"/>
    <meta type="odin-source" doc-id="3428" line-range="824-827" line-types="L+CR L+CR G T"/>
  </metadata>
  <tier id="o" type="odin-raw">
    <item id="o1" line="824" tag="L+CR">  (64) a. woda· nan onash                                       FalÌdfid</item>
    <item id="o2" line="825" tag="L+CR">                                   ·                    id          °</item>
    <item id="o3" line="826" tag="G">               be.at ART sugar.plantation LOC Falidfid</item>
    <item id="o4" line="827" tag="T">               `there was a sugar cane plantation at Falidfid'</item>
  </tier>
  <tier id="c" type="odin-clean">
    <item id="c1" line="824" tag="L+CR">woda· nan onash                                       FalÌdfid</item>
    <item id="c3" line="826" tag="G">be.at ART sugar.plantation LOC Falidfid</item>
    <item id="c4" line="827" tag="T">there was a sugar cane plantation at Falidfid</item>
  </tier>
  <tier id="p" type="phrases" content="c">
    <item id="p0" content="c1[0:62]"/>
  </tier>
  <tier id="g" type="glosses" content="c">
    <item id="g0" content="c3[0:39]" alignment="p1"/>
  </tier>
  <tier id="t" type="translations" content="c">
    <item id="t0" content="c4[0:45]" alignment="p1"/>
  </tier>
</igt>
<igt id="i48614">
  <metadata type="xigt-meta">
    <meta type="language" name="igorot" iso-639-3="bnc" tiers="phrases words morphemes"/>
    <meta type="language" name="English" iso-639-3="eng" tiers="translations"/>
    <meta type="odin-source" doc-id="3428" line-range="828-832" line-types="L+CR L+CR G T T+LT+AL"/>
  </metadata>
  <tier id="o" type="odin-raw">
    <item id="o1" line="828" tag="L+CR">          b. woday nan fakat is nan ongonga</item>
    <item id="o2" line="829" tag="L+CR">                      ·              ·                        ·</item>
    <item id="o3" line="830" tag="G">               be.at ART nail LOC ART boy</item>
    <item id="o4" line="831" tag="T">               `the boy has a nail'</item>
    <item id="o5" line="832" tag="T+LT+AL">               (literally `a nail is at the boy')</item>
  </tier>
  <tier id="c" type="odin-clean">
    <item id="c1" line="828" tag="L+CR">woday nan fakat is nan ongonga</item>
    <item id="c3" line="830" tag="G">be.at ART nail LOC ART boy</item>
    <item id="c4" line="831" tag="T">the boy has a nail</item>
    <item id="c5" line="832" tag="T+LT+AL">literally `a nail is at the boy</item>
  </tier>
  <tier id="p" type="phrases" content="c">
    <item id="p0" content="c1[0:30]"/>
  </tier>
  <tier id="g" type="glosses" content="c">
    <item id="g0" content="c3[0:26]" alignment="p1"/>
  </tier>
  <tier id="t" type="translations" content="c">
    <item id="t0" content="c4[0:18]" alignment="p1"/>
    <item id="t1" content="c5[0:31]" alignment="p1"/>
  </tier>
</igt>
<igt id="i74188">
  <metadata type="xigt-meta">
    <meta type="language" name="ingorot bontoc" iso-639-3="bnc" tiers="phrases words morphemes"/>
    <meta type="language" name="English" iso-639-3="eng" tiers="translations"/>
    <meta type="odin-source" doc-id="989" line-range="837-840" line-types="L+CR L+CR G T"/>
  </metadata>
  <tier id="o" type="odin-raw">
    <item id="o1" line="837" tag="L+CR">  (64) a. woda· nan onash                                       FalÌdfid</item>
    <item id="o2" line="838" tag="L+CR">                                   ·                    id          °</item>
    <item id="o3" line="839" tag="G">               be.at ART sugar.plantation LOC Falidfid</item>
    <item id="o4" line="840" tag="T">               `there was a sugar cane plantation at Falidfid'</item>
  </tier>
  <tier id="c" type="odin-clean">
    <item id="c1" line="837" tag="L+CR">woda· nan onash                                       FalÌdfid</item>
    <item id="c3" line="839" tag="G">be.at ART sugar.plantation LOC Falidfid</item>
    <item id="c4" line="840" tag="T">there was a sugar cane plantation at Falidfid</item>
  </tier>
  <tier id="p" type="phrases" content="c">
    <item id="p0" content="c1[0:62]"/>
  </tier>
  <tier id="g" type="glosses" content="c">
    <item id="g0" content="c3[0:39]" alignment="p1"/>
  </tier>
  <tier id="t" type="translations" content="c">
    <item id="t0" content="c4[0:45]" alignment="p1"/>
  </tier>
</igt>
<igt id="i74189">
  <metadata type="xigt-meta">
    <meta type="language" name="ingorot bontoc" iso-639-3="bnc" tiers="phrases words morphemes"/>
    <meta type="language" name="English" iso-639-3="eng" tiers="translations"/>
    <meta type="odin-source" doc-id="989" line-range="841-845" line-types="L+CR L+CR G T T+LT+AL"/>
  </metadata>
  <tier id="o" type="odin-raw">
    <item id="o1" line="841" tag="L+CR">          b. woday nan fakat is nan ongonga</item>
    <item id="o2" line="842" tag="L+CR">                      ·              ·                        ·</item>
    <item id="o3" line="843" tag="G">               be.at ART nail LOC ART boy</item>
    <item id="o4" line="844" tag="T">               `the boy has a nail'</item>
    <item id="o5" line="845" tag="T+LT+AL">               (literally `a nail is at the boy')</item>
  </tier>
  <tier id="c" type="odin-clean">
    <item id="c1" line="841" tag="L+CR">woday nan fakat is nan ongonga</item>
    <item id="c3" line="843" tag="G">be.at ART nail LOC ART boy</item>
    <item id="c4" line="844" tag="T">the boy has a nail</item>
    <item id="c5" line="845" tag="T+LT+AL">literally `a nail is at the boy</item>
  </tier>
  <tier id="p" type="phrases" content="c">
    <item id="p0" content="c1[0:30]"/>
  </tier>
  <tier id="g" type="glosses" content="c">
    <item id="g0" content="c3[0:26]" alignment="p1"/>
  </tier>
  <tier id="t" type="translations" content="c">
    <item id="t0" content="c4[0:18]" alignment="p1"/>
    <item id="t1" content="c5[0:31]" alignment="p1"/>
  </tier>
</igt>
</xigt-corpus>
