<?xml version="1.0" encoding="UTF-8"?>
<xigt-corpus>
<igt id="i99815">
  <metadata type="xigt-meta">
    <meta type="language" name="bora" iso-639-3="boa" tiers="phrases words morphemes"/>
    <meta type="language" name="English" iso-639-3="eng" tiers="translations"/>
    <meta type="odin-source" doc-id="2463" line-range="453-459" line-types="L G B L+LN+CR L+CR G T"/>
  </metadata>
  <tier id="o" type="odin-raw">
    <item id="o1" line="453" tag="L">      (17) ooh bye       walle            m tsá-wá</item>
    <item id="o2" line="454" tag="G">           dog:SUBJ      [woman:SUBJ      table-POSS/CL</item>
    <item id="o3" line="455" tag="B"></item>
    <item id="o4" line="456" tag="L+LN+CR">                         picyoo-be        úmivá                     [Bora]</item>
    <item id="o5" line="457" tag="L+CR">           hallú-vu</item>
    <item id="o6" line="458" tag="G">           top-to        put-it/CL]       flee:PEFV OV­post</item>
    <item id="o7" line="459" tag="T">           `The dog    that the woman     put on the table fled.'</item>
  </tier>
  <tier id="c" type="odin-clean">
    <item id="c1" line="453" tag="L">ooh bye       walle            m tsá-wá</item>
    <item id="c2" line="454" tag="G">dog:SUBJ      [woman:SUBJ      table-POSS/CL</item>
    <item id="c3" line="455" tag="B"/>
    <item id="c4" line="456 457" tag="L+LN+CR">hallú-vu     picyoo-be        úmivá                     [Bora]</item>
    <item id="c6" line="458" tag="G">top-to        put-it/CL]       flee:PEFV OV­post</item>
    <item id="c7" line="459" tag="T">The dog    that the woman     put on the table fled.</item>
  </tier>
  <tier id="p" type="phrases" content="c">
    <item id="p0" content="c1[0:39]"/>
    <item id="p1" content="c4[0:62]"/>
  </tier>
  <tier id="g" type="glosses" content="c">
    <item id="g0" content="c2[0:44]" alignment="p1"/>
    <item id="g1" content="c6[0:48]" alignment="p2"/>
  </tier>
  <tier id="t" type="translations" content="c">
    <item id="t0" content="c7[0:52]" alignment="p2"/>
  </tier>
</igt>
</xigt-corpus>
