<?xml version="1.0" encoding="UTF-8"?>
<xigt-corpus>
<igt id="i137520">
  <metadata type="xigt-meta">
    <meta type="language" name="boni" iso-639-3="bob" tiers="phrases words morphemes"/>
    <meta type="language" name="English" iso-639-3="eng" tiers="translations"/>
    <meta type="odin-source" doc-id="3738" line-range="1663-1665" line-types="L G T"/>
  </metadata>
  <tier id="o" type="odin-raw">
    <item id="o1" line="1663" tag="L">       (51)   Q: (máa háa-kalée?)</item>
    <item id="o2" line="1664" tag="G">                 (what hither-came-in</item>
    <item id="o3" line="1665" tag="T">                 `What's new?'</item>
  </tier>
  <tier id="c" type="odin-clean">
    <item id="c1" line="1663" tag="L">(máa háa-kalée?</item>
    <item id="c2" line="1664" tag="G">(what hither-came-in</item>
    <item id="c3" line="1665" tag="T">What's new?</item>
  </tier>
  <tier id="p" type="phrases" content="c">
    <item id="p0" content="c1[0:15]"/>
  </tier>
  <tier id="g" type="glosses" content="c">
    <item id="g0" content="c2[0:20]" alignment="p1"/>
  </tier>
  <tier id="t" type="translations" content="c">
    <item id="t0" content="c3[0:11]" alignment="p1"/>
  </tier>
</igt>
<igt id="i137521">
  <metadata type="xigt-meta">
    <meta type="language" name="boni" iso-639-3="bob" tiers="phrases words morphemes"/>
    <meta type="language" name="English" iso-639-3="eng" tiers="translations"/>
    <meta type="odin-source" doc-id="3738" line-range="1666-1668" line-types="L G T"/>
  </metadata>
  <tier id="o" type="odin-raw">
    <item id="o1" line="1666" tag="L">              A: suweel hiléekée~no-oolii</item>
    <item id="o2" line="1667" tag="G">                 leopard friend-my~with-fought</item>
    <item id="o3" line="1668" tag="T">                 `A LEOPARD attacked my FRIEND.'</item>
  </tier>
  <tier id="c" type="odin-clean">
    <item id="c1" line="1666" tag="L">suweel hiléekée~no-oolii</item>
    <item id="c2" line="1667" tag="G">leopard friend-my~with-fought</item>
    <item id="c3" line="1668" tag="T">A LEOPARD attacked my FRIEND.</item>
  </tier>
  <tier id="p" type="phrases" content="c">
    <item id="p0" content="c1[0:24]"/>
  </tier>
  <tier id="g" type="glosses" content="c">
    <item id="g0" content="c2[0:29]" alignment="p1"/>
  </tier>
  <tier id="t" type="translations" content="c">
    <item id="t0" content="c3[0:29]" alignment="p1"/>
  </tier>
</igt>
<igt id="i137527">
  <metadata type="xigt-meta">
    <meta type="language" name="boni" iso-639-3="bob" tiers="phrases words morphemes"/>
    <meta type="language" name="English" iso-639-3="eng" tiers="translations"/>
    <meta type="odin-source" doc-id="3738" line-range="1765-1766" line-types="L T"/>
  </metadata>
  <tier id="o" type="odin-raw">
    <item id="o1" line="1765" tag="L">               A: máa       siríi</item>
    <item id="o2" line="1766" tag="T">                   `What's the matter?'</item>
  </tier>
  <tier id="c" type="odin-clean">
    <item id="c1" line="1765" tag="L">máa       siríi</item>
    <item id="c2" line="1766" tag="T">What's the matter?</item>
  </tier>
  <tier id="p" type="phrases" content="c">
    <item id="p0" content="c1[0:15]"/>
  </tier>
  <tier id="t" type="translations" content="c">
    <item id="t0" content="c2[0:18]" alignment="p1"/>
  </tier>
</igt>
<igt id="i137528">
  <metadata type="xigt-meta">
    <meta type="language" name="boni" iso-639-3="bob" tiers="phrases words morphemes"/>
    <meta type="language" name="English" iso-639-3="eng" tiers="translations"/>
    <meta type="odin-source" doc-id="3738" line-range="1767-1770" line-types="L G T+DB C"/>
  </metadata>
  <tier id="o" type="odin-raw">
    <item id="o1" line="1767" tag="L">               B: moróor-a,       hiléekée ki-d'ifidi</item>
    <item id="o2" line="1768" tag="G">                   elephant-COP friend-my LOC-hit</item>
    <item id="o3" line="1769" tag="T+DB">                   `It's an elephant, (he) hit my friend.' = `An ELEPHANT hit</item>
    <item id="o4" line="1770" tag="C">                   my FRIEND.'</item>
  </tier>
  <tier id="c" type="odin-clean">
    <item id="c1" line="1767" tag="L">moróor-a,       hiléekée ki-d'ifidi</item>
    <item id="c2" line="1768" tag="G">elephant-COP friend-my LOC-hit</item>
    <item id="c3" line="1769" tag="T+DB">It's an elephant, (he) hit my friend.' = `An ELEPHANT hit</item>
    <item id="c4" line="1770" tag="C">my FRIEND.</item>
  </tier>
  <tier id="p" type="phrases" content="c">
    <item id="p0" content="c1[0:35]"/>
  </tier>
  <tier id="g" type="glosses" content="c">
    <item id="g0" content="c2[0:30]" alignment="p1"/>
  </tier>
  <tier id="t" type="translations" content="c">
    <item id="t0" content="c3[0:57]" alignment="p1"/>
  </tier>
</igt>
<igt id="i137538">
  <metadata type="xigt-meta">
    <meta type="language" name="boni" iso-639-3="bob" tiers="phrases words morphemes"/>
    <meta type="language" name="English" iso-639-3="eng" tiers="translations"/>
    <meta type="odin-source" doc-id="3738" line-range="2006-2008" line-types="L+EX G T"/>
  </metadata>
  <tier id="o" type="odin-raw">
    <item id="o1" line="2006" tag="L+EX">        (63)   a.   áddigée~juudi.                                              (SF)</item>
    <item id="o2" line="2007" tag="G">                    father.my~died</item>
    <item id="o3" line="2008" tag="T">                    `My FATHER died.'</item>
  </tier>
  <tier id="c" type="odin-clean">
    <item id="c1" line="2006" tag="L+EX">a.   áddigée~juudi.                                              (SF</item>
    <item id="c2" line="2007" tag="G">father.my~died</item>
    <item id="c3" line="2008" tag="T">My FATHER died.</item>
  </tier>
  <tier id="p" type="phrases" content="c">
    <item id="p0" content="c1[0:68]"/>
  </tier>
  <tier id="g" type="glosses" content="c">
    <item id="g0" content="c2[0:14]" alignment="p1"/>
  </tier>
  <tier id="t" type="translations" content="c">
    <item id="t0" content="c3[0:15]" alignment="p1"/>
  </tier>
</igt>
<igt id="i137539">
  <metadata type="xigt-meta">
    <meta type="language" name="boni" iso-639-3="bob" tiers="phrases words morphemes"/>
    <meta type="language" name="English" iso-639-3="eng" tiers="translations"/>
    <meta type="odin-source" doc-id="3738" line-range="2009-2012" line-types="L+CR+EX L+CR G T"/>
  </metadata>
  <tier id="o" type="odin-raw">
    <item id="o1" line="2009" tag="L+CR+EX">                                 juudi.                                        (AF)</item>
    <item id="o2" line="2010" tag="L+CR">               b.   áddigée-é</item>
    <item id="o3" line="2011" tag="G">                    father.my-NF died</item>
    <item id="o4" line="2012" tag="T">                    `My FATHER died, It's my FATHER that died.'</item>
  </tier>
  <tier id="c" type="odin-clean">
    <item id="c1" line="2009 2010" tag="L+CR+EX">áddigée-é juudi.                                        (AF)</item>
    <item id="c3" line="2011" tag="G">father.my-NF died</item>
    <item id="c4" line="2012" tag="T">My FATHER died, It's my FATHER that died.</item>
  </tier>
  <tier id="p" type="phrases" content="c">
    <item id="p0" content="c1[0:60]"/>
  </tier>
  <tier id="g" type="glosses" content="c">
    <item id="g0" content="c3[0:17]" alignment="p1"/>
  </tier>
  <tier id="t" type="translations" content="c">
    <item id="t0" content="c4[0:41]" alignment="p1"/>
  </tier>
</igt>
<igt id="i137540">
  <metadata type="xigt-meta">
    <meta type="language" name="boni" iso-639-3="bob" tiers="phrases words morphemes"/>
    <meta type="language" name="English" iso-639-3="eng" tiers="translations"/>
    <meta type="odin-source" doc-id="3738" line-range="2013-2016" line-types="L+CR+EX L+CR G T+DB"/>
  </metadata>
  <tier id="o" type="odin-raw">
    <item id="o1" line="2013" tag="L+CR+EX">                    áddigée á-juudi.                                            (PF)</item>
    <item id="o2" line="2014" tag="L+CR">               c.</item>
    <item id="o3" line="2015" tag="G">                    father.my VF-died</item>
    <item id="o4" line="2016" tag="T+DB">                    `My father DIED, My FATHER DIED.'</item>
  </tier>
  <tier id="c" type="odin-clean">
    <item id="c1" line="2013 2014" tag="L+CR+EX">áddigée á-juudi.                                            (PF)</item>
    <item id="c3" line="2015" tag="G">father.my VF-died</item>
    <item id="c4" line="2016" tag="T+DB">My father DIED, My FATHER DIED.</item>
  </tier>
  <tier id="p" type="phrases" content="c">
    <item id="p0" content="c1[0:64]"/>
  </tier>
  <tier id="g" type="glosses" content="c">
    <item id="g0" content="c3[0:17]" alignment="p1"/>
  </tier>
  <tier id="t" type="translations" content="c">
    <item id="t0" content="c4[0:31]" alignment="p1"/>
  </tier>
</igt>
</xigt-corpus>
