<?xml version="1.0" encoding="UTF-8"?>
<xigt-corpus>
<igt id="i118930">
  <metadata type="xigt-meta">
    <meta type="language" name="bororo" iso-639-3="bor" tiers="phrases words morphemes"/>
    <meta type="language" name="English" iso-639-3="eng" tiers="translations"/>
    <meta type="odin-source" doc-id="2697" line-range="291-294" line-types="M+AC+LN L G T"/>
  </metadata>
  <tier id="o" type="odin-raw">
    <item id="o1" line="291" tag="M+AC+LN">  Bororo (Crowell, 1979: 76, 77)</item>
    <item id="o2" line="292" tag="L">  (14) A-tu-re                       (na)?</item>
    <item id="o3" line="293" tag="G">           2SG.SBJ-go-NTL            Y/NQ</item>
    <item id="o4" line="294" tag="T">           'Did you go?'</item>
  </tier>
  <tier id="c" type="odin-clean">
    <item id="c1" line="291" tag="M+AC+LN">Bororo (Crowell, 1979: 76, 77)</item>
    <item id="c2" line="292" tag="L">A-tu-re                       (na)?</item>
    <item id="c3" line="293" tag="G">2SG.SBJ-go-NTL            Y/NQ</item>
    <item id="c4" line="294" tag="T">Did you go?</item>
  </tier>
  <tier id="p" type="phrases" content="c">
    <item id="p0" content="c2[0:35]"/>
  </tier>
  <tier id="g" type="glosses" content="c">
    <item id="g0" content="c3[0:30]" alignment="p1"/>
  </tier>
  <tier id="t" type="translations" content="c">
    <item id="t0" content="c4[0:11]" alignment="p1"/>
  </tier>
</igt>
<igt id="i118931">
  <metadata type="xigt-meta">
    <meta type="language" name="bororo" iso-639-3="bor" tiers="phrases words morphemes"/>
    <meta type="language" name="English" iso-639-3="eng" tiers="translations"/>
    <meta type="odin-source" doc-id="2697" line-range="301-303" line-types="L G T"/>
  </metadata>
  <tier id="o" type="odin-raw">
    <item id="o1" line="301" tag="L">  (15) Kai-ba         kodu-re?</item>
    <item id="o2" line="302" tag="G">        where-CQ go-NTL</item>
    <item id="o3" line="303" tag="T">        'Where did he go?'</item>
  </tier>
  <tier id="c" type="odin-clean">
    <item id="c1" line="301" tag="L">Kai-ba         kodu-re?</item>
    <item id="c2" line="302" tag="G">where-CQ go-NTL</item>
    <item id="c3" line="303" tag="T">Where did he go?</item>
  </tier>
  <tier id="p" type="phrases" content="c">
    <item id="p0" content="c1[0:23]"/>
  </tier>
  <tier id="g" type="glosses" content="c">
    <item id="g0" content="c2[0:15]" alignment="p1"/>
  </tier>
  <tier id="t" type="translations" content="c">
    <item id="t0" content="c3[0:16]" alignment="p1"/>
  </tier>
</igt>
</xigt-corpus>
