<?xml version="1.0" encoding="UTF-8"?>
<xigt-corpus>
<igt id="i29260">
  <metadata type="xigt-meta">
    <meta type="language" name="serbian (srp) + croatian (hrv) + bosnian" iso-639-3="bos" tiers="phrases words morphemes"/>
    <meta type="language" name="English" iso-639-3="eng" tiers="translations"/>
    <meta type="odin-source" doc-id="2784" line-range="48-51" line-types="L G L+AL T+CR"/>
  </metadata>
  <tier id="o" type="odin-raw">
    <item id="o1" line="48" tag="L">  (1)a. [Moj brat]     je dosao</item>
    <item id="o2" line="49" tag="G">         my brother be-3sg. come-ppl.</item>
    <item id="o3" line="50" tag="L+AL">     b. [Moj je brat] dosao</item>
    <item id="o4" line="51" tag="T+CR">        'My brother has co me'</item>
  </tier>
  <tier id="c" type="odin-clean">
    <item id="c1" line="48" tag="L">[Moj brat]     je dosao</item>
    <item id="c2" line="49" tag="G">my brother be-3sg. come-ppl.</item>
    <item id="c3" line="50" tag="L+AL">[Moj je brat] dosao</item>
    <item id="c4" line="51" tag="T+CR">My brother has co me</item>
  </tier>
  <tier id="p" type="phrases" content="c">
    <item id="p0" content="c1[0:23]"/>
    <item id="p1" content="c3[0:19]"/>
  </tier>
  <tier id="g" type="glosses" content="c">
    <item id="g0" content="c2[0:28]" alignment="p1"/>
  </tier>
  <tier id="t" type="translations" content="c">
    <item id="t0" content="c4[0:20]" alignment="p2"/>
  </tier>
</igt>
<igt id="i29261">
  <metadata type="xigt-meta">
    <meta type="language" name="serbian (srp) + croatian (hrv) + bosnian" iso-639-3="bos" tiers="phrases words morphemes"/>
    <meta type="language" name="English" iso-639-3="eng" tiers="translations"/>
    <meta type="odin-source" doc-id="2784" line-range="81-83" line-types="L G T"/>
  </metadata>
  <tier id="o" type="odin-raw">
    <item id="o1" line="81" tag="L">  (2)a. [Roditelji uspesnih           studenta]   su      se  razisli</item>
    <item id="o2" line="82" tag="G">          parents successful-Gen. students-Gen. be-3pl. refl. dispersed</item>
    <item id="o3" line="83" tag="T">        'The parents of the successful students have dispersed'</item>
  </tier>
  <tier id="c" type="odin-clean">
    <item id="c1" line="81" tag="L">[Roditelji uspesnih           studenta]   su      se  razisli</item>
    <item id="c2" line="82" tag="G">parents successful-Gen. students-Gen. be-3pl. refl. dispersed</item>
    <item id="c3" line="83" tag="T">The parents of the successful students have dispersed</item>
  </tier>
  <tier id="p" type="phrases" content="c">
    <item id="p0" content="c1[0:61]"/>
  </tier>
  <tier id="g" type="glosses" content="c">
    <item id="g0" content="c2[0:61]" alignment="p1"/>
  </tier>
  <tier id="t" type="translations" content="c">
    <item id="t0" content="c3[0:53]" alignment="p1"/>
  </tier>
</igt>
<igt id="i29262">
  <metadata type="xigt-meta">
    <meta type="language" name="serbian (srp) + croatian (hrv) + bosnian" iso-639-3="bos" tiers="phrases words morphemes"/>
    <meta type="language" name="English" iso-639-3="eng" tiers="translations"/>
    <meta type="odin-source" doc-id="2784" line-range="92-94" line-types="L G T+AC"/>
  </metadata>
  <tier id="o" type="odin-raw">
    <item id="o1" line="92" tag="L">  (3)a. (*)[Prijatelji su    moje      sestre]     upravo stigli</item>
    <item id="o2" line="93" tag="G">            friends be-3pl. my.Gen. sister.Gen. just arrive-ppl.</item>
    <item id="o3" line="94" tag="T+AC">           `My sister's friends have just arrived'     (Progovac 1996:419)</item>
  </tier>
  <tier id="c" type="odin-clean">
    <item id="c1" line="92" tag="L">(*)[Prijatelji su    moje      sestre]     upravo stigli</item>
    <item id="c2" line="93" tag="G">friends be-3pl. my.Gen. sister.Gen. just arrive-ppl.</item>
    <item id="c3" line="94" tag="T+AC">My sister's friends have just arrived'     (Progovac 1996:419)</item>
  </tier>
  <tier id="p" type="phrases" content="c">
    <item id="p0" content="c1[0:56]"/>
  </tier>
  <tier id="g" type="glosses" content="c">
    <item id="g0" content="c2[0:52]" alignment="p1"/>
  </tier>
  <tier id="t" type="translations" content="c">
    <item id="t0" content="c3[0:62]" alignment="p1"/>
  </tier>
</igt>
<igt id="i29263">
  <metadata type="xigt-meta">
    <meta type="language" name="serbian (srp) + croatian (hrv) + bosnian" iso-639-3="bos" tiers="phrases words morphemes"/>
    <meta type="language" name="English" iso-639-3="eng" tiers="translations"/>
    <meta type="odin-source" doc-id="2784" line-range="96-98" line-types="L G T+AC"/>
  </metadata>
  <tier id="o" type="odin-raw">
    <item id="o1" line="96" tag="L">    b. (*)[Studenti su     iz   Beograda] upravo stigli</item>
    <item id="o2" line="97" tag="G">           students be-3pl. from Belgrade     just   arrive-ppl.</item>
    <item id="o3" line="98" tag="T+AC">          `Students fro m Belgrade have just arrived' (Halpern 1992:94)</item>
  </tier>
  <tier id="c" type="odin-clean">
    <item id="c1" line="96" tag="L">(*)[Studenti su     iz   Beograda] upravo stigli</item>
    <item id="c2" line="97" tag="G">students be-3pl. from Belgrade     just   arrive-ppl.</item>
    <item id="c3" line="98" tag="T+AC">Students fro m Belgrade have just arrived' (Halpern 1992:94)</item>
  </tier>
  <tier id="p" type="phrases" content="c">
    <item id="p0" content="c1[0:48]"/>
  </tier>
  <tier id="g" type="glosses" content="c">
    <item id="g0" content="c2[0:53]" alignment="p1"/>
  </tier>
  <tier id="t" type="translations" content="c">
    <item id="t0" content="c3[0:60]" alignment="p1"/>
  </tier>
</igt>
<igt id="i29264">
  <metadata type="xigt-meta">
    <meta type="language" name="serbian (srp) + croatian (hrv) + bosnian" iso-639-3="bos" tiers="phrases words morphemes"/>
    <meta type="language" name="English" iso-639-3="eng" tiers="translations"/>
    <meta type="odin-source" doc-id="2784" line-range="111-113" line-types="L G T"/>
  </metadata>
  <tier id="o" type="odin-raw">
    <item id="o1" line="111" tag="L">  (4)a. Na veoma si      se lepom mestu smestio</item>
    <item id="o2" line="112" tag="G">        on very be-2sg. refl. nice place placed-ppl.</item>
    <item id="o3" line="113" tag="T">        'You've placed yourself in a very nice place'</item>
  </tier>
  <tier id="c" type="odin-clean">
    <item id="c1" line="111" tag="L">Na veoma si      se lepom mestu smestio</item>
    <item id="c2" line="112" tag="G">on very be-2sg. refl. nice place placed-ppl.</item>
    <item id="c3" line="113" tag="T">You've placed yourself in a very nice place</item>
  </tier>
  <tier id="p" type="phrases" content="c">
    <item id="p0" content="c1[0:39]"/>
  </tier>
  <tier id="g" type="glosses" content="c">
    <item id="g0" content="c2[0:44]" alignment="p1"/>
  </tier>
  <tier id="t" type="translations" content="c">
    <item id="t0" content="c3[0:43]" alignment="p1"/>
  </tier>
</igt>
<igt id="i29265">
  <metadata type="xigt-meta">
    <meta type="language" name="serbian (srp) + croatian (hrv) + bosnian" iso-639-3="bos" tiers="phrases words morphemes"/>
    <meta type="language" name="English" iso-639-3="eng" tiers="translations"/>
    <meta type="odin-source" doc-id="2784" line-range="115-117" line-types="L G T+AC"/>
  </metadata>
  <tier id="o" type="odin-raw">
    <item id="o1" line="115" tag="L">    b. U ovu je     veliku sobu Jovan usao</item>
    <item id="o2" line="116" tag="G">       in this be-3sg. big room J.    enter-ppl.</item>
    <item id="o3" line="117" tag="T+AC">       'Jovan entered this big room'             (Schütze 1994:381,401)</item>
  </tier>
  <tier id="c" type="odin-clean">
    <item id="c1" line="115" tag="L">U ovu je     veliku sobu Jovan usao</item>
    <item id="c2" line="116" tag="G">in this be-3sg. big room J.    enter-ppl.</item>
    <item id="c3" line="117" tag="T+AC">Jovan entered this big room'             (Schütze 1994:381,401)</item>
  </tier>
  <tier id="p" type="phrases" content="c">
    <item id="p0" content="c1[0:35]"/>
  </tier>
  <tier id="g" type="glosses" content="c">
    <item id="g0" content="c2[0:41]" alignment="p1"/>
  </tier>
  <tier id="t" type="translations" content="c">
    <item id="t0" content="c3[0:63]" alignment="p1"/>
  </tier>
</igt>
<igt id="i29268">
  <metadata type="xigt-meta">
    <meta type="language" name="serbian (srp) + croatian (hrv) + bosnian" iso-639-3="bos" tiers="phrases words morphemes"/>
    <meta type="language" name="English" iso-639-3="eng" tiers="translations"/>
    <meta type="odin-source" doc-id="2784" line-range="148-150" line-types="L G T+AC"/>
  </metadata>
  <tier id="o" type="odin-raw">
    <item id="o1" line="148" tag="L">  (6) ??U ovu je        veliku Jovan usao   sobu</item>
    <item id="o2" line="149" tag="G">        into this be-3sg. big J. entered-3sg. room</item>
    <item id="o3" line="150" tag="T+AC">        'Jovan entered this large room'            (Franks 1998:17)</item>
  </tier>
  <tier id="c" type="odin-clean">
    <item id="c1" line="148" tag="L">??U ovu je        veliku Jovan usao   sobu</item>
    <item id="c2" line="149" tag="G">into this be-3sg. big J. entered-3sg. room</item>
    <item id="c3" line="150" tag="T+AC">Jovan entered this large room'            (Franks 1998:17)</item>
  </tier>
  <tier id="p" type="phrases" content="c">
    <item id="p0" content="c1[0:42]"/>
  </tier>
  <tier id="g" type="glosses" content="c">
    <item id="g0" content="c2[0:42]" alignment="p1"/>
  </tier>
  <tier id="t" type="translations" content="c">
    <item id="t0" content="c3[0:58]" alignment="p1"/>
  </tier>
</igt>
<igt id="i29269">
  <metadata type="xigt-meta">
    <meta type="language" name="serbian (srp) + croatian (hrv) + bosnian" iso-639-3="bos" tiers="phrases words morphemes"/>
    <meta type="language" name="English" iso-639-3="eng" tiers="translations"/>
    <meta type="odin-source" doc-id="2784" line-range="162-165" line-types="L+CR L+CR G T"/>
  </metadata>
  <tier id="o" type="odin-raw">
    <item id="o1" line="162" tag="L+CR">                    Tolstoj veliki ruski pisa*</item>
    <item id="o2" line="163" tag="L+CR">  (7)a. Lav je</item>
    <item id="o3" line="164" tag="G">        L. be-3sg. T.       great Russian writer</item>
    <item id="o4" line="165" tag="T">       `Leo Tolstoy is a great Russian writer'</item>
  </tier>
  <tier id="c" type="odin-clean">
    <item id="c1" line="162 163" tag="L+CR">Lav je      Tolstoj veliki ruski pisa*</item>
    <item id="c3" line="164" tag="G">be-3sg. T.       great Russian writer</item>
    <item id="c4" line="165" tag="T">Leo Tolstoy is a great Russian writer</item>
  </tier>
  <tier id="p" type="phrases" content="c">
    <item id="p0" content="c1[0:38]"/>
  </tier>
  <tier id="g" type="glosses" content="c">
    <item id="g0" content="c3[0:37]" alignment="p1"/>
  </tier>
  <tier id="t" type="translations" content="c">
    <item id="t0" content="c4[0:37]" alignment="p1"/>
  </tier>
</igt>
<igt id="i29270">
  <metadata type="xigt-meta">
    <meta type="language" name="serbian (srp) + croatian (hrv) + bosnian" iso-639-3="bos" tiers="phrases words morphemes"/>
    <meta type="language" name="English" iso-639-3="eng" tiers="translations"/>
    <meta type="odin-source" doc-id="2784" line-range="166-168" line-types="L G T"/>
  </metadata>
  <tier id="o" type="odin-raw">
    <item id="o1" line="166" tag="L">     b. *Lav mi         ga      je      Tolstoj poklonio</item>
    <item id="o2" line="167" tag="G">          L. 1sg.Dat. 3sg.Acc. be-3sg. T.      give-ppl.</item>
    <item id="o3" line="168" tag="T">          `Leo Tolstoy gave it to me'</item>
  </tier>
  <tier id="c" type="odin-clean">
    <item id="c1" line="166" tag="L">*Lav mi         ga      je      Tolstoj poklonio</item>
    <item id="c2" line="167" tag="G">1sg.Dat. 3sg.Acc. be-3sg. T.      give-ppl.</item>
    <item id="c3" line="168" tag="T">Leo Tolstoy gave it to me</item>
  </tier>
  <tier id="p" type="phrases" content="c">
    <item id="p0" content="c1[0:48]"/>
  </tier>
  <tier id="g" type="glosses" content="c">
    <item id="g0" content="c2[0:43]" alignment="p1"/>
  </tier>
  <tier id="t" type="translations" content="c">
    <item id="t0" content="c3[0:25]" alignment="p1"/>
  </tier>
</igt>
<igt id="i29271">
  <metadata type="xigt-meta">
    <meta type="language" name="serbian (srp) + croatian (hrv) + bosnian" iso-639-3="bos" tiers="phrases words morphemes"/>
    <meta type="language" name="English" iso-639-3="eng" tiers="translations"/>
    <meta type="odin-source" doc-id="2784" line-range="182-184" line-types="L G T"/>
  </metadata>
  <tier id="o" type="odin-raw">
    <item id="o1" line="182" tag="L">  (8) Odgovorio     je      na njihovo pitanje</item>
    <item id="o2" line="183" tag="G">      answered-ppl. be-3sg. on their question</item>
    <item id="o3" line="184" tag="T">      'He answered their quest ion'</item>
  </tier>
  <tier id="c" type="odin-clean">
    <item id="c1" line="182" tag="L">Odgovorio     je      na njihovo pitanje</item>
    <item id="c2" line="183" tag="G">answered-ppl. be-3sg. on their question</item>
    <item id="c3" line="184" tag="T">He answered their quest ion</item>
  </tier>
  <tier id="p" type="phrases" content="c">
    <item id="p0" content="c1[0:40]"/>
  </tier>
  <tier id="g" type="glosses" content="c">
    <item id="g0" content="c2[0:39]" alignment="p1"/>
  </tier>
  <tier id="t" type="translations" content="c">
    <item id="t0" content="c3[0:27]" alignment="p1"/>
  </tier>
</igt>
<igt id="i29272">
  <metadata type="xigt-meta">
    <meta type="language" name="serbian (srp) + croatian (hrv) + bosnian" iso-639-3="bos" tiers="phrases words morphemes"/>
    <meta type="language" name="English" iso-639-3="eng" tiers="translations"/>
    <meta type="odin-source" doc-id="2784" line-range="228-230" line-types="L G T"/>
  </metadata>
  <tier id="o" type="odin-raw">
    <item id="o1" line="228" tag="L">  (9)a. Imas [ mnogo vremena *itati          ga ]</item>
    <item id="o2" line="229" tag="G">         have-2sg. much time        read-inf. 3sg. Acc.</item>
    <item id="o3" line="230" tag="T">        `You have much time to read it'</item>
  </tier>
  <tier id="c" type="odin-clean">
    <item id="c1" line="228" tag="L">Imas [ mnogo vremena *itati          ga ]</item>
    <item id="c2" line="229" tag="G">have-2sg. much time        read-inf. 3sg. Acc.</item>
    <item id="c3" line="230" tag="T">You have much time to read it</item>
  </tier>
  <tier id="p" type="phrases" content="c">
    <item id="p0" content="c1[0:41]"/>
  </tier>
  <tier id="g" type="glosses" content="c">
    <item id="g0" content="c2[0:46]" alignment="p1"/>
  </tier>
  <tier id="t" type="translations" content="c">
    <item id="t0" content="c3[0:29]" alignment="p1"/>
  </tier>
</igt>
<igt id="i29273">
  <metadata type="xigt-meta">
    <meta type="language" name="serbian (srp) + croatian (hrv) + bosnian" iso-639-3="bos" tiers="phrases words morphemes"/>
    <meta type="language" name="English" iso-639-3="eng" tiers="translations"/>
    <meta type="odin-source" doc-id="2784" line-range="231-233" line-types="L G T"/>
  </metadata>
  <tier id="o" type="odin-raw">
    <item id="o1" line="231" tag="L">     b. Ivan je       vidio auto [ i kupio        ga    je ]</item>
    <item id="o2" line="232" tag="G">         I.   be-3sg. see-ppl. car and buy-ppl. 3sg.Acc. be-3sg.</item>
    <item id="o3" line="233" tag="T">         `Ivan saw the car and bought it'</item>
  </tier>
  <tier id="c" type="odin-clean">
    <item id="c1" line="231" tag="L">Ivan je       vidio auto [ i kupio        ga    je ]</item>
    <item id="c2" line="232" tag="G">be-3sg. see-ppl. car and buy-ppl. 3sg.Acc. be-3sg.</item>
    <item id="c3" line="233" tag="T">Ivan saw the car and bought it</item>
  </tier>
  <tier id="p" type="phrases" content="c">
    <item id="p0" content="c1[0:52]"/>
  </tier>
  <tier id="g" type="glosses" content="c">
    <item id="g0" content="c2[0:50]" alignment="p1"/>
  </tier>
  <tier id="t" type="translations" content="c">
    <item id="t0" content="c3[0:30]" alignment="p1"/>
  </tier>
</igt>
<igt id="i29274">
  <metadata type="xigt-meta">
    <meta type="language" name="serbian (srp) + croatian (hrv) + bosnian" iso-639-3="bos" tiers="phrases words morphemes"/>
    <meta type="language" name="English" iso-639-3="eng" tiers="translations"/>
    <meta type="odin-source" doc-id="2784" line-range="248-251" line-types="L+CR L+CR G T"/>
  </metadata>
  <tier id="o" type="odin-raw">
    <item id="o1" line="248" tag="L+CR">                                                       je Petar poklonio</item>
    <item id="o2" line="249" tag="L+CR">  (10)a. Stefan tvrdi        da     mu        ga</item>
    <item id="o3" line="250" tag="G">         S.     claims       that   3sg.Dat. 3sg.Acc. be-3sg. P. give-ppl.</item>
    <item id="o4" line="251" tag="T">        `Stefan claims       that   Peter has given it to him as a present'</item>
  </tier>
  <tier id="c" type="odin-clean">
    <item id="c1" line="248 249" tag="L+CR">Stefan tvrdi        da     mu        ga       je Petar poklonio</item>
    <item id="c3" line="250" tag="G">claims       that   3sg.Dat. 3sg.Acc. be-3sg. P. give-ppl.</item>
    <item id="c4" line="251" tag="T">Stefan claims       that   Peter has given it to him as a present</item>
  </tier>
  <tier id="p" type="phrases" content="c">
    <item id="p0" content="c1[0:63]"/>
  </tier>
  <tier id="g" type="glosses" content="c">
    <item id="g0" content="c3[0:58]" alignment="p1"/>
  </tier>
  <tier id="t" type="translations" content="c">
    <item id="t0" content="c4[0:65]" alignment="p1"/>
  </tier>
</igt>
<igt id="i29275">
  <metadata type="xigt-meta">
    <meta type="language" name="serbian (srp) + croatian (hrv) + bosnian" iso-639-3="bos" tiers="phrases words morphemes"/>
    <meta type="language" name="English" iso-639-3="eng" tiers="translations"/>
    <meta type="odin-source" doc-id="2784" line-range="292-295" line-types="L+SY G T T+AL"/>
  </metadata>
  <tier id="o" type="odin-raw">
    <item id="o1" line="292" tag="L+SY">  (12) Jovan je IP[pravilno odgovorio Mariji]</item>
    <item id="o2" line="293" tag="G">       J.   be-3sg. correctly answere-ppl. M.</item>
    <item id="o3" line="294" tag="T">      `Jovan did the right thing in answering Maria'</item>
    <item id="o4" line="295" tag="T+AL">      `Jovan gave Maria a correct answer'</item>
  </tier>
  <tier id="c" type="odin-clean">
    <item id="c1" line="292" tag="L+SY">Jovan je IP[pravilno odgovorio Mariji]</item>
    <item id="c2" line="293" tag="G">be-3sg. correctly answere-ppl. M.</item>
    <item id="c3" line="294" tag="T">Jovan did the right thing in answering Maria</item>
    <item id="c4" line="295" tag="T+AL">Jovan gave Maria a correct answer</item>
  </tier>
  <tier id="p" type="phrases" content="c">
    <item id="p0" content="c1[0:38]"/>
  </tier>
  <tier id="g" type="glosses" content="c">
    <item id="g0" content="c2[0:33]" alignment="p1"/>
  </tier>
  <tier id="t" type="translations" content="c">
    <item id="t0" content="c3[0:44]" alignment="p1"/>
    <item id="t1" content="c4[0:33]" alignment="p1"/>
  </tier>
</igt>
<igt id="i29276">
  <metadata type="xigt-meta">
    <meta type="language" name="serbian (srp) + croatian (hrv) + bosnian" iso-639-3="bos" tiers="phrases words morphemes"/>
    <meta type="language" name="English" iso-639-3="eng" tiers="translations"/>
    <meta type="odin-source" doc-id="2784" line-range="300-303" line-types="L+SY G T T+AL"/>
  </metadata>
  <tier id="o" type="odin-raw">
    <item id="o1" line="300" tag="L+SY">  (13) Jovan je     odgovorio pravilno VP[ Mariji]</item>
    <item id="o2" line="301" tag="G">       J.   be-3sg. answer-ppl. correctly      M.</item>
    <item id="o3" line="302" tag="T">      *`Jovan did the right thing in answering Maria'</item>
    <item id="o4" line="303" tag="T+AL">        `Jovan gave Maria a correct answer'</item>
  </tier>
  <tier id="c" type="odin-clean">
    <item id="c1" line="300" tag="L+SY">Jovan je     odgovorio pravilno VP[ Mariji]</item>
    <item id="c2" line="301" tag="G">be-3sg. answer-ppl. correctly      M.</item>
    <item id="c3" line="302" tag="T">*`Jovan did the right thing in answering Maria</item>
    <item id="c4" line="303" tag="T+AL">Jovan gave Maria a correct answer</item>
  </tier>
  <tier id="p" type="phrases" content="c">
    <item id="p0" content="c1[0:43]"/>
  </tier>
  <tier id="g" type="glosses" content="c">
    <item id="g0" content="c2[0:37]" alignment="p1"/>
  </tier>
  <tier id="t" type="translations" content="c">
    <item id="t0" content="c3[0:46]" alignment="p1"/>
    <item id="t1" content="c4[0:33]" alignment="p1"/>
  </tier>
</igt>
<igt id="i29277">
  <metadata type="xigt-meta">
    <meta type="language" name="serbian (srp) + croatian (hrv) + bosnian" iso-639-3="bos" tiers="phrases words morphemes"/>
    <meta type="language" name="English" iso-639-3="eng" tiers="translations"/>
    <meta type="odin-source" doc-id="2784" line-range="313-316" line-types="L G T T+AC+AL"/>
  </metadata>
  <tier id="o" type="odin-raw">
    <item id="o1" line="313" tag="L">  (14) Odgovorio      je pravilno Mariji</item>
    <item id="o2" line="314" tag="G">      answered-ppl. be-3sg. correctly M.</item>
    <item id="o3" line="315" tag="T">      *`He did the right thing in answering Maria'</item>
    <item id="o4" line="316" tag="T+AC+AL">       `He gave Maria a correct answer'            BoskoviS (1995:249)</item>
  </tier>
  <tier id="c" type="odin-clean">
    <item id="c1" line="313" tag="L">Odgovorio      je pravilno Mariji</item>
    <item id="c2" line="314" tag="G">answered-ppl. be-3sg. correctly M.</item>
    <item id="c3" line="315" tag="T">*`He did the right thing in answering Maria</item>
    <item id="c4" line="316" tag="T+AC+AL">He gave Maria a correct answer'            BoskoviS (1995:249)</item>
  </tier>
  <tier id="p" type="phrases" content="c">
    <item id="p0" content="c1[0:33]"/>
  </tier>
  <tier id="g" type="glosses" content="c">
    <item id="g0" content="c2[0:34]" alignment="p1"/>
  </tier>
  <tier id="t" type="translations" content="c">
    <item id="t0" content="c3[0:43]" alignment="p1"/>
    <item id="t1" content="c4[0:62]" alignment="p1"/>
  </tier>
</igt>
<igt id="i29278">
  <metadata type="xigt-meta">
    <meta type="language" name="serbian (srp) + croatian (hrv) + bosnian" iso-639-3="bos" tiers="phrases words morphemes"/>
    <meta type="language" name="English" iso-639-3="eng" tiers="translations"/>
    <meta type="odin-source" doc-id="2784" line-range="324-325" line-types="L G"/>
  </metadata>
  <tier id="o" type="odin-raw">
    <item id="o1" line="324" tag="L">  (15) [Dajui joj ruu], Damir ju          je poljubio</item>
    <item id="o2" line="325" tag="G">        giving 3sg.Dat. rose D. 3sg.Acc. be-3sg. kiss-ppl.</item>
  </tier>
  <tier id="c" type="odin-clean">
    <item id="c1" line="324" tag="L">[Dajui joj ruu], Damir ju          je poljubio</item>
    <item id="c2" line="325" tag="G">giving 3sg.Dat. rose D. 3sg.Acc. be-3sg. kiss-ppl.</item>
  </tier>
  <tier id="p" type="phrases" content="c">
    <item id="p0" content="c1[0:46]"/>
  </tier>
  <tier id="g" type="glosses" content="c">
    <item id="g0" content="c2[0:50]" alignment="p1"/>
  </tier>
</igt>
<igt id="i29279">
  <metadata type="xigt-meta">
    <meta type="language" name="serbian (srp) + croatian (hrv) + bosnian" iso-639-3="bos" tiers="phrases words morphemes"/>
    <meta type="language" name="English" iso-639-3="eng" tiers="translations"/>
    <meta type="odin-source" doc-id="2784" line-range="335-337" line-types="L+CR L+CR G"/>
  </metadata>
  <tier id="o" type="odin-raw">
    <item id="o1" line="335" tag="L+CR">                          [ *itajui</item>
    <item id="o2" line="336" tag="L+CR">  (16)a. *[Knjiga [kojui               ti ]]</item>
    <item id="o3" line="337" tag="G">           book which. Acc. reading</item>
  </tier>
  <tier id="c" type="odin-clean">
    <item id="c1" line="335 336" tag="L+CR">*[Knjiga [kojui  [ *itajui    ti ]]</item>
    <item id="c3" line="337" tag="G">book which. Acc. reading</item>
  </tier>
  <tier id="p" type="phrases" content="c">
    <item id="p0" content="c1[0:35]"/>
  </tier>
  <tier id="g" type="glosses" content="c">
    <item id="g0" content="c3[0:24]" alignment="p1"/>
  </tier>
</igt>
<igt id="i29280">
  <metadata type="xigt-meta">
    <meta type="language" name="serbian (srp) + croatian (hrv) + bosnian" iso-639-3="bos" tiers="phrases words morphemes"/>
    <meta type="language" name="English" iso-639-3="eng" tiers="translations"/>
    <meta type="odin-source" doc-id="2784" line-range="338-340" line-types="L+CR L+CR G"/>
  </metadata>
  <tier id="o" type="odin-raw">
    <item id="o1" line="338" tag="L+CR">      b. *[ena [kojui                         [volei ti ]]</item>
    <item id="o2" line="339" tag="L+CR">                         je       umro</item>
    <item id="o3" line="340" tag="G">          woman who-Acc. be-3sg. die-ppl. masc. loving</item>
  </tier>
  <tier id="c" type="odin-clean">
    <item id="c1" line="338 339" tag="L+CR">*[ena [kojui    je       umro        [volei ti ]]</item>
    <item id="c3" line="340" tag="G">woman who-Acc. be-3sg. die-ppl. masc. loving</item>
  </tier>
  <tier id="p" type="phrases" content="c">
    <item id="p0" content="c1[0:49]"/>
  </tier>
  <tier id="g" type="glosses" content="c">
    <item id="g0" content="c3[0:44]" alignment="p1"/>
  </tier>
</igt>
<igt id="i29281">
  <metadata type="xigt-meta">
    <meta type="language" name="serbian (srp) + croatian (hrv) + bosnian" iso-639-3="bos" tiers="phrases words morphemes"/>
    <meta type="language" name="English" iso-639-3="eng" tiers="translations"/>
    <meta type="odin-source" doc-id="2784" line-range="342-345" line-types="L+CR L+CR G T"/>
  </metadata>
  <tier id="o" type="odin-raw">
    <item id="o1" line="342" tag="L+CR">                               u sobu [*itajui pismo ]</item>
    <item id="o2" line="343" tag="L+CR">  (17)a. Ivan je     usao</item>
    <item id="o3" line="344" tag="G">         I. be-3sg. enter-ppl. into room reading letter</item>
    <item id="o4" line="345" tag="T">         `Ivan entered the room reading a letter'</item>
  </tier>
  <tier id="c" type="odin-clean">
    <item id="c1" line="342 343" tag="L+CR">Ivan je     usao      u sobu [*itajui pismo ]</item>
    <item id="c3" line="344" tag="G">be-3sg. enter-ppl. into room reading letter</item>
    <item id="c4" line="345" tag="T">Ivan entered the room reading a letter</item>
  </tier>
  <tier id="p" type="phrases" content="c">
    <item id="p0" content="c1[0:45]"/>
  </tier>
  <tier id="g" type="glosses" content="c">
    <item id="g0" content="c3[0:43]" alignment="p1"/>
  </tier>
  <tier id="t" type="translations" content="c">
    <item id="t0" content="c4[0:38]" alignment="p1"/>
  </tier>
</igt>
<igt id="i29282">
  <metadata type="xigt-meta">
    <meta type="language" name="serbian (srp) + croatian (hrv) + bosnian" iso-639-3="bos" tiers="phrases words morphemes"/>
    <meta type="language" name="English" iso-639-3="eng" tiers="translations"/>
    <meta type="odin-source" doc-id="2784" line-range="347-350" line-types="L+CR L+CR G T"/>
  </metadata>
  <tier id="o" type="odin-raw">
    <item id="o1" line="347" tag="L+CR">                                     u sobu [*itajui ti ]?</item>
    <item id="o2" line="348" tag="L+CR">      b. *Sta je     Ivan usao</item>
    <item id="o3" line="349" tag="G">          what be-3sg. I. enter-ppl. into room reading</item>
    <item id="o4" line="350" tag="T">          `What did Ivan enter the room reading?'</item>
  </tier>
  <tier id="c" type="odin-clean">
    <item id="c1" line="347 348" tag="L+CR">*Sta je     Ivan usao       u sobu [*itajui ti ]?</item>
    <item id="c3" line="349" tag="G">what be-3sg. I. enter-ppl. into room reading</item>
    <item id="c4" line="350" tag="T">What did Ivan enter the room reading?</item>
  </tier>
  <tier id="p" type="phrases" content="c">
    <item id="p0" content="c1[0:49]"/>
  </tier>
  <tier id="g" type="glosses" content="c">
    <item id="g0" content="c3[0:44]" alignment="p1"/>
  </tier>
  <tier id="t" type="translations" content="c">
    <item id="t0" content="c4[0:37]" alignment="p1"/>
  </tier>
</igt>
<igt id="i29283">
  <metadata type="xigt-meta">
    <meta type="language" name="serbian (srp) + croatian (hrv) + bosnian" iso-639-3="bos" tiers="phrases words morphemes"/>
    <meta type="language" name="English" iso-639-3="eng" tiers="translations"/>
    <meta type="odin-source" doc-id="2784" line-range="359-364" line-types="L G B L G T"/>
  </metadata>
  <tier id="o" type="odin-raw">
    <item id="o1" line="359" tag="L">  (18) Marija je htjela Ivan dati           knjigu i...</item>
    <item id="o2" line="360" tag="G">       M. be-3sg. want-ppl. I.Dat. give-inf. book and</item>
    <item id="o3" line="361" tag="B"></item>
    <item id="o4" line="362" tag="L">          ...*razgovarajui / razgovarati s          njim</item>
    <item id="o5" line="363" tag="G">              talk-gerund      talk-infinit ive with him</item>
    <item id="o6" line="364" tag="T">       `Maria wanted to give Ivan the book and talk wit h him'</item>
  </tier>
  <tier id="c" type="odin-clean">
    <item id="c1" line="359" tag="L">Marija je htjela Ivan dati           knjigu i...</item>
    <item id="c2" line="360" tag="G">be-3sg. want-ppl. I.Dat. give-inf. book and</item>
    <item id="c3" line="361" tag="B"/>
    <item id="c4" line="362" tag="L">...*razgovarajui / razgovarati s          njim</item>
    <item id="c5" line="363" tag="G">talk-gerund      talk-infinit ive with him</item>
    <item id="c6" line="364" tag="T">Maria wanted to give Ivan the book and talk wit h him</item>
  </tier>
  <tier id="p" type="phrases" content="c">
    <item id="p0" content="c1[0:48]"/>
    <item id="p1" content="c4[0:46]"/>
  </tier>
  <tier id="g" type="glosses" content="c">
    <item id="g0" content="c2[0:43]" alignment="p1"/>
    <item id="g1" content="c5[0:42]" alignment="p2"/>
  </tier>
  <tier id="t" type="translations" content="c">
    <item id="t0" content="c6[0:53]" alignment="p2"/>
  </tier>
</igt>
<igt id="i29284">
  <metadata type="xigt-meta">
    <meta type="language" name="serbian (srp) + croatian (hrv) + bosnian" iso-639-3="bos" tiers="phrases words morphemes"/>
    <meta type="language" name="English" iso-639-3="eng" tiers="translations"/>
    <meta type="odin-source" doc-id="2784" line-range="369-371" line-types="L G T"/>
  </metadata>
  <tier id="o" type="odin-raw">
    <item id="o1" line="369" tag="L">  (19)a. Imas vremena *itati       knjigu</item>
    <item id="o2" line="370" tag="G">         have-2sg. time read-inf. book</item>
    <item id="o3" line="371" tag="T">         `You have time to read the book'</item>
  </tier>
  <tier id="c" type="odin-clean">
    <item id="c1" line="369" tag="L">Imas vremena *itati       knjigu</item>
    <item id="c2" line="370" tag="G">have-2sg. time read-inf. book</item>
    <item id="c3" line="371" tag="T">You have time to read the book</item>
  </tier>
  <tier id="p" type="phrases" content="c">
    <item id="p0" content="c1[0:32]"/>
  </tier>
  <tier id="g" type="glosses" content="c">
    <item id="g0" content="c2[0:29]" alignment="p1"/>
  </tier>
  <tier id="t" type="translations" content="c">
    <item id="t0" content="c3[0:30]" alignment="p1"/>
  </tier>
</igt>
<igt id="i29285">
  <metadata type="xigt-meta">
    <meta type="language" name="serbian (srp) + croatian (hrv) + bosnian" iso-639-3="bos" tiers="phrases words morphemes"/>
    <meta type="language" name="English" iso-639-3="eng" tiers="translations"/>
    <meta type="odin-source" doc-id="2784" line-range="372-374" line-types="L+CR L+CR G"/>
  </metadata>
  <tier id="o" type="odin-raw">
    <item id="o1" line="372" tag="L+CR">                   vremena razgovarajui s njim</item>
    <item id="o2" line="373" tag="L+CR">     b. *Imas</item>
    <item id="o3" line="374" tag="G">          have-2sg. time    talking       with him</item>
  </tier>
  <tier id="c" type="odin-clean">
    <item id="c1" line="372 373" tag="L+CR">*Imas      vremena razgovarajui s njim</item>
    <item id="c3" line="374" tag="G">have-2sg. time    talking       with him</item>
  </tier>
  <tier id="p" type="phrases" content="c">
    <item id="p0" content="c1[0:38]"/>
  </tier>
  <tier id="g" type="glosses" content="c">
    <item id="g0" content="c3[0:40]" alignment="p1"/>
  </tier>
</igt>
<igt id="i29286">
  <metadata type="xigt-meta">
    <meta type="language" name="serbian (srp) + croatian (hrv) + bosnian" iso-639-3="bos" tiers="phrases words morphemes"/>
    <meta type="language" name="English" iso-639-3="eng" tiers="translations"/>
    <meta type="odin-source" doc-id="2784" line-range="379-382" line-types="L G T T+AL"/>
  </metadata>
  <tier id="o" type="odin-raw">
    <item id="o1" line="379" tag="L">  (20)a. Marija je    htjela Ivanu       dati    knjigu</item>
    <item id="o2" line="380" tag="G">         M. be-3sg. want-ppl. Ivan-Dat. give-inf. book</item>
    <item id="o3" line="381" tag="T">         `Maria wanted to give Ivan the book'</item>
    <item id="o4" line="382" tag="T+AL">      b.*Marija je htjela razgovarajui s njim</item>
  </tier>
  <tier id="c" type="odin-clean">
    <item id="c1" line="379" tag="L">Marija je    htjela Ivanu       dati    knjigu</item>
    <item id="c2" line="380" tag="G">be-3sg. want-ppl. Ivan-Dat. give-inf. book</item>
    <item id="c3" line="381" tag="T">Maria wanted to give Ivan the book</item>
    <item id="c4" line="382" tag="T+AL">b.*Marija je htjela razgovarajui s njim</item>
  </tier>
  <tier id="p" type="phrases" content="c">
    <item id="p0" content="c1[0:46]"/>
  </tier>
  <tier id="g" type="glosses" content="c">
    <item id="g0" content="c2[0:42]" alignment="p1"/>
  </tier>
  <tier id="t" type="translations" content="c">
    <item id="t0" content="c3[0:34]" alignment="p1"/>
    <item id="t1" content="c4[0:39]" alignment="p1"/>
  </tier>
</igt>
<igt id="i29287">
  <metadata type="xigt-meta">
    <meta type="language" name="serbian (srp) + croatian (hrv) + bosnian" iso-639-3="bos" tiers="phrases words morphemes"/>
    <meta type="language" name="English" iso-639-3="eng" tiers="translations"/>
    <meta type="odin-source" doc-id="2784" line-range="394-396" line-types="L G T"/>
  </metadata>
  <tier id="o" type="odin-raw">
    <item id="o1" line="394" tag="L">  (21)a. *[Pio        vina]i sam ti</item>
    <item id="o2" line="395" tag="G">          drink-ppl. wine be-1sg.</item>
    <item id="o3" line="396" tag="T">          `I have drunk wine'</item>
  </tier>
  <tier id="c" type="odin-clean">
    <item id="c1" line="394" tag="L">*[Pio        vina]i sam ti</item>
    <item id="c2" line="395" tag="G">drink-ppl. wine be-1sg.</item>
    <item id="c3" line="396" tag="T">I have drunk wine</item>
  </tier>
  <tier id="p" type="phrases" content="c">
    <item id="p0" content="c1[0:26]"/>
  </tier>
  <tier id="g" type="glosses" content="c">
    <item id="g0" content="c2[0:23]" alignment="p1"/>
  </tier>
  <tier id="t" type="translations" content="c">
    <item id="t0" content="c3[0:17]" alignment="p1"/>
  </tier>
</igt>
<igt id="i29288">
  <metadata type="xigt-meta">
    <meta type="language" name="serbian (srp) + croatian (hrv) + bosnian" iso-639-3="bos" tiers="phrases words morphemes"/>
    <meta type="language" name="English" iso-639-3="eng" tiers="translations"/>
    <meta type="odin-source" doc-id="2784" line-range="397-399" line-types="L G T"/>
  </metadata>
  <tier id="o" type="odin-raw">
    <item id="o1" line="397" tag="L">      b. [Pio        vina]i jesam ti</item>
    <item id="o2" line="398" tag="G">          drink-ppl. wine be-1sg.</item>
    <item id="o3" line="399" tag="T">          'I have drunk wine'</item>
  </tier>
  <tier id="c" type="odin-clean">
    <item id="c1" line="397" tag="L">[Pio        vina]i jesam ti</item>
    <item id="c2" line="398" tag="G">drink-ppl. wine be-1sg.</item>
    <item id="c3" line="399" tag="T">I have drunk wine</item>
  </tier>
  <tier id="p" type="phrases" content="c">
    <item id="p0" content="c1[0:27]"/>
  </tier>
  <tier id="g" type="glosses" content="c">
    <item id="g0" content="c2[0:23]" alignment="p1"/>
  </tier>
  <tier id="t" type="translations" content="c">
    <item id="t0" content="c3[0:17]" alignment="p1"/>
  </tier>
</igt>
<igt id="i29289">
  <metadata type="xigt-meta">
    <meta type="language" name="serbian (srp) + croatian (hrv) + bosnian" iso-639-3="bos" tiers="phrases words morphemes"/>
    <meta type="language" name="English" iso-639-3="eng" tiers="translations"/>
    <meta type="odin-source" doc-id="2784" line-range="586-588" line-types="L G T"/>
  </metadata>
  <tier id="o" type="odin-raw">
    <item id="o1" line="586" tag="L">  (25) Nedzad tvrdi da (a) Ivan i Marija jesu *itali knjigu</item>
    <item id="o2" line="587" tag="G">       N.    claims that I. and M. be-3pl. read-ppl. book</item>
    <item id="o3" line="588" tag="T">      `Nedzad claims that ...Ivan and Maria were reading the book'</item>
  </tier>
  <tier id="c" type="odin-clean">
    <item id="c1" line="586" tag="L">Nedzad tvrdi da (a) Ivan i Marija jesu *itali knjigu</item>
    <item id="c2" line="587" tag="G">claims that I. and M. be-3pl. read-ppl. book</item>
    <item id="c3" line="588" tag="T">Nedzad claims that ...Ivan and Maria were reading the book</item>
  </tier>
  <tier id="p" type="phrases" content="c">
    <item id="p0" content="c1[0:52]"/>
  </tier>
  <tier id="g" type="glosses" content="c">
    <item id="g0" content="c2[0:44]" alignment="p1"/>
  </tier>
  <tier id="t" type="translations" content="c">
    <item id="t0" content="c3[0:58]" alignment="p1"/>
  </tier>
</igt>
<igt id="i29290">
  <metadata type="xigt-meta">
    <meta type="language" name="serbian (srp) + croatian (hrv) + bosnian" iso-639-3="bos" tiers="phrases words morphemes"/>
    <meta type="language" name="English" iso-639-3="eng" tiers="translations"/>
    <meta type="odin-source" doc-id="2784" line-range="590-593" line-types="L+CR L+CR G T"/>
  </metadata>
  <tier id="o" type="odin-raw">
    <item id="o1" line="590" tag="L+CR">                                                       *itali knjigu</item>
    <item id="o2" line="591" tag="L+CR">                       (b) ...Ivan i Marija nisu</item>
    <item id="o3" line="592" tag="G">                               I. and M. neg.be-3pl. read-ppl. book</item>
    <item id="o4" line="593" tag="T">                          '...Ivan and Maria were not reading the book'</item>
  </tier>
  <tier id="c" type="odin-clean">
    <item id="c1" line="590 591" tag="L+CR">...Ivan i Marija nisu       *itali knjigu</item>
    <item id="c3" line="592" tag="G">and M. neg.be-3pl. read-ppl. book</item>
    <item id="c4" line="593" tag="T">...Ivan and Maria were not reading the book</item>
  </tier>
  <tier id="p" type="phrases" content="c">
    <item id="p0" content="c1[0:41]"/>
  </tier>
  <tier id="g" type="glosses" content="c">
    <item id="g0" content="c3[0:33]" alignment="p1"/>
  </tier>
  <tier id="t" type="translations" content="c">
    <item id="t0" content="c4[0:43]" alignment="p1"/>
  </tier>
</igt>
<igt id="i29291">
  <metadata type="xigt-meta">
    <meta type="language" name="serbian (srp) + croatian (hrv) + bosnian" iso-639-3="bos" tiers="phrases words morphemes"/>
    <meta type="language" name="English" iso-639-3="eng" tiers="translations"/>
    <meta type="odin-source" doc-id="2784" line-range="595-598" line-types="L+CR L+CR G T"/>
  </metadata>
  <tier id="o" type="odin-raw">
    <item id="o1" line="595" tag="L+CR">                              Ivan i Marija *itali</item>
    <item id="o2" line="596" tag="L+CR">                  (c) ...su                              knjigu</item>
    <item id="o3" line="597" tag="G">                            be-3pl. I. and M.      read-ppl.pl. book</item>
    <item id="o4" line="598" tag="T">                          '...Ivan and Maria were reading the book'</item>
  </tier>
  <tier id="c" type="odin-clean">
    <item id="c1" line="595 596" tag="L+CR">...su   Ivan i Marija *itali       knjigu</item>
    <item id="c3" line="597" tag="G">be-3pl. I. and M.      read-ppl.pl. book</item>
    <item id="c4" line="598" tag="T">...Ivan and Maria were reading the book</item>
  </tier>
  <tier id="p" type="phrases" content="c">
    <item id="p0" content="c1[0:41]"/>
  </tier>
  <tier id="g" type="glosses" content="c">
    <item id="g0" content="c3[0:40]" alignment="p1"/>
  </tier>
  <tier id="t" type="translations" content="c">
    <item id="t0" content="c4[0:39]" alignment="p1"/>
  </tier>
</igt>
<igt id="i29292">
  <metadata type="xigt-meta">
    <meta type="language" name="serbian (srp) + croatian (hrv) + bosnian" iso-639-3="bos" tiers="phrases words morphemes"/>
    <meta type="language" name="English" iso-639-3="eng" tiers="translations"/>
    <meta type="odin-source" doc-id="2784" line-range="661-663" line-types="L G T"/>
  </metadata>
  <tier id="o" type="odin-raw">
    <item id="o1" line="661" tag="L">  (26) Ivan je      vidio auto i [ kupio      ga        je ]</item>
    <item id="o2" line="662" tag="G">       I.   be-3sg. see-ppl. car and buy-ppl. 3sg. Acc. be-3sg.</item>
    <item id="o3" line="663" tag="T">       `Ivan saw the car and bought it'</item>
  </tier>
  <tier id="c" type="odin-clean">
    <item id="c1" line="661" tag="L">Ivan je      vidio auto i [ kupio      ga        je ]</item>
    <item id="c2" line="662" tag="G">be-3sg. see-ppl. car and buy-ppl. 3sg. Acc. be-3sg.</item>
    <item id="c3" line="663" tag="T">Ivan saw the car and bought it</item>
  </tier>
  <tier id="p" type="phrases" content="c">
    <item id="p0" content="c1[0:53]"/>
  </tier>
  <tier id="g" type="glosses" content="c">
    <item id="g0" content="c2[0:51]" alignment="p1"/>
  </tier>
  <tier id="t" type="translations" content="c">
    <item id="t0" content="c3[0:30]" alignment="p1"/>
  </tier>
</igt>
<igt id="i58141">
  <metadata type="xigt-meta">
    <meta type="language" name="bosnian" iso-639-3="bos" tiers="phrases words morphemes"/>
    <meta type="language" name="English" iso-639-3="eng" tiers="translations"/>
    <meta type="odin-source" doc-id="3181" line-range="285-288" line-types="M+LN L G T"/>
  </metadata>
  <tier id="o" type="odin-raw">
    <item id="o1" line="285" tag="M+LN">  (3 6 )   Bosnian</item>
    <item id="o2" line="286" tag="L">           a. ova      knjiga ovdie    o    sintaksi</item>
    <item id="o3" line="287" tag="G">               this    book here       of   syntax</item>
    <item id="o4" line="288" tag="T">               `this    bo ok here a   bo   ut syntax'</item>
  </tier>
  <tier id="c" type="odin-clean">
    <item id="c1" line="285" tag="M+LN">(3 6 )   Bosnian</item>
    <item id="c2" line="286" tag="L">ova      knjiga ovdie    o    sintaksi</item>
    <item id="c3" line="287" tag="G">this    book here       of   syntax</item>
    <item id="c4" line="288" tag="T">this    bo ok here a   bo   ut syntax</item>
  </tier>
  <tier id="p" type="phrases" content="c">
    <item id="p0" content="c2[0:38]"/>
  </tier>
  <tier id="g" type="glosses" content="c">
    <item id="g0" content="c3[0:35]" alignment="p1"/>
  </tier>
  <tier id="t" type="translations" content="c">
    <item id="t0" content="c4[0:37]" alignment="p1"/>
  </tier>
</igt>
<igt id="i58142">
  <metadata type="xigt-meta">
    <meta type="language" name="bosnian" iso-639-3="bos" tiers="phrases words morphemes"/>
    <meta type="language" name="English" iso-639-3="eng" tiers="translations"/>
    <meta type="odin-source" doc-id="3181" line-range="289-292" line-types="L G T+AC+CR T+AC+CR"/>
  </metadata>
  <tier id="o" type="odin-raw">
    <item id="o1" line="289" tag="L">           b. ova      ovdie knjiga    o    sintaksi</item>
    <item id="o2" line="290" tag="G">               this    here book       of   syntax</item>
    <item id="o3" line="291" tag="T+AC+CR">               `this    bo ok here a   bo   ut syntax' (Bosnian; Brug` 2002:35)</item>
    <item id="o4" line="292" tag="T+AC+CR">                                                                     e</item>
  </tier>
  <tier id="c" type="odin-clean">
    <item id="c1" line="289" tag="L">ova      ovdie knjiga    o    sintaksi</item>
    <item id="c2" line="290" tag="G">this    here book       of   syntax</item>
    <item id="c3" line="291" tag="T+AC+CR">this    bo ok here a   bo   ut syntax' (Bosnian; Brug` 2002:35)</item>
  </tier>
  <tier id="p" type="phrases" content="c">
    <item id="p0" content="c1[0:38]"/>
  </tier>
  <tier id="g" type="glosses" content="c">
    <item id="g0" content="c2[0:35]" alignment="p1"/>
  </tier>
  <tier id="t" type="translations" content="c">
    <item id="t0" content="c3[0:63]" alignment="p1"/>
  </tier>
</igt>
<igt id="i58143">
  <metadata type="xigt-meta">
    <meta type="language" name="bosnian" iso-639-3="bos" tiers="phrases words morphemes"/>
    <meta type="language" name="English" iso-639-3="eng" tiers="translations"/>
    <meta type="odin-source" doc-id="3181" line-range="293-296" line-types="M+EX L G T"/>
  </metadata>
  <tier id="o" type="odin-raw">
    <item id="o1" line="293" tag="M+EX">  (3 7 )   Constituency argument from Bosnian</item>
    <item id="o2" line="294" tag="L">           a. Onu tamo {mi} knjigu {mi} donesi.</item>
    <item id="o3" line="295" tag="G">               that there me book me give</item>
    <item id="o4" line="296" tag="T">               `Give me that bo ok there'</item>
  </tier>
  <tier id="c" type="odin-clean">
    <item id="c1" line="293" tag="M+EX">(3 7 )   Constituency argument from Bosnian</item>
    <item id="c2" line="294" tag="L">Onu tamo {mi} knjigu {mi} donesi.</item>
    <item id="c3" line="295" tag="G">that there me book me give</item>
    <item id="c4" line="296" tag="T">Give me that bo ok there</item>
  </tier>
  <tier id="p" type="phrases" content="c">
    <item id="p0" content="c2[0:33]"/>
  </tier>
  <tier id="g" type="glosses" content="c">
    <item id="g0" content="c3[0:26]" alignment="p1"/>
  </tier>
  <tier id="t" type="translations" content="c">
    <item id="t0" content="c4[0:24]" alignment="p1"/>
  </tier>
</igt>
<igt id="i58144">
  <metadata type="xigt-meta">
    <meta type="language" name="bosnian" iso-639-3="bos" tiers="phrases words morphemes"/>
    <meta type="language" name="English" iso-639-3="eng" tiers="translations"/>
    <meta type="odin-source" doc-id="3181" line-range="297-300" line-types="L G T+AC+CR T+AC+CR"/>
  </metadata>
  <tier id="o" type="odin-raw">
    <item id="o1" line="297" tag="L">           b. Onu {mi} novu {*mi} knjigu donesi.</item>
    <item id="o2" line="298" tag="G">               that me new me         book give</item>
    <item id="o3" line="299" tag="T+AC+CR">               `Give me that new bo ok' (Bosnian; Brug` 2002:26)</item>
    <item id="o4" line="300" tag="T+AC+CR">                                                      e</item>
  </tier>
  <tier id="c" type="odin-clean">
    <item id="c1" line="297" tag="L">Onu {mi} novu {*mi} knjigu donesi.</item>
    <item id="c2" line="298" tag="G">that me new me         book give</item>
    <item id="c3" line="299" tag="T+AC+CR">Give me that new bo ok' (Bosnian; Brug` 2002:26)</item>
  </tier>
  <tier id="p" type="phrases" content="c">
    <item id="p0" content="c1[0:34]"/>
  </tier>
  <tier id="g" type="glosses" content="c">
    <item id="g0" content="c2[0:32]" alignment="p1"/>
  </tier>
  <tier id="t" type="translations" content="c">
    <item id="t0" content="c3[0:48]" alignment="p1"/>
  </tier>
</igt>
</xigt-corpus>
