<?xml version="1.0" encoding="UTF-8"?>
<xigt-corpus>
<igt id="i36363">
  <metadata type="xigt-meta">
    <meta type="language" name="bongo" iso-639-3="bot" tiers="phrases words morphemes"/>
    <meta type="language" name="English" iso-639-3="eng" tiers="translations"/>
    <meta type="odin-source" doc-id="3830" line-range="1056-1059" line-types="L+CR L+LN+CR G T"/>
  </metadata>
  <tier id="o" type="odin-raw">
    <item id="o1" line="1056" tag="L+CR">                 Ma nja ami a'ji wa</item>
    <item id="o2" line="1057" tag="L+LN+CR">  (19)   a.                                             [Bongo]</item>
    <item id="o3" line="1058" tag="G">                 1SG SN make thing SN</item>
    <item id="o4" line="1059" tag="T">                 `I am not doing anything.'</item>
  </tier>
  <tier id="c" type="odin-clean">
    <item id="c1" line="1056 1057" tag="L+CR+LN">Ma nja ami a'ji wa                     [Bongo]</item>
    <item id="c3" line="1058" tag="G">1SG SN make thing SN</item>
    <item id="c4" line="1059" tag="T">I am not doing anything.</item>
  </tier>
  <tier id="p" type="phrases" content="c">
    <item id="p0" content="c1[0:46]"/>
  </tier>
  <tier id="g" type="glosses" content="c">
    <item id="g0" content="c3[0:20]" alignment="p1"/>
  </tier>
  <tier id="t" type="translations" content="c">
    <item id="t0" content="c4[0:24]" alignment="p1"/>
  </tier>
</igt>
<igt id="i36364">
  <metadata type="xigt-meta">
    <meta type="language" name="bongo" iso-639-3="bot" tiers="phrases words morphemes"/>
    <meta type="language" name="English" iso-639-3="eng" tiers="translations"/>
    <meta type="odin-source" doc-id="3830" line-range="1060-1063" line-types="L+CR L+CR G T"/>
  </metadata>
  <tier id="o" type="odin-raw">
    <item id="o1" line="1060" tag="L+CR">                                  le'ji wa</item>
    <item id="o2" line="1061" tag="L+CR">         b.      m-u-y</item>
    <item id="o3" line="1062" tag="G">                 1SG-PAST-drink beer SN</item>
    <item id="o4" line="1063" tag="T">                 `I did not drink beer.'</item>
  </tier>
  <tier id="c" type="odin-clean">
    <item id="c1" line="1060 1061" tag="L+CR">m-u-y            le'ji wa</item>
    <item id="c3" line="1062" tag="G">1SG-PAST-drink beer SN</item>
    <item id="c4" line="1063" tag="T">I did not drink beer.</item>
  </tier>
  <tier id="p" type="phrases" content="c">
    <item id="p0" content="c1[0:25]"/>
  </tier>
  <tier id="g" type="glosses" content="c">
    <item id="g0" content="c3[0:22]" alignment="p1"/>
  </tier>
  <tier id="t" type="translations" content="c">
    <item id="t0" content="c4[0:21]" alignment="p1"/>
  </tier>
</igt>
<igt id="i85095">
  <metadata type="xigt-meta">
    <meta type="language" name="bongo" iso-639-3="bot" tiers="phrases words morphemes"/>
    <meta type="language" name="English" iso-639-3="eng" tiers="translations"/>
    <meta type="odin-source" doc-id="289" line-range="3091-3094" line-types="M+LN L G T+AC"/>
  </metadata>
  <tier id="o" type="odin-raw">
    <item id="o1" line="3091" tag="M+LN">  (2.17) BONGO</item>
    <item id="o2" line="3092" tag="L">         a.    b-ony</item>
    <item id="o3" line="3093" tag="G">               3SG-eat</item>
    <item id="o4" line="3094" tag="T+AC">               `He/she/it ate                                                  (Santandrea, 1963: 62)</item>
  </tier>
  <tier id="c" type="odin-clean">
    <item id="c1" line="3091" tag="M+LN">BONGO</item>
    <item id="c2" line="3092" tag="L">b-ony</item>
    <item id="c3" line="3093" tag="G">3SG-eat</item>
    <item id="c4" line="3094" tag="T+AC">He/she/it ate                                                  (Santandrea, 1963: 62)</item>
  </tier>
  <tier id="p" type="phrases" content="c">
    <item id="p0" content="c2[0:5]"/>
  </tier>
  <tier id="g" type="glosses" content="c">
    <item id="g0" content="c3[0:7]" alignment="p1"/>
  </tier>
  <tier id="t" type="translations" content="c">
    <item id="t0" content="c4[0:85]" alignment="p1"/>
  </tier>
</igt>
<igt id="i85096">
  <metadata type="xigt-meta">
    <meta type="language" name="bongo" iso-639-3="bot" tiers="phrases words morphemes"/>
    <meta type="language" name="English" iso-639-3="eng" tiers="translations"/>
    <meta type="odin-source" doc-id="289" line-range="3095-3097" line-types="L G T+AC"/>
  </metadata>
  <tier id="o" type="odin-raw">
    <item id="o1" line="3095" tag="L">         b.    'da     bu                dukpa      amony 'bu     kururi     kpáu</item>
    <item id="o2" line="3096" tag="G">               then 3SG,PRON             after      eat    eggs python       all</item>
    <item id="o3" line="3097" tag="T+AC">               `So he then ate all the eggs of the python'                 (Santandrea, 1963: 62, 94)</item>
  </tier>
  <tier id="c" type="odin-clean">
    <item id="c1" line="3095" tag="L">'da     bu                dukpa      amony 'bu     kururi     kpáu</item>
    <item id="c2" line="3096" tag="G">then 3SG,PRON             after      eat    eggs python       all</item>
    <item id="c3" line="3097" tag="T+AC">So he then ate all the eggs of the python'                 (Santandrea, 1963: 62, 94)</item>
  </tier>
  <tier id="p" type="phrases" content="c">
    <item id="p0" content="c1[0:66]"/>
  </tier>
  <tier id="g" type="glosses" content="c">
    <item id="g0" content="c2[0:65]" alignment="p1"/>
  </tier>
  <tier id="t" type="translations" content="c">
    <item id="t0" content="c3[0:85]" alignment="p1"/>
  </tier>
</igt>
<igt id="i85097">
  <metadata type="xigt-meta">
    <meta type="language" name="bongo" iso-639-3="bot" tiers="phrases words morphemes"/>
    <meta type="language" name="English" iso-639-3="eng" tiers="translations"/>
    <meta type="odin-source" doc-id="289" line-range="3134-3136" line-types="L G T+AC"/>
  </metadata>
  <tier id="o" type="odin-raw">
    <item id="o1" line="3134" tag="L">       c.    m-ony</item>
    <item id="o2" line="3135" tag="G">             1SG-eat</item>
    <item id="o3" line="3136" tag="T+AC">             `I ate'                                              (Santandrea, 1963: 62)</item>
  </tier>
  <tier id="c" type="odin-clean">
    <item id="c1" line="3134" tag="L">m-ony</item>
    <item id="c2" line="3135" tag="G">1SG-eat</item>
    <item id="c3" line="3136" tag="T+AC">I ate'                                              (Santandrea, 1963: 62)</item>
  </tier>
  <tier id="p" type="phrases" content="c">
    <item id="p0" content="c1[0:5]"/>
  </tier>
  <tier id="g" type="glosses" content="c">
    <item id="g0" content="c2[0:7]" alignment="p1"/>
  </tier>
  <tier id="t" type="translations" content="c">
    <item id="t0" content="c3[0:74]" alignment="p1"/>
  </tier>
</igt>
<igt id="i85098">
  <metadata type="xigt-meta">
    <meta type="language" name="bongo" iso-639-3="bot" tiers="phrases words morphemes"/>
    <meta type="language" name="English" iso-639-3="eng" tiers="translations"/>
    <meta type="odin-source" doc-id="289" line-range="3137-3140" line-types="L+CR L+CR G T+AC"/>
  </metadata>
  <tier id="o" type="odin-raw">
    <item id="o1" line="3137" tag="L+CR">             -ony</item>
    <item id="o2" line="3138" tag="L+CR">       d.</item>
    <item id="o3" line="3139" tag="G">             2SG-eat</item>
    <item id="o4" line="3140" tag="T+AC">             `You ate'                                            (Santandrea, 1963: 62)</item>
  </tier>
  <tier id="c" type="odin-clean">
    <item id="c1" line="3137 3138" tag="L+CR">-ony</item>
    <item id="c3" line="3139" tag="G">2SG-eat</item>
    <item id="c4" line="3140" tag="T+AC">You ate'                                            (Santandrea, 1963: 62)</item>
  </tier>
  <tier id="p" type="phrases" content="c">
    <item id="p0" content="c1[0:4]"/>
  </tier>
  <tier id="g" type="glosses" content="c">
    <item id="g0" content="c3[0:7]" alignment="p1"/>
  </tier>
  <tier id="t" type="translations" content="c">
    <item id="t0" content="c4[0:74]" alignment="p1"/>
  </tier>
</igt>
</xigt-corpus>
