<?xml version="1.0" encoding="UTF-8"?>
<xigt-corpus>
<igt id="i22384">
  <metadata type="xigt-meta">
    <meta type="language" name="navarro-labourdin basque" iso-639-3="bqe" tiers="phrases words morphemes"/>
    <meta type="language" name="English" iso-639-3="eng" tiers="translations"/>
    <meta type="odin-source" doc-id="3239" line-range="455-459" line-types="L G L G T+AC"/>
  </metadata>
  <tier id="o" type="odin-raw">
    <item id="o1" line="455" tag="L">      (16)    a. Ginco-a-c      ber-e    huntarçun-ez    bethe, eta ber-e      dohain-ez</item>
    <item id="o2" line="456" tag="G">                 God-ART-(RG same-G(N goodness-INSTR full and same-G(N grace-INSTR</item>
    <item id="o3" line="457" tag="L">                 aberas-tu thi-ela.</item>
    <item id="o4" line="458" tag="G">                 rich-PARTIC PR(S(ABS:3P)((RG:3S)-SuBORD</item>
    <item id="o5" line="459" tag="T+AC">                 `God made them full with His goodness and rich with His grace.' (Haase 1992: 71)</item>
  </tier>
  <tier id="c" type="odin-clean">
    <item id="c1" line="455" tag="L">Ginco-a-c      ber-e    huntarçun-ez    bethe, eta ber-e      dohain-ez</item>
    <item id="c2" line="456" tag="G">God-ART-(RG same-G(N goodness-INSTR full and same-G(N grace-INSTR</item>
    <item id="c3" line="457" tag="L">aberas-tu thi-ela.</item>
    <item id="c4" line="458" tag="G">rich-PARTIC PR(S(ABS:3P)((RG:3S)-SuBORD</item>
    <item id="c5" line="459" tag="T+AC">God made them full with His goodness and rich with His grace.' (Haase 1992: 71)</item>
  </tier>
  <tier id="p" type="phrases" content="c">
    <item id="p0" content="c1[0:71]"/>
    <item id="p1" content="c3[0:18]"/>
  </tier>
  <tier id="g" type="glosses" content="c">
    <item id="g0" content="c2[0:65]" alignment="p1"/>
    <item id="g1" content="c4[0:39]" alignment="p2"/>
  </tier>
  <tier id="t" type="translations" content="c">
    <item id="t0" content="c5[0:79]" alignment="p2"/>
  </tier>
</igt>
<igt id="i22385">
  <metadata type="xigt-meta">
    <meta type="language" name="navarro-labourdin basque" iso-639-3="bqe" tiers="phrases words morphemes"/>
    <meta type="language" name="English" iso-639-3="eng" tiers="translations"/>
    <meta type="odin-source" doc-id="3239" line-range="460-462" line-types="L G T+AC"/>
  </metadata>
  <tier id="o" type="odin-raw">
    <item id="o1" line="460" tag="L">              b. koller bat-ekilan</item>
    <item id="o2" line="461" tag="G">                 spoon one-COM</item>
    <item id="o3" line="462" tag="T+AC">                 `with a spoon' (Haase 1992: 67)</item>
  </tier>
  <tier id="c" type="odin-clean">
    <item id="c1" line="460" tag="L">koller bat-ekilan</item>
    <item id="c2" line="461" tag="G">spoon one-COM</item>
    <item id="c3" line="462" tag="T+AC">with a spoon' (Haase 1992: 67)</item>
  </tier>
  <tier id="p" type="phrases" content="c">
    <item id="p0" content="c1[0:17]"/>
  </tier>
  <tier id="g" type="glosses" content="c">
    <item id="g0" content="c2[0:13]" alignment="p1"/>
  </tier>
  <tier id="t" type="translations" content="c">
    <item id="t0" content="c3[0:30]" alignment="p1"/>
  </tier>
</igt>
<igt id="i22386">
  <metadata type="xigt-meta">
    <meta type="language" name="navarro-labourdin basque" iso-639-3="bqe" tiers="phrases words morphemes"/>
    <meta type="language" name="English" iso-639-3="eng" tiers="translations"/>
    <meta type="odin-source" doc-id="3239" line-range="482-484" line-types="L G T"/>
  </metadata>
  <tier id="o" type="odin-raw">
    <item id="o1" line="482" tag="L">      (17)    a. horr-at hel-du        di[r]a leku frango-ta-[r]ik</item>
    <item id="o2" line="483" tag="G">                 there-ALL come-PARTIC PR(S:3P place many-TRN-PART</item>
    <item id="o3" line="484" tag="T">                 `They came there from many places.'</item>
  </tier>
  <tier id="c" type="odin-clean">
    <item id="c1" line="482" tag="L">horr-at hel-du        di[r]a leku frango-ta-[r]ik</item>
    <item id="c2" line="483" tag="G">there-ALL come-PARTIC PR(S:3P place many-TRN-PART</item>
    <item id="c3" line="484" tag="T">They came there from many places.</item>
  </tier>
  <tier id="p" type="phrases" content="c">
    <item id="p0" content="c1[0:49]"/>
  </tier>
  <tier id="g" type="glosses" content="c">
    <item id="g0" content="c2[0:49]" alignment="p1"/>
  </tier>
  <tier id="t" type="translations" content="c">
    <item id="t0" content="c3[0:33]" alignment="p1"/>
  </tier>
</igt>
<igt id="i22387">
  <metadata type="xigt-meta">
    <meta type="language" name="navarro-labourdin basque" iso-639-3="bqe" tiers="phrases words morphemes"/>
    <meta type="language" name="English" iso-639-3="eng" tiers="translations"/>
    <meta type="odin-source" doc-id="3239" line-range="485-487" line-types="L G T"/>
  </metadata>
  <tier id="o" type="odin-raw">
    <item id="o1" line="485" tag="L">              b. frango-ta-tik</item>
    <item id="o2" line="486" tag="G">                 many-TRN-ABL</item>
    <item id="o3" line="487" tag="T">                 `from many...'</item>
  </tier>
  <tier id="c" type="odin-clean">
    <item id="c1" line="485" tag="L">frango-ta-tik</item>
    <item id="c2" line="486" tag="G">many-TRN-ABL</item>
    <item id="c3" line="487" tag="T">from many...</item>
  </tier>
  <tier id="p" type="phrases" content="c">
    <item id="p0" content="c1[0:13]"/>
  </tier>
  <tier id="g" type="glosses" content="c">
    <item id="g0" content="c2[0:12]" alignment="p1"/>
  </tier>
  <tier id="t" type="translations" content="c">
    <item id="t0" content="c3[0:12]" alignment="p1"/>
  </tier>
</igt>
<igt id="i22388">
  <metadata type="xigt-meta">
    <meta type="language" name="navarro-labourdin basque" iso-639-3="bqe" tiers="phrases words morphemes"/>
    <meta type="language" name="English" iso-639-3="eng" tiers="translations"/>
    <meta type="odin-source" doc-id="3239" line-range="510-513" line-types="M+AC L G T"/>
  </metadata>
  <tier id="o" type="odin-raw">
    <item id="o1" line="510" tag="M+AC">  (Haase 1992: 79-80).</item>
    <item id="o2" line="511" tag="L">      (19)    a. eliza aintzin-ean</item>
    <item id="o3" line="512" tag="G">                 church front-LOC</item>
    <item id="o4" line="513" tag="T">                 `in front of the church'</item>
  </tier>
  <tier id="c" type="odin-clean">
    <item id="c1" line="510" tag="M+AC">(Haase 1992: 79-80).</item>
    <item id="c2" line="511" tag="L">eliza aintzin-ean</item>
    <item id="c3" line="512" tag="G">church front-LOC</item>
    <item id="c4" line="513" tag="T">in front of the church</item>
  </tier>
  <tier id="p" type="phrases" content="c">
    <item id="p0" content="c2[0:17]"/>
  </tier>
  <tier id="g" type="glosses" content="c">
    <item id="g0" content="c3[0:16]" alignment="p1"/>
  </tier>
  <tier id="t" type="translations" content="c">
    <item id="t0" content="c4[0:22]" alignment="p1"/>
  </tier>
</igt>
<igt id="i22389">
  <metadata type="xigt-meta">
    <meta type="language" name="navarro-labourdin basque" iso-639-3="bqe" tiers="phrases words morphemes"/>
    <meta type="language" name="English" iso-639-3="eng" tiers="translations"/>
    <meta type="odin-source" doc-id="3239" line-range="514-516" line-types="L G T"/>
  </metadata>
  <tier id="o" type="odin-raw">
    <item id="o1" line="514" tag="L">              b. eliza-[r]en aintzin-ean</item>
    <item id="o2" line="515" tag="G">                 church-G(N front-LOC</item>
    <item id="o3" line="516" tag="T">                 `in front of the church'</item>
  </tier>
  <tier id="c" type="odin-clean">
    <item id="c1" line="514" tag="L">eliza-[r]en aintzin-ean</item>
    <item id="c2" line="515" tag="G">church-G(N front-LOC</item>
    <item id="c3" line="516" tag="T">in front of the church</item>
  </tier>
  <tier id="p" type="phrases" content="c">
    <item id="p0" content="c1[0:23]"/>
  </tier>
  <tier id="g" type="glosses" content="c">
    <item id="g0" content="c2[0:20]" alignment="p1"/>
  </tier>
  <tier id="t" type="translations" content="c">
    <item id="t0" content="c3[0:22]" alignment="p1"/>
  </tier>
</igt>
<igt id="i22390">
  <metadata type="xigt-meta">
    <meta type="language" name="navarro-labourdin basque" iso-639-3="bqe" tiers="phrases words morphemes"/>
    <meta type="language" name="English" iso-639-3="eng" tiers="translations"/>
    <meta type="odin-source" doc-id="3239" line-range="517-519" line-types="L G T"/>
  </metadata>
  <tier id="o" type="odin-raw">
    <item id="o1" line="517" tag="L">              c. eliza-ri      hurbil</item>
    <item id="o2" line="518" tag="G">                 church-DAT near</item>
    <item id="o3" line="519" tag="T">                 `in front of the church'</item>
  </tier>
  <tier id="c" type="odin-clean">
    <item id="c1" line="517" tag="L">eliza-ri      hurbil</item>
    <item id="c2" line="518" tag="G">church-DAT near</item>
    <item id="c3" line="519" tag="T">in front of the church</item>
  </tier>
  <tier id="p" type="phrases" content="c">
    <item id="p0" content="c1[0:20]"/>
  </tier>
  <tier id="g" type="glosses" content="c">
    <item id="g0" content="c2[0:15]" alignment="p1"/>
  </tier>
  <tier id="t" type="translations" content="c">
    <item id="t0" content="c3[0:22]" alignment="p1"/>
  </tier>
</igt>
<igt id="i22391">
  <metadata type="xigt-meta">
    <meta type="language" name="navarro-labourdin basque" iso-639-3="bqe" tiers="phrases words morphemes"/>
    <meta type="language" name="English" iso-639-3="eng" tiers="translations"/>
    <meta type="odin-source" doc-id="3239" line-range="539-541" line-types="L G T+AC"/>
  </metadata>
  <tier id="o" type="odin-raw">
    <item id="o1" line="539" tag="L">      (20)    a. Leiho-a      (beti)   zerra-ti-a        dik.</item>
    <item id="o2" line="540" tag="G">                 window-ART (always) shut-PARTIC-ART PR(S(ABS:3S)((RG:3S)</item>
    <item id="o3" line="541" tag="T+AC">                 `He (always) has the windows closed.' (Haase 1992: 99)</item>
  </tier>
  <tier id="c" type="odin-clean">
    <item id="c1" line="539" tag="L">Leiho-a      (beti)   zerra-ti-a        dik.</item>
    <item id="c2" line="540" tag="G">window-ART (always) shut-PARTIC-ART PR(S(ABS:3S)((RG:3S)</item>
    <item id="c3" line="541" tag="T+AC">He (always) has the windows closed.' (Haase 1992: 99)</item>
  </tier>
  <tier id="p" type="phrases" content="c">
    <item id="p0" content="c1[0:44]"/>
  </tier>
  <tier id="g" type="glosses" content="c">
    <item id="g0" content="c2[0:56]" alignment="p1"/>
  </tier>
  <tier id="t" type="translations" content="c">
    <item id="t0" content="c3[0:53]" alignment="p1"/>
  </tier>
</igt>
<igt id="i22392">
  <metadata type="xigt-meta">
    <meta type="language" name="navarro-labourdin basque" iso-639-3="bqe" tiers="phrases words morphemes"/>
    <meta type="language" name="English" iso-639-3="eng" tiers="translations"/>
    <meta type="odin-source" doc-id="3239" line-range="542-544" line-types="L G T+AC"/>
  </metadata>
  <tier id="o" type="odin-raw">
    <item id="o1" line="542" tag="L">              b. Ama han egon-a                 zen.</item>
    <item id="o2" line="543" tag="G">                 Mother there stay.PARTIC-ART PR(T(ABS:3S)</item>
    <item id="o3" line="544" tag="T+AC">                 `Mother had been living there [when I was born].' (Haase 1992: 100)</item>
  </tier>
  <tier id="c" type="odin-clean">
    <item id="c1" line="542" tag="L">Ama han egon-a                 zen.</item>
    <item id="c2" line="543" tag="G">Mother there stay.PARTIC-ART PR(T(ABS:3S)</item>
    <item id="c3" line="544" tag="T+AC">Mother had been living there [when I was born].' (Haase 1992: 100)</item>
  </tier>
  <tier id="p" type="phrases" content="c">
    <item id="p0" content="c1[0:35]"/>
  </tier>
  <tier id="g" type="glosses" content="c">
    <item id="g0" content="c2[0:41]" alignment="p1"/>
  </tier>
  <tier id="t" type="translations" content="c">
    <item id="t0" content="c3[0:66]" alignment="p1"/>
  </tier>
</igt>
<igt id="i22393">
  <metadata type="xigt-meta">
    <meta type="language" name="navarro-labourdin basque" iso-639-3="bqe" tiers="phrases words morphemes"/>
    <meta type="language" name="English" iso-639-3="eng" tiers="translations"/>
    <meta type="odin-source" doc-id="3239" line-range="545-547" line-types="L G T+AC"/>
  </metadata>
  <tier id="o" type="odin-raw">
    <item id="o1" line="545" tag="L">              c. Aita salba-tü-a          izan-a           da.</item>
    <item id="o2" line="546" tag="G">                 Father save-PARTIC-ART be.PARTIC-ART PR(S(ABS:3S)</item>
    <item id="o3" line="547" tag="T+AC">                 `Father has been saved.' (Haase 1992: 102)</item>
  </tier>
  <tier id="c" type="odin-clean">
    <item id="c1" line="545" tag="L">Aita salba-tü-a          izan-a           da.</item>
    <item id="c2" line="546" tag="G">Father save-PARTIC-ART be.PARTIC-ART PR(S(ABS:3S)</item>
    <item id="c3" line="547" tag="T+AC">Father has been saved.' (Haase 1992: 102)</item>
  </tier>
  <tier id="p" type="phrases" content="c">
    <item id="p0" content="c1[0:45]"/>
  </tier>
  <tier id="g" type="glosses" content="c">
    <item id="g0" content="c2[0:49]" alignment="p1"/>
  </tier>
  <tier id="t" type="translations" content="c">
    <item id="t0" content="c3[0:41]" alignment="p1"/>
  </tier>
</igt>
<igt id="i22394">
  <metadata type="xigt-meta">
    <meta type="language" name="navarro-labourdin basque" iso-639-3="bqe" tiers="phrases words morphemes"/>
    <meta type="language" name="English" iso-639-3="eng" tiers="translations"/>
    <meta type="odin-source" doc-id="3239" line-range="548-551" line-types="L G+CR G+CR T+AC"/>
  </metadata>
  <tier id="o" type="odin-raw">
    <item id="o1" line="548" tag="L">              d. A[b]antxü xakür bat-eta-[r]ik     ausiki      izan      tzün.</item>
    <item id="o2" line="549" tag="G+CR">                            dog one-TRN-PART bite.PARTIC be.PARTIC PR(T(ABS:3S)</item>
    <item id="o3" line="550" tag="G+CR">                 almost</item>
    <item id="o4" line="551" tag="T+AC">                 `He was almost bitten by a dog.' (Haase 1992: 132)</item>
  </tier>
  <tier id="c" type="odin-clean">
    <item id="c1" line="548" tag="L">A[b]antxü xakür bat-eta-[r]ik     ausiki      izan      tzün.</item>
    <item id="c2" line="549 550" tag="G+CR">almost     dog one-TRN-PART bite.PARTIC be.PARTIC PR(T(ABS:3S)</item>
    <item id="c4" line="551" tag="T+AC">He was almost bitten by a dog.' (Haase 1992: 132)</item>
  </tier>
  <tier id="p" type="phrases" content="c">
    <item id="p0" content="c1[0:61]"/>
  </tier>
  <tier id="g" type="glosses" content="c">
    <item id="g0" content="c2[0:62]" alignment="p1"/>
  </tier>
  <tier id="t" type="translations" content="c">
    <item id="t0" content="c4[0:49]" alignment="p1"/>
  </tier>
</igt>
<igt id="i22395">
  <metadata type="xigt-meta">
    <meta type="language" name="navarro-labourdin basque" iso-639-3="bqe" tiers="phrases words morphemes"/>
    <meta type="language" name="English" iso-639-3="eng" tiers="translations"/>
    <meta type="odin-source" doc-id="3239" line-range="562-564" line-types="L G T"/>
  </metadata>
  <tier id="o" type="odin-raw">
    <item id="o1" line="562" tag="L">      (21)    a. Etxe-a1 etzü2                destrüiti-a3        izan4 .</item>
    <item id="o2" line="563" tag="G">                 house-ART N(G.PR(S(ABS:3S) destroy.PARTIC-ART be.PARTIC</item>
    <item id="o3" line="564" tag="T">                 `The house has not been destroyed.'</item>
  </tier>
  <tier id="c" type="odin-clean">
    <item id="c1" line="562" tag="L">Etxe-a1 etzü2                destrüiti-a3        izan4 .</item>
    <item id="c2" line="563" tag="G">house-ART N(G.PR(S(ABS:3S) destroy.PARTIC-ART be.PARTIC</item>
    <item id="c3" line="564" tag="T">The house has not been destroyed.</item>
  </tier>
  <tier id="p" type="phrases" content="c">
    <item id="p0" content="c1[0:56]"/>
  </tier>
  <tier id="g" type="glosses" content="c">
    <item id="g0" content="c2[0:55]" alignment="p1"/>
  </tier>
  <tier id="t" type="translations" content="c">
    <item id="t0" content="c3[0:33]" alignment="p1"/>
  </tier>
</igt>
<igt id="i114614">
  <metadata type="xigt-meta">
    <meta type="language" name="eastern basque" iso-639-3="bqe" tiers="phrases words morphemes"/>
    <meta type="language" name="English" iso-639-3="eng" tiers="translations"/>
    <meta type="odin-source" doc-id="3376" line-range="78-81" line-types="L G T M+LN"/>
  </metadata>
  <tier id="o" type="odin-raw">
    <item id="o1" line="78" tag="L">  (2a)   Ni      erhoa, zu       iakintsu;      beha e-nakidizu              [ni   zu ri]</item>
    <item id="o2" line="79" tag="G">         I       fool, you       wise;          look no-INTR.AUX,1-to-2 [I-ABS you-DAT]</item>
    <item id="o3" line="80" tag="T">         `I am foolish, you are learned; I cannot understand [to] you'</item>
    <item id="o4" line="81" tag="M+LN">         (Old Lower Navarrese = Eastern)</item>
  </tier>
  <tier id="c" type="odin-clean">
    <item id="c1" line="78" tag="L">Ni      erhoa, zu       iakintsu;      beha e-nakidizu              [ni   zu ri]</item>
    <item id="c2" line="79" tag="G">I       fool, you       wise;          look no-INTR.AUX,1-to-2 [I-ABS you-DAT]</item>
    <item id="c3" line="80" tag="T">I am foolish, you are learned; I cannot understand [to] you</item>
    <item id="c4" line="81" tag="M+LN">Old Lower Navarrese = Eastern</item>
  </tier>
  <tier id="p" type="phrases" content="c">
    <item id="p0" content="c1[0:80]"/>
  </tier>
  <tier id="g" type="glosses" content="c">
    <item id="g0" content="c2[0:78]" alignment="p1"/>
  </tier>
  <tier id="t" type="translations" content="c">
    <item id="t0" content="c3[0:59]" alignment="p1"/>
  </tier>
</igt>
<igt id="i114615">
  <metadata type="xigt-meta">
    <meta type="language" name="eastern basque" iso-639-3="bqe" tiers="phrases words morphemes"/>
    <meta type="language" name="English" iso-639-3="eng" tiers="translations"/>
    <meta type="odin-source" doc-id="3376" line-range="82-85" line-types="L G T M+LN"/>
  </metadata>
  <tier id="o" type="odin-raw">
    <item id="o1" line="82" tag="L">  (2b)   Miserikordia-ren        eztitasun-ari         behatzen        diozu         [zu-k]</item>
    <item id="o2" line="83" tag="G">         mercy-GEN               sweetness-DAT         looking         TR.AUX,2-to-3 [you-ERG]</item>
    <item id="o3" line="84" tag="T">         `You look at the sweetness of mercy'</item>
    <item id="o4" line="85" tag="M+LN">         (Literary Labourdin = Eastern)</item>
  </tier>
  <tier id="c" type="odin-clean">
    <item id="c1" line="82" tag="L">Miserikordia-ren        eztitasun-ari         behatzen        diozu         [zu-k]</item>
    <item id="c2" line="83" tag="G">mercy-GEN               sweetness-DAT         looking         TR.AUX,2-to-3 [you-ERG]</item>
    <item id="c3" line="84" tag="T">You look at the sweetness of mercy</item>
    <item id="c4" line="85" tag="M+LN">Literary Labourdin = Eastern</item>
  </tier>
  <tier id="p" type="phrases" content="c">
    <item id="p0" content="c1[0:82]"/>
  </tier>
  <tier id="g" type="glosses" content="c">
    <item id="g0" content="c2[0:85]" alignment="p1"/>
  </tier>
  <tier id="t" type="translations" content="c">
    <item id="t0" content="c3[0:34]" alignment="p1"/>
  </tier>
</igt>
</xigt-corpus>
