<?xml version="1.0" encoding="UTF-8"?>
<xigt-corpus>
<igt id="i114618">
  <metadata type="xigt-meta">
    <meta type="language" name="baure" iso-639-3="brg" tiers="phrases words morphemes"/>
    <meta type="language" name="English" iso-639-3="eng" tiers="translations"/>
    <meta type="odin-source" doc-id="3376" line-range="168-171" line-types="M+CN L G T"/>
  </metadata>
  <tier id="o" type="odin-raw">
    <item id="o1" line="168" tag="M+CN">  (1)    intransitive:   A-V-O</item>
    <item id="o2" line="169" tag="L">                         ni-sim</item>
    <item id="o3" line="170" tag="G">                         1SG-arrive</item>
    <item id="o4" line="171" tag="T">                         `I arrive(d)'</item>
  </tier>
  <tier id="c" type="odin-clean">
    <item id="c1" line="168" tag="M+CN">  A-V-O</item>
    <item id="c2" line="169" tag="L">ni-sim</item>
    <item id="c3" line="170" tag="G">1SG-arrive</item>
    <item id="c4" line="171" tag="T">I arrive(d)</item>
  </tier>
  <tier id="p" type="phrases" content="c">
    <item id="p0" content="c2[0:6]"/>
  </tier>
  <tier id="g" type="glosses" content="c">
    <item id="g0" content="c3[0:10]" alignment="p1"/>
  </tier>
  <tier id="t" type="translations" content="c">
    <item id="t0" content="c4[0:11]" alignment="p1"/>
  </tier>
</igt>
<igt id="i114619">
  <metadata type="xigt-meta">
    <meta type="language" name="baure" iso-639-3="brg" tiers="phrases words morphemes"/>
    <meta type="language" name="English" iso-639-3="eng" tiers="translations"/>
    <meta type="odin-source" doc-id="3376" line-range="173-176" line-types="M+CN L G T"/>
  </metadata>
  <tier id="o" type="odin-raw">
    <item id="o1" line="173" tag="M+CN">  (2)    transitive:     Sa-V</item>
    <item id="o2" line="174" tag="L">                         n-am-er</item>
    <item id="o3" line="175" tag="G">                         1SG-bring-3SGm</item>
    <item id="o4" line="176" tag="T">                         `I bring/brought it/him'</item>
  </tier>
  <tier id="c" type="odin-clean">
    <item id="c1" line="173" tag="M+CN">    Sa-V</item>
    <item id="c2" line="174" tag="L">n-am-er</item>
    <item id="c3" line="175" tag="G">1SG-bring-3SGm</item>
    <item id="c4" line="176" tag="T">I bring/brought it/him</item>
  </tier>
  <tier id="p" type="phrases" content="c">
    <item id="p0" content="c2[0:7]"/>
  </tier>
  <tier id="g" type="glosses" content="c">
    <item id="g0" content="c3[0:14]" alignment="p1"/>
  </tier>
  <tier id="t" type="translations" content="c">
    <item id="t0" content="c4[0:22]" alignment="p1"/>
  </tier>
</igt>
<igt id="i114620">
  <metadata type="xigt-meta">
    <meta type="language" name="baure" iso-639-3="brg" tiers="phrases words morphemes"/>
    <meta type="language" name="English" iso-639-3="eng" tiers="translations"/>
    <meta type="odin-source" doc-id="3376" line-range="183-186" line-types="L G T M"/>
  </metadata>
  <tier id="o" type="odin-raw">
    <item id="o1" line="183" tag="L">  (3)    ni-kotive-w</item>
    <item id="o2" line="184" tag="G">         1SG-be.sick-COP</item>
    <item id="o3" line="185" tag="T">         `I am sick'</item>
    <item id="o4" line="186" tag="M">         (but only temporarily)</item>
  </tier>
  <tier id="c" type="odin-clean">
    <item id="c1" line="183" tag="L">ni-kotive-w</item>
    <item id="c2" line="184" tag="G">1SG-be.sick-COP</item>
    <item id="c3" line="185" tag="T">I am sick</item>
    <item id="c4" line="186" tag="M">but only temporarily</item>
  </tier>
  <tier id="p" type="phrases" content="c">
    <item id="p0" content="c1[0:11]"/>
  </tier>
  <tier id="g" type="glosses" content="c">
    <item id="g0" content="c2[0:15]" alignment="p1"/>
  </tier>
  <tier id="t" type="translations" content="c">
    <item id="t0" content="c3[0:9]" alignment="p1"/>
  </tier>
</igt>
<igt id="i114621">
  <metadata type="xigt-meta">
    <meta type="language" name="baure" iso-639-3="brg" tiers="phrases words morphemes"/>
    <meta type="language" name="English" iso-639-3="eng" tiers="translations"/>
    <meta type="odin-source" doc-id="3376" line-range="188-191" line-types="L G T M"/>
  </metadata>
  <tier id="o" type="odin-raw">
    <item id="o1" line="188" tag="L">  (4)    mavi-wo-ni</item>
    <item id="o2" line="189" tag="G">         be.sick-COP-1SG</item>
    <item id="o3" line="190" tag="T">         `I am sick'</item>
    <item id="o4" line="191" tag="M">         (and will not recover)</item>
  </tier>
  <tier id="c" type="odin-clean">
    <item id="c1" line="188" tag="L">mavi-wo-ni</item>
    <item id="c2" line="189" tag="G">be.sick-COP-1SG</item>
    <item id="c3" line="190" tag="T">I am sick</item>
    <item id="c4" line="191" tag="M">and will not recover</item>
  </tier>
  <tier id="p" type="phrases" content="c">
    <item id="p0" content="c1[0:10]"/>
  </tier>
  <tier id="g" type="glosses" content="c">
    <item id="g0" content="c2[0:15]" alignment="p1"/>
  </tier>
  <tier id="t" type="translations" content="c">
    <item id="t0" content="c3[0:9]" alignment="p1"/>
  </tier>
</igt>
<igt id="i114622">
  <metadata type="xigt-meta">
    <meta type="language" name="baure" iso-639-3="brg" tiers="phrases words morphemes"/>
    <meta type="language" name="English" iso-639-3="eng" tiers="translations"/>
    <meta type="odin-source" doc-id="3376" line-range="197-199" line-types="L G T"/>
  </metadata>
  <tier id="o" type="odin-raw">
    <item id="o1" line="197" tag="L">  (5)    ver             eto-ni         to     ni-vesa--</item>
    <item id="o2" line="198" tag="G">         already         finish-1SG     ART    1SG-read-APPL</item>
    <item id="o3" line="199" tag="T">         `I finish(ed) reading'</item>
  </tier>
  <tier id="c" type="odin-clean">
    <item id="c1" line="197" tag="L">ver             eto-ni         to     ni-vesa--</item>
    <item id="c2" line="198" tag="G">already         finish-1SG     ART    1SG-read-APPL</item>
    <item id="c3" line="199" tag="T">I finish(ed) reading</item>
  </tier>
  <tier id="p" type="phrases" content="c">
    <item id="p0" content="c1[0:47]"/>
  </tier>
  <tier id="g" type="glosses" content="c">
    <item id="g0" content="c2[0:51]" alignment="p1"/>
  </tier>
  <tier id="t" type="translations" content="c">
    <item id="t0" content="c3[0:20]" alignment="p1"/>
  </tier>
</igt>
<igt id="i114623">
  <metadata type="xigt-meta">
    <meta type="language" name="baure" iso-639-3="brg" tiers="phrases words morphemes"/>
    <meta type="language" name="English" iso-639-3="eng" tiers="translations"/>
    <meta type="odin-source" doc-id="3376" line-range="201-203" line-types="L G T"/>
  </metadata>
  <tier id="o" type="odin-raw">
    <item id="o1" line="201" tag="L">  (6)    koehoe-ri              pino-nev</item>
    <item id="o2" line="202" tag="G">         give.birth-3SGf        twin-PL</item>
    <item id="o3" line="203" tag="T">         `She gave birth to twins.'</item>
  </tier>
  <tier id="c" type="odin-clean">
    <item id="c1" line="201" tag="L">koehoe-ri              pino-nev</item>
    <item id="c2" line="202" tag="G">give.birth-3SGf        twin-PL</item>
    <item id="c3" line="203" tag="T">She gave birth to twins.</item>
  </tier>
  <tier id="p" type="phrases" content="c">
    <item id="p0" content="c1[0:31]"/>
  </tier>
  <tier id="g" type="glosses" content="c">
    <item id="g0" content="c2[0:30]" alignment="p1"/>
  </tier>
  <tier id="t" type="translations" content="c">
    <item id="t0" content="c3[0:24]" alignment="p1"/>
  </tier>
</igt>
<igt id="i114624">
  <metadata type="xigt-meta">
    <meta type="language" name="baure" iso-639-3="brg" tiers="phrases words morphemes"/>
    <meta type="language" name="English" iso-639-3="eng" tiers="translations"/>
    <meta type="odin-source" doc-id="3376" line-range="208-210" line-types="L G T"/>
  </metadata>
  <tier id="o" type="odin-raw">
    <item id="o1" line="208" tag="L">  (7)    ni-phiko-pi,          ver             worapik-ier, moena'         ro- niko-pi</item>
    <item id="o2" line="209" tag="G">         1SG-hide-2SG          already         come-3SGm so.that.not       3SGm-eat-2SG</item>
    <item id="o3" line="210" tag="T">         `I will hide you--he (my son) is already coming--so that he won't eat you.'</item>
  </tier>
  <tier id="c" type="odin-clean">
    <item id="c1" line="208" tag="L">ni-phiko-pi,          ver             worapik-ier, moena'         ro-niko-pi</item>
    <item id="c2" line="209" tag="G">1SG-hide-2SG          already         come-3SGm so.that.not       3SGm-eat-2SG</item>
    <item id="c3" line="210" tag="T">I will hide you--he (my son) is already coming--so that he won't eat you.</item>
  </tier>
  <tier id="p" type="phrases" content="c">
    <item id="p0" content="c1[0:76]"/>
  </tier>
  <tier id="g" type="glosses" content="c">
    <item id="g0" content="c2[0:78]" alignment="p1"/>
  </tier>
  <tier id="t" type="translations" content="c">
    <item id="t0" content="c3[0:73]" alignment="p1"/>
  </tier>
</igt>
</xigt-corpus>
