<?xml version="1.0" encoding="UTF-8"?>
<xigt-corpus>
<igt id="i49276">
  <metadata type="xigt-meta">
    <meta type="language" name="barasano" iso-639-3="bsn:bao:pok" tiers="phrases words morphemes"/>
    <meta type="language" name="English" iso-639-3="eng" tiers="translations"/>
    <meta type="odin-source" doc-id="3423" line-range="408-411" line-types="M+LN L G T+AC"/>
  </metadata>
  <tier id="o" type="odin-raw">
    <item id="o1" line="408" tag="M+LN">  (20)     Barasano</item>
    <item id="o2" line="409" tag="L">           oko      kedi-a-ha</item>
    <item id="o3" line="410" tag="G">           water fall-PRES-3</item>
    <item id="o4" line="411" tag="T+AC">           "It is raining."                    (Jones and Jones 1991:83)</item>
  </tier>
  <tier id="c" type="odin-clean">
    <item id="c1" line="408" tag="M+LN">Barasano</item>
    <item id="c2" line="409" tag="L">oko      kedi-a-ha</item>
    <item id="c3" line="410" tag="G">water fall-PRES-3</item>
    <item id="c4" line="411" tag="T+AC">It is raining."                    (Jones and Jones 1991:83)</item>
  </tier>
  <tier id="p" type="phrases" content="c">
    <item id="p0" content="c2[0:18]"/>
  </tier>
  <tier id="g" type="glosses" content="c">
    <item id="g0" content="c3[0:17]" alignment="p1"/>
  </tier>
  <tier id="t" type="translations" content="c">
    <item id="t0" content="c4[0:60]" alignment="p1"/>
  </tier>
</igt>
</xigt-corpus>
