<?xml version="1.0" encoding="UTF-8"?>
<xigt-corpus>
<igt id="i1742">
  <metadata type="xigt-meta">
    <meta type="language" name="bete" iso-639-3="btg" tiers="phrases words morphemes"/>
    <meta type="language" name="English" iso-639-3="eng" tiers="translations"/>
    <meta type="odin-source" doc-id="560" line-range="486-489" line-types="M+AC+LN L+EX G T"/>
  </metadata>
  <tier id="o" type="odin-raw">
    <item id="o1" line="486" tag="M+AC+LN">  (11) Bete (Kru; Ivory Coast; Marchese 1986:197)</item>
    <item id="o2" line="487" tag="L+EX">       ná d--îb\a nîfl  l--î k\økÁø.                            [Á should be a vertical bar]</item>
    <item id="o3" line="488" tag="G">        my father NEG     eat   chicken</item>
    <item id="o4" line="489" tag="T">        `My father doesn't eat chicken.'</item>
  </tier>
  <tier id="c" type="odin-clean">
    <item id="c1" line="486" tag="M+AC+LN">Bete (Kru; Ivory Coast; Marchese 1986:197</item>
    <item id="c2" line="487" tag="L+EX">ná d--îb\a nîfl  l--î k\økÁø.                            [Á should be a vertical bar]</item>
    <item id="c3" line="488" tag="G">my father NEG     eat   chicken</item>
    <item id="c4" line="489" tag="T">My father doesn't eat chicken.</item>
  </tier>
  <tier id="p" type="phrases" content="c">
    <item id="p0" content="c2[0:85]"/>
  </tier>
  <tier id="g" type="glosses" content="c">
    <item id="g0" content="c3[0:31]" alignment="p1"/>
  </tier>
  <tier id="t" type="translations" content="c">
    <item id="t0" content="c4[0:30]" alignment="p1"/>
  </tier>
</igt>
<igt id="i1745">
  <metadata type="xigt-meta">
    <meta type="language" name="bete" iso-639-3="btg" tiers="phrases words morphemes"/>
    <meta type="language" name="English" iso-639-3="eng" tiers="translations"/>
    <meta type="odin-source" doc-id="560" line-range="521-524" line-types="M+AC+LN L G T"/>
  </metadata>
  <tier id="o" type="odin-raw">
    <item id="o1" line="521" tag="M+AC+LN">  (13) Bete (Marchese 1986:197)</item>
    <item id="o2" line="522" tag="L">       \ø=|   n|ÈmÁØ.</item>
    <item id="o3" line="523" tag="G">       3SG=NEG drink</item>
    <item id="o4" line="524" tag="T">       `He doesn't drink.'</item>
  </tier>
  <tier id="c" type="odin-clean">
    <item id="c1" line="521" tag="M+AC+LN">Bete (Marchese 1986:197</item>
    <item id="c2" line="522" tag="L">\ø=|   n|ÈmÁØ.</item>
    <item id="c3" line="523" tag="G">3SG=NEG drink</item>
    <item id="c4" line="524" tag="T">He doesn't drink.</item>
  </tier>
  <tier id="p" type="phrases" content="c">
    <item id="p0" content="c2[0:14]"/>
  </tier>
  <tier id="g" type="glosses" content="c">
    <item id="g0" content="c3[0:13]" alignment="p1"/>
  </tier>
  <tier id="t" type="translations" content="c">
    <item id="t0" content="c4[0:17]" alignment="p1"/>
  </tier>
</igt>
<igt id="i52403">
  <metadata type="xigt-meta">
    <meta type="language" name="vata (dic) + gbadi" iso-639-3="btg" tiers="phrases words morphemes"/>
    <meta type="language" name="English" iso-639-3="eng" tiers="translations"/>
    <meta type="odin-source" doc-id="1211" line-range="15-17" line-types="L G T"/>
  </metadata>
  <tier id="o" type="odin-raw">
    <item id="o1" line="15" tag="L">  (1)      a. à lì saká.</item>
    <item id="o2" line="16" tag="G">              we ate rice</item>
    <item id="o3" line="17" tag="T">              `We ate rice.'</item>
  </tier>
  <tier id="c" type="odin-clean">
    <item id="c1" line="15" tag="L">à lì saká.</item>
    <item id="c2" line="16" tag="G">we ate rice</item>
    <item id="c3" line="17" tag="T">We ate rice.</item>
  </tier>
  <tier id="p" type="phrases" content="c">
    <item id="p0" content="c1[0:10]"/>
  </tier>
  <tier id="g" type="glosses" content="c">
    <item id="g0" content="c2[0:11]" alignment="p1"/>
  </tier>
  <tier id="t" type="translations" content="c">
    <item id="t0" content="c3[0:12]" alignment="p1"/>
  </tier>
</igt>
<igt id="i52404">
  <metadata type="xigt-meta">
    <meta type="language" name="vata (dic) + gbadi" iso-639-3="btg" tiers="phrases words morphemes"/>
    <meta type="language" name="English" iso-639-3="eng" tiers="translations"/>
    <meta type="odin-source" doc-id="1211" line-range="19-21" line-types="L G T"/>
  </metadata>
  <tier id="o" type="odin-raw">
    <item id="o1" line="19" tag="L">           b. à    l      saká l.</item>
    <item id="o2" line="20" tag="G">              we PERF rice eat</item>
    <item id="o3" line="21" tag="T">              `We have eaten rice.'</item>
  </tier>
  <tier id="c" type="odin-clean">
    <item id="c1" line="19" tag="L">à    l      saká l.</item>
    <item id="c2" line="20" tag="G">we PERF rice eat</item>
    <item id="c3" line="21" tag="T">We have eaten rice.</item>
  </tier>
  <tier id="p" type="phrases" content="c">
    <item id="p0" content="c1[0:19]"/>
  </tier>
  <tier id="g" type="glosses" content="c">
    <item id="g0" content="c2[0:16]" alignment="p1"/>
  </tier>
  <tier id="t" type="translations" content="c">
    <item id="t0" content="c3[0:19]" alignment="p1"/>
  </tier>
</igt>
</xigt-corpus>
