<?xml version="1.0" encoding="UTF-8"?>
<xigt-corpus>
<igt id="i142911">
  <metadata type="xigt-meta">
    <meta type="language" name="bokobaru" iso-639-3="bus" tiers="phrases words morphemes"/>
    <meta type="language" name="English" iso-639-3="eng" tiers="translations"/>
    <meta type="odin-source" doc-id="2334" line-range="375-377" line-types="L G T+CR"/>
  </metadata>
  <tier id="o" type="odin-raw">
    <item id="o1" line="375" tag="L">  40. a gb[...-n] ga a na  awa pari (Bokobaru)</item>
    <item id="o2" line="376" tag="G">      3s.Pfperson-Plpull.Pf3s.Pfjoin.Pf3s.D.CRmany</item>
    <item id="o3" line="377" tag="T+CR">      'Heiattractedmanypeopleandjoinedthemtohimselfi.'</item>
  </tier>
  <tier id="c" type="odin-clean">
    <item id="c1" line="375" tag="L">a gb[...-n] ga a na  awa pari (Bokobaru)</item>
    <item id="c2" line="376" tag="G">3s.Pfperson-Plpull.Pf3s.Pfjoin.Pf3s.D.CRmany</item>
    <item id="c3" line="377" tag="T+CR">Heiattractedmanypeopleandjoinedthemtohimselfi.</item>
  </tier>
  <tier id="p" type="phrases" content="c">
    <item id="p0" content="c1[0:40]"/>
  </tier>
  <tier id="g" type="glosses" content="c">
    <item id="g0" content="c2[0:44]" alignment="p1"/>
  </tier>
  <tier id="t" type="translations" content="c">
    <item id="t0" content="c3[0:46]" alignment="p1"/>
  </tier>
</igt>
<igt id="i142917">
  <metadata type="xigt-meta">
    <meta type="language" name="bokobaru" iso-639-3="bus" tiers="phrases words morphemes"/>
    <meta type="language" name="English" iso-639-3="eng" tiers="translations"/>
    <meta type="odin-source" doc-id="2334" line-range="420-422" line-types="L G T+CR"/>
  </metadata>
  <tier id="o" type="odin-raw">
    <item id="o1" line="420" tag="L">  46. a]°] yezå wa zrå-n] d[d[  (Bokobaru)</item>
    <item id="o2" line="421" tag="G">      3p.Stat want 3p.Sbj.CR apostle-Pl kill</item>
    <item id="o3" line="422" tag="T+CR">      'Theywantedtokillthoseapostles.'</item>
  </tier>
  <tier id="c" type="odin-clean">
    <item id="c1" line="420" tag="L">a]°] yezå wa zrå-n] d[d[  (Bokobaru)</item>
    <item id="c2" line="421" tag="G">3p.Stat want 3p.Sbj.CR apostle-Pl kill</item>
    <item id="c3" line="422" tag="T+CR">Theywantedtokillthoseapostles.</item>
  </tier>
  <tier id="p" type="phrases" content="c">
    <item id="p0" content="c1[0:36]"/>
  </tier>
  <tier id="g" type="glosses" content="c">
    <item id="g0" content="c2[0:38]" alignment="p1"/>
  </tier>
  <tier id="t" type="translations" content="c">
    <item id="t0" content="c3[0:30]" alignment="p1"/>
  </tier>
</igt>
<igt id="i142918">
  <metadata type="xigt-meta">
    <meta type="language" name="bokobaru" iso-639-3="bus" tiers="phrases words morphemes"/>
    <meta type="language" name="English" iso-639-3="eng" tiers="translations"/>
    <meta type="odin-source" doc-id="2334" line-range="423-425" line-types="L G T+CR"/>
  </metadata>
  <tier id="o" type="odin-raw">
    <item id="o1" line="423" tag="L">  47. a]° gbasa wa gå nTMn[ wa ta  (Bokobaru)</item>
    <item id="o2" line="424" tag="G">      3p.Pfnext3p.Pf.CRprevent.Pf3p.Ben3ind.Sbjdepart</item>
    <item id="o3" line="425" tag="T+CR">      'Theyithenpreventedthemjfromdeparting.'</item>
  </tier>
  <tier id="c" type="odin-clean">
    <item id="c1" line="423" tag="L">a]° gbasa wa gå nTMn[ wa ta  (Bokobaru)</item>
    <item id="c2" line="424" tag="G">3p.Pfnext3p.Pf.CRprevent.Pf3p.Ben3ind.Sbjdepart</item>
    <item id="c3" line="425" tag="T+CR">Theyithenpreventedthemjfromdeparting.</item>
  </tier>
  <tier id="p" type="phrases" content="c">
    <item id="p0" content="c1[0:39]"/>
  </tier>
  <tier id="g" type="glosses" content="c">
    <item id="g0" content="c2[0:47]" alignment="p1"/>
  </tier>
  <tier id="t" type="translations" content="c">
    <item id="t0" content="c3[0:37]" alignment="p1"/>
  </tier>
</igt>
<igt id="i142969">
  <metadata type="xigt-meta">
    <meta type="language" name="bokobaru" iso-639-3="bus" tiers="phrases words morphemes"/>
    <meta type="language" name="English" iso-639-3="eng" tiers="translations"/>
    <meta type="odin-source" doc-id="2334" line-range="704-706" line-types="L G T+CR"/>
  </metadata>
  <tier id="o" type="odin-raw">
    <item id="o1" line="704" tag="L">  100.  a `auziki t]¬k]°a a zi  (Bokobaru)</item>
    <item id="o2" line="705" tag="G">        3s.Pfwealthamass.Pf3s.O.CRAdes</item>
    <item id="o3" line="706" tag="T+CR">        `Heiamassedwealtharoundhimi.'</item>
  </tier>
  <tier id="c" type="odin-clean">
    <item id="c1" line="704" tag="L">a `auziki t]¬k]°a a zi  (Bokobaru)</item>
    <item id="c2" line="705" tag="G">3s.Pfwealthamass.Pf3s.O.CRAdes</item>
    <item id="c3" line="706" tag="T+CR">Heiamassedwealtharoundhimi.</item>
  </tier>
  <tier id="p" type="phrases" content="c">
    <item id="p0" content="c1[0:34]"/>
  </tier>
  <tier id="g" type="glosses" content="c">
    <item id="g0" content="c2[0:30]" alignment="p1"/>
  </tier>
  <tier id="t" type="translations" content="c">
    <item id="t0" content="c3[0:27]" alignment="p1"/>
  </tier>
</igt>
</xigt-corpus>
