<?xml version="1.0" encoding="UTF-8"?>
<xigt-corpus>
<igt id="i115491">
  <metadata type="xigt-meta">
    <meta type="language" name="bwe" iso-639-3="bwe" tiers="phrases words morphemes"/>
    <meta type="language" name="English" iso-639-3="eng" tiers="translations"/>
    <meta type="odin-source" doc-id="3380" line-range="436-441" line-types="M+LN B L G M+SY T+AC"/>
  </metadata>
  <tier id="o" type="odin-raw">
    <item id="o1" line="436" tag="M+LN">  (2)    a.    Bwe Karen</item>
    <item id="o2" line="437" tag="B"></item>
    <item id="o3" line="438" tag="L">               ?     n?     dòkh?         t-Îó</item>
    <item id="o4" line="439" tag="G">               trap catch barking.deer one-CLSFR</item>
    <item id="o5" line="440" tag="M+SY">                S      V        O</item>
    <item id="o6" line="441" tag="T+AC">               `the trap catches a barking deer' (Henderson 1997: 258)</item>
  </tier>
  <tier id="c" type="odin-clean">
    <item id="c1" line="436" tag="M+LN">Bwe Karen</item>
    <item id="c2" line="437" tag="B"/>
    <item id="c3" line="438" tag="L">?     n?     dòkh?         t-Îó</item>
    <item id="c4" line="439" tag="G">trap catch barking.deer one-CLSFR</item>
    <item id="c5" line="440" tag="M+SY">S      V        O</item>
    <item id="c6" line="441" tag="T+AC">the trap catches a barking deer' (Henderson 1997: 258)</item>
  </tier>
  <tier id="p" type="phrases" content="c">
    <item id="p0" content="c3[0:31]"/>
  </tier>
  <tier id="g" type="glosses" content="c">
    <item id="g0" content="c4[0:33]" alignment="p1"/>
  </tier>
  <tier id="t" type="translations" content="c">
    <item id="t0" content="c6[0:54]" alignment="p1"/>
  </tier>
</igt>
<igt id="i115521">
  <metadata type="xigt-meta">
    <meta type="language" name="bwe karen" iso-639-3="bwe" tiers="phrases words morphemes"/>
    <meta type="language" name="English" iso-639-3="eng" tiers="translations"/>
    <meta type="odin-source" doc-id="3380" line-range="757-759" line-types="L G T+AC"/>
  </metadata>
  <tier id="o" type="odin-raw">
    <item id="o1" line="757" tag="L">  (24)   y-ca      d&lt;yo      l?</item>
    <item id="o2" line="758" tag="G">         1SG-see picture PTCL</item>
    <item id="o3" line="759" tag="T+AC">         `I'm looking at a picture' (p. 39)</item>
  </tier>
  <tier id="c" type="odin-clean">
    <item id="c1" line="757" tag="L">y-ca      d&lt;yo      l?</item>
    <item id="c2" line="758" tag="G">1SG-see picture PTCL</item>
    <item id="c3" line="759" tag="T+AC">I'm looking at a picture' (p. 39)</item>
  </tier>
  <tier id="p" type="phrases" content="c">
    <item id="p0" content="c1[0:22]"/>
  </tier>
  <tier id="g" type="glosses" content="c">
    <item id="g0" content="c2[0:20]" alignment="p1"/>
  </tier>
  <tier id="t" type="translations" content="c">
    <item id="t0" content="c3[0:33]" alignment="p1"/>
  </tier>
</igt>
<igt id="i115522">
  <metadata type="xigt-meta">
    <meta type="language" name="bwe karen" iso-639-3="bwe" tiers="phrases words morphemes"/>
    <meta type="language" name="English" iso-639-3="eng" tiers="translations"/>
    <meta type="odin-source" doc-id="3380" line-range="765-767" line-types="L G T+AC"/>
  </metadata>
  <tier id="o" type="odin-raw">
    <item id="o1" line="765" tag="L">  (25)   y-?         Îó London</item>
    <item id="o2" line="766" tag="G">         1SG-live LOC London</item>
    <item id="o3" line="767" tag="T+AC">         `I live in London' (Henderson 1997: 417)</item>
  </tier>
  <tier id="c" type="odin-clean">
    <item id="c1" line="765" tag="L">y-?         Îó London</item>
    <item id="c2" line="766" tag="G">1SG-live LOC London</item>
    <item id="c3" line="767" tag="T+AC">I live in London' (Henderson 1997: 417)</item>
  </tier>
  <tier id="p" type="phrases" content="c">
    <item id="p0" content="c1[0:21]"/>
  </tier>
  <tier id="g" type="glosses" content="c">
    <item id="g0" content="c2[0:19]" alignment="p1"/>
  </tier>
  <tier id="t" type="translations" content="c">
    <item id="t0" content="c3[0:39]" alignment="p1"/>
  </tier>
</igt>
<igt id="i115523">
  <metadata type="xigt-meta">
    <meta type="language" name="bwe karen" iso-639-3="bwe" tiers="phrases words morphemes"/>
    <meta type="language" name="English" iso-639-3="eng" tiers="translations"/>
    <meta type="odin-source" doc-id="3380" line-range="772-774" line-types="L G T+AC"/>
  </metadata>
  <tier id="o" type="odin-raw">
    <item id="o1" line="772" tag="L">  (26)   y-bØoed?    m?    y-c&lt;        ie-nu     l&lt;m&lt;oe th?</item>
    <item id="o2" line="773" tag="G">         1SG-think COMP 1SG-book CLSFR-that lost PERF</item>
    <item id="o3" line="774" tag="T+AC">         `I thought that my book was lost' (Henderson 1997: 379)</item>
  </tier>
  <tier id="c" type="odin-clean">
    <item id="c1" line="772" tag="L">y-bØoed?    m?    y-c&lt;        ie-nu     l&lt;m&lt;oe th?</item>
    <item id="c2" line="773" tag="G">1SG-think COMP 1SG-book CLSFR-that lost PERF</item>
    <item id="c3" line="774" tag="T+AC">I thought that my book was lost' (Henderson 1997: 379)</item>
  </tier>
  <tier id="p" type="phrases" content="c">
    <item id="p0" content="c1[0:50]"/>
  </tier>
  <tier id="g" type="glosses" content="c">
    <item id="g0" content="c2[0:44]" alignment="p1"/>
  </tier>
  <tier id="t" type="translations" content="c">
    <item id="t0" content="c3[0:54]" alignment="p1"/>
  </tier>
</igt>
<igt id="i115524">
  <metadata type="xigt-meta">
    <meta type="language" name="bwe karen" iso-639-3="bwe" tiers="phrases words morphemes"/>
    <meta type="language" name="English" iso-639-3="eng" tiers="translations"/>
    <meta type="odin-source" doc-id="3380" line-range="778-781" line-types="L G+CR G+CR T+AC"/>
  </metadata>
  <tier id="o" type="odin-raw">
    <item id="o1" line="778" tag="L">  (27)   y-kh?    ge        k?   y-d&lt;-m&lt;          w?       l?</item>
    <item id="o2" line="779" tag="G+CR">                   go.back when 1SG-NOMIN-do complete DECL</item>
    <item id="o3" line="780" tag="G+CR">         1SG-FUT</item>
    <item id="o4" line="781" tag="T+AC">         `I shall go back when my work is done' (Henderson 1997: 395)</item>
  </tier>
  <tier id="c" type="odin-clean">
    <item id="c1" line="778" tag="L">y-kh?    ge        k?   y-d&lt;-m&lt;          w?       l?</item>
    <item id="c2" line="779 780" tag="G+CR">1SG-FUT   go.back when 1SG-NOMIN-do complete DECL</item>
    <item id="c4" line="781" tag="T+AC">I shall go back when my work is done' (Henderson 1997: 395)</item>
  </tier>
  <tier id="p" type="phrases" content="c">
    <item id="p0" content="c1[0:52]"/>
  </tier>
  <tier id="g" type="glosses" content="c">
    <item id="g0" content="c2[0:49]" alignment="p1"/>
  </tier>
  <tier id="t" type="translations" content="c">
    <item id="t0" content="c4[0:59]" alignment="p1"/>
  </tier>
</igt>
<igt id="i115525">
  <metadata type="xigt-meta">
    <meta type="language" name="bwe karen" iso-639-3="bwe" tiers="phrases words morphemes"/>
    <meta type="language" name="English" iso-639-3="eng" tiers="translations"/>
    <meta type="odin-source" doc-id="3380" line-range="785-788" line-types="L G M+SY T+AC"/>
  </metadata>
  <tier id="o" type="odin-raw">
    <item id="o1" line="785" tag="L">  (28)   g-?       pw?      ...</item>
    <item id="o2" line="786" tag="G">         1PL-die    quickly</item>
    <item id="o3" line="787" tag="M+SY">           V        Adv</item>
    <item id="o4" line="788" tag="T+AC">         `we die   quickly' (Henderson 1997: 187)</item>
  </tier>
  <tier id="c" type="odin-clean">
    <item id="c1" line="785" tag="L">g-?       pw?      ...</item>
    <item id="c2" line="786" tag="G">1PL-die    quickly</item>
    <item id="c3" line="787" tag="M+SY">V        Adv</item>
    <item id="c4" line="788" tag="T+AC">we die   quickly' (Henderson 1997: 187)</item>
  </tier>
  <tier id="p" type="phrases" content="c">
    <item id="p0" content="c1[0:22]"/>
  </tier>
  <tier id="g" type="glosses" content="c">
    <item id="g0" content="c2[0:18]" alignment="p1"/>
  </tier>
  <tier id="t" type="translations" content="c">
    <item id="t0" content="c4[0:39]" alignment="p1"/>
  </tier>
</igt>
<igt id="i115526">
  <metadata type="xigt-meta">
    <meta type="language" name="bwe karen" iso-639-3="bwe" tiers="phrases words morphemes"/>
    <meta type="language" name="English" iso-639-3="eng" tiers="translations"/>
    <meta type="odin-source" doc-id="3380" line-range="792-795" line-types="L G M+SY T+AC"/>
  </metadata>
  <tier id="o" type="odin-raw">
    <item id="o1" line="792" tag="L">  (29)   c-ÎØ     m ?j-kh?p h ?m?n?</item>
    <item id="o2" line="793" tag="G">         3-say    be 3-FUT take what</item>
    <item id="o3" line="794" tag="M+SY">                       Aux      V</item>
    <item id="o4" line="795" tag="T+AC">         `what did he way he would take?' (Henderson 1997: 187)</item>
  </tier>
  <tier id="c" type="odin-clean">
    <item id="c1" line="792" tag="L">c-ÎØ     m ?j-kh?p h ?m?n?</item>
    <item id="c2" line="793" tag="G">3-say    be 3-FUT take what</item>
    <item id="c3" line="794" tag="M+SY">Aux      V</item>
    <item id="c4" line="795" tag="T+AC">what did he way he would take?' (Henderson 1997: 187)</item>
  </tier>
  <tier id="p" type="phrases" content="c">
    <item id="p0" content="c1[0:26]"/>
  </tier>
  <tier id="g" type="glosses" content="c">
    <item id="g0" content="c2[0:27]" alignment="p1"/>
  </tier>
  <tier id="t" type="translations" content="c">
    <item id="t0" content="c4[0:53]" alignment="p1"/>
  </tier>
</igt>
<igt id="i115527">
  <metadata type="xigt-meta">
    <meta type="language" name="bwe karen" iso-639-3="bwe" tiers="phrases words morphemes"/>
    <meta type="language" name="English" iso-639-3="eng" tiers="translations"/>
    <meta type="odin-source" doc-id="3380" line-range="802-805" line-types="L G M+SY T+AC"/>
  </metadata>
  <tier id="o" type="odin-raw">
    <item id="o1" line="802" tag="L">  (30)    y-pa          m ?o khwi r?         l?</item>
    <item id="o2" line="803" tag="G">          1SG-father    be doctor              DECL</item>
    <item id="o3" line="804" tag="M+SY">                      Cop      Pred</item>
    <item id="o4" line="805" tag="T+AC">          `my father is a doctor' (Henderson 1997: 240)</item>
  </tier>
  <tier id="c" type="odin-clean">
    <item id="c1" line="802" tag="L">y-pa          m ?o khwi r?         l?</item>
    <item id="c2" line="803" tag="G">1SG-father    be doctor              DECL</item>
    <item id="c3" line="804" tag="M+SY">Cop      Pred</item>
    <item id="c4" line="805" tag="T+AC">my father is a doctor' (Henderson 1997: 240)</item>
  </tier>
  <tier id="p" type="phrases" content="c">
    <item id="p0" content="c1[0:37]"/>
  </tier>
  <tier id="g" type="glosses" content="c">
    <item id="g0" content="c2[0:41]" alignment="p1"/>
  </tier>
  <tier id="t" type="translations" content="c">
    <item id="t0" content="c4[0:44]" alignment="p1"/>
  </tier>
</igt>
<igt id="i115528">
  <metadata type="xigt-meta">
    <meta type="language" name="bwe karen" iso-639-3="bwe" tiers="phrases words morphemes"/>
    <meta type="language" name="English" iso-639-3="eng" tiers="translations"/>
    <meta type="odin-source" doc-id="3380" line-range="811-813" line-types="L G T+AC"/>
  </metadata>
  <tier id="o" type="odin-raw">
    <item id="o1" line="811" tag="L">  (31)    n-Îé ?         kha l&lt;, y-kh??       k?</item>
    <item id="o2" line="812" tag="G">          2SG-if stay if           1SG-FUT stay then</item>
    <item id="o3" line="813" tag="T+AC">          `if you stay, I will stay' (Henderson 1997: 78)</item>
  </tier>
  <tier id="c" type="odin-clean">
    <item id="c1" line="811" tag="L">n-Îé ?         kha l&lt;, y-kh??       k?</item>
    <item id="c2" line="812" tag="G">2SG-if stay if           1SG-FUT stay then</item>
    <item id="c3" line="813" tag="T+AC">if you stay, I will stay' (Henderson 1997: 78)</item>
  </tier>
  <tier id="p" type="phrases" content="c">
    <item id="p0" content="c1[0:38]"/>
  </tier>
  <tier id="g" type="glosses" content="c">
    <item id="g0" content="c2[0:42]" alignment="p1"/>
  </tier>
  <tier id="t" type="translations" content="c">
    <item id="t0" content="c3[0:46]" alignment="p1"/>
  </tier>
</igt>
<igt id="i115529">
  <metadata type="xigt-meta">
    <meta type="language" name="bwe karen" iso-639-3="bwe" tiers="phrases words morphemes"/>
    <meta type="language" name="English" iso-639-3="eng" tiers="translations"/>
    <meta type="odin-source" doc-id="3380" line-range="818-820" line-types="L G T+AC"/>
  </metadata>
  <tier id="o" type="odin-raw">
    <item id="o1" line="818" tag="L">  (32)    a.    y-le      ja   pw'&lt;</item>
    <item id="o2" line="819" tag="G">                1SG-go able certainly</item>
    <item id="o3" line="820" tag="T+AC">                `I can go' (Henderson 1997: 142)</item>
  </tier>
  <tier id="c" type="odin-clean">
    <item id="c1" line="818" tag="L">y-le      ja   pw'&lt;</item>
    <item id="c2" line="819" tag="G">1SG-go able certainly</item>
    <item id="c3" line="820" tag="T+AC">I can go' (Henderson 1997: 142)</item>
  </tier>
  <tier id="p" type="phrases" content="c">
    <item id="p0" content="c1[0:19]"/>
  </tier>
  <tier id="g" type="glosses" content="c">
    <item id="g0" content="c2[0:21]" alignment="p1"/>
  </tier>
  <tier id="t" type="translations" content="c">
    <item id="t0" content="c3[0:31]" alignment="p1"/>
  </tier>
</igt>
<igt id="i115530">
  <metadata type="xigt-meta">
    <meta type="language" name="bwe karen" iso-639-3="bwe" tiers="phrases words morphemes"/>
    <meta type="language" name="English" iso-639-3="eng" tiers="translations"/>
    <meta type="odin-source" doc-id="3380" line-range="822-824" line-types="L G T+AC"/>
  </metadata>
  <tier id="o" type="odin-raw">
    <item id="o1" line="822" tag="L">          b.    k-pwa       ph?       Îó        -khách?         d-ja-n?</item>
    <item id="o2" line="823" tag="G">                1PL-build granary village POSS'D-near NEG-able-NEG</item>
    <item id="o3" line="824" tag="T+AC">                `we can't build our granaries close to the village' (Henderson 1997: 142)</item>
  </tier>
  <tier id="c" type="odin-clean">
    <item id="c1" line="822" tag="L">k-pwa       ph?       Îó-khách?         d-ja-n?</item>
    <item id="c2" line="823" tag="G">1PL-build granary village POSS'D-near NEG-able-NEG</item>
    <item id="c3" line="824" tag="T+AC">we can't build our granaries close to the village' (Henderson 1997: 142)</item>
  </tier>
  <tier id="p" type="phrases" content="c">
    <item id="p0" content="c1[0:47]"/>
  </tier>
  <tier id="g" type="glosses" content="c">
    <item id="g0" content="c2[0:50]" alignment="p1"/>
  </tier>
  <tier id="t" type="translations" content="c">
    <item id="t0" content="c3[0:72]" alignment="p1"/>
  </tier>
</igt>
<igt id="i115534">
  <metadata type="xigt-meta">
    <meta type="language" name="bwe karen" iso-639-3="bwe" tiers="phrases words morphemes"/>
    <meta type="language" name="English" iso-639-3="eng" tiers="translations"/>
    <meta type="odin-source" doc-id="3380" line-range="864-868" line-types="M+LN B L G T+AC"/>
  </metadata>
  <tier id="o" type="odin-raw">
    <item id="o1" line="864" tag="M+LN">  (35)   a.    Bwe Karen</item>
    <item id="o2" line="865" tag="B"></item>
    <item id="o3" line="866" tag="L">               bòm?-hi</item>
    <item id="o4" line="867" tag="G">               girl       POSS'D-house</item>
    <item id="o5" line="868" tag="T+AC">               `the girl's house' (Henderson 1997: 24)</item>
  </tier>
  <tier id="c" type="odin-clean">
    <item id="c1" line="864" tag="M+LN">Bwe Karen</item>
    <item id="c2" line="865" tag="B"/>
    <item id="c3" line="866" tag="L">bòm?-hi</item>
    <item id="c4" line="867" tag="G">girl       POSS'D-house</item>
    <item id="c5" line="868" tag="T+AC">the girl's house' (Henderson 1997: 24)</item>
  </tier>
  <tier id="p" type="phrases" content="c">
    <item id="p0" content="c3[0:7]"/>
  </tier>
  <tier id="g" type="glosses" content="c">
    <item id="g0" content="c4[0:23]" alignment="p1"/>
  </tier>
  <tier id="t" type="translations" content="c">
    <item id="t0" content="c5[0:38]" alignment="p1"/>
  </tier>
</igt>
<igt id="i115536">
  <metadata type="xigt-meta">
    <meta type="language" name="bwe karen" iso-639-3="bwe" tiers="phrases words morphemes"/>
    <meta type="language" name="English" iso-639-3="eng" tiers="translations"/>
    <meta type="odin-source" doc-id="3380" line-range="890-892" line-types="L G T+AC"/>
  </metadata>
  <tier id="o" type="odin-raw">
    <item id="o1" line="890" tag="L">  (36)   a.   hi      -Îo</item>
    <item id="o2" line="891" tag="G">              house NOMIN-big</item>
    <item id="o3" line="892" tag="T+AC">              `big houses' (Henderson 1997: 297)</item>
  </tier>
  <tier id="c" type="odin-clean">
    <item id="c1" line="890" tag="L">hi-Îo</item>
    <item id="c2" line="891" tag="G">house NOMIN-big</item>
    <item id="c3" line="892" tag="T+AC">big houses' (Henderson 1997: 297)</item>
  </tier>
  <tier id="p" type="phrases" content="c">
    <item id="p0" content="c1[0:5]"/>
  </tier>
  <tier id="g" type="glosses" content="c">
    <item id="g0" content="c2[0:15]" alignment="p1"/>
  </tier>
  <tier id="t" type="translations" content="c">
    <item id="t0" content="c3[0:33]" alignment="p1"/>
  </tier>
</igt>
<igt id="i115537">
  <metadata type="xigt-meta">
    <meta type="language" name="bwe karen" iso-639-3="bwe" tiers="phrases words morphemes"/>
    <meta type="language" name="English" iso-639-3="eng" tiers="translations"/>
    <meta type="odin-source" doc-id="3380" line-range="894-896" line-types="L G T+AC"/>
  </metadata>
  <tier id="o" type="odin-raw">
    <item id="o1" line="894" tag="L">         b.   pho     bw&lt;-nu</item>
    <item id="o2" line="895" tag="G">              child CLSFR-that</item>
    <item id="o3" line="896" tag="T+AC">              `that child' (Henderson 1997: 14)</item>
  </tier>
  <tier id="c" type="odin-clean">
    <item id="c1" line="894" tag="L">pho     bw&lt;-nu</item>
    <item id="c2" line="895" tag="G">child CLSFR-that</item>
    <item id="c3" line="896" tag="T+AC">that child' (Henderson 1997: 14)</item>
  </tier>
  <tier id="p" type="phrases" content="c">
    <item id="p0" content="c1[0:14]"/>
  </tier>
  <tier id="g" type="glosses" content="c">
    <item id="g0" content="c2[0:16]" alignment="p1"/>
  </tier>
  <tier id="t" type="translations" content="c">
    <item id="t0" content="c3[0:32]" alignment="p1"/>
  </tier>
</igt>
<igt id="i115538">
  <metadata type="xigt-meta">
    <meta type="language" name="bwe karen" iso-639-3="bwe" tiers="phrases words morphemes"/>
    <meta type="language" name="English" iso-639-3="eng" tiers="translations"/>
    <meta type="odin-source" doc-id="3380" line-range="898-900" line-types="L G T+AC"/>
  </metadata>
  <tier id="o" type="odin-raw">
    <item id="o1" line="898" tag="L">         c.   bya       nw?? i    ?     ?    d-bw&lt;</item>
    <item id="o2" line="899" tag="G">              person    seven ten three pair one-CLSFR</item>
    <item id="o3" line="900" tag="T+AC">              `seventy-seven men' (Henderson 1997: 266)</item>
  </tier>
  <tier id="c" type="odin-clean">
    <item id="c1" line="898" tag="L">bya       nw?? i    ?     ?    d-bw&lt;</item>
    <item id="c2" line="899" tag="G">person    seven ten three pair one-CLSFR</item>
    <item id="c3" line="900" tag="T+AC">seventy-seven men' (Henderson 1997: 266)</item>
  </tier>
  <tier id="p" type="phrases" content="c">
    <item id="p0" content="c1[0:36]"/>
  </tier>
  <tier id="g" type="glosses" content="c">
    <item id="g0" content="c2[0:40]" alignment="p1"/>
  </tier>
  <tier id="t" type="translations" content="c">
    <item id="t0" content="c3[0:40]" alignment="p1"/>
  </tier>
</igt>
<igt id="i115539">
  <metadata type="xigt-meta">
    <meta type="language" name="bwe karen" iso-639-3="bwe" tiers="phrases words morphemes"/>
    <meta type="language" name="English" iso-639-3="eng" tiers="translations"/>
    <meta type="odin-source" doc-id="3380" line-range="902-905" line-types="L G M+SY T+AC"/>
  </metadata>
  <tier id="o" type="odin-raw">
    <item id="o1" line="902" tag="L">         d.   ÍÔÎi [Îó c-?y&lt;]          m&lt;-yo</item>
    <item id="o2" line="903" tag="G">              egg REL 3-give-1SG        CLSFR-this</item>
    <item id="o3" line="904" tag="M+SY">                N           Rel</item>
    <item id="o4" line="905" tag="T+AC">              `the egg he gave me' (Henderson 1997: 86)</item>
  </tier>
  <tier id="c" type="odin-clean">
    <item id="c1" line="902" tag="L">ÍÔÎi [Îó c-?y&lt;]          m&lt;-yo</item>
    <item id="c2" line="903" tag="G">egg REL 3-give-1SG        CLSFR-this</item>
    <item id="c3" line="904" tag="M+SY">N           Rel</item>
    <item id="c4" line="905" tag="T+AC">the egg he gave me' (Henderson 1997: 86)</item>
  </tier>
  <tier id="p" type="phrases" content="c">
    <item id="p0" content="c1[0:30]"/>
  </tier>
  <tier id="g" type="glosses" content="c">
    <item id="g0" content="c2[0:36]" alignment="p1"/>
  </tier>
  <tier id="t" type="translations" content="c">
    <item id="t0" content="c4[0:40]" alignment="p1"/>
  </tier>
</igt>
<igt id="i115608">
  <metadata type="xigt-meta">
    <meta type="language" name="bwe" iso-639-3="bwe" tiers="phrases words morphemes"/>
    <meta type="language" name="English" iso-639-3="eng" tiers="translations"/>
    <meta type="odin-source" doc-id="3380" line-range="2141-2145" line-types="M+LN B L G T+AC"/>
  </metadata>
  <tier id="o" type="odin-raw">
    <item id="o1" line="2141" tag="M+LN">  (80)   Bwe Karen</item>
    <item id="o2" line="2142" tag="B"></item>
    <item id="o3" line="2143" tag="L">         a.   abwe lèd?</item>
    <item id="o4" line="2144" tag="G">              old       most</item>
    <item id="o5" line="2145" tag="T+AC">              `oldest' (Henderson 1997: 84)</item>
  </tier>
  <tier id="c" type="odin-clean">
    <item id="c1" line="2141" tag="M+LN">Bwe Karen</item>
    <item id="c2" line="2142" tag="B"/>
    <item id="c3" line="2143" tag="L">abwe lèd?</item>
    <item id="c4" line="2144" tag="G">old       most</item>
    <item id="c5" line="2145" tag="T+AC">oldest' (Henderson 1997: 84)</item>
  </tier>
  <tier id="p" type="phrases" content="c">
    <item id="p0" content="c3[0:9]"/>
  </tier>
  <tier id="g" type="glosses" content="c">
    <item id="g0" content="c4[0:14]" alignment="p1"/>
  </tier>
  <tier id="t" type="translations" content="c">
    <item id="t0" content="c5[0:28]" alignment="p1"/>
  </tier>
</igt>
<igt id="i115609">
  <metadata type="xigt-meta">
    <meta type="language" name="bwe" iso-639-3="bwe" tiers="phrases words morphemes"/>
    <meta type="language" name="English" iso-639-3="eng" tiers="translations"/>
    <meta type="odin-source" doc-id="3380" line-range="2147-2149" line-types="L G T+AC"/>
  </metadata>
  <tier id="o" type="odin-raw">
    <item id="o1" line="2147" tag="L">         b.   w?          ?</item>
    <item id="o2" line="2148" tag="G">              beautiful very</item>
    <item id="o3" line="2149" tag="T+AC">              `very beautiful' (Henderson 1997: 130)</item>
  </tier>
  <tier id="c" type="odin-clean">
    <item id="c1" line="2147" tag="L">w?          ?</item>
    <item id="c2" line="2148" tag="G">beautiful very</item>
    <item id="c3" line="2149" tag="T+AC">very beautiful' (Henderson 1997: 130)</item>
  </tier>
  <tier id="p" type="phrases" content="c">
    <item id="p0" content="c1[0:13]"/>
  </tier>
  <tier id="g" type="glosses" content="c">
    <item id="g0" content="c2[0:14]" alignment="p1"/>
  </tier>
  <tier id="t" type="translations" content="c">
    <item id="t0" content="c3[0:37]" alignment="p1"/>
  </tier>
</igt>
<igt id="i115634">
  <metadata type="xigt-meta">
    <meta type="language" name="bwe" iso-639-3="bwe" tiers="phrases words morphemes"/>
    <meta type="language" name="English" iso-639-3="eng" tiers="translations"/>
    <meta type="odin-source" doc-id="3380" line-range="2531-2535" line-types="M+LN B L G T+AC"/>
  </metadata>
  <tier id="o" type="odin-raw">
    <item id="o1" line="2531" tag="M+LN">         b.   Bwe Karen</item>
    <item id="o2" line="2532" tag="B"></item>
    <item id="o3" line="2533" tag="L">              d&lt;      -mu               dl?yo      y-d-'&lt;            -mi                    n?</item>
    <item id="o4" line="2534" tag="G">              thing POSS'D-plant        PLUR-this   1SG-NEG-know      POSS'D-name            NEG</item>
    <item id="o5" line="2535" tag="T+AC">              `these plants, I don't know their names' (Henderson 1997: 247)</item>
  </tier>
  <tier id="c" type="odin-clean">
    <item id="c1" line="2531" tag="M+LN">Bwe Karen</item>
    <item id="c2" line="2532" tag="B"/>
    <item id="c3" line="2533" tag="L">d&lt;-mu               dl?yo      y-d-'&lt;-mi                    n?</item>
    <item id="c4" line="2534" tag="G">thing POSS'D-plant        PLUR-this   1SG-NEG-know      POSS'D-name            NEG</item>
    <item id="c5" line="2535" tag="T+AC">these plants, I don't know their names' (Henderson 1997: 247)</item>
  </tier>
  <tier id="p" type="phrases" content="c">
    <item id="p0" content="c3[0:62]"/>
  </tier>
  <tier id="g" type="glosses" content="c">
    <item id="g0" content="c4[0:82]" alignment="p1"/>
  </tier>
  <tier id="t" type="translations" content="c">
    <item id="t0" content="c5[0:61]" alignment="p1"/>
  </tier>
</igt>
</xigt-corpus>
