<?xml version="1.0" encoding="UTF-8"?>
<xigt-corpus>
<igt id="i41735">
  <metadata type="xigt-meta">
    <meta type="language" name="baniwa" iso-639-3="bwi" tiers="phrases words morphemes"/>
    <meta type="language" name="English" iso-639-3="eng" tiers="translations"/>
    <meta type="odin-source" doc-id="3503" line-range="1025-1028" line-types="M+LN L G T"/>
  </metadata>
  <tier id="o" type="odin-raw">
    <item id="o1" line="1025" tag="M+LN">  (30) Baniwa of Içana (North Arawak; Aikhenvald forthcoming)</item>
    <item id="o2" line="1026" tag="L">      na-inua-kawa</item>
    <item id="o3" line="1027" tag="G">      3PL-kill-REFL</item>
    <item id="o4" line="1028" tag="T">      (they) fought</item>
  </tier>
  <tier id="c" type="odin-clean">
    <item id="c1" line="1025" tag="M+LN">Baniwa of Içana (North Arawak; Aikhenvald forthcoming</item>
    <item id="c2" line="1026" tag="L">na-inua-kawa</item>
    <item id="c3" line="1027" tag="G">3PL-kill-REFL</item>
    <item id="c4" line="1028" tag="T">(they) fought</item>
  </tier>
  <tier id="p" type="phrases" content="c">
    <item id="p0" content="c2[0:12]"/>
  </tier>
  <tier id="g" type="glosses" content="c">
    <item id="g0" content="c3[0:13]" alignment="p1"/>
  </tier>
  <tier id="t" type="translations" content="c">
    <item id="t0" content="c4[0:13]" alignment="p1"/>
  </tier>
</igt>
<igt id="i41736">
  <metadata type="xigt-meta">
    <meta type="language" name="baniwa" iso-639-3="bwi" tiers="phrases words morphemes"/>
    <meta type="language" name="English" iso-639-3="eng" tiers="translations"/>
    <meta type="odin-source" doc-id="3503" line-range="1029-1031" line-types="L G T"/>
  </metadata>
  <tier id="o" type="odin-raw">
    <item id="o1" line="1029" tag="L">      nu-takha-kawa-ka</item>
    <item id="o2" line="1030" tag="G">      1SG-cut-REFL-DECL</item>
    <item id="o3" line="1031" tag="T">      `I cut myself'</item>
  </tier>
  <tier id="c" type="odin-clean">
    <item id="c1" line="1029" tag="L">nu-takha-kawa-ka</item>
    <item id="c2" line="1030" tag="G">1SG-cut-REFL-DECL</item>
    <item id="c3" line="1031" tag="T">I cut myself</item>
  </tier>
  <tier id="p" type="phrases" content="c">
    <item id="p0" content="c1[0:16]"/>
  </tier>
  <tier id="g" type="glosses" content="c">
    <item id="g0" content="c2[0:17]" alignment="p1"/>
  </tier>
  <tier id="t" type="translations" content="c">
    <item id="t0" content="c3[0:12]" alignment="p1"/>
  </tier>
</igt>
</xigt-corpus>
