<?xml version="1.0" encoding="UTF-8"?>
<xigt-corpus>
<igt id="i63161">
  <metadata type="xigt-meta">
    <meta type="language" name="cakchiquel" iso-639-3="cak" tiers="phrases words morphemes"/>
    <meta type="language" name="English" iso-639-3="eng" tiers="translations"/>
    <meta type="odin-source" doc-id="2559" line-range="139-144" line-types="M+LN L G+CR G+CR T M+LN"/>
  </metadata>
  <tier id="o" type="odin-raw">
    <item id="o1" line="139" tag="M+LN">           Cakchiquel (Mayan):</item>
    <item id="o2" line="140" tag="L">           c.    s             in-                        b'an     pensar.</item>
    <item id="o3" line="141" tag="G+CR">                                                          do       think</item>
    <item id="o4" line="142" tag="G+CR">                    CO MPL             1SG.ERG</item>
    <item id="o5" line="143" tag="T">                    `I thought.'</item>
    <item id="o6" line="144" tag="M+LN">                    (Stenson 1998: 224)</item>
  </tier>
  <tier id="c" type="odin-clean">
    <item id="c1" line="139" tag="M+LN">Cakchiquel (Mayan):</item>
    <item id="c2" line="140" tag="L">s             in-b'an     pensar.</item>
    <item id="c3" line="141 142" tag="G+CR">CO MPL             1SG.ERG            do       think</item>
    <item id="c5" line="143" tag="T">I thought.</item>
    <item id="c6" line="144" tag="M+LN">224</item>
  </tier>
  <tier id="p" type="phrases" content="c">
    <item id="p0" content="c2[0:33]"/>
  </tier>
  <tier id="g" type="glosses" content="c">
    <item id="g0" content="c3[0:52]" alignment="p1"/>
  </tier>
  <tier id="t" type="translations" content="c">
    <item id="t0" content="c5[0:10]" alignment="p1"/>
  </tier>
</igt>
<igt id="i86304">
  <metadata type="xigt-meta">
    <meta type="language" name="kaqchikel" iso-639-3="cak" tiers="phrases words morphemes"/>
    <meta type="language" name="English" iso-639-3="eng" tiers="translations"/>
    <meta type="odin-source" doc-id="308" line-range="9222-9224" line-types="L+LN+SY G T+AC"/>
  </metadata>
  <tier id="o" type="odin-raw">
    <item id="o1" line="9222" tag="L+LN+SY">         (22) X-u-b'a          ru-tz'i' ri ala' rija'.                  VSO (Kaqchikel)</item>
    <item id="o2" line="9223" tag="G">                com-3E-bite 3E-dog det bo y him</item>
    <item id="o3" line="9224" tag="T+AC">                The boyi's dog bit him*i/j.                             Broadwell 2000</item>
  </tier>
  <tier id="c" type="odin-clean">
    <item id="c1" line="9222" tag="L+LN+SY">X-u-b'a          ru-tz'i' ri ala' rija'.                  VSO (Kaqchikel</item>
    <item id="c2" line="9223" tag="G">com-3E-bite 3E-dog det bo y him</item>
    <item id="c3" line="9224" tag="T+AC">The boyi's dog bit him*i/j.                             Broadwell 2000</item>
  </tier>
  <tier id="p" type="phrases" content="c">
    <item id="p0" content="c1[0:72]"/>
  </tier>
  <tier id="g" type="glosses" content="c">
    <item id="g0" content="c2[0:31]" alignment="p1"/>
  </tier>
  <tier id="t" type="translations" content="c">
    <item id="t0" content="c3[0:70]" alignment="p1"/>
  </tier>
</igt>
<igt id="i86305">
  <metadata type="xigt-meta">
    <meta type="language" name="kaqchikel" iso-639-3="cak" tiers="phrases words morphemes"/>
    <meta type="language" name="English" iso-639-3="eng" tiers="translations"/>
    <meta type="odin-source" doc-id="308" line-range="9242-9244" line-types="L+LN+SY G T+AC"/>
  </metadata>
  <tier id="o" type="odin-raw">
    <item id="o1" line="9242" tag="L+LN+SY">          (23) Ja ri a Juan x-tij-o                    wä'y.             SVafO (Kaqchikel)</item>
    <item id="o2" line="9243" tag="G">                  foc det Mr. Juan com-eat-AF tortilla</item>
    <item id="o3" line="9244" tag="T+AC">                  It was Juan who ate the tortilla.                      Broadwell 2000</item>
  </tier>
  <tier id="c" type="odin-clean">
    <item id="c1" line="9242" tag="L+LN+SY">Ja ri a Juan x-tij-o                    wä'y.             SVafO (Kaqchikel</item>
    <item id="c2" line="9243" tag="G">foc det Mr. Juan com-eat-AF tortilla</item>
    <item id="c3" line="9244" tag="T+AC">It was Juan who ate the tortilla.                      Broadwell 2000</item>
  </tier>
  <tier id="p" type="phrases" content="c">
    <item id="p0" content="c1[0:74]"/>
  </tier>
  <tier id="g" type="glosses" content="c">
    <item id="g0" content="c2[0:36]" alignment="p1"/>
  </tier>
  <tier id="t" type="translations" content="c">
    <item id="t0" content="c3[0:69]" alignment="p1"/>
  </tier>
</igt>
<igt id="i86324">
  <metadata type="xigt-meta">
    <meta type="language" name="kaqchikel" iso-639-3="cak" tiers="phrases words morphemes"/>
    <meta type="language" name="English" iso-639-3="eng" tiers="translations"/>
    <meta type="odin-source" doc-id="308" line-range="9521-9523" line-types="L+LN+CN G T"/>
  </metadata>
  <tier id="o" type="odin-raw">
    <item id="o1" line="9521" tag="L+LN+CN">         (40) Ja ri a Ramón man jun wä'y x-u-tij.                       SOV (Kaqchikel)</item>
    <item id="o2" line="9522" tag="G">                  con the cl Ramon neg one tortilla com-3E-eat</item>
    <item id="o3" line="9523" tag="T">                  It was Ramón who ate no tortillas.                    RKC: 1:82</item>
  </tier>
  <tier id="c" type="odin-clean">
    <item id="c1" line="9521" tag="L+LN+CN">Ja ri a Ramón man jun wä'y x-u-tij.                       SOV (Kaqchikel</item>
    <item id="c2" line="9522" tag="G">con the cl Ramon neg one tortilla com-3E-eat</item>
    <item id="c3" line="9523" tag="T">It was Ramón who ate no tortillas.                    RKC: 1:82</item>
  </tier>
  <tier id="p" type="phrases" content="c">
    <item id="p0" content="c1[0:72]"/>
  </tier>
  <tier id="g" type="glosses" content="c">
    <item id="g0" content="c2[0:44]" alignment="p1"/>
  </tier>
  <tier id="t" type="translations" content="c">
    <item id="t0" content="c3[0:63]" alignment="p1"/>
  </tier>
</igt>
<igt id="i86325">
  <metadata type="xigt-meta">
    <meta type="language" name="kaqchikel" iso-639-3="cak" tiers="phrases words morphemes"/>
    <meta type="language" name="English" iso-639-3="eng" tiers="translations"/>
    <meta type="odin-source" doc-id="308" line-range="9526-9528" line-types="L G T+AC"/>
  </metadata>
  <tier id="o" type="odin-raw">
    <item id="o1" line="9526" tag="L">       (41)     *Man jun wä'y ja ri a Ramon x-u-tij.</item>
    <item id="o2" line="9527" tag="G">                  neg one tortilla con the cl Ramon com-3sErg-eat</item>
    <item id="o3" line="9528" tag="T+AC">                  *(It was Ramon who ate no tortillas.)      Broadwell:17</item>
  </tier>
  <tier id="c" type="odin-clean">
    <item id="c1" line="9526" tag="L">*Man jun wä'y ja ri a Ramon x-u-tij.</item>
    <item id="c2" line="9527" tag="G">neg one tortilla con the cl Ramon com-3sErg-eat</item>
    <item id="c3" line="9528" tag="T+AC">*(It was Ramon who ate no tortillas.)      Broadwell:17</item>
  </tier>
  <tier id="p" type="phrases" content="c">
    <item id="p0" content="c1[0:36]"/>
  </tier>
  <tier id="g" type="glosses" content="c">
    <item id="g0" content="c2[0:47]" alignment="p1"/>
  </tier>
  <tier id="t" type="translations" content="c">
    <item id="t0" content="c3[0:55]" alignment="p1"/>
  </tier>
</igt>
<igt id="i86335">
  <metadata type="xigt-meta">
    <meta type="language" name="kaqchikel" iso-639-3="cak" tiers="phrases words morphemes"/>
    <meta type="language" name="English" iso-639-3="eng" tiers="translations"/>
    <meta type="odin-source" doc-id="308" line-range="9737-9738" line-types="L+CN T"/>
  </metadata>
  <tier id="o" type="odin-raw">
    <item id="o1" line="9737" tag="L+CN">        (48) *Jun tz'i' x-uu-tz'et ta Mari'y.                        *SVO</item>
    <item id="o2" line="9738" tag="T">                 (*A dog saw Maria./ Maria saw a dog.)</item>
  </tier>
  <tier id="c" type="odin-clean">
    <item id="c1" line="9737" tag="L+CN">*Jun tz'i' x-uu-tz'et ta Mari'y.                        *SVO</item>
    <item id="c2" line="9738" tag="T">*A dog saw Maria./ Maria saw a dog.</item>
  </tier>
  <tier id="p" type="phrases" content="c">
    <item id="p0" content="c1[0:60]"/>
  </tier>
  <tier id="t" type="translations" content="c">
    <item id="t0" content="c2[0:35]" alignment="p1"/>
  </tier>
</igt>
<igt id="i86336">
  <metadata type="xigt-meta">
    <meta type="language" name="kaqchikel" iso-639-3="cak" tiers="phrases words morphemes"/>
    <meta type="language" name="English" iso-639-3="eng" tiers="translations"/>
    <meta type="odin-source" doc-id="308" line-range="9742-9743" line-types="L+CN T"/>
  </metadata>
  <tier id="o" type="odin-raw">
    <item id="o1" line="9742" tag="L+CN">         (49) *Jun mix x-u-tz'et jun tz'i'.                             *SVO</item>
    <item id="o2" line="9743" tag="T">                   (*A cat saw a dog.)</item>
  </tier>
  <tier id="c" type="odin-clean">
    <item id="c1" line="9742" tag="L+CN">*Jun mix x-u-tz'et jun tz'i'.                             *SVO</item>
    <item id="c2" line="9743" tag="T">*A cat saw a dog.</item>
  </tier>
  <tier id="p" type="phrases" content="c">
    <item id="p0" content="c1[0:62]"/>
  </tier>
  <tier id="t" type="translations" content="c">
    <item id="t0" content="c2[0:17]" alignment="p1"/>
  </tier>
</igt>
<igt id="i86337">
  <metadata type="xigt-meta">
    <meta type="language" name="kaqchikel" iso-639-3="cak" tiers="phrases words morphemes"/>
    <meta type="language" name="English" iso-639-3="eng" tiers="translations"/>
    <meta type="odin-source" doc-id="308" line-range="9752-9754" line-types="L+CN G T"/>
  </metadata>
  <tier id="o" type="odin-raw">
    <item id="o1" line="9752" tag="L+CN">          (50) Jun miix x-tz'et-ow-i ja tz'i'.                     SVafO</item>
    <item id="o2" line="9753" tag="G">                  det cat com-see-AF det dog</item>
    <item id="o3" line="9754" tag="T">                  A cat saw the dog.</item>
  </tier>
  <tier id="c" type="odin-clean">
    <item id="c1" line="9752" tag="L+CN">Jun miix x-tz'et-ow-i ja tz'i'.                     SVafO</item>
    <item id="c2" line="9753" tag="G">det cat com-see-AF det dog</item>
    <item id="c3" line="9754" tag="T">A cat saw the dog.</item>
  </tier>
  <tier id="p" type="phrases" content="c">
    <item id="p0" content="c1[0:57]"/>
  </tier>
  <tier id="g" type="glosses" content="c">
    <item id="g0" content="c2[0:26]" alignment="p1"/>
  </tier>
  <tier id="t" type="translations" content="c">
    <item id="t0" content="c3[0:18]" alignment="p1"/>
  </tier>
</igt>
<igt id="i86338">
  <metadata type="xigt-meta">
    <meta type="language" name="kaqchikel" iso-639-3="cak" tiers="phrases words morphemes"/>
    <meta type="language" name="English" iso-639-3="eng" tiers="translations"/>
    <meta type="odin-source" doc-id="308" line-range="9759-9761" line-types="L+CN G T"/>
  </metadata>
  <tier id="o" type="odin-raw">
    <item id="o1" line="9759" tag="L+CN">          (51) Ja masaat          jun aachi x-k'axan-in.                    OSVaf</item>
    <item id="o2" line="9760" tag="G">                   det deer       det man com-hear-AF</item>
    <item id="o3" line="9761" tag="T">                   The deer, a   man heard./A man heard the deer.</item>
  </tier>
  <tier id="c" type="odin-clean">
    <item id="c1" line="9759" tag="L+CN">Ja masaat          jun aachi x-k'axan-in.                    OSVaf</item>
    <item id="c2" line="9760" tag="G">det deer       det man com-hear-AF</item>
    <item id="c3" line="9761" tag="T">The deer, a   man heard./A man heard the deer.</item>
  </tier>
  <tier id="p" type="phrases" content="c">
    <item id="p0" content="c1[0:66]"/>
  </tier>
  <tier id="g" type="glosses" content="c">
    <item id="g0" content="c2[0:34]" alignment="p1"/>
  </tier>
  <tier id="t" type="translations" content="c">
    <item id="t0" content="c3[0:46]" alignment="p1"/>
  </tier>
</igt>
<igt id="i107847">
  <metadata type="xigt-meta">
    <meta type="language" name="kaqchikel" iso-639-3="cak" tiers="phrases words morphemes"/>
    <meta type="language" name="English" iso-639-3="eng" tiers="translations"/>
    <meta type="odin-source" doc-id="915" line-range="1004-1007" line-types="L G B T"/>
  </metadata>
  <tier id="o" type="odin-raw">
    <item id="o1" line="1004" tag="L">          64)     Ri a Juan x-u-tz'et      ri tz'i' chuxe' ri ch'akaj.</item>
    <item id="o2" line="1005" tag="G">                  the cl Juan com-3sE-see the dog under the table</item>
    <item id="o3" line="1006" tag="B"></item>
    <item id="o4" line="1007" tag="T">                  `Juan saw the dog under the table.'</item>
  </tier>
  <tier id="c" type="odin-clean">
    <item id="c1" line="1004" tag="L">Ri a Juan x-u-tz'et      ri tz'i' chuxe' ri ch'akaj.</item>
    <item id="c2" line="1005" tag="G">the cl Juan com-3sE-see the dog under the table</item>
    <item id="c3" line="1006" tag="B"/>
    <item id="c4" line="1007" tag="T">Juan saw the dog under the table.</item>
  </tier>
  <tier id="p" type="phrases" content="c">
    <item id="p0" content="c1[0:52]"/>
  </tier>
  <tier id="g" type="glosses" content="c">
    <item id="g0" content="c2[0:47]" alignment="p1"/>
  </tier>
  <tier id="t" type="translations" content="c">
    <item id="t0" content="c4[0:33]" alignment="p1"/>
  </tier>
</igt>
<igt id="i107848">
  <metadata type="xigt-meta">
    <meta type="language" name="kaqchikel" iso-639-3="cak" tiers="phrases words morphemes"/>
    <meta type="language" name="English" iso-639-3="eng" tiers="translations"/>
    <meta type="odin-source" doc-id="915" line-range="1013-1016" line-types="L G B T"/>
  </metadata>
  <tier id="o" type="odin-raw">
    <item id="o1" line="1013" tag="L">          65)     Ri a Juan x-u-tz'et      ri ru-tata'    ri xta Maria.</item>
    <item id="o2" line="1014" tag="G">                  the cl Juan com-3sE-see the 3sE-father the cl Maria</item>
    <item id="o3" line="1015" tag="B"></item>
    <item id="o4" line="1016" tag="T">                  `Juan saw Maria's father.'</item>
  </tier>
  <tier id="c" type="odin-clean">
    <item id="c1" line="1013" tag="L">Ri a Juan x-u-tz'et      ri ru-tata'    ri xta Maria.</item>
    <item id="c2" line="1014" tag="G">the cl Juan com-3sE-see the 3sE-father the cl Maria</item>
    <item id="c3" line="1015" tag="B"/>
    <item id="c4" line="1016" tag="T">Juan saw Maria's father.</item>
  </tier>
  <tier id="p" type="phrases" content="c">
    <item id="p0" content="c1[0:53]"/>
  </tier>
  <tier id="g" type="glosses" content="c">
    <item id="g0" content="c2[0:51]" alignment="p1"/>
  </tier>
  <tier id="t" type="translations" content="c">
    <item id="t0" content="c4[0:24]" alignment="p1"/>
  </tier>
</igt>
<igt id="i107849">
  <metadata type="xigt-meta">
    <meta type="language" name="kaqchikel" iso-639-3="cak" tiers="phrases words morphemes"/>
    <meta type="language" name="English" iso-639-3="eng" tiers="translations"/>
    <meta type="odin-source" doc-id="915" line-range="1021-1024" line-types="L G B T"/>
  </metadata>
  <tier id="o" type="odin-raw">
    <item id="o1" line="1021" tag="L">          66)     ¿Choj chuxe' x-u-tz'et (wi) ri a Juan ri tz'i'?</item>
    <item id="o2" line="1022" tag="G">                   What under com-3sE-see (loc) the cl Juan the dog</item>
    <item id="o3" line="1023" tag="B"></item>
    <item id="o4" line="1024" tag="T">                  `What did Juan see the dog under?'</item>
  </tier>
  <tier id="c" type="odin-clean">
    <item id="c1" line="1021" tag="L">¿Choj chuxe' x-u-tz'et (wi) ri a Juan ri tz'i'?</item>
    <item id="c2" line="1022" tag="G">What under com-3sE-see (loc) the cl Juan the dog</item>
    <item id="c3" line="1023" tag="B"/>
    <item id="c4" line="1024" tag="T">What did Juan see the dog under?</item>
  </tier>
  <tier id="p" type="phrases" content="c">
    <item id="p0" content="c1[0:47]"/>
  </tier>
  <tier id="g" type="glosses" content="c">
    <item id="g0" content="c2[0:48]" alignment="p1"/>
  </tier>
  <tier id="t" type="translations" content="c">
    <item id="t0" content="c4[0:32]" alignment="p1"/>
  </tier>
</igt>
<igt id="i107850">
  <metadata type="xigt-meta">
    <meta type="language" name="kaqchikel" iso-639-3="cak" tiers="phrases words morphemes"/>
    <meta type="language" name="English" iso-639-3="eng" tiers="translations"/>
    <meta type="odin-source" doc-id="915" line-range="1026-1027" line-types="L+CN G"/>
  </metadata>
  <tier id="o" type="odin-raw">
    <item id="o1" line="1026" tag="L+CN">                  *¿Chuxe' x-u-tz'et (wi) ri a Juan ri tz'i' chuxe'?                 *P-stranding</item>
    <item id="o2" line="1027" tag="G">                    What com-3sE-see (loc) the cl Juan the dog under</item>
  </tier>
  <tier id="c" type="odin-clean">
    <item id="c1" line="1026" tag="L+CN">*¿Chuxe' x-u-tz'et (wi) ri a Juan ri tz'i' chuxe'?                 *P-stranding</item>
    <item id="c2" line="1027" tag="G">What com-3sE-see (loc) the cl Juan the dog under</item>
  </tier>
  <tier id="p" type="phrases" content="c">
    <item id="p0" content="c1[0:79]"/>
  </tier>
  <tier id="g" type="glosses" content="c">
    <item id="g0" content="c2[0:48]" alignment="p1"/>
  </tier>
</igt>
<igt id="i107851">
  <metadata type="xigt-meta">
    <meta type="language" name="kaqchikel" iso-639-3="cak" tiers="phrases words morphemes"/>
    <meta type="language" name="English" iso-639-3="eng" tiers="translations"/>
    <meta type="odin-source" doc-id="915" line-range="1029-1030" line-types="L+CN G"/>
  </metadata>
  <tier id="o" type="odin-raw">
    <item id="o1" line="1029" tag="L+CN">                  *¿Chuxe' choj x-u-tz'et (wi) ri a Juan ri tz'i'?                   *PP w/o inversion</item>
    <item id="o2" line="1030" tag="G">                     under what com-3sE-see (loc) the cl Juan the dog</item>
  </tier>
  <tier id="c" type="odin-clean">
    <item id="c1" line="1029" tag="L+CN">*¿Chuxe' choj x-u-tz'et (wi) ri a Juan ri tz'i'?                   *PP w/o inversion</item>
    <item id="c2" line="1030" tag="G">under what com-3sE-see (loc) the cl Juan the dog</item>
  </tier>
  <tier id="p" type="phrases" content="c">
    <item id="p0" content="c1[0:84]"/>
  </tier>
  <tier id="g" type="glosses" content="c">
    <item id="g0" content="c2[0:48]" alignment="p1"/>
  </tier>
</igt>
<igt id="i107852">
  <metadata type="xigt-meta">
    <meta type="language" name="kaqchikel" iso-639-3="cak" tiers="phrases words morphemes"/>
    <meta type="language" name="English" iso-639-3="eng" tiers="translations"/>
    <meta type="odin-source" doc-id="915" line-range="1054-1057" line-types="L G B T"/>
  </metadata>
  <tier id="o" type="odin-raw">
    <item id="o1" line="1054" tag="L">         67)       ¿Choj tata' x-u-tz'et    ri a Juan?</item>
    <item id="o2" line="1055" tag="G">                    who father com-3sE-see the cl Juan</item>
    <item id="o3" line="1056" tag="B"></item>
    <item id="o4" line="1057" tag="T">                   `Whose father did Ju an see?'</item>
  </tier>
  <tier id="c" type="odin-clean">
    <item id="c1" line="1054" tag="L">¿Choj tata' x-u-tz'et    ri a Juan?</item>
    <item id="c2" line="1055" tag="G">who father com-3sE-see the cl Juan</item>
    <item id="c3" line="1056" tag="B"/>
    <item id="c4" line="1057" tag="T">Whose father did Ju an see?</item>
  </tier>
  <tier id="p" type="phrases" content="c">
    <item id="p0" content="c1[0:35]"/>
  </tier>
  <tier id="g" type="glosses" content="c">
    <item id="g0" content="c2[0:34]" alignment="p1"/>
  </tier>
  <tier id="t" type="translations" content="c">
    <item id="t0" content="c4[0:27]" alignment="p1"/>
  </tier>
</igt>
<igt id="i107853">
  <metadata type="xigt-meta">
    <meta type="language" name="kaqchikel" iso-639-3="cak" tiers="phrases words morphemes"/>
    <meta type="language" name="English" iso-639-3="eng" tiers="translations"/>
    <meta type="odin-source" doc-id="915" line-range="1062-1065" line-types="L+CN G B T"/>
  </metadata>
  <tier id="o" type="odin-raw">
    <item id="o1" line="1062" tag="L+CN">               *¿Choj x-u-tz'et ri a Juan tata'?                                 *N-stranding</item>
    <item id="o2" line="1063" tag="G">                 who com-3sE-see the cl Juan father</item>
    <item id="o3" line="1064" tag="B"></item>
    <item id="o4" line="1065" tag="T">                   `Whose father did Ju an see?'</item>
  </tier>
  <tier id="c" type="odin-clean">
    <item id="c1" line="1062" tag="L+CN">*¿Choj x-u-tz'et ri a Juan tata'?                                 *N-stranding</item>
    <item id="c2" line="1063" tag="G">who com-3sE-see the cl Juan father</item>
    <item id="c3" line="1064" tag="B"/>
    <item id="c4" line="1065" tag="T">Whose father did Ju an see?</item>
  </tier>
  <tier id="p" type="phrases" content="c">
    <item id="p0" content="c1[0:78]"/>
  </tier>
  <tier id="g" type="glosses" content="c">
    <item id="g0" content="c2[0:34]" alignment="p1"/>
  </tier>
  <tier id="t" type="translations" content="c">
    <item id="t0" content="c4[0:27]" alignment="p1"/>
  </tier>
</igt>
<igt id="i107854">
  <metadata type="xigt-meta">
    <meta type="language" name="kaqchikel" iso-639-3="cak" tiers="phrases words morphemes"/>
    <meta type="language" name="English" iso-639-3="eng" tiers="translations"/>
    <meta type="odin-source" doc-id="915" line-range="1070-1073" line-types="L G B T"/>
  </metadata>
  <tier id="o" type="odin-raw">
    <item id="o1" line="1070" tag="L">         68)       Ri a Juan      x-u-tz'et    ri tz'i' chuxe' ri ru-ch'akaj ri a Pedro.</item>
    <item id="o2" line="1071" tag="G">                   the cl Juan    com-3sE-saw the dog under the 3sE-table the cl Pedro</item>
    <item id="o3" line="1072" tag="B"></item>
    <item id="o4" line="1073" tag="T">                   `Juan saw the dog under Pedro's table.'</item>
  </tier>
  <tier id="c" type="odin-clean">
    <item id="c1" line="1070" tag="L">Ri a Juan      x-u-tz'et    ri tz'i' chuxe' ri ru-ch'akaj ri a Pedro.</item>
    <item id="c2" line="1071" tag="G">the cl Juan    com-3sE-saw the dog under the 3sE-table the cl Pedro</item>
    <item id="c3" line="1072" tag="B"/>
    <item id="c4" line="1073" tag="T">Juan saw the dog under Pedro's table.</item>
  </tier>
  <tier id="p" type="phrases" content="c">
    <item id="p0" content="c1[0:69]"/>
  </tier>
  <tier id="g" type="glosses" content="c">
    <item id="g0" content="c2[0:67]" alignment="p1"/>
  </tier>
  <tier id="t" type="translations" content="c">
    <item id="t0" content="c4[0:37]" alignment="p1"/>
  </tier>
</igt>
<igt id="i107855">
  <metadata type="xigt-meta">
    <meta type="language" name="kaqchikel" iso-639-3="cak" tiers="phrases words morphemes"/>
    <meta type="language" name="English" iso-639-3="eng" tiers="translations"/>
    <meta type="odin-source" doc-id="915" line-range="1075-1078" line-types="L+CN G B T"/>
  </metadata>
  <tier id="o" type="odin-raw">
    <item id="o1" line="1075" tag="L+CN">         69)       *¿Choj ch'akaj chuxe' x-u-tz'et ri tz'i' ri a Juan?           double inversion</item>
    <item id="o2" line="1076" tag="G">                      who table under com-3sE-see the dog the cl Juan</item>
    <item id="o3" line="1077" tag="B"></item>
    <item id="o4" line="1078" tag="T">                   `Whose table did Juan see the dog under?'</item>
  </tier>
  <tier id="c" type="odin-clean">
    <item id="c1" line="1075" tag="L+CN">*¿Choj ch'akaj chuxe' x-u-tz'et ri tz'i' ri a Juan?           double inversion</item>
    <item id="c2" line="1076" tag="G">who table under com-3sE-see the dog the cl Juan</item>
    <item id="c3" line="1077" tag="B"/>
    <item id="c4" line="1078" tag="T">Whose table did Juan see the dog under?</item>
  </tier>
  <tier id="p" type="phrases" content="c">
    <item id="p0" content="c1[0:78]"/>
  </tier>
  <tier id="g" type="glosses" content="c">
    <item id="g0" content="c2[0:47]" alignment="p1"/>
  </tier>
  <tier id="t" type="translations" content="c">
    <item id="t0" content="c4[0:39]" alignment="p1"/>
  </tier>
</igt>
<igt id="i107856">
  <metadata type="xigt-meta">
    <meta type="language" name="kaqchikel" iso-639-3="cak" tiers="phrases words morphemes"/>
    <meta type="language" name="English" iso-639-3="eng" tiers="translations"/>
    <meta type="odin-source" doc-id="915" line-range="1082-1085" line-types="L+CN G B T"/>
  </metadata>
  <tier id="o" type="odin-raw">
    <item id="o1" line="1082" tag="L+CN">         70)       ¿Choj chuxe' ch'akaj x-u-tz'et (wi) ri tz'i' ri a Jua n?      disconnected</item>
    <item id="o2" line="1083" tag="G">                    who under table com-3sE-see (loc) the dog the cl Juan</item>
    <item id="o3" line="1084" tag="B"></item>
    <item id="o4" line="1085" tag="T">                   `Whose table did Juan see the dog under?'</item>
  </tier>
  <tier id="c" type="odin-clean">
    <item id="c1" line="1082" tag="L+CN">¿Choj chuxe' ch'akaj x-u-tz'et (wi) ri tz'i' ri a Jua n?      disconnected</item>
    <item id="c2" line="1083" tag="G">who under table com-3sE-see (loc) the dog the cl Juan</item>
    <item id="c3" line="1084" tag="B"/>
    <item id="c4" line="1085" tag="T">Whose table did Juan see the dog under?</item>
  </tier>
  <tier id="p" type="phrases" content="c">
    <item id="p0" content="c1[0:74]"/>
  </tier>
  <tier id="g" type="glosses" content="c">
    <item id="g0" content="c2[0:53]" alignment="p1"/>
  </tier>
  <tier id="t" type="translations" content="c">
    <item id="t0" content="c4[0:39]" alignment="p1"/>
  </tier>
</igt>
<igt id="i107857">
  <metadata type="xigt-meta">
    <meta type="language" name="kaqchikel" iso-639-3="cak" tiers="phrases words morphemes"/>
    <meta type="language" name="English" iso-639-3="eng" tiers="translations"/>
    <meta type="odin-source" doc-id="915" line-range="1087-1088" line-types="L+CN G"/>
  </metadata>
  <tier id="o" type="odin-raw">
    <item id="o1" line="1087" tag="L+CN">                   *¿Chuxe' choj ch'akaj x-u-tz'et ri tz'i' ri a Juan?           lower inversion</item>
    <item id="o2" line="1088" tag="G">                      under who table com-3sE-see the dog the cl Juan</item>
  </tier>
  <tier id="c" type="odin-clean">
    <item id="c1" line="1087" tag="L+CN">*¿Chuxe' choj ch'akaj x-u-tz'et ri tz'i' ri a Juan?           lower inversion</item>
    <item id="c2" line="1088" tag="G">under who table com-3sE-see the dog the cl Juan</item>
  </tier>
  <tier id="p" type="phrases" content="c">
    <item id="p0" content="c1[0:77]"/>
  </tier>
  <tier id="g" type="glosses" content="c">
    <item id="g0" content="c2[0:47]" alignment="p1"/>
  </tier>
</igt>
<igt id="i108950">
  <metadata type="xigt-meta">
    <meta type="language" name="cakchiquel" iso-639-3="cak" tiers="phrases words morphemes"/>
    <meta type="language" name="English" iso-639-3="eng" tiers="translations"/>
    <meta type="odin-source" doc-id="942" line-range="668-670" line-types="L G T"/>
  </metadata>
  <tier id="o" type="odin-raw">
    <item id="o1" line="668" tag="L">         (43)    a.     ya riox-ri ri s - qu - cap - o rie</item>
    <item id="o2" line="669" tag="G">                        Cop we-dem Rel Asp -1pAbs- catch-Foc.ap them</item>
    <item id="o3" line="670" tag="T">                        `It was we who caught them.'</item>
  </tier>
  <tier id="c" type="odin-clean">
    <item id="c1" line="668" tag="L">ya riox-ri ri s-qu-cap-o rie</item>
    <item id="c2" line="669" tag="G">Cop we-dem Rel Asp-1pAbs-catch-Foc.ap them</item>
    <item id="c3" line="670" tag="T">It was we who caught them.</item>
  </tier>
  <tier id="p" type="phrases" content="c">
    <item id="p0" content="c1[0:28]"/>
  </tier>
  <tier id="g" type="glosses" content="c">
    <item id="g0" content="c2[0:42]" alignment="p1"/>
  </tier>
  <tier id="t" type="translations" content="c">
    <item id="t0" content="c3[0:26]" alignment="p1"/>
  </tier>
</igt>
<igt id="i108951">
  <metadata type="xigt-meta">
    <meta type="language" name="cakchiquel" iso-639-3="cak" tiers="phrases words morphemes"/>
    <meta type="language" name="English" iso-639-3="eng" tiers="translations"/>
    <meta type="odin-source" doc-id="942" line-range="671-673" line-types="L G T"/>
  </metadata>
  <tier id="o" type="odin-raw">
    <item id="o1" line="671" tag="L">                 b.     riox ri s - qu - cap - o rie</item>
    <item id="o2" line="672" tag="G">                        we Rel Asp-1pAbs- catch-foc.ap them</item>
    <item id="o3" line="673" tag="T">                        `we who caught them...'</item>
  </tier>
  <tier id="c" type="odin-clean">
    <item id="c1" line="671" tag="L">riox ri s-qu-cap-o rie</item>
    <item id="c2" line="672" tag="G">we Rel Asp-1pAbs-catch-foc.ap them</item>
    <item id="c3" line="673" tag="T">we who caught them...</item>
  </tier>
  <tier id="p" type="phrases" content="c">
    <item id="p0" content="c1[0:22]"/>
  </tier>
  <tier id="g" type="glosses" content="c">
    <item id="g0" content="c2[0:34]" alignment="p1"/>
  </tier>
  <tier id="t" type="translations" content="c">
    <item id="t0" content="c3[0:21]" alignment="p1"/>
  </tier>
</igt>
<igt id="i108952">
  <metadata type="xigt-meta">
    <meta type="language" name="cakchiquel" iso-639-3="cak" tiers="phrases words morphemes"/>
    <meta type="language" name="English" iso-639-3="eng" tiers="translations"/>
    <meta type="odin-source" doc-id="942" line-range="674-676" line-types="L G T"/>
  </metadata>
  <tier id="o" type="odin-raw">
    <item id="o1" line="674" tag="L">                 c.     rIt   s - Ø - a -bix ci riox s - e - qa - cap                 rie</item>
    <item id="o2" line="675" tag="G">                        you Asp-3sAbs-2sErg-say that we Asp-3pAbs-1pErg-catch         them</item>
    <item id="o3" line="676" tag="T">                        `You said that we caught them.'</item>
  </tier>
  <tier id="c" type="odin-clean">
    <item id="c1" line="674" tag="L">rIt   s-Ø-a-bix ci riox s-e-qa-cap                 rie</item>
    <item id="c2" line="675" tag="G">you Asp-3sAbs-2sErg-say that we Asp-3pAbs-1pErg-catch         them</item>
    <item id="c3" line="676" tag="T">You said that we caught them.</item>
  </tier>
  <tier id="p" type="phrases" content="c">
    <item id="p0" content="c1[0:54]"/>
  </tier>
  <tier id="g" type="glosses" content="c">
    <item id="g0" content="c2[0:66]" alignment="p1"/>
  </tier>
  <tier id="t" type="translations" content="c">
    <item id="t0" content="c3[0:29]" alignment="p1"/>
  </tier>
</igt>
</xigt-corpus>
