<?xml version="1.0" encoding="UTF-8"?>
<xigt-corpus>
<igt id="i6">
  <metadata type="xigt-meta">
    <meta type="language" name="carib" iso-639-3="car" tiers="phrases words morphemes"/>
    <meta type="language" name="English" iso-639-3="eng" tiers="translations"/>
    <meta type="odin-source" doc-id="2984" line-range="226-230" line-types="M+LN L+CR L+CR G T+AC"/>
  </metadata>
  <tier id="o" type="odin-raw">
    <item id="o1" line="226" tag="M+LN">     (6) CARIB [Carib] &lt; GUIANESE FRENCH CREOLE</item>
    <item id="o2" line="227" tag="L+CR">                    poko         man</item>
    <item id="o3" line="228" tag="L+CR">         pentiré</item>
    <item id="o4" line="229" tag="G">         paint      busy.with 3SG.COPULAR</item>
    <item id="o5" line="230" tag="T+AC">         `He is painting.' [GFC pentiré] (Renault-Lescure 2004: ex. 19)</item>
  </tier>
  <tier id="c" type="odin-clean">
    <item id="c1" line="226" tag="M+LN">CARIB [Carib] &lt; GUIANESE FRENCH CREOLE</item>
    <item id="c2" line="227 228" tag="L+CR">pentiré   poko         man</item>
    <item id="c4" line="229" tag="G">paint      busy.with 3SG.COPULAR</item>
    <item id="c5" line="230" tag="T+AC">He is painting.' [GFC pentiré] (Renault-Lescure 2004: ex. 19)</item>
  </tier>
  <tier id="p" type="phrases" content="c">
    <item id="p0" content="c2[0:26]"/>
  </tier>
  <tier id="g" type="glosses" content="c">
    <item id="g0" content="c4[0:32]" alignment="p1"/>
  </tier>
  <tier id="t" type="translations" content="c">
    <item id="t0" content="c5[0:61]" alignment="p1"/>
  </tier>
</igt>
<igt id="i11356">
  <metadata type="xigt-meta">
    <meta type="language" name="carib" iso-639-3="car" tiers="phrases words morphemes"/>
    <meta type="language" name="English" iso-639-3="eng" tiers="translations"/>
    <meta type="odin-source" doc-id="2469" line-range="225-228" line-types="M+LN+DB L G T+AC"/>
  </metadata>
  <tier id="o" type="odin-raw">
    <item id="o1" line="225" tag="M+LN+DB">        (6) CARIB [Carib] &lt; GUIANESE FRENCH CREOLE</item>
    <item id="o2" line="226" tag="L">            pentiré    poko         man</item>
    <item id="o3" line="227" tag="G">            paint      busy.with 3SG.COPULAR</item>
    <item id="o4" line="228" tag="T+AC">            `He is painting.' [GFC pentiré] (Renault-Lescure 2004: ex. 19)</item>
  </tier>
  <tier id="c" type="odin-clean">
    <item id="c1" line="225" tag="M+LN+DB">CARIB [Carib] &lt; GUIANESE FRENCH CREOLE</item>
    <item id="c2" line="226" tag="L">pentiré    poko         man</item>
    <item id="c3" line="227" tag="G">paint      busy.with 3SG.COPULAR</item>
    <item id="c4" line="228" tag="T+AC">He is painting.' [GFC pentiré] (Renault-Lescure 2004: ex. 19)</item>
  </tier>
  <tier id="p" type="phrases" content="c">
    <item id="p0" content="c2[0:27]"/>
  </tier>
  <tier id="g" type="glosses" content="c">
    <item id="g0" content="c3[0:32]" alignment="p1"/>
  </tier>
  <tier id="t" type="translations" content="c">
    <item id="t0" content="c4[0:61]" alignment="p1"/>
  </tier>
</igt>
<igt id="i14620">
  <metadata type="xigt-meta">
    <meta type="language" name="carib" iso-639-3="car" tiers="phrases words morphemes"/>
    <meta type="language" name="English" iso-639-3="eng" tiers="translations"/>
    <meta type="odin-source" doc-id="3533" line-range="1932-1935" line-types="M+AC L G T"/>
  </metadata>
  <tier id="o" type="odin-raw">
    <item id="o1" line="1932" tag="M+AC">                                              (Gildea 1994)</item>
    <item id="o2" line="1933" tag="L">  (8 1) si-kuupi-ya</item>
    <item id="o3" line="1934" tag="G">        1DIR-bathe-TNS</item>
    <item id="o4" line="1935" tag="T">        '1 bathe him.'</item>
  </tier>
  <tier id="c" type="odin-clean">
    <item id="c1" line="1932" tag="M+AC">Gildea 1994</item>
    <item id="c2" line="1933" tag="L">(8 1) si-kuupi-ya</item>
    <item id="c3" line="1934" tag="G">1DIR-bathe-TNS</item>
    <item id="c4" line="1935" tag="T">1 bathe him.</item>
  </tier>
  <tier id="p" type="phrases" content="c">
    <item id="p0" content="c2[0:17]"/>
  </tier>
  <tier id="g" type="glosses" content="c">
    <item id="g0" content="c3[0:14]" alignment="p1"/>
  </tier>
  <tier id="t" type="translations" content="c">
    <item id="t0" content="c4[0:12]" alignment="p1"/>
  </tier>
</igt>
<igt id="i14621">
  <metadata type="xigt-meta">
    <meta type="language" name="carib" iso-639-3="car" tiers="phrases words morphemes"/>
    <meta type="language" name="English" iso-639-3="eng" tiers="translations"/>
    <meta type="odin-source" doc-id="3533" line-range="1937-1939" line-types="L G T"/>
  </metadata>
  <tier id="o" type="odin-raw">
    <item id="o1" line="1937" tag="L">  (82) mi-kuupi-ya</item>
    <item id="o2" line="1938" tag="G">       2DIR-bathe-TNS</item>
    <item id="o3" line="1939" tag="T">       'You bathe him.'</item>
  </tier>
  <tier id="c" type="odin-clean">
    <item id="c1" line="1937" tag="L">mi-kuupi-ya</item>
    <item id="c2" line="1938" tag="G">2DIR-bathe-TNS</item>
    <item id="c3" line="1939" tag="T">You bathe him.</item>
  </tier>
  <tier id="p" type="phrases" content="c">
    <item id="p0" content="c1[0:11]"/>
  </tier>
  <tier id="g" type="glosses" content="c">
    <item id="g0" content="c2[0:14]" alignment="p1"/>
  </tier>
  <tier id="t" type="translations" content="c">
    <item id="t0" content="c3[0:14]" alignment="p1"/>
  </tier>
</igt>
<igt id="i14622">
  <metadata type="xigt-meta">
    <meta type="language" name="carib" iso-639-3="car" tiers="phrases words morphemes"/>
    <meta type="language" name="English" iso-639-3="eng" tiers="translations"/>
    <meta type="odin-source" doc-id="3533" line-range="1945-1947" line-types="L G T"/>
  </metadata>
  <tier id="o" type="odin-raw">
    <item id="o1" line="1945" tag="L">  (83) 0-kuupi-ya-ij</item>
    <item id="o2" line="1946" tag="G">       1INV-bathe-TNS-EVID</item>
    <item id="o3" line="1947" tag="T">       'He bathes me.'</item>
  </tier>
  <tier id="c" type="odin-clean">
    <item id="c1" line="1945" tag="L">0-kuupi-ya-ij</item>
    <item id="c2" line="1946" tag="G">1INV-bathe-TNS-EVID</item>
    <item id="c3" line="1947" tag="T">He bathes me.</item>
  </tier>
  <tier id="p" type="phrases" content="c">
    <item id="p0" content="c1[0:13]"/>
  </tier>
  <tier id="g" type="glosses" content="c">
    <item id="g0" content="c2[0:19]" alignment="p1"/>
  </tier>
  <tier id="t" type="translations" content="c">
    <item id="t0" content="c3[0:13]" alignment="p1"/>
  </tier>
</igt>
<igt id="i14623">
  <metadata type="xigt-meta">
    <meta type="language" name="carib" iso-639-3="car" tiers="phrases words morphemes"/>
    <meta type="language" name="English" iso-639-3="eng" tiers="translations"/>
    <meta type="odin-source" doc-id="3533" line-range="1949-1951" line-types="L G T"/>
  </metadata>
  <tier id="o" type="odin-raw">
    <item id="o1" line="1949" tag="L">  (84) a-kuupi-ya-ij</item>
    <item id="o2" line="1950" tag="G">       2INV-bathes-TNS-EViD</item>
    <item id="o3" line="1951" tag="T">       'He bathes you.'</item>
  </tier>
  <tier id="c" type="odin-clean">
    <item id="c1" line="1949" tag="L">a-kuupi-ya-ij</item>
    <item id="c2" line="1950" tag="G">2INV-bathes-TNS-EViD</item>
    <item id="c3" line="1951" tag="T">He bathes you.</item>
  </tier>
  <tier id="p" type="phrases" content="c">
    <item id="p0" content="c1[0:13]"/>
  </tier>
  <tier id="g" type="glosses" content="c">
    <item id="g0" content="c2[0:20]" alignment="p1"/>
  </tier>
  <tier id="t" type="translations" content="c">
    <item id="t0" content="c3[0:14]" alignment="p1"/>
  </tier>
</igt>
<igt id="i14624">
  <metadata type="xigt-meta">
    <meta type="language" name="carib" iso-639-3="car" tiers="phrases words morphemes"/>
    <meta type="language" name="English" iso-639-3="eng" tiers="translations"/>
    <meta type="odin-source" doc-id="3533" line-range="1961-1964" line-types="L G T T+AL"/>
  </metadata>
  <tier id="o" type="odin-raw">
    <item id="o1" line="1961" tag="L">  (85) kï-kuupi-ya</item>
    <item id="o2" line="1962" tag="G">       112-bathe-TNS</item>
    <item id="o3" line="1963" tag="T">       '1bathe you.'</item>
    <item id="o4" line="1964" tag="T+AL">       'You bathe me.'</item>
  </tier>
  <tier id="c" type="odin-clean">
    <item id="c1" line="1961" tag="L">kï-kuupi-ya</item>
    <item id="c2" line="1962" tag="G">112-bathe-TNS</item>
    <item id="c3" line="1963" tag="T">1bathe you.</item>
    <item id="c4" line="1964" tag="T+AL">You bathe me.</item>
  </tier>
  <tier id="p" type="phrases" content="c">
    <item id="p0" content="c1[0:11]"/>
  </tier>
  <tier id="g" type="glosses" content="c">
    <item id="g0" content="c2[0:13]" alignment="p1"/>
  </tier>
  <tier id="t" type="translations" content="c">
    <item id="t0" content="c3[0:11]" alignment="p1"/>
    <item id="t1" content="c4[0:13]" alignment="p1"/>
  </tier>
</igt>
<igt id="i14625">
  <metadata type="xigt-meta">
    <meta type="language" name="carib" iso-639-3="car" tiers="phrases words morphemes"/>
    <meta type="language" name="English" iso-639-3="eng" tiers="translations"/>
    <meta type="odin-source" doc-id="3533" line-range="1974-1976" line-types="L G T"/>
  </metadata>
  <tier id="o" type="odin-raw">
    <item id="o1" line="1974" tag="L">  (86) t-ï'me           0-kuupi-ya-Ij</item>
    <item id="o2" line="1975" tag="G">       3-REFL-child 3-bathe-TNS-EViD</item>
    <item id="o3" line="1976" tag="T">       'He bathes his own child.'</item>
  </tier>
  <tier id="c" type="odin-clean">
    <item id="c1" line="1974" tag="L">t-ï'me           0-kuupi-ya-Ij</item>
    <item id="c2" line="1975" tag="G">3-REFL-child 3-bathe-TNS-EViD</item>
    <item id="c3" line="1976" tag="T">He bathes his own child.</item>
  </tier>
  <tier id="p" type="phrases" content="c">
    <item id="p0" content="c1[0:30]"/>
  </tier>
  <tier id="g" type="glosses" content="c">
    <item id="g0" content="c2[0:29]" alignment="p1"/>
  </tier>
  <tier id="t" type="translations" content="c">
    <item id="t0" content="c3[0:24]" alignment="p1"/>
  </tier>
</igt>
<igt id="i14626">
  <metadata type="xigt-meta">
    <meta type="language" name="carib" iso-639-3="car" tiers="phrases words morphemes"/>
    <meta type="language" name="English" iso-639-3="eng" tiers="translations"/>
    <meta type="odin-source" doc-id="3533" line-range="1982-1984" line-types="L G T"/>
  </metadata>
  <tier id="o" type="odin-raw">
    <item id="o1" line="1982" tag="L">  (87) kï-nii-kuupi-ya-ij</item>
    <item id="o2" line="1983" tag="G">         EVID-3DIR-bathe-TNS-EVlD</item>
    <item id="o3" line="1984" tag="T">         'He bathes km.'</item>
  </tier>
  <tier id="c" type="odin-clean">
    <item id="c1" line="1982" tag="L">kï-nii-kuupi-ya-ij</item>
    <item id="c2" line="1983" tag="G">EVID-3DIR-bathe-TNS-EVlD</item>
    <item id="c3" line="1984" tag="T">He bathes km.</item>
  </tier>
  <tier id="p" type="phrases" content="c">
    <item id="p0" content="c1[0:18]"/>
  </tier>
  <tier id="g" type="glosses" content="c">
    <item id="g0" content="c2[0:24]" alignment="p1"/>
  </tier>
  <tier id="t" type="translations" content="c">
    <item id="t0" content="c3[0:13]" alignment="p1"/>
  </tier>
</igt>
<igt id="i14627">
  <metadata type="xigt-meta">
    <meta type="language" name="carib" iso-639-3="car" tiers="phrases words morphemes"/>
    <meta type="language" name="English" iso-639-3="eng" tiers="translations"/>
    <meta type="odin-source" doc-id="3533" line-range="1992-1997" line-types="L G B L G T"/>
  </metadata>
  <tier id="o" type="odin-raw">
    <item id="o1" line="1992" tag="L">  (88) am yaako               poore,        tï-emu?m&amp;i-ma</item>
    <item id="o2" line="1993" tag="G">       some then              '"w           ABS.NMLZR-fool-completely</item>
    <item id="o3" line="1994" tag="B"></item>
    <item id="o4" line="1995" tag="L">               i-?wa-ne maij</item>
    <item id="o5" line="1996" tag="G">               3-DAT-PL 3.COP</item>
    <item id="o6" line="1997" tag="T">               'At last at some time he was fooled by them.'</item>
  </tier>
  <tier id="c" type="odin-clean">
    <item id="c1" line="1992" tag="L">am yaako               poore,        tï-emu?m&amp;i-ma</item>
    <item id="c2" line="1993" tag="G">some then              '"w           ABS.NMLZR-fool-completely</item>
    <item id="c3" line="1994" tag="B"/>
    <item id="c4" line="1995" tag="L">i-?wa-ne maij</item>
    <item id="c5" line="1996" tag="G">3-DAT-PL 3.COP</item>
    <item id="c6" line="1997" tag="T">At last at some time he was fooled by them.</item>
  </tier>
  <tier id="p" type="phrases" content="c">
    <item id="p0" content="c1[0:50]"/>
    <item id="p1" content="c4[0:13]"/>
  </tier>
  <tier id="g" type="glosses" content="c">
    <item id="g0" content="c2[0:62]" alignment="p1"/>
    <item id="g1" content="c5[0:14]" alignment="p2"/>
  </tier>
  <tier id="t" type="translations" content="c">
    <item id="t0" content="c6[0:43]" alignment="p2"/>
  </tier>
</igt>
</xigt-corpus>
