<?xml version="1.0" encoding="UTF-8"?>
<xigt-corpus>
<igt id="i152640">
  <metadata type="xigt-meta">
    <meta type="language" name="carapana" iso-639-3="cbc" tiers="phrases words morphemes"/>
    <meta type="language" name="English" iso-639-3="eng" tiers="translations"/>
    <meta type="odin-source" doc-id="2753" line-range="546-552" line-types="M+AC+LN B L B G B T+EX"/>
  </metadata>
  <tier id="o" type="odin-raw">
    <item id="o1" line="546" tag="M+AC+LN">  (6)    a.      Carapana        (E. Tucanoan; Metzger 1981:34)</item>
    <item id="o2" line="547" tag="B"></item>
    <item id="o3" line="548" tag="L">                 pa-wõ</item>
    <item id="o4" line="549" tag="B"></item>
    <item id="o5" line="550" tag="G">                 work-3.SG.FEM.PAST</item>
    <item id="o6" line="551" tag="B"></item>
    <item id="o7" line="552" tag="T+EX">                 `She worked.'                                  (no evidential reading)</item>
  </tier>
  <tier id="c" type="odin-clean">
    <item id="c1" line="546" tag="M+AC+LN">a.      Carapana        (E. Tucanoan; Metzger 1981:34</item>
    <item id="c2" line="547" tag="B"/>
    <item id="c3" line="548" tag="L">pa-wõ</item>
    <item id="c4" line="549" tag="B"/>
    <item id="c5" line="550" tag="G">work-3.SG.FEM.PAST</item>
    <item id="c6" line="551" tag="B"/>
    <item id="c7" line="552" tag="T+EX">She worked.'                                  (no evidential reading)</item>
  </tier>
  <tier id="p" type="phrases" content="c">
    <item id="p0" content="c3[0:5]"/>
  </tier>
  <tier id="g" type="glosses" content="c">
    <item id="g0" content="c5[0:18]" alignment="p1"/>
  </tier>
  <tier id="t" type="translations" content="c">
    <item id="t0" content="c7[0:69]" alignment="p1"/>
  </tier>
</igt>
</xigt-corpus>
