<?xml version="1.0" encoding="UTF-8"?>
<xigt-corpus>
<igt id="i29672">
  <metadata type="xigt-meta">
    <meta type="language" name="chamicuro" iso-639-3="ccc" tiers="phrases words morphemes"/>
    <meta type="language" name="English" iso-639-3="eng" tiers="translations"/>
    <meta type="odin-source" doc-id="16.txt" line-range="204-207" line-types="L+CR L+CR G T+AC"/>
  </metadata>
  <tier id="o" type="odin-raw">
    <item id="o1" line="204" tag="L+CR">    (7)   I-nis-kana na camalo.</item>
    <item id="o2" line="205" tag="L+CR">                  ´         ´</item>
    <item id="o3" line="206" tag="G">          3-see-PL THE bat</item>
    <item id="o4" line="207" tag="T+AC">          `They see the bat.' (Parker 1999:552, ex. (2))</item>
  </tier>
  <tier id="c" type="odin-clean">
    <item id="c1" line="204" tag="L+CR">I-nis-kana na camalo.</item>
    <item id="c3" line="206" tag="G">3-see-PL THE bat</item>
    <item id="c4" line="207" tag="T+AC">They see the bat.' (Parker 1999:552, ex. (2))</item>
  </tier>
  <tier id="p" type="phrases" content="c">
    <item id="p0" content="c1[0:21]"/>
  </tier>
  <tier id="g" type="glosses" content="c">
    <item id="g0" content="c3[0:16]" alignment="p1"/>
  </tier>
  <tier id="t" type="translations" content="c">
    <item id="t0" content="c4[0:45]" alignment="p1"/>
  </tier>
</igt>
<igt id="i29673">
  <metadata type="xigt-meta">
    <meta type="language" name="chamicuro" iso-639-3="ccc" tiers="phrases words morphemes"/>
    <meta type="language" name="English" iso-639-3="eng" tiers="translations"/>
    <meta type="odin-source" doc-id="16.txt" line-range="208-212" line-types="L+CR L+CR L+CR G T+AC"/>
  </metadata>
  <tier id="o" type="odin-raw">
    <item id="o1" line="208" tag="L+CR">    (8)   Y-al´ ka</item>
    <item id="o2" line="209" tag="L+CR">               iyo               ke:ni.</item>
    <item id="o3" line="210" tag="L+CR">                                   ´</item>
    <item id="o4" line="211" tag="G">          3-fall THE(PAST) rain</item>
    <item id="o5" line="212" tag="T+AC">          `It rained' (the rain fell). (ibid., ex. (3))</item>
  </tier>
  <tier id="c" type="odin-clean">
    <item id="c1" line="208 210" tag="L+CR">Y-al´ ka                ´</item>
    <item id="c4" line="211" tag="G">3-fall THE(PAST) rain</item>
    <item id="c5" line="212" tag="T+AC">It rained' (the rain fell). (ibid., ex. (3))</item>
  </tier>
  <tier id="p" type="phrases" content="c">
    <item id="p0" content="c1[0:25]"/>
  </tier>
  <tier id="g" type="glosses" content="c">
    <item id="g0" content="c4[0:21]" alignment="p1"/>
  </tier>
  <tier id="t" type="translations" content="c">
    <item id="t0" content="c5[0:44]" alignment="p1"/>
  </tier>
</igt>
<igt id="i29674">
  <metadata type="xigt-meta">
    <meta type="language" name="chamicuro" iso-639-3="ccc" tiers="phrases words morphemes"/>
    <meta type="language" name="English" iso-639-3="eng" tiers="translations"/>
    <meta type="odin-source" doc-id="16.txt" line-range="213-217" line-types="L+CR L+CR L+CR G T+AC"/>
  </metadata>
  <tier id="o" type="odin-raw">
    <item id="o1" line="213" tag="L+CR">    (9)   U- -ye =na</item>
    <item id="o2" line="214" tag="L+CR">                 ´           Pampa Hermosa-sana.</item>
    <item id="o3" line="215" tag="L+CR">                               ´                 ´</item>
    <item id="o4" line="216" tag="G">          1-go-FUT=THE Pampa Hermosa-LOC</item>
    <item id="o5" line="217" tag="T+AC">          `I will go to Pampa Hermosa.' (ibid., p. 554 ex. (9))</item>
  </tier>
  <tier id="c" type="odin-clean">
    <item id="c1" line="213 215" tag="L+CR">U--ye =na           ´                 ´</item>
    <item id="c4" line="216" tag="G">1-go-FUT=THE Pampa Hermosa-LOC</item>
    <item id="c5" line="217" tag="T+AC">I will go to Pampa Hermosa.' (ibid., p. 554 ex. (9))</item>
  </tier>
  <tier id="p" type="phrases" content="c">
    <item id="p0" content="c1[0:39]"/>
  </tier>
  <tier id="g" type="glosses" content="c">
    <item id="g0" content="c4[0:30]" alignment="p1"/>
  </tier>
  <tier id="t" type="translations" content="c">
    <item id="t0" content="c5[0:52]" alignment="p1"/>
  </tier>
</igt>
<igt id="i29675">
  <metadata type="xigt-meta">
    <meta type="language" name="chamicuro" iso-639-3="ccc" tiers="phrases words morphemes"/>
    <meta type="language" name="English" iso-639-3="eng" tiers="translations"/>
    <meta type="odin-source" doc-id="16.txt" line-range="223-227" line-types="L+CR L+CR L+CR G T"/>
  </metadata>
  <tier id="o" type="odin-raw">
    <item id="o1" line="223" tag="L+CR">   (10)    a. P-askala t-´</item>
    <item id="o2" line="224" tag="L+CR">                         is=na camalo.</item>
    <item id="o3" line="225" tag="L+CR">                                 ´</item>
    <item id="o4" line="226" tag="G">              2-kill-2.PL=THE bat</item>
    <item id="o5" line="227" tag="T">              `You (plural) are killing the bat.</item>
  </tier>
  <tier id="c" type="odin-clean">
    <item id="c1" line="223 225" tag="L+CR">P-askala t-´      ´</item>
    <item id="c4" line="226" tag="G">2-kill-2.PL=THE bat</item>
    <item id="c5" line="227" tag="T">You (plural) are killing the bat.</item>
  </tier>
  <tier id="p" type="phrases" content="c">
    <item id="p0" content="c1[0:19]"/>
  </tier>
  <tier id="g" type="glosses" content="c">
    <item id="g0" content="c4[0:19]" alignment="p1"/>
  </tier>
  <tier id="t" type="translations" content="c">
    <item id="t0" content="c5[0:33]" alignment="p1"/>
  </tier>
</igt>
<igt id="i29676">
  <metadata type="xigt-meta">
    <meta type="language" name="chamicuro" iso-639-3="ccc" tiers="phrases words morphemes"/>
    <meta type="language" name="English" iso-639-3="eng" tiers="translations"/>
    <meta type="odin-source" doc-id="16.txt" line-range="228-232" line-types="L+CR L+CR L+CR G T+AC"/>
  </metadata>
  <tier id="o" type="odin-raw">
    <item id="o1" line="228" tag="L+CR">           b. P-askala t-´</item>
    <item id="o2" line="229" tag="L+CR">                         is=ka           camalo.</item>
    <item id="o3" line="230" tag="L+CR">                                         ´</item>
    <item id="o4" line="231" tag="G">              2-kill-2.PL=THE(PAST) bat</item>
    <item id="o5" line="232" tag="T+AC">              `You (plural) killed the bat.' (Parker 1999:553, ex. 7, 8)</item>
  </tier>
  <tier id="c" type="odin-clean">
    <item id="c1" line="228 230" tag="L+CR">P-askala t-´              ´</item>
    <item id="c4" line="231" tag="G">2-kill-2.PL=THE(PAST) bat</item>
    <item id="c5" line="232" tag="T+AC">You (plural) killed the bat.' (Parker 1999:553, ex. 7, 8)</item>
  </tier>
  <tier id="p" type="phrases" content="c">
    <item id="p0" content="c1[0:27]"/>
  </tier>
  <tier id="g" type="glosses" content="c">
    <item id="g0" content="c4[0:25]" alignment="p1"/>
  </tier>
  <tier id="t" type="translations" content="c">
    <item id="t0" content="c5[0:57]" alignment="p1"/>
  </tier>
</igt>
<igt id="i29677">
  <metadata type="xigt-meta">
    <meta type="language" name="chamicuro" iso-639-3="ccc" tiers="phrases words morphemes"/>
    <meta type="language" name="English" iso-639-3="eng" tiers="translations"/>
    <meta type="odin-source" doc-id="16.txt" line-range="238-241" line-types="L L G T+AC"/>
  </metadata>
  <tier id="o" type="odin-raw">
    <item id="o1" line="238" tag="L">   (11)    ana =na cmesona</item>
    <item id="o2" line="239" tag="L">              ´        ´</item>
    <item id="o3" line="240" tag="G">           this=THE man</item>
    <item id="o4" line="241" tag="T+AC">           `this man' (ibid., p. 554, ex. (13))</item>
  </tier>
  <tier id="c" type="odin-clean">
    <item id="c1" line="238" tag="L">ana =na cmesona</item>
    <item id="c2" line="239" tag="L">´        ´</item>
    <item id="c3" line="240" tag="G">this=THE man</item>
    <item id="c4" line="241" tag="T+AC">this man' (ibid., p. 554, ex. (13))</item>
  </tier>
  <tier id="p" type="phrases" content="c">
    <item id="p0" content="c1[0:15]"/>
    <item id="p1" content="c2[0:10]"/>
  </tier>
  <tier id="g" type="glosses" content="c">
    <item id="g0" content="c3[0:12]" alignment="p2"/>
  </tier>
  <tier id="t" type="translations" content="c">
    <item id="t0" content="c4[0:35]" alignment="p2"/>
  </tier>
</igt>
<igt id="i41386">
  <metadata type="xigt-meta">
    <meta type="language" name="chamicuro" iso-639-3="ccc" tiers="phrases words morphemes"/>
    <meta type="language" name="English" iso-639-3="eng" tiers="translations"/>
    <meta type="odin-source" doc-id="3510" line-range="659-662" line-types="L+CR L+CR G+CR T+AC"/>
  </metadata>
  <tier id="o" type="odin-raw">
    <item id="o1" line="659" tag="L+CR">   (48)     a. I-nis-kana na               camalo.</item>
    <item id="o2" line="660" tag="L+CR">                       ´                   ´</item>
    <item id="o3" line="661" tag="G+CR">               3-see-P L T H E ( N P S T ) bat</item>
    <item id="o4" line="662" tag="T+AC">               `They see the bat.' (Parker 1999:552, 2)</item>
  </tier>
  <tier id="c" type="odin-clean">
    <item id="c1" line="659" tag="L+CR">I-nis-kana na               camalo.</item>
    <item id="c3" line="661" tag="G+CR">3-see-P L T H E ( N P S T ) bat</item>
    <item id="c4" line="662" tag="T+AC">They see the bat.' (Parker 1999:552, 2)</item>
  </tier>
  <tier id="p" type="phrases" content="c">
    <item id="p0" content="c1[0:35]"/>
  </tier>
  <tier id="g" type="glosses" content="c">
    <item id="g0" content="c3[0:31]" alignment="p1"/>
  </tier>
  <tier id="t" type="translations" content="c">
    <item id="t0" content="c4[0:39]" alignment="p1"/>
  </tier>
</igt>
<igt id="i41387">
  <metadata type="xigt-meta">
    <meta type="language" name="chamicuro" iso-639-3="ccc" tiers="phrases words morphemes"/>
    <meta type="language" name="English" iso-639-3="eng" tiers="translations"/>
    <meta type="odin-source" doc-id="3510" line-range="663-667" line-types="L+CR L+CR L+CR G+CR T+AC"/>
  </metadata>
  <tier id="o" type="odin-raw">
    <item id="o1" line="663" tag="L+CR">            b. Y-al´ ka</item>
    <item id="o2" line="664" tag="L+CR">                    iyo                ke:ni.</item>
    <item id="o3" line="665" tag="L+CR">                                        ´</item>
    <item id="o4" line="666" tag="G+CR">               3-fall T H E ( PA S T ) rain</item>
    <item id="o5" line="667" tag="T+AC">               `It rained' (the rain fell). (ibid:552, 3)</item>
  </tier>
  <tier id="c" type="odin-clean">
    <item id="c1" line="663 665" tag="L+CR">Y-al´ ka                ´</item>
    <item id="c4" line="666" tag="G+CR">3-fall T H E ( PA S T ) rain</item>
    <item id="c5" line="667" tag="T+AC">It rained' (the rain fell). (ibid:552, 3)</item>
  </tier>
  <tier id="p" type="phrases" content="c">
    <item id="p0" content="c1[0:25]"/>
  </tier>
  <tier id="g" type="glosses" content="c">
    <item id="g0" content="c4[0:28]" alignment="p1"/>
  </tier>
  <tier id="t" type="translations" content="c">
    <item id="t0" content="c5[0:41]" alignment="p1"/>
  </tier>
</igt>
<igt id="i41388">
  <metadata type="xigt-meta">
    <meta type="language" name="chamicuro" iso-639-3="ccc" tiers="phrases words morphemes"/>
    <meta type="language" name="English" iso-639-3="eng" tiers="translations"/>
    <meta type="odin-source" doc-id="3510" line-range="677-682" line-types="L M M M G+CR T+AC"/>
  </metadata>
  <tier id="o" type="odin-raw">
    <item id="o1" line="677" tag="L">            c. U- -ye =na                     Pampa Hermosa-sana.</item>
    <item id="o2" line="678" tag="M">                                                            ´</item>
    <item id="o3" line="679" tag="M">                      ´                        ´</item>
    <item id="o4" line="680" tag="M">                    ©    ©</item>
    <item id="o5" line="681" tag="G+CR">               1-go-F U T = T H E ( N P S T ) Pampa Hermosa-L O C</item>
    <item id="o6" line="682" tag="T+AC">               `I will go to Pampa Hermosa.' (ibid:554, 9)</item>
  </tier>
  <tier id="c" type="odin-clean">
    <item id="c1" line="677" tag="L">U--ye =na                     Pampa Hermosa-sana.</item>
    <item id="c2" line="678" tag="M">´</item>
    <item id="c3" line="679" tag="M">´                        ´</item>
    <item id="c4" line="680" tag="M">©    ©</item>
    <item id="c5" line="681" tag="G+CR">1-go-F U T = T H E ( N P S T ) Pampa Hermosa-L O C</item>
    <item id="c6" line="682" tag="T+AC">I will go to Pampa Hermosa.' (ibid:554, 9)</item>
  </tier>
  <tier id="p" type="phrases" content="c">
    <item id="p0" content="c1[0:49]"/>
  </tier>
  <tier id="g" type="glosses" content="c">
    <item id="g0" content="c5[0:50]" alignment="p1"/>
  </tier>
  <tier id="t" type="translations" content="c">
    <item id="t0" content="c6[0:42]" alignment="p1"/>
  </tier>
</igt>
<igt id="i41389">
  <metadata type="xigt-meta">
    <meta type="language" name="chamicuro" iso-639-3="ccc" tiers="phrases words morphemes"/>
    <meta type="language" name="English" iso-639-3="eng" tiers="translations"/>
    <meta type="odin-source" doc-id="3510" line-range="688-693" line-types="L+CR L+CR L+CR M G+CR T"/>
  </metadata>
  <tier id="o" type="odin-raw">
    <item id="o1" line="688" tag="L+CR">   (49)     a. P-askala t-´</item>
    <item id="o2" line="689" tag="L+CR">                             is=na             camalo.</item>
    <item id="o3" line="690" tag="L+CR">                                               ´</item>
    <item id="o4" line="691" tag="M">                                 ©</item>
    <item id="o5" line="692" tag="G+CR">               2-kill-2.P L =T H E ( N P S T ) bat</item>
    <item id="o6" line="693" tag="T">               `You (plural) are killing the bat.'</item>
  </tier>
  <tier id="c" type="odin-clean">
    <item id="c1" line="688 689" tag="L+CR">P-askala t-´ is=na             camalo.</item>
    <item id="c4" line="691" tag="M">©</item>
    <item id="c5" line="692" tag="G+CR">2-kill-2.P L =T H E ( N P S T ) bat</item>
    <item id="c6" line="693" tag="T">You (plural) are killing the bat.</item>
  </tier>
  <tier id="p" type="phrases" content="c">
    <item id="p0" content="c1[0:38]"/>
  </tier>
  <tier id="g" type="glosses" content="c">
    <item id="g0" content="c5[0:35]" alignment="p1"/>
  </tier>
  <tier id="t" type="translations" content="c">
    <item id="t0" content="c6[0:33]" alignment="p1"/>
  </tier>
</igt>
<igt id="i41390">
  <metadata type="xigt-meta">
    <meta type="language" name="chamicuro" iso-639-3="ccc" tiers="phrases words morphemes"/>
    <meta type="language" name="English" iso-639-3="eng" tiers="translations"/>
    <meta type="odin-source" doc-id="3510" line-range="694-699" line-types="L+CR L+CR M M G+CR T+AC"/>
  </metadata>
  <tier id="o" type="odin-raw">
    <item id="o1" line="694" tag="L+CR">                                              camalo.</item>
    <item id="o2" line="695" tag="L+CR">            b. P-askala t-´  is=ka</item>
    <item id="o3" line="696" tag="M">                                              ´</item>
    <item id="o4" line="697" tag="M">                             ©</item>
    <item id="o5" line="698" tag="G+CR">               2-kill-2.P L =T H E ( PA S T ) bat</item>
    <item id="o6" line="699" tag="T+AC">               `You (plural) killed the bat.' (Parker 1999:553, 7,8)</item>
  </tier>
  <tier id="c" type="odin-clean">
    <item id="c1" line="694 695" tag="L+CR">P-askala t-´  is=ka           camalo.</item>
    <item id="c3" line="696" tag="M">´</item>
    <item id="c4" line="697" tag="M">©</item>
    <item id="c5" line="698" tag="G+CR">2-kill-2.P L =T H E ( PA S T ) bat</item>
    <item id="c6" line="699" tag="T+AC">You (plural) killed the bat.' (Parker 1999:553, 7,8)</item>
  </tier>
  <tier id="p" type="phrases" content="c">
    <item id="p0" content="c1[0:37]"/>
  </tier>
  <tier id="g" type="glosses" content="c">
    <item id="g0" content="c5[0:34]" alignment="p1"/>
  </tier>
  <tier id="t" type="translations" content="c">
    <item id="t0" content="c6[0:52]" alignment="p1"/>
  </tier>
</igt>
<igt id="i41391">
  <metadata type="xigt-meta">
    <meta type="language" name="chamicuro" iso-639-3="ccc" tiers="phrases words morphemes"/>
    <meta type="language" name="English" iso-639-3="eng" tiers="translations"/>
    <meta type="odin-source" doc-id="3510" line-range="710-714" line-types="L+CR L+CR M G+CR T+AC"/>
  </metadata>
  <tier id="o" type="odin-raw">
    <item id="o1" line="710" tag="L+CR">   (50)    ana =na                cmesona</item>
    <item id="o2" line="711" tag="L+CR">                                   ´</item>
    <item id="o3" line="712" tag="M">              ´ ©</item>
    <item id="o4" line="713" tag="G+CR">           this=T H E ( N P S T ) man</item>
    <item id="o5" line="714" tag="T+AC">           `this man' (ibid:554, 13)</item>
  </tier>
  <tier id="c" type="odin-clean">
    <item id="c1" line="710" tag="L+CR">ana =na                cmesona</item>
    <item id="c3" line="712" tag="M">´ ©</item>
    <item id="c4" line="713" tag="G+CR">this=T H E ( N P S T ) man</item>
    <item id="c5" line="714" tag="T+AC">this man' (ibid:554, 13)</item>
  </tier>
  <tier id="p" type="phrases" content="c">
    <item id="p0" content="c1[0:30]"/>
  </tier>
  <tier id="g" type="glosses" content="c">
    <item id="g0" content="c4[0:26]" alignment="p1"/>
  </tier>
  <tier id="t" type="translations" content="c">
    <item id="t0" content="c5[0:24]" alignment="p1"/>
  </tier>
</igt>
<igt id="i41392">
  <metadata type="xigt-meta">
    <meta type="language" name="chamicuro" iso-639-3="ccc" tiers="phrases words morphemes"/>
    <meta type="language" name="English" iso-639-3="eng" tiers="translations"/>
    <meta type="odin-source" doc-id="3510" line-range="715-721" line-types="L+CR L+CR L+CR M G+CR G+CR T+AC"/>
  </metadata>
  <tier id="o" type="odin-raw">
    <item id="o1" line="715" tag="L+CR">                                               ma pohta ka                     ma nali.</item>
    <item id="o2" line="716" tag="L+CR">   (51)    Y-ahkasamusta-wa ka</item>
    <item id="o3" line="717" tag="L+CR">                                                   ´                                ´</item>
    <item id="o4" line="718" tag="M">                           ´                         ©                           ©</item>
    <item id="o5" line="719" tag="G+CR">                              T H E ( PA S T ) two      THE (                ) jaguar</item>
    <item id="o6" line="720" tag="G+CR">           3-scare-1.O B J                                          PA S T</item>
    <item id="o7" line="721" tag="T+AC">           `The two jaguars scared me.' (ibid, 14)</item>
  </tier>
  <tier id="c" type="odin-clean">
    <item id="c1" line="715 716" tag="L+CR">Y-ahkasamusta-wa ka                 ma pohta ka                     ma nali.</item>
    <item id="c4" line="718" tag="M">´                         ©                           ©</item>
    <item id="c5" line="719 720" tag="G+CR">3-scare-1.O B J    T H E ( PA S T ) two      THE (       PA S T   ) jaguar</item>
    <item id="c7" line="721" tag="T+AC">The two jaguars scared me.' (ibid, 14)</item>
  </tier>
  <tier id="p" type="phrases" content="c">
    <item id="p0" content="c1[0:76]"/>
  </tier>
  <tier id="g" type="glosses" content="c">
    <item id="g0" content="c5[0:74]" alignment="p1"/>
  </tier>
  <tier id="t" type="translations" content="c">
    <item id="t0" content="c7[0:38]" alignment="p1"/>
  </tier>
</igt>
<igt id="i41393">
  <metadata type="xigt-meta">
    <meta type="language" name="chamicuro" iso-639-3="ccc" tiers="phrases words morphemes"/>
    <meta type="language" name="English" iso-639-3="eng" tiers="translations"/>
    <meta type="odin-source" doc-id="3510" line-range="727-731" line-types="L+CR L+CR B G T+AC"/>
  </metadata>
  <tier id="o" type="odin-raw">
    <item id="o1" line="727" tag="L+CR">   (52)    i-sak-kana</item>
    <item id="o2" line="728" tag="L+CR">                  ´</item>
    <item id="o3" line="729" tag="B"></item>
    <item id="o4" line="730" tag="G">           3-dance-P L</item>
    <item id="o5" line="731" tag="T+AC">           `They are dancing.' (ibid:555, 19)</item>
  </tier>
  <tier id="c" type="odin-clean">
    <item id="c1" line="727" tag="L+CR">i-sak-kana</item>
    <item id="c3" line="729" tag="B"/>
    <item id="c4" line="730" tag="G">3-dance-P L</item>
    <item id="c5" line="731" tag="T+AC">They are dancing.' (ibid:555, 19)</item>
  </tier>
  <tier id="p" type="phrases" content="c">
    <item id="p0" content="c1[0:10]"/>
  </tier>
  <tier id="g" type="glosses" content="c">
    <item id="g0" content="c4[0:11]" alignment="p1"/>
  </tier>
  <tier id="t" type="translations" content="c">
    <item id="t0" content="c5[0:33]" alignment="p1"/>
  </tier>
</igt>
<igt id="i41394">
  <metadata type="xigt-meta">
    <meta type="language" name="chamicuro" iso-639-3="ccc" tiers="phrases words morphemes"/>
    <meta type="language" name="English" iso-639-3="eng" tiers="translations"/>
    <meta type="odin-source" doc-id="3510" line-range="732-737" line-types="L+CR L+CR L+CR M G+CR T+AC"/>
  </metadata>
  <tier id="o" type="odin-raw">
    <item id="o1" line="732" tag="L+CR">   (53)    i-sak-kana ka</item>
    <item id="o2" line="733" tag="L+CR">                                        likahpe ta</item>
    <item id="o3" line="734" tag="L+CR">                  ´                           ´</item>
    <item id="o4" line="735" tag="M">                                                 ©</item>
    <item id="o5" line="736" tag="G+CR">           3-dance-P L T H E ( PA S T ) yesterday</item>
    <item id="o6" line="737" tag="T+AC">           `They danced yesterday.' (ibid:555, 20)</item>
  </tier>
  <tier id="c" type="odin-clean">
    <item id="c1" line="732 733" tag="L+CR">i-sak-kana ka                likahpe ta</item>
    <item id="c4" line="735" tag="M">©</item>
    <item id="c5" line="736" tag="G+CR">3-dance-P L T H E ( PA S T ) yesterday</item>
    <item id="c6" line="737" tag="T+AC">They danced yesterday.' (ibid:555, 20)</item>
  </tier>
  <tier id="p" type="phrases" content="c">
    <item id="p0" content="c1[0:39]"/>
  </tier>
  <tier id="g" type="glosses" content="c">
    <item id="g0" content="c5[0:38]" alignment="p1"/>
  </tier>
  <tier id="t" type="translations" content="c">
    <item id="t0" content="c6[0:38]" alignment="p1"/>
  </tier>
</igt>
<igt id="i41395">
  <metadata type="xigt-meta">
    <meta type="language" name="chamicuro" iso-639-3="ccc" tiers="phrases words morphemes"/>
    <meta type="language" name="English" iso-639-3="eng" tiers="translations"/>
    <meta type="odin-source" doc-id="3510" line-range="808-810" line-types="L G+CR T+AC"/>
  </metadata>
  <tier id="o" type="odin-raw">
    <item id="o1" line="808" tag="L">   (54)     Barridji-rri dharni gaba.</item>
    <item id="o2" line="809" tag="G+CR">            far.away-A L L go     1.S G .F U T</item>
    <item id="o3" line="810" tag="T+AC">            `I'll go a long way off.' (Wurm and Hercus 1976:40)</item>
  </tier>
  <tier id="c" type="odin-clean">
    <item id="c1" line="808" tag="L">Barridji-rri dharni gaba.</item>
    <item id="c2" line="809" tag="G+CR">far.away-A L L go     1.S G .F U T</item>
    <item id="c3" line="810" tag="T+AC">I'll go a long way off.' (Wurm and Hercus 1976:40)</item>
  </tier>
  <tier id="p" type="phrases" content="c">
    <item id="p0" content="c1[0:25]"/>
  </tier>
  <tier id="g" type="glosses" content="c">
    <item id="g0" content="c2[0:34]" alignment="p1"/>
  </tier>
  <tier id="t" type="translations" content="c">
    <item id="t0" content="c3[0:50]" alignment="p1"/>
  </tier>
</igt>
<igt id="i41396">
  <metadata type="xigt-meta">
    <meta type="language" name="chamicuro" iso-639-3="ccc" tiers="phrases words morphemes"/>
    <meta type="language" name="English" iso-639-3="eng" tiers="translations"/>
    <meta type="odin-source" doc-id="3510" line-range="811-814" line-types="L B G+CR T+AC"/>
  </metadata>
  <tier id="o" type="odin-raw">
    <item id="o1" line="811" tag="L">   (55)     Bami adhu.</item>
    <item id="o2" line="812" tag="B"></item>
    <item id="o3" line="813" tag="G+CR">            see 1.S G .A . P R E S</item>
    <item id="o4" line="814" tag="T+AC">            `I can see.' (ibid:41)</item>
  </tier>
  <tier id="c" type="odin-clean">
    <item id="c1" line="811" tag="L">Bami adhu.</item>
    <item id="c2" line="812" tag="B"/>
    <item id="c3" line="813" tag="G+CR">see 1.S G .A . P R E S</item>
    <item id="c4" line="814" tag="T+AC">I can see.' (ibid:41)</item>
  </tier>
  <tier id="p" type="phrases" content="c">
    <item id="p0" content="c1[0:10]"/>
  </tier>
  <tier id="g" type="glosses" content="c">
    <item id="g0" content="c3[0:22]" alignment="p1"/>
  </tier>
  <tier id="t" type="translations" content="c">
    <item id="t0" content="c4[0:21]" alignment="p1"/>
  </tier>
</igt>
<igt id="i41397">
  <metadata type="xigt-meta">
    <meta type="language" name="chamicuro" iso-639-3="ccc" tiers="phrases words morphemes"/>
    <meta type="language" name="English" iso-639-3="eng" tiers="translations"/>
    <meta type="odin-source" doc-id="3510" line-range="815-817" line-types="L+CR G T+AC"/>
  </metadata>
  <tier id="o" type="odin-raw">
    <item id="o1" line="815" tag="L+CR">   (56)     Wilgawilga ngadi.</item>
    <item id="o2" line="816" tag="G">            hungry     3.P L .PA S T</item>
    <item id="o3" line="817" tag="T+AC">            `They're hungry.' (Hercus 1982:124)</item>
  </tier>
  <tier id="c" type="odin-clean">
    <item id="c1" line="815" tag="L+CR">Wilgawilga ngadi.</item>
    <item id="c2" line="816" tag="G">hungry     3.P L .PA S T</item>
    <item id="c3" line="817" tag="T+AC">They're hungry.' (Hercus 1982:124)</item>
  </tier>
  <tier id="p" type="phrases" content="c">
    <item id="p0" content="c1[0:17]"/>
  </tier>
  <tier id="g" type="glosses" content="c">
    <item id="g0" content="c2[0:24]" alignment="p1"/>
  </tier>
  <tier id="t" type="translations" content="c">
    <item id="t0" content="c3[0:34]" alignment="p1"/>
  </tier>
</igt>
<igt id="i41398">
  <metadata type="xigt-meta">
    <meta type="language" name="chamicuro" iso-639-3="ccc" tiers="phrases words morphemes"/>
    <meta type="language" name="English" iso-639-3="eng" tiers="translations"/>
    <meta type="odin-source" doc-id="3510" line-range="818-821" line-types="L+CR L+CR G+CR T+AC"/>
  </metadata>
  <tier id="o" type="odin-raw">
    <item id="o1" line="818" tag="L+CR">            Gila dhi ga-rri waba.</item>
    <item id="o2" line="819" tag="L+CR">   (57)</item>
    <item id="o3" line="820" tag="G+CR">            not rise-I N C 1.S G .PA S T</item>
    <item id="o4" line="821" tag="T+AC">            `I didn't get up.' (Wurm and Hercus 1976:41)</item>
  </tier>
  <tier id="c" type="odin-clean">
    <item id="c1" line="818 819" tag="L+CR">Gila dhi ga-rri waba.</item>
    <item id="c3" line="820" tag="G+CR">not rise-I N C 1.S G .PA S T</item>
    <item id="c4" line="821" tag="T+AC">I didn't get up.' (Wurm and Hercus 1976:41)</item>
  </tier>
  <tier id="p" type="phrases" content="c">
    <item id="p0" content="c1[0:21]"/>
  </tier>
  <tier id="g" type="glosses" content="c">
    <item id="g0" content="c3[0:28]" alignment="p1"/>
  </tier>
  <tier id="t" type="translations" content="c">
    <item id="t0" content="c4[0:43]" alignment="p1"/>
  </tier>
</igt>
<igt id="i41399">
  <metadata type="xigt-meta">
    <meta type="language" name="chamicuro" iso-639-3="ccc" tiers="phrases words morphemes"/>
    <meta type="language" name="English" iso-639-3="eng" tiers="translations"/>
    <meta type="odin-source" doc-id="3510" line-range="822-824" line-types="L G+CR T+AC"/>
  </metadata>
  <tier id="o" type="odin-raw">
    <item id="o1" line="822" tag="L">   (58)     Dhiga-la gadi             gi:rra gidhi-nha          miri.</item>
    <item id="o2" line="823" tag="G+CR">            return-T O P 3.P L .F U T country this.F U T- G E N towards</item>
    <item id="o3" line="824" tag="T+AC">            `They'll go back to their country.' (ibid:41)</item>
  </tier>
  <tier id="c" type="odin-clean">
    <item id="c1" line="822" tag="L">Dhiga-la gadi             gi:rra gidhi-nha          miri.</item>
    <item id="c2" line="823" tag="G+CR">return-T O P 3.P L .F U T country this.F U T-G E N towards</item>
    <item id="c3" line="824" tag="T+AC">They'll go back to their country.' (ibid:41)</item>
  </tier>
  <tier id="p" type="phrases" content="c">
    <item id="p0" content="c1[0:57]"/>
  </tier>
  <tier id="g" type="glosses" content="c">
    <item id="g0" content="c2[0:58]" alignment="p1"/>
  </tier>
  <tier id="t" type="translations" content="c">
    <item id="t0" content="c3[0:44]" alignment="p1"/>
  </tier>
</igt>
<igt id="i41400">
  <metadata type="xigt-meta">
    <meta type="language" name="chamicuro" iso-639-3="ccc" tiers="phrases words morphemes"/>
    <meta type="language" name="English" iso-639-3="eng" tiers="translations"/>
    <meta type="odin-source" doc-id="3510" line-range="825-827" line-types="L G+CR T+AC"/>
  </metadata>
  <tier id="o" type="odin-raw">
    <item id="o1" line="825" tag="L">   (59)     Wadhu         ga:ndi barlu-barlu.</item>
    <item id="o2" line="826" tag="G+CR">            3.S G .PA S T carry small.child</item>
    <item id="o3" line="827" tag="T+AC">            `It was him that carried the small children.' (ibid:42)</item>
  </tier>
  <tier id="c" type="odin-clean">
    <item id="c1" line="825" tag="L">Wadhu         ga:ndi barlu-barlu.</item>
    <item id="c2" line="826" tag="G+CR">3.S G .PA S T carry small.child</item>
    <item id="c3" line="827" tag="T+AC">It was him that carried the small children.' (ibid:42)</item>
  </tier>
  <tier id="p" type="phrases" content="c">
    <item id="p0" content="c1[0:33]"/>
  </tier>
  <tier id="g" type="glosses" content="c">
    <item id="g0" content="c2[0:31]" alignment="p1"/>
  </tier>
  <tier id="t" type="translations" content="c">
    <item id="t0" content="c3[0:54]" alignment="p1"/>
  </tier>
</igt>
<igt id="i41401">
  <metadata type="xigt-meta">
    <meta type="language" name="chamicuro" iso-639-3="ccc" tiers="phrases words morphemes"/>
    <meta type="language" name="English" iso-639-3="eng" tiers="translations"/>
    <meta type="odin-source" doc-id="3510" line-range="832-836" line-types="L+CR L+CR G+CR G+CR T+AC"/>
  </metadata>
  <tier id="o" type="odin-raw">
    <item id="o1" line="832" tag="L+CR">            Wi:mbadja urlarrdji dhunga-maldha-dji.</item>
    <item id="o2" line="833" tag="L+CR">   (60)</item>
    <item id="o3" line="834" tag="G+CR">                        many       bury-R E FL -PA S T</item>
    <item id="o4" line="835" tag="G+CR">            man</item>
    <item id="o5" line="836" tag="T+AC">            `A lot of people buried themselves (in quicksand).' (Hercus 1982:203, 550)</item>
  </tier>
  <tier id="c" type="odin-clean">
    <item id="c1" line="832 833" tag="L+CR">Wi:mbadja urlarrdji dhunga-maldha-dji.</item>
    <item id="c3" line="834 835" tag="G+CR">man         many       bury-R E FL-PA S T</item>
    <item id="c5" line="836" tag="T+AC">A lot of people buried themselves (in quicksand).' (Hercus 1982:203, 550)</item>
  </tier>
  <tier id="p" type="phrases" content="c">
    <item id="p0" content="c1[0:38]"/>
  </tier>
  <tier id="g" type="glosses" content="c">
    <item id="g0" content="c3[0:41]" alignment="p1"/>
  </tier>
  <tier id="t" type="translations" content="c">
    <item id="t0" content="c5[0:73]" alignment="p1"/>
  </tier>
</igt>
<igt id="i41468">
  <metadata type="xigt-meta">
    <meta type="language" name="chamicuro" iso-639-3="ccc" tiers="phrases words morphemes"/>
    <meta type="language" name="English" iso-639-3="eng" tiers="translations"/>
    <meta type="odin-source" doc-id="3510" line-range="2025-2029" line-types="L+CR L+CR L+CR G+CR T+EX"/>
  </metadata>
  <tier id="o" type="odin-raw">
    <item id="o1" line="2025" tag="L+CR">  (134)    Y-al´ ka</item>
    <item id="o2" line="2026" tag="L+CR">                iyo                ke:ni.</item>
    <item id="o3" line="2027" tag="L+CR">                                    ´</item>
    <item id="o4" line="2028" tag="G+CR">           3-fall T H E ( PA S T ) rain</item>
    <item id="o5" line="2029" tag="T+EX">           `It rained' (the rain fell).</item>
  </tier>
  <tier id="c" type="odin-clean">
    <item id="c1" line="2025 2027" tag="L+CR">Y-al´ ka                ´</item>
    <item id="c4" line="2028" tag="G+CR">3-fall T H E ( PA S T ) rain</item>
    <item id="c5" line="2029" tag="T+EX">It rained' (the rain fell).</item>
  </tier>
  <tier id="p" type="phrases" content="c">
    <item id="p0" content="c1[0:25]"/>
  </tier>
  <tier id="g" type="glosses" content="c">
    <item id="g0" content="c4[0:28]" alignment="p1"/>
  </tier>
  <tier id="t" type="translations" content="c">
    <item id="t0" content="c5[0:27]" alignment="p1"/>
  </tier>
</igt>
<igt id="i48217">
  <metadata type="xigt-meta">
    <meta type="language" name="chamicuro" iso-639-3="ccc" tiers="phrases words morphemes"/>
    <meta type="language" name="English" iso-639-3="eng" tiers="translations"/>
    <meta type="odin-source" doc-id="3425" line-range="1235-1238" line-types="L+CR L+CR G T+AC"/>
  </metadata>
  <tier id="o" type="odin-raw">
    <item id="o1" line="1235" tag="L+CR">                              ´             ´</item>
    <item id="o2" line="1236" tag="L+CR">        (62) a. P-askalat-is na             camalo.</item>
    <item id="o3" line="1237" tag="G">                   2-kill-2.PL THE(NPST) bat</item>
    <item id="o4" line="1238" tag="T+AC">                     `You (plural) are killing the bat.' (Parker 1999:553, ex. 7)</item>
  </tier>
  <tier id="c" type="odin-clean">
    <item id="c1" line="1235" tag="L+CR">´             ´</item>
    <item id="c3" line="1237" tag="G">2-kill-2.PL THE(NPST) bat</item>
    <item id="c4" line="1238" tag="T+AC">You (plural) are killing the bat.' (Parker 1999:553, ex. 7)</item>
  </tier>
  <tier id="p" type="phrases" content="c">
    <item id="p0" content="c1[0:15]"/>
  </tier>
  <tier id="g" type="glosses" content="c">
    <item id="g0" content="c3[0:25]" alignment="p1"/>
  </tier>
  <tier id="t" type="translations" content="c">
    <item id="t0" content="c4[0:59]" alignment="p1"/>
  </tier>
</igt>
<igt id="i48218">
  <metadata type="xigt-meta">
    <meta type="language" name="chamicuro" iso-639-3="ccc" tiers="phrases words morphemes"/>
    <meta type="language" name="English" iso-639-3="eng" tiers="translations"/>
    <meta type="odin-source" doc-id="3425" line-range="1239-1242" line-types="L+CR L+CR G T+EX"/>
  </metadata>
  <tier id="o" type="odin-raw">
    <item id="o1" line="1239" tag="L+CR">                              ´             ´</item>
    <item id="o2" line="1240" tag="L+CR">             b. P-askalat-is ka             camalo.</item>
    <item id="o3" line="1241" tag="G">                   2-kill-2.PL THE(PAST) bat</item>
    <item id="o4" line="1242" tag="T+EX">                     `You (plural) killed the bat.' (ibid., ex. 8)</item>
  </tier>
  <tier id="c" type="odin-clean">
    <item id="c1" line="1239" tag="L+CR">´             ´</item>
    <item id="c3" line="1241" tag="G">2-kill-2.PL THE(PAST) bat</item>
    <item id="c4" line="1242" tag="T+EX">You (plural) killed the bat.' (ibid., ex. 8)</item>
  </tier>
  <tier id="p" type="phrases" content="c">
    <item id="p0" content="c1[0:15]"/>
  </tier>
  <tier id="g" type="glosses" content="c">
    <item id="g0" content="c3[0:25]" alignment="p1"/>
  </tier>
  <tier id="t" type="translations" content="c">
    <item id="t0" content="c4[0:44]" alignment="p1"/>
  </tier>
</igt>
<igt id="i48219">
  <metadata type="xigt-meta">
    <meta type="language" name="chamicuro" iso-639-3="ccc" tiers="phrases words morphemes"/>
    <meta type="language" name="English" iso-639-3="eng" tiers="translations"/>
    <meta type="odin-source" doc-id="3425" line-range="1246-1249" line-types="L+CR L+CR G T+EX"/>
  </metadata>
  <tier id="o" type="odin-raw">
    <item id="o1" line="1246" tag="L+CR">        (63) U--ye na´                   ´              ´</item>
    <item id="o2" line="1247" tag="L+CR">                                       Pampa Hermosa-sana.</item>
    <item id="o3" line="1248" tag="G">             1-go-FUT THE(NPST) Pampa Hermosa-LOC</item>
    <item id="o4" line="1249" tag="T+EX">                 `I will go to Pampa Hermosa.' (ibid., 554, ex. 9)</item>
  </tier>
  <tier id="c" type="odin-clean">
    <item id="c1" line="1246" tag="L+CR">U--ye na´                   ´              ´</item>
    <item id="c3" line="1248" tag="G">1-go-FUT THE(NPST) Pampa Hermosa-LOC</item>
    <item id="c4" line="1249" tag="T+EX">I will go to Pampa Hermosa.' (ibid., 554, ex. 9)</item>
  </tier>
  <tier id="p" type="phrases" content="c">
    <item id="p0" content="c1[0:44]"/>
  </tier>
  <tier id="g" type="glosses" content="c">
    <item id="g0" content="c3[0:36]" alignment="p1"/>
  </tier>
  <tier id="t" type="translations" content="c">
    <item id="t0" content="c4[0:48]" alignment="p1"/>
  </tier>
</igt>
<igt id="i48220">
  <metadata type="xigt-meta">
    <meta type="language" name="chamicuro" iso-639-3="ccc" tiers="phrases words morphemes"/>
    <meta type="language" name="English" iso-639-3="eng" tiers="translations"/>
    <meta type="odin-source" doc-id="3425" line-range="1252-1257" line-types="L+CR L+CR L+CR L+CR G T+EX"/>
  </metadata>
  <tier id="o" type="odin-raw">
    <item id="o1" line="1252" tag="L+CR">        (64) ana na</item>
    <item id="o2" line="1253" tag="L+CR">                 ´               ´</item>
    <item id="o3" line="1254" tag="L+CR">                                cmesona</item>
    <item id="o4" line="1255" tag="L+CR">                                     .</item>
    <item id="o5" line="1256" tag="G">             this THE(NPST) man</item>
    <item id="o6" line="1257" tag="T+EX">                 `this man' (ibid., ex. 13)</item>
  </tier>
  <tier id="c" type="odin-clean">
    <item id="c1" line="1252 1254" tag="L+CR">ana na             cmesona</item>
    <item id="c5" line="1256" tag="G">this THE(NPST) man</item>
    <item id="c6" line="1257" tag="T+EX">this man' (ibid., ex. 13)</item>
  </tier>
  <tier id="p" type="phrases" content="c">
    <item id="p0" content="c1[0:26]"/>
  </tier>
  <tier id="g" type="glosses" content="c">
    <item id="g0" content="c5[0:18]" alignment="p1"/>
  </tier>
  <tier id="t" type="translations" content="c">
    <item id="t0" content="c6[0:25]" alignment="p1"/>
  </tier>
</igt>
<igt id="i48221">
  <metadata type="xigt-meta">
    <meta type="language" name="chamicuro" iso-639-3="ccc" tiers="phrases words morphemes"/>
    <meta type="language" name="English" iso-639-3="eng" tiers="translations"/>
    <meta type="odin-source" doc-id="3425" line-range="1258-1262" line-types="L+CR L+CR L+CR G T+EX"/>
  </metadata>
  <tier id="o" type="odin-raw">
    <item id="o1" line="1258" tag="L+CR">                                               mapohta ka           manali.</item>
    <item id="o2" line="1259" tag="L+CR">                              ´                      ´                   ´</item>
    <item id="o3" line="1260" tag="L+CR">        (65) Y-ahkasamusta-wa ka</item>
    <item id="o4" line="1261" tag="G">             3-scare-1.OBJ         THE(PAST) two          THE(PAST) jaguar</item>
    <item id="o5" line="1262" tag="T+EX">                 `The two jaguars scared me.' (ibid., ex. 14)</item>
  </tier>
  <tier id="c" type="odin-clean">
    <item id="c1" line="1258 1260" tag="L+CR">Y-ahkasamusta-wa ka               mapohta ka           manali.</item>
    <item id="c4" line="1261" tag="G">3-scare-1.OBJ         THE(PAST) two          THE(PAST) jaguar</item>
    <item id="c5" line="1262" tag="T+EX">The two jaguars scared me.' (ibid., ex. 14)</item>
  </tier>
  <tier id="p" type="phrases" content="c">
    <item id="p0" content="c1[0:62]"/>
  </tier>
  <tier id="g" type="glosses" content="c">
    <item id="g0" content="c4[0:61]" alignment="p1"/>
  </tier>
  <tier id="t" type="translations" content="c">
    <item id="t0" content="c5[0:43]" alignment="p1"/>
  </tier>
</igt>
<igt id="i48222">
  <metadata type="xigt-meta">
    <meta type="language" name="chamicuro" iso-639-3="ccc" tiers="phrases words morphemes"/>
    <meta type="language" name="English" iso-639-3="eng" tiers="translations"/>
    <meta type="odin-source" doc-id="3425" line-range="1266-1271" line-types="L+CR L+CR L+CR G+CR G+CR T+EX"/>
  </metadata>
  <tier id="o" type="odin-raw">
    <item id="o1" line="1266" tag="L+CR">                                       likahpeta.</item>
    <item id="o2" line="1267" tag="L+CR">                       ´                     ´</item>
    <item id="o3" line="1268" tag="L+CR">        (66) I-sak-kana ka</item>
    <item id="o4" line="1269" tag="G+CR">               .</item>
    <item id="o5" line="1270" tag="G+CR">             3-dance-PL THE(PAST) yesterday</item>
    <item id="o6" line="1271" tag="T+EX">                 `They danced yesterday.' (ibid., 555, ex. 20)</item>
  </tier>
  <tier id="c" type="odin-clean">
    <item id="c1" line="1266 1268" tag="L+CR">I-sak-kana ka             likahpeta.</item>
    <item id="c4" line="1269" tag="G+CR">.</item>
    <item id="c6" line="1271" tag="T+EX">They danced yesterday.' (ibid., 555, ex. 20)</item>
  </tier>
  <tier id="p" type="phrases" content="c">
    <item id="p0" content="c1[0:36]"/>
  </tier>
  <tier id="g" type="glosses" content="c">
    <item id="g0" content="c4[0:1]" alignment="p1"/>
  </tier>
  <tier id="t" type="translations" content="c">
    <item id="t0" content="c6[0:44]" alignment="p1"/>
  </tier>
</igt>
<igt id="i55285">
  <metadata type="xigt-meta">
    <meta type="language" name="chamicuro" iso-639-3="ccc" tiers="phrases words morphemes"/>
    <meta type="language" name="English" iso-639-3="eng" tiers="translations"/>
    <meta type="odin-source" doc-id="1298" line-range="73-78" line-types="L+CR L+CR L+CR L+CR G+CR T+AC"/>
  </metadata>
  <tier id="o" type="odin-raw">
    <item id="o1" line="73" tag="L+CR">            a. P-askala t-´ =na</item>
    <item id="o2" line="74" tag="L+CR">                            is                 camalo.</item>
    <item id="o3" line="75" tag="L+CR">                                               ´</item>
    <item id="o4" line="76" tag="L+CR">      (1)                      £</item>
    <item id="o5" line="77" tag="G+CR">               2-kill-2.P L =T H E ( N P S T ) bat</item>
    <item id="o6" line="78" tag="T+AC">               `You (plural) are killing the bat.' (Parker 1999:553, 7)</item>
  </tier>
  <tier id="c" type="odin-clean">
    <item id="c1" line="73 75" tag="L+CR">P-askala t-´ =na               ´</item>
    <item id="c5" line="77" tag="G+CR">2-kill-2.P L =T H E ( N P S T ) bat</item>
    <item id="c6" line="78" tag="T+AC">You (plural) are killing the bat.' (Parker 1999:553, 7)</item>
  </tier>
  <tier id="p" type="phrases" content="c">
    <item id="p0" content="c1[0:32]"/>
  </tier>
  <tier id="g" type="glosses" content="c">
    <item id="g0" content="c5[0:35]" alignment="p1"/>
  </tier>
  <tier id="t" type="translations" content="c">
    <item id="t0" content="c6[0:55]" alignment="p1"/>
  </tier>
</igt>
<igt id="i55286">
  <metadata type="xigt-meta">
    <meta type="language" name="chamicuro" iso-639-3="ccc" tiers="phrases words morphemes"/>
    <meta type="language" name="English" iso-639-3="eng" tiers="translations"/>
    <meta type="odin-source" doc-id="1298" line-range="79-84" line-types="L+CR L+CR L+CR L+CR G+CR T+EX"/>
  </metadata>
  <tier id="o" type="odin-raw">
    <item id="o1" line="79" tag="L+CR">            b. P-askala t-´ =ka</item>
    <item id="o2" line="80" tag="L+CR">                            is                 camalo.</item>
    <item id="o3" line="81" tag="L+CR">                                               ´</item>
    <item id="o4" line="82" tag="L+CR">                           £</item>
    <item id="o5" line="83" tag="G+CR">               2-kill-2.P L =T H E ( PA S T ) bat</item>
    <item id="o6" line="84" tag="T+EX">               `You (plural) killed the bat.' (ibid:553, 8)</item>
  </tier>
  <tier id="c" type="odin-clean">
    <item id="c1" line="79 81" tag="L+CR">P-askala t-´ =ka               ´</item>
    <item id="c5" line="83" tag="G+CR">2-kill-2.P L =T H E ( PA S T ) bat</item>
    <item id="c6" line="84" tag="T+EX">You (plural) killed the bat.' (ibid:553, 8)</item>
  </tier>
  <tier id="p" type="phrases" content="c">
    <item id="p0" content="c1[0:32]"/>
  </tier>
  <tier id="g" type="glosses" content="c">
    <item id="g0" content="c5[0:34]" alignment="p1"/>
  </tier>
  <tier id="t" type="translations" content="c">
    <item id="t0" content="c6[0:43]" alignment="p1"/>
  </tier>
</igt>
<igt id="i55287">
  <metadata type="xigt-meta">
    <meta type="language" name="chamicuro" iso-639-3="ccc" tiers="phrases words morphemes"/>
    <meta type="language" name="English" iso-639-3="eng" tiers="translations"/>
    <meta type="odin-source" doc-id="1298" line-range="85-89" line-types="L+CR L+CR L+CR G+CR T"/>
  </metadata>
  <tier id="o" type="odin-raw">
    <item id="o1" line="85" tag="L+CR">            c. I-nis-kana na</item>
    <item id="o2" line="86" tag="L+CR">                       ´                    camalo.</item>
    <item id="o3" line="87" tag="L+CR">                                             ´</item>
    <item id="o4" line="88" tag="G+CR">               3-see-P L T H E ( N P S T ) bat</item>
    <item id="o5" line="89" tag="T">               `They see the bat.' (ibid:552, 2)</item>
  </tier>
  <tier id="c" type="odin-clean">
    <item id="c1" line="85 87" tag="L+CR">I-nis-kana na                 ´</item>
    <item id="c4" line="88" tag="G+CR">3-see-P L T H E ( N P S T ) bat</item>
    <item id="c5" line="89" tag="T">They see the bat.' (ibid:552, 2)</item>
  </tier>
  <tier id="p" type="phrases" content="c">
    <item id="p0" content="c1[0:31]"/>
  </tier>
  <tier id="g" type="glosses" content="c">
    <item id="g0" content="c4[0:31]" alignment="p1"/>
  </tier>
  <tier id="t" type="translations" content="c">
    <item id="t0" content="c5[0:32]" alignment="p1"/>
  </tier>
</igt>
<igt id="i55288">
  <metadata type="xigt-meta">
    <meta type="language" name="chamicuro" iso-639-3="ccc" tiers="phrases words morphemes"/>
    <meta type="language" name="English" iso-639-3="eng" tiers="translations"/>
    <meta type="odin-source" doc-id="1298" line-range="90-94" line-types="L+CR L+CR L+CR G+CR T"/>
  </metadata>
  <tier id="o" type="odin-raw">
    <item id="o1" line="90" tag="L+CR">            d. Y-al´ ka</item>
    <item id="o2" line="91" tag="L+CR">                    iyo                 ke:ni.</item>
    <item id="o3" line="92" tag="L+CR">                                          ´</item>
    <item id="o4" line="93" tag="G+CR">               3-fall T H E ( PA S T ) rain</item>
    <item id="o5" line="94" tag="T">               `It rained' (the rain fell). (ibid:552, 3)</item>
  </tier>
  <tier id="c" type="odin-clean">
    <item id="c1" line="90 92" tag="L+CR">Y-al´ ka                  ´</item>
    <item id="c4" line="93" tag="G+CR">3-fall T H E ( PA S T ) rain</item>
    <item id="c5" line="94" tag="T">It rained' (the rain fell). (ibid:552, 3)</item>
  </tier>
  <tier id="p" type="phrases" content="c">
    <item id="p0" content="c1[0:27]"/>
  </tier>
  <tier id="g" type="glosses" content="c">
    <item id="g0" content="c4[0:28]" alignment="p1"/>
  </tier>
  <tier id="t" type="translations" content="c">
    <item id="t0" content="c5[0:41]" alignment="p1"/>
  </tier>
</igt>
<igt id="i55289">
  <metadata type="xigt-meta">
    <meta type="language" name="chamicuro" iso-639-3="ccc" tiers="phrases words morphemes"/>
    <meta type="language" name="English" iso-639-3="eng" tiers="translations"/>
    <meta type="odin-source" doc-id="1298" line-range="95-100" line-types="L+CR L+CR L+CR L+CR G+CR T+EX"/>
  </metadata>
  <tier id="o" type="odin-raw">
    <item id="o1" line="95" tag="L+CR">            e. I-mak-ye -kana na</item>
    <item id="o2" line="96" tag="L+CR">                              ´                     wa ni.</item>
    <item id="o3" line="97" tag="L+CR">                                                      ´</item>
    <item id="o4" line="98" tag="L+CR">                                   £                           £</item>
    <item id="o5" line="99" tag="G+CR">               3-sleep-F U T- P L T H E ( N P S T ) tomorrow</item>
    <item id="o6" line="100" tag="T+EX">               `They are going to sleep tomorrow.' (ibid:555, 18)</item>
  </tier>
  <tier id="c" type="odin-clean">
    <item id="c1" line="95 97 98" tag="L+CR">I-mak-ye-kana na   £                 ´        £</item>
    <item id="c5" line="99" tag="G+CR">3-sleep-F U T-P L T H E ( N P S T ) tomorrow</item>
    <item id="c6" line="100" tag="T+EX">They are going to sleep tomorrow.' (ibid:555, 18)</item>
  </tier>
  <tier id="p" type="phrases" content="c">
    <item id="p0" content="c1[0:47]"/>
  </tier>
  <tier id="g" type="glosses" content="c">
    <item id="g0" content="c5[0:44]" alignment="p1"/>
  </tier>
  <tier id="t" type="translations" content="c">
    <item id="t0" content="c6[0:49]" alignment="p1"/>
  </tier>
</igt>
<igt id="i55298">
  <metadata type="xigt-meta">
    <meta type="language" name="chamicuro" iso-639-3="ccc" tiers="phrases words morphemes"/>
    <meta type="language" name="English" iso-639-3="eng" tiers="translations"/>
    <meta type="odin-source" doc-id="1298" line-range="290-295" line-types="L+CR L+CR L+CR L+CR G+CR T"/>
  </metadata>
  <tier id="o" type="odin-raw">
    <item id="o1" line="290" tag="L+CR">      (7)   a. P-askala t-´ =na</item>
    <item id="o2" line="291" tag="L+CR">                             is                 camalo.</item>
    <item id="o3" line="292" tag="L+CR">                                                ´</item>
    <item id="o4" line="293" tag="L+CR">                               £</item>
    <item id="o5" line="294" tag="G+CR">               2-kill-2. P L =T H E ( N P S T ) bat</item>
    <item id="o6" line="295" tag="T">               `You (plural) are killing the bat.'</item>
  </tier>
  <tier id="c" type="odin-clean">
    <item id="c1" line="290 292" tag="L+CR">P-askala t-´ =na                ´</item>
    <item id="c5" line="294" tag="G+CR">2-kill-2. P L =T H E ( N P S T ) bat</item>
    <item id="c6" line="295" tag="T">You (plural) are killing the bat.</item>
  </tier>
  <tier id="p" type="phrases" content="c">
    <item id="p0" content="c1[0:33]"/>
  </tier>
  <tier id="g" type="glosses" content="c">
    <item id="g0" content="c5[0:36]" alignment="p1"/>
  </tier>
  <tier id="t" type="translations" content="c">
    <item id="t0" content="c6[0:33]" alignment="p1"/>
  </tier>
</igt>
<igt id="i55299">
  <metadata type="xigt-meta">
    <meta type="language" name="chamicuro" iso-639-3="ccc" tiers="phrases words morphemes"/>
    <meta type="language" name="English" iso-639-3="eng" tiers="translations"/>
    <meta type="odin-source" doc-id="1298" line-range="296-301" line-types="L+CR L+CR L+CR L+CR G+CR T"/>
  </metadata>
  <tier id="o" type="odin-raw">
    <item id="o1" line="296" tag="L+CR">            b. P-askala t-´ =ka</item>
    <item id="o2" line="297" tag="L+CR">                             is                 camalo.</item>
    <item id="o3" line="298" tag="L+CR">                                                ´</item>
    <item id="o4" line="299" tag="L+CR">                           £</item>
    <item id="o5" line="300" tag="G+CR">               2-kill-2. P L =T H E ( PA S T ) bat</item>
    <item id="o6" line="301" tag="T">               `You (plural) killed the bat.'</item>
  </tier>
  <tier id="c" type="odin-clean">
    <item id="c1" line="296 298" tag="L+CR">P-askala t-´ =ka                ´</item>
    <item id="c5" line="300" tag="G+CR">2-kill-2. P L =T H E ( PA S T ) bat</item>
    <item id="c6" line="301" tag="T">You (plural) killed the bat.</item>
  </tier>
  <tier id="p" type="phrases" content="c">
    <item id="p0" content="c1[0:33]"/>
  </tier>
  <tier id="g" type="glosses" content="c">
    <item id="g0" content="c5[0:35]" alignment="p1"/>
  </tier>
  <tier id="t" type="translations" content="c">
    <item id="t0" content="c6[0:28]" alignment="p1"/>
  </tier>
</igt>
<igt id="i55300">
  <metadata type="xigt-meta">
    <meta type="language" name="chamicuro" iso-639-3="ccc" tiers="phrases words morphemes"/>
    <meta type="language" name="English" iso-639-3="eng" tiers="translations"/>
    <meta type="odin-source" doc-id="1298" line-range="311-314" line-types="L+CR L+CR G+CR T+EX"/>
  </metadata>
  <tier id="o" type="odin-raw">
    <item id="o1" line="311" tag="L+CR">            i-swisyo-kana-kati paspatal-musta.</item>
    <item id="o2" line="312" tag="L+CR">      (8)     ¥</item>
    <item id="o3" line="313" tag="G+CR">            3-come.down- P L - P S T raft-W I T H</item>
    <item id="o4" line="314" tag="T+EX">            `They came down (the river) by raft.' (ibid:556, 23)</item>
  </tier>
  <tier id="c" type="odin-clean">
    <item id="c1" line="311" tag="L+CR">i-swisyo-kana-kati paspatal-musta.</item>
    <item id="c3" line="313" tag="G+CR">3-come.down-P L-P S T raft-W I T H</item>
    <item id="c4" line="314" tag="T+EX">They came down (the river) by raft.' (ibid:556, 23)</item>
  </tier>
  <tier id="p" type="phrases" content="c">
    <item id="p0" content="c1[0:34]"/>
  </tier>
  <tier id="g" type="glosses" content="c">
    <item id="g0" content="c3[0:34]" alignment="p1"/>
  </tier>
  <tier id="t" type="translations" content="c">
    <item id="t0" content="c4[0:51]" alignment="p1"/>
  </tier>
</igt>
<igt id="i55316">
  <metadata type="xigt-meta">
    <meta type="language" name="chamicuro" iso-639-3="ccc" tiers="phrases words morphemes"/>
    <meta type="language" name="English" iso-639-3="eng" tiers="translations"/>
    <meta type="odin-source" doc-id="1298" line-range="840-845" line-types="L+CR L+CR L+CR G+CR G+CR T"/>
  </metadata>
  <tier id="o" type="odin-raw">
    <item id="o1" line="840" tag="L+CR">   (30)    I-nis-kana na</item>
    <item id="o2" line="841" tag="L+CR">                   ´                                      camalo.</item>
    <item id="o3" line="842" tag="L+CR">                                                          ´</item>
    <item id="o4" line="843" tag="G+CR">           3-see- P L T H E ( N PA                      ) bat</item>
    <item id="o5" line="844" tag="G+CR">                                                   ST</item>
    <item id="o6" line="845" tag="T">           `They see the bat.'</item>
  </tier>
  <tier id="c" type="odin-clean">
    <item id="c1" line="840 842" tag="L+CR">I-nis-kana na                                  ´</item>
    <item id="c4" line="843 844" tag="G+CR">3-see-P L T H E ( N PA                 ST   ) bat</item>
    <item id="c6" line="845" tag="T">They see the bat.</item>
  </tier>
  <tier id="p" type="phrases" content="c">
    <item id="p0" content="c1[0:48]"/>
  </tier>
  <tier id="g" type="glosses" content="c">
    <item id="g0" content="c4[0:49]" alignment="p1"/>
  </tier>
  <tier id="t" type="translations" content="c">
    <item id="t0" content="c6[0:17]" alignment="p1"/>
  </tier>
</igt>
<igt id="i55317">
  <metadata type="xigt-meta">
    <meta type="language" name="chamicuro" iso-639-3="ccc" tiers="phrases words morphemes"/>
    <meta type="language" name="English" iso-639-3="eng" tiers="translations"/>
    <meta type="odin-source" doc-id="1298" line-range="846-850" line-types="L+CR L+CR L+CR G+CR T"/>
  </metadata>
  <tier id="o" type="odin-raw">
    <item id="o1" line="846" tag="L+CR">   (31)    Y-al´ ka</item>
    <item id="o2" line="847" tag="L+CR">                iyo                ke:ni.</item>
    <item id="o3" line="848" tag="L+CR">                                    ´</item>
    <item id="o4" line="849" tag="G+CR">           3-fall T H E ( PA S T ) rain</item>
    <item id="o5" line="850" tag="T">           `It rained' (the rain fell).</item>
  </tier>
  <tier id="c" type="odin-clean">
    <item id="c1" line="846 848" tag="L+CR">Y-al´ ka                ´</item>
    <item id="c4" line="849" tag="G+CR">3-fall T H E ( PA S T ) rain</item>
    <item id="c5" line="850" tag="T">It rained' (the rain fell).</item>
  </tier>
  <tier id="p" type="phrases" content="c">
    <item id="p0" content="c1[0:25]"/>
  </tier>
  <tier id="g" type="glosses" content="c">
    <item id="g0" content="c4[0:28]" alignment="p1"/>
  </tier>
  <tier id="t" type="translations" content="c">
    <item id="t0" content="c5[0:27]" alignment="p1"/>
  </tier>
</igt>
<igt id="i55318">
  <metadata type="xigt-meta">
    <meta type="language" name="chamicuro" iso-639-3="ccc" tiers="phrases words morphemes"/>
    <meta type="language" name="English" iso-639-3="eng" tiers="translations"/>
    <meta type="odin-source" doc-id="1298" line-range="902-907" line-types="L+CR L+CR L+CR L+CR G+CR T"/>
  </metadata>
  <tier id="o" type="odin-raw">
    <item id="o1" line="902" tag="L+CR">   (34)     P-askala t-´ a</item>
    <item id="o2" line="903" tag="L+CR">                         is=k              camalo.</item>
    <item id="o3" line="904" tag="L+CR">                                           ´</item>
    <item id="o4" line="905" tag="L+CR">                             £</item>
    <item id="o5" line="906" tag="G+CR">            2-kill-2.P L =T H E ( PA S T ) bat</item>
    <item id="o6" line="907" tag="T">            `You (plural) killed the bat.'</item>
  </tier>
  <tier id="c" type="odin-clean">
    <item id="c1" line="902 904 905" tag="L+CR">P-askala t-´ a  £            ´</item>
    <item id="c5" line="906" tag="G+CR">2-kill-2.P L =T H E ( PA S T ) bat</item>
    <item id="c6" line="907" tag="T">You (plural) killed the bat.</item>
  </tier>
  <tier id="p" type="phrases" content="c">
    <item id="p0" content="c1[0:30]"/>
  </tier>
  <tier id="g" type="glosses" content="c">
    <item id="g0" content="c5[0:34]" alignment="p1"/>
  </tier>
  <tier id="t" type="translations" content="c">
    <item id="t0" content="c6[0:28]" alignment="p1"/>
  </tier>
</igt>
<igt id="i55319">
  <metadata type="xigt-meta">
    <meta type="language" name="chamicuro" iso-639-3="ccc" tiers="phrases words morphemes"/>
    <meta type="language" name="English" iso-639-3="eng" tiers="translations"/>
    <meta type="odin-source" doc-id="1298" line-range="998-1003" line-types="L+CR L+CR L+CR L+CR G+CR T+EX"/>
  </metadata>
  <tier id="o" type="odin-raw">
    <item id="o1" line="998" tag="L+CR">           U- -ye =na</item>
    <item id="o2" line="999" tag="L+CR">                  ´                       Pampa Hermosa-sana.</item>
    <item id="o3" line="1000" tag="L+CR">                                           ´            ´</item>
    <item id="o4" line="1001" tag="L+CR">   (37)        £    £</item>
    <item id="o5" line="1002" tag="G+CR">           1-go-F U T = T H E ( N P S T ) Pampa Hermosa- L O C</item>
    <item id="o6" line="1003" tag="T+EX">           `I will go to Pampa Hermosa.' (ibid:554, 9)</item>
  </tier>
  <tier id="c" type="odin-clean">
    <item id="c1" line="998 1000" tag="L+CR">U--ye =na                      ´            ´</item>
    <item id="c5" line="1002" tag="G+CR">1-go-F U T = T H E ( N P S T ) Pampa Hermosa-L O C</item>
    <item id="c6" line="1003" tag="T+EX">I will go to Pampa Hermosa.' (ibid:554, 9)</item>
  </tier>
  <tier id="p" type="phrases" content="c">
    <item id="p0" content="c1[0:45]"/>
  </tier>
  <tier id="g" type="glosses" content="c">
    <item id="g0" content="c5[0:50]" alignment="p1"/>
  </tier>
  <tier id="t" type="translations" content="c">
    <item id="t0" content="c6[0:42]" alignment="p1"/>
  </tier>
</igt>
<igt id="i55320">
  <metadata type="xigt-meta">
    <meta type="language" name="chamicuro" iso-639-3="ccc" tiers="phrases words morphemes"/>
    <meta type="language" name="English" iso-639-3="eng" tiers="translations"/>
    <meta type="odin-source" doc-id="1298" line-range="1004-1009" line-types="L+CR L+CR L+CR L+CR G+CR T+EX"/>
  </metadata>
  <tier id="o" type="odin-raw">
    <item id="o1" line="1004" tag="L+CR">   (38)    I-mak-ye -kana na</item>
    <item id="o2" line="1005" tag="L+CR">                         ´                      wa ni.</item>
    <item id="o3" line="1006" tag="L+CR">                                                  ´</item>
    <item id="o4" line="1007" tag="L+CR">                             £                                  £</item>
    <item id="o5" line="1008" tag="G+CR">           3-sleep-F U T- P L T H E ( N P S T ) tomorrow</item>
    <item id="o6" line="1009" tag="T+EX">           `They are going to sleep tomorrow.' (ibid:555, 18)</item>
  </tier>
  <tier id="c" type="odin-clean">
    <item id="c1" line="1004 1006 1007" tag="L+CR">I-mak-ye-kana na £                   ´             £</item>
    <item id="c5" line="1008" tag="G+CR">3-sleep-F U T-P L T H E ( N P S T ) tomorrow</item>
    <item id="c6" line="1009" tag="T+EX">They are going to sleep tomorrow.' (ibid:555, 18)</item>
  </tier>
  <tier id="p" type="phrases" content="c">
    <item id="p0" content="c1[0:52]"/>
  </tier>
  <tier id="g" type="glosses" content="c">
    <item id="g0" content="c5[0:44]" alignment="p1"/>
  </tier>
  <tier id="t" type="translations" content="c">
    <item id="t0" content="c6[0:49]" alignment="p1"/>
  </tier>
</igt>
</xigt-corpus>
