<?xml version="1.0" encoding="UTF-8"?>
<xigt-corpus>
<igt id="i29218">
  <metadata type="xigt-meta">
    <meta type="language" name="cebuano" iso-639-3="ceb" tiers="phrases words morphemes"/>
    <meta type="language" name="English" iso-639-3="eng" tiers="translations"/>
    <meta type="odin-source" doc-id="2791" line-range="672-673" line-types="M+LN+EX L-T"/>
  </metadata>
  <tier id="o" type="odin-raw">
    <item id="o1" line="672" tag="M+LN+EX">  Cebuano Class I:</item>
    <item id="o2" line="673" tag="L-T">  maputól   `get cut off '                putól</item>
  </tier>
  <tier id="c" type="odin-clean">
    <item id="c1" line="672" tag="M+LN+EX">Cebuano Class I:</item>
    <item id="c2" line="673" tag="L-T">maputól   `get cut off '                putól</item>
  </tier>
</igt>
<igt id="i29219">
  <metadata type="xigt-meta">
    <meta type="language" name="cebuano" iso-639-3="ceb" tiers="phrases words morphemes"/>
    <meta type="language" name="English" iso-639-3="eng" tiers="translations"/>
    <meta type="odin-source" doc-id="2791" line-range="674-674" line-types="L-T"/>
  </metadata>
  <tier id="o" type="odin-raw">
    <item id="o1" line="674" tag="L-T">                                      `s.t. severed'                    putol-un            `be cut off '</item>
  </tier>
  <tier id="c" type="odin-clean">
    <item id="c1" line="674" tag="L-T">s.t. severed'                    putol-un            `be cut off</item>
  </tier>
</igt>
<igt id="i29220">
  <metadata type="xigt-meta">
    <meta type="language" name="cebuano" iso-639-3="ceb" tiers="phrases words morphemes"/>
    <meta type="language" name="English" iso-639-3="eng" tiers="translations"/>
    <meta type="odin-source" doc-id="2791" line-range="675-675" line-types="L-T"/>
  </metadata>
  <tier id="o" type="odin-raw">
    <item id="o1" line="675" tag="L-T">  makaun    `get eaten'                   kaun</item>
  </tier>
  <tier id="c" type="odin-clean">
    <item id="c1" line="675" tag="L-T">makaun    `get eaten'                   kaun</item>
  </tier>
</igt>
<igt id="i29221">
  <metadata type="xigt-meta">
    <meta type="language" name="cebuano" iso-639-3="ceb" tiers="phrases words morphemes"/>
    <meta type="language" name="English" iso-639-3="eng" tiers="translations"/>
    <meta type="odin-source" doc-id="2791" line-range="676-676" line-types="L-T"/>
  </metadata>
  <tier id="o" type="odin-raw">
    <item id="o1" line="676" tag="L-T">                                      `act of eating;                   kaun-un             `be eaten'</item>
  </tier>
  <tier id="c" type="odin-clean">
    <item id="c1" line="676" tag="L-T">act of eating;                   kaun-un             `be eaten</item>
  </tier>
</igt>
<igt id="i29222">
  <metadata type="xigt-meta">
    <meta type="language" name="cebuano" iso-639-3="ceb" tiers="phrases words morphemes"/>
    <meta type="language" name="English" iso-639-3="eng" tiers="translations"/>
    <meta type="odin-source" doc-id="2791" line-range="678-679" line-types="L-T C"/>
  </metadata>
  <tier id="o" type="odin-raw">
    <item id="o1" line="678" tag="L-T">  madungúg `be heard/audible'  dungúg `act of hearing;                  dungug-ún `be listened to'</item>
    <item id="o2" line="679" tag="C">                                      reputation'</item>
  </tier>
  <tier id="c" type="odin-clean">
    <item id="c1" line="678" tag="L-T">madungúg `be heard/audible'  dungúg `act of hearing;                  dungug-ún `be listened to</item>
    <item id="c2" line="679" tag="C">reputation</item>
  </tier>
</igt>
<igt id="i29223">
  <metadata type="xigt-meta">
    <meta type="language" name="cebuano" iso-639-3="ceb" tiers="phrases words morphemes"/>
    <meta type="language" name="English" iso-639-3="eng" tiers="translations"/>
    <meta type="odin-source" doc-id="2791" line-range="680-680" line-types="L-T"/>
  </metadata>
  <tier id="o" type="odin-raw">
    <item id="o1" line="680" tag="L-T">  ma-gubá' `become ruined'     --                                       guba-un             `be ruined'</item>
  </tier>
  <tier id="c" type="odin-clean">
    <item id="c1" line="680" tag="L-T">ma-gubá' `become ruined'--guba-un             `be ruined</item>
  </tier>
</igt>
<igt id="i29224">
  <metadata type="xigt-meta">
    <meta type="language" name="cebuano" iso-639-3="ceb" tiers="phrases words morphemes"/>
    <meta type="language" name="English" iso-639-3="eng" tiers="translations"/>
    <meta type="odin-source" doc-id="2791" line-range="681-681" line-types="L-T"/>
  </metadata>
  <tier id="o" type="odin-raw">
    <item id="o1" line="681" tag="L-T">  matulog  `go to sleep'       tulog  `sleep (N)'                       tulug-un            `be put to sleep'</item>
  </tier>
  <tier id="c" type="odin-clean">
    <item id="c1" line="681" tag="L-T">matulog  `go to sleep'       tulog  `sleep (N)'                       tulug-un            `be put to sleep</item>
  </tier>
</igt>
<igt id="i29225">
  <metadata type="xigt-meta">
    <meta type="language" name="cebuano" iso-639-3="ceb" tiers="phrases words morphemes"/>
    <meta type="language" name="English" iso-639-3="eng" tiers="translations"/>
    <meta type="odin-source" doc-id="2791" line-range="682-682" line-types="L-T"/>
  </metadata>
  <tier id="o" type="odin-raw">
    <item id="o1" line="682" tag="L-T">  manuka   `become a sore'     nuka   `sore (N)'                        nuka-un             `become a sore'</item>
  </tier>
  <tier id="c" type="odin-clean">
    <item id="c1" line="682" tag="L-T">manuka   `become a sore'     nuka   `sore (N)'                        nuka-un             `become a sore</item>
  </tier>
</igt>
<igt id="i29226">
  <metadata type="xigt-meta">
    <meta type="language" name="cebuano" iso-639-3="ceb" tiers="phrases words morphemes"/>
    <meta type="language" name="English" iso-639-3="eng" tiers="translations"/>
    <meta type="odin-source" doc-id="2791" line-range="683-683" line-types="L-T"/>
  </metadata>
  <tier id="o" type="odin-raw">
    <item id="o1" line="683" tag="L-T">  masulbad `come undone/loose' sulbad `solution'                        --</item>
  </tier>
  <tier id="c" type="odin-clean">
    <item id="c1" line="683" tag="L-T">masulbad `come undone/loose' sulbad `solution'--</item>
  </tier>
</igt>
<igt id="i29227">
  <metadata type="xigt-meta">
    <meta type="language" name="cebuano" iso-639-3="ceb" tiers="phrases words morphemes"/>
    <meta type="language" name="English" iso-639-3="eng" tiers="translations"/>
    <meta type="odin-source" doc-id="2791" line-range="684-684" line-types="L-T"/>
  </metadata>
  <tier id="o" type="odin-raw">
    <item id="o1" line="684" tag="L-T">  malungag `get pierced'       lungag `hole, perforation'               --</item>
  </tier>
  <tier id="c" type="odin-clean">
    <item id="c1" line="684" tag="L-T">malungag `get pierced'       lungag `hole, perforation'--</item>
  </tier>
</igt>
<igt id="i29228">
  <metadata type="xigt-meta">
    <meta type="language" name="cebuano" iso-639-3="ceb" tiers="phrases words morphemes"/>
    <meta type="language" name="English" iso-639-3="eng" tiers="translations"/>
    <meta type="odin-source" doc-id="2791" line-range="686-687" line-types="M+LN+EX L-T+DB"/>
  </metadata>
  <tier id="o" type="odin-raw">
    <item id="o1" line="686" tag="M+LN+EX">  Cebuano Class II:</item>
    <item id="o2" line="687" tag="L-T+DB">  mahinóg `be/become         ripe'         hinó g   `ripe'         mu-hinó g   `be   co   me ripe'</item>
  </tier>
  <tier id="c" type="odin-clean">
    <item id="c1" line="686" tag="M+LN+EX">Cebuano Class II:</item>
    <item id="c2" line="687" tag="L-T+DB">mahinóg `be/become         ripe'         hinó g   `ripe'         mu-hinó g   `be   co   me ripe</item>
  </tier>
</igt>
<igt id="i29229">
  <metadata type="xigt-meta">
    <meta type="language" name="cebuano" iso-639-3="ceb" tiers="phrases words morphemes"/>
    <meta type="language" name="English" iso-639-3="eng" tiers="translations"/>
    <meta type="odin-source" doc-id="2791" line-range="688-688" line-types="L-T+DB"/>
  </metadata>
  <tier id="o" type="odin-raw">
    <item id="o1" line="688" tag="L-T+DB">  mapulá    `be/become       red'          pulá     `red, redness' mu-pulá     `be   co   me red'</item>
  </tier>
  <tier id="c" type="odin-clean">
    <item id="c1" line="688" tag="L-T+DB">mapulá    `be/become       red'          pulá     `red, redness' mu-pulá     `be   co   me red</item>
  </tier>
</igt>
<igt id="i29230">
  <metadata type="xigt-meta">
    <meta type="language" name="cebuano" iso-639-3="ceb" tiers="phrases words morphemes"/>
    <meta type="language" name="English" iso-639-3="eng" tiers="translations"/>
    <meta type="odin-source" doc-id="2791" line-range="689-689" line-types="L-T+DB"/>
  </metadata>
  <tier id="o" type="odin-raw">
    <item id="o1" line="689" tag="L-T+DB">  matam'is `be/become        sweet'        tam'is   `sweets'       mu-tam'is   `be   co   me/make sweet'</item>
  </tier>
  <tier id="c" type="odin-clean">
    <item id="c1" line="689" tag="L-T+DB">matam'is `be/become        sweet'        tam'is   `sweets'       mu-tam'is   `be   co   me/make sweet</item>
  </tier>
</igt>
<igt id="i29231">
  <metadata type="xigt-meta">
    <meta type="language" name="cebuano" iso-639-3="ceb" tiers="phrases words morphemes"/>
    <meta type="language" name="English" iso-639-3="eng" tiers="translations"/>
    <meta type="odin-source" doc-id="2791" line-range="690-690" line-types="L-T+DB"/>
  </metadata>
  <tier id="o" type="odin-raw">
    <item id="o1" line="690" tag="L-T+DB">  maanyág `be/become         beautiful'    anyág    `beautiful'    mu-anyág    `be   co   me/make beautiful'</item>
  </tier>
  <tier id="c" type="odin-clean">
    <item id="c1" line="690" tag="L-T+DB">maanyág `be/become         beautiful'    anyág    `beautiful'    mu-anyág    `be   co   me/make beautiful</item>
  </tier>
</igt>
<igt id="i48570">
  <metadata type="xigt-meta">
    <meta type="language" name="cebuano" iso-639-3="ceb" tiers="phrases words morphemes"/>
    <meta type="language" name="English" iso-639-3="eng" tiers="translations"/>
    <meta type="odin-source" doc-id="3428" line-range="437-439" line-types="L G T"/>
  </metadata>
  <tier id="o" type="odin-raw">
    <item id="o1" line="437" tag="L">  (37) a.           ang duktur ang babayi</item>
    <item id="o2" line="438" tag="G">                    TOPIC doctor TOPIC woman</item>
    <item id="o3" line="439" tag="T">                    `the woman is the doctor'</item>
  </tier>
  <tier id="c" type="odin-clean">
    <item id="c1" line="437" tag="L">ang duktur ang babayi</item>
    <item id="c2" line="438" tag="G">TOPIC doctor TOPIC woman</item>
    <item id="c3" line="439" tag="T">the woman is the doctor</item>
  </tier>
  <tier id="p" type="phrases" content="c">
    <item id="p0" content="c1[0:21]"/>
  </tier>
  <tier id="g" type="glosses" content="c">
    <item id="g0" content="c2[0:24]" alignment="p1"/>
  </tier>
  <tier id="t" type="translations" content="c">
    <item id="t0" content="c3[0:23]" alignment="p1"/>
  </tier>
</igt>
<igt id="i48571">
  <metadata type="xigt-meta">
    <meta type="language" name="cebuano" iso-639-3="ceb" tiers="phrases words morphemes"/>
    <meta type="language" name="English" iso-639-3="eng" tiers="translations"/>
    <meta type="odin-source" doc-id="3428" line-range="440-442" line-types="L G T"/>
  </metadata>
  <tier id="o" type="odin-raw">
    <item id="o1" line="440" tag="L">          b.        duktur ang babayi</item>
    <item id="o2" line="441" tag="G">                    doctor TOPIC woman</item>
    <item id="o3" line="442" tag="T">                    `the woman is a doctor'</item>
  </tier>
  <tier id="c" type="odin-clean">
    <item id="c1" line="440" tag="L">duktur ang babayi</item>
    <item id="c2" line="441" tag="G">doctor TOPIC woman</item>
    <item id="c3" line="442" tag="T">the woman is a doctor</item>
  </tier>
  <tier id="p" type="phrases" content="c">
    <item id="p0" content="c1[0:17]"/>
  </tier>
  <tier id="g" type="glosses" content="c">
    <item id="g0" content="c2[0:18]" alignment="p1"/>
  </tier>
  <tier id="t" type="translations" content="c">
    <item id="t0" content="c3[0:21]" alignment="p1"/>
  </tier>
</igt>
<igt id="i48572">
  <metadata type="xigt-meta">
    <meta type="language" name="cebuano" iso-639-3="ceb" tiers="phrases words morphemes"/>
    <meta type="language" name="English" iso-639-3="eng" tiers="translations"/>
    <meta type="odin-source" doc-id="3428" line-range="462-464" line-types="L G T"/>
  </metadata>
  <tier id="o" type="odin-raw">
    <item id="o1" line="462" tag="L">  (38) a. nag-tawag                        ang babayi nakuq.</item>
    <item id="o2" line="463" tag="G">              SUBJ.FOCUS.DUR-call          TOPIC woman 1SG.NONTOPIC</item>
    <item id="o3" line="464" tag="T">              `the woman was calling me'</item>
  </tier>
  <tier id="c" type="odin-clean">
    <item id="c1" line="462" tag="L">nag-tawag                        ang babayi nakuq.</item>
    <item id="c2" line="463" tag="G">SUBJ.FOCUS.DUR-call          TOPIC woman 1SG.NONTOPIC</item>
    <item id="c3" line="464" tag="T">the woman was calling me</item>
  </tier>
  <tier id="p" type="phrases" content="c">
    <item id="p0" content="c1[0:50]"/>
  </tier>
  <tier id="g" type="glosses" content="c">
    <item id="g0" content="c2[0:53]" alignment="p1"/>
  </tier>
  <tier id="t" type="translations" content="c">
    <item id="t0" content="c3[0:24]" alignment="p1"/>
  </tier>
</igt>
<igt id="i48573">
  <metadata type="xigt-meta">
    <meta type="language" name="cebuano" iso-639-3="ceb" tiers="phrases words morphemes"/>
    <meta type="language" name="English" iso-639-3="eng" tiers="translations"/>
    <meta type="odin-source" doc-id="3428" line-range="465-467" line-types="L G T"/>
  </metadata>
  <tier id="o" type="odin-raw">
    <item id="o1" line="465" tag="L">        b. babayi ang            nag-tawag                     nakuq.</item>
    <item id="o2" line="466" tag="G">            woman TOPIC SUBJ.FOCUS:DUR-call                    1SG.NONTOPIC</item>
    <item id="o3" line="467" tag="T">            `the one who was calling me was a woman'</item>
  </tier>
  <tier id="c" type="odin-clean">
    <item id="c1" line="465" tag="L">babayi ang            nag-tawag                     nakuq.</item>
    <item id="c2" line="466" tag="G">woman TOPIC SUBJ.FOCUS:DUR-call                    1SG.NONTOPIC</item>
    <item id="c3" line="467" tag="T">the one who was calling me was a woman</item>
  </tier>
  <tier id="p" type="phrases" content="c">
    <item id="p0" content="c1[0:58]"/>
  </tier>
  <tier id="g" type="glosses" content="c">
    <item id="g0" content="c2[0:63]" alignment="p1"/>
  </tier>
  <tier id="t" type="translations" content="c">
    <item id="t0" content="c3[0:38]" alignment="p1"/>
  </tier>
</igt>
<igt id="i48601">
  <metadata type="xigt-meta">
    <meta type="language" name="cebuano" iso-639-3="ceb" tiers="phrases words morphemes"/>
    <meta type="language" name="English" iso-639-3="eng" tiers="translations"/>
    <meta type="odin-source" doc-id="3428" line-range="652-654" line-types="L G T"/>
  </metadata>
  <tier id="o" type="odin-raw">
    <item id="o1" line="652" tag="L">  (52) a. túqa                                    si      Místir Abáya sa Amiriká</item>
    <item id="o2" line="653" tag="G">               there:NOT.NEAR.HEARER:PRES TOPIC Mr. Abaya LOC America</item>
    <item id="o3" line="654" tag="T">               `Mr. Abaya is in America'</item>
  </tier>
  <tier id="c" type="odin-clean">
    <item id="c1" line="652" tag="L">túqa                                    si      Místir Abáya sa Amiriká</item>
    <item id="c2" line="653" tag="G">there:NOT.NEAR.HEARER:PRES TOPIC Mr. Abaya LOC America</item>
    <item id="c3" line="654" tag="T">Mr. Abaya is in America</item>
  </tier>
  <tier id="p" type="phrases" content="c">
    <item id="p0" content="c1[0:71]"/>
  </tier>
  <tier id="g" type="glosses" content="c">
    <item id="g0" content="c2[0:54]" alignment="p1"/>
  </tier>
  <tier id="t" type="translations" content="c">
    <item id="t0" content="c3[0:23]" alignment="p1"/>
  </tier>
</igt>
<igt id="i48602">
  <metadata type="xigt-meta">
    <meta type="language" name="cebuano" iso-639-3="ceb" tiers="phrases words morphemes"/>
    <meta type="language" name="English" iso-639-3="eng" tiers="translations"/>
    <meta type="odin-source" doc-id="3428" line-range="655-657" line-types="L G T"/>
  </metadata>
  <tier id="o" type="odin-raw">
    <item id="o1" line="655" tag="L">          b. ánhi                               siyá          sa Sibú</item>
    <item id="o2" line="656" tag="G">               here:NEAR.1PL.INCL:FUT           3SG.TOPIC LOC Cebu</item>
    <item id="o3" line="657" tag="T">               `he will be here in Cebu'</item>
  </tier>
  <tier id="c" type="odin-clean">
    <item id="c1" line="655" tag="L">ánhi                               siyá          sa Sibú</item>
    <item id="c2" line="656" tag="G">here:NEAR.1PL.INCL:FUT           3SG.TOPIC LOC Cebu</item>
    <item id="c3" line="657" tag="T">he will be here in Cebu</item>
  </tier>
  <tier id="p" type="phrases" content="c">
    <item id="p0" content="c1[0:56]"/>
  </tier>
  <tier id="g" type="glosses" content="c">
    <item id="g0" content="c2[0:51]" alignment="p1"/>
  </tier>
  <tier id="t" type="translations" content="c">
    <item id="t0" content="c3[0:23]" alignment="p1"/>
  </tier>
</igt>
<igt id="i48611">
  <metadata type="xigt-meta">
    <meta type="language" name="cebuano" iso-639-3="ceb" tiers="phrases words morphemes"/>
    <meta type="language" name="English" iso-639-3="eng" tiers="translations"/>
    <meta type="odin-source" doc-id="3428" line-range="794-796" line-types="L G T"/>
  </metadata>
  <tier id="o" type="odin-raw">
    <item id="o1" line="794" tag="L">  (61) may bir</item>
    <item id="o2" line="795" tag="G">           exist beer</item>
    <item id="o3" line="796" tag="T">           `there is (was, will be) beer'</item>
  </tier>
  <tier id="c" type="odin-clean">
    <item id="c1" line="794" tag="L">may bir</item>
    <item id="c2" line="795" tag="G">exist beer</item>
    <item id="c3" line="796" tag="T">there is (was, will be) beer</item>
  </tier>
  <tier id="p" type="phrases" content="c">
    <item id="p0" content="c1[0:7]"/>
  </tier>
  <tier id="g" type="glosses" content="c">
    <item id="g0" content="c2[0:10]" alignment="p1"/>
  </tier>
  <tier id="t" type="translations" content="c">
    <item id="t0" content="c3[0:28]" alignment="p1"/>
  </tier>
</igt>
<igt id="i48617">
  <metadata type="xigt-meta">
    <meta type="language" name="cebuano" iso-639-3="ceb" tiers="phrases words morphemes"/>
    <meta type="language" name="English" iso-639-3="eng" tiers="translations"/>
    <meta type="odin-source" doc-id="3428" line-range="862-864" line-types="L G T"/>
  </metadata>
  <tier id="o" type="odin-raw">
    <item id="o1" line="862" tag="L">  (66)          may bir si               Lúling</item>
    <item id="o2" line="863" tag="G">                exist beer TOPIC Loling</item>
    <item id="o3" line="864" tag="T">                `Loling has/had beer'</item>
  </tier>
  <tier id="c" type="odin-clean">
    <item id="c1" line="862" tag="L">may bir si               Lúling</item>
    <item id="c2" line="863" tag="G">exist beer TOPIC Loling</item>
    <item id="c3" line="864" tag="T">Loling has/had beer</item>
  </tier>
  <tier id="p" type="phrases" content="c">
    <item id="p0" content="c1[0:31]"/>
  </tier>
  <tier id="g" type="glosses" content="c">
    <item id="g0" content="c2[0:23]" alignment="p1"/>
  </tier>
  <tier id="t" type="translations" content="c">
    <item id="t0" content="c3[0:19]" alignment="p1"/>
  </tier>
</igt>
<igt id="i73430">
  <metadata type="xigt-meta">
    <meta type="language" name="cebuano" iso-639-3="ceb" tiers="phrases words morphemes"/>
    <meta type="language" name="English" iso-639-3="eng" tiers="translations"/>
    <meta type="odin-source" doc-id="990" line-range="1852-1854" line-types="L G T"/>
  </metadata>
  <tier id="o" type="odin-raw">
    <item id="o1" line="1852" tag="L">  (165) mi-dagan                      [ang [mi-palit                     sa             saging]]</item>
    <item id="o2" line="1853" tag="G">           ACTOR.FOCUS-run            [TOPIC [ACTOR.FOCUS-buy NONTOPIC banana]]</item>
    <item id="o3" line="1854" tag="T">           `the one that bought bananas ran away'</item>
  </tier>
  <tier id="c" type="odin-clean">
    <item id="c1" line="1852" tag="L">mi-dagan                      [ang [mi-palit                     sa             saging]]</item>
    <item id="c2" line="1853" tag="G">ACTOR.FOCUS-run            [TOPIC [ACTOR.FOCUS-buy NONTOPIC banana]]</item>
    <item id="c3" line="1854" tag="T">the one that bought bananas ran away</item>
  </tier>
  <tier id="p" type="phrases" content="c">
    <item id="p0" content="c1[0:88]"/>
  </tier>
  <tier id="g" type="glosses" content="c">
    <item id="g0" content="c2[0:68]" alignment="p1"/>
  </tier>
  <tier id="t" type="translations" content="c">
    <item id="t0" content="c3[0:36]" alignment="p1"/>
  </tier>
</igt>
<igt id="i73431">
  <metadata type="xigt-meta">
    <meta type="language" name="cebuano" iso-639-3="ceb" tiers="phrases words morphemes"/>
    <meta type="language" name="English" iso-639-3="eng" tiers="translations"/>
    <meta type="odin-source" doc-id="990" line-range="1858-1862" line-types="L G L G T"/>
  </metadata>
  <tier id="o" type="odin-raw">
    <item id="o1" line="1858" tag="L">  (166) mi-dagan                      [ang babaye [nga mi-palit</item>
    <item id="o2" line="1859" tag="G">           ACTOR.FOCUS-run            [TOPIC woman [REL ACTOR.FOCUS-buy</item>
    <item id="o3" line="1860" tag="L">              sa             saging]]</item>
    <item id="o4" line="1861" tag="G">              NONTOPIC banana]]</item>
    <item id="o5" line="1862" tag="T">           `the woman that bought bananas ran away'</item>
  </tier>
  <tier id="c" type="odin-clean">
    <item id="c1" line="1858" tag="L">mi-dagan                      [ang babaye [nga mi-palit</item>
    <item id="c2" line="1859" tag="G">ACTOR.FOCUS-run            [TOPIC woman [REL ACTOR.FOCUS-buy</item>
    <item id="c3" line="1860" tag="L">sa             saging]]</item>
    <item id="c4" line="1861" tag="G">NONTOPIC banana]]</item>
    <item id="c5" line="1862" tag="T">the woman that bought bananas ran away</item>
  </tier>
  <tier id="p" type="phrases" content="c">
    <item id="p0" content="c1[0:55]"/>
    <item id="p1" content="c3[0:23]"/>
  </tier>
  <tier id="g" type="glosses" content="c">
    <item id="g0" content="c2[0:60]" alignment="p1"/>
    <item id="g1" content="c4[0:17]" alignment="p2"/>
  </tier>
  <tier id="t" type="translations" content="c">
    <item id="t0" content="c5[0:38]" alignment="p2"/>
  </tier>
</igt>
<igt id="i73432">
  <metadata type="xigt-meta">
    <meta type="language" name="cebuano" iso-639-3="ceb" tiers="phrases words morphemes"/>
    <meta type="language" name="English" iso-639-3="eng" tiers="translations"/>
    <meta type="odin-source" doc-id="990" line-range="1873-1875" line-types="L G T"/>
  </metadata>
  <tier id="o" type="odin-raw">
    <item id="o1" line="1873" tag="L">  (167) a. mi-dagan                        [ang babaye]</item>
    <item id="o2" line="1874" tag="G">                ACTOR.FOCUS-run            [TOPIC woman]</item>
    <item id="o3" line="1875" tag="T">                `the woman is running'</item>
  </tier>
  <tier id="c" type="odin-clean">
    <item id="c1" line="1873" tag="L">mi-dagan                        [ang babaye]</item>
    <item id="c2" line="1874" tag="G">ACTOR.FOCUS-run            [TOPIC woman]</item>
    <item id="c3" line="1875" tag="T">the woman is running</item>
  </tier>
  <tier id="p" type="phrases" content="c">
    <item id="p0" content="c1[0:44]"/>
  </tier>
  <tier id="g" type="glosses" content="c">
    <item id="g0" content="c2[0:40]" alignment="p1"/>
  </tier>
  <tier id="t" type="translations" content="c">
    <item id="t0" content="c3[0:20]" alignment="p1"/>
  </tier>
</igt>
<igt id="i73433">
  <metadata type="xigt-meta">
    <meta type="language" name="cebuano" iso-639-3="ceb" tiers="phrases words morphemes"/>
    <meta type="language" name="English" iso-639-3="eng" tiers="translations"/>
    <meta type="odin-source" doc-id="990" line-range="1876-1878" line-types="L G T"/>
  </metadata>
  <tier id="o" type="odin-raw">
    <item id="o1" line="1876" tag="L">            b. babaye [ang mi-dagan]</item>
    <item id="o2" line="1877" tag="G">                woman [TOPIC ACTOR.FOCUS-run]</item>
    <item id="o3" line="1878" tag="T">                `the one who is running is a woman'</item>
  </tier>
  <tier id="c" type="odin-clean">
    <item id="c1" line="1876" tag="L">babaye [ang mi-dagan]</item>
    <item id="c2" line="1877" tag="G">woman [TOPIC ACTOR.FOCUS-run]</item>
    <item id="c3" line="1878" tag="T">the one who is running is a woman</item>
  </tier>
  <tier id="p" type="phrases" content="c">
    <item id="p0" content="c1[0:21]"/>
  </tier>
  <tier id="g" type="glosses" content="c">
    <item id="g0" content="c2[0:29]" alignment="p1"/>
  </tier>
  <tier id="t" type="translations" content="c">
    <item id="t0" content="c3[0:33]" alignment="p1"/>
  </tier>
</igt>
<igt id="i74145">
  <metadata type="xigt-meta">
    <meta type="language" name="cebuano" iso-639-3="ceb" tiers="phrases words morphemes"/>
    <meta type="language" name="English" iso-639-3="eng" tiers="translations"/>
    <meta type="odin-source" doc-id="989" line-range="459-461" line-types="L G T"/>
  </metadata>
  <tier id="o" type="odin-raw">
    <item id="o1" line="459" tag="L">  (37) a.           ang duktur ang babayi</item>
    <item id="o2" line="460" tag="G">                    TOPIC doctor TOPIC woman</item>
    <item id="o3" line="461" tag="T">                    `the woman is the doctor'</item>
  </tier>
  <tier id="c" type="odin-clean">
    <item id="c1" line="459" tag="L">ang duktur ang babayi</item>
    <item id="c2" line="460" tag="G">TOPIC doctor TOPIC woman</item>
    <item id="c3" line="461" tag="T">the woman is the doctor</item>
  </tier>
  <tier id="p" type="phrases" content="c">
    <item id="p0" content="c1[0:21]"/>
  </tier>
  <tier id="g" type="glosses" content="c">
    <item id="g0" content="c2[0:24]" alignment="p1"/>
  </tier>
  <tier id="t" type="translations" content="c">
    <item id="t0" content="c3[0:23]" alignment="p1"/>
  </tier>
</igt>
<igt id="i74146">
  <metadata type="xigt-meta">
    <meta type="language" name="cebuano" iso-639-3="ceb" tiers="phrases words morphemes"/>
    <meta type="language" name="English" iso-639-3="eng" tiers="translations"/>
    <meta type="odin-source" doc-id="989" line-range="462-464" line-types="L G T"/>
  </metadata>
  <tier id="o" type="odin-raw">
    <item id="o1" line="462" tag="L">          b.        duktur ang babayi</item>
    <item id="o2" line="463" tag="G">                    doctor TOPIC woman</item>
    <item id="o3" line="464" tag="T">                    `the woman is a doctor'</item>
  </tier>
  <tier id="c" type="odin-clean">
    <item id="c1" line="462" tag="L">duktur ang babayi</item>
    <item id="c2" line="463" tag="G">doctor TOPIC woman</item>
    <item id="c3" line="464" tag="T">the woman is a doctor</item>
  </tier>
  <tier id="p" type="phrases" content="c">
    <item id="p0" content="c1[0:17]"/>
  </tier>
  <tier id="g" type="glosses" content="c">
    <item id="g0" content="c2[0:18]" alignment="p1"/>
  </tier>
  <tier id="t" type="translations" content="c">
    <item id="t0" content="c3[0:21]" alignment="p1"/>
  </tier>
</igt>
<igt id="i74147">
  <metadata type="xigt-meta">
    <meta type="language" name="cebuano" iso-639-3="ceb" tiers="phrases words morphemes"/>
    <meta type="language" name="English" iso-639-3="eng" tiers="translations"/>
    <meta type="odin-source" doc-id="989" line-range="484-486" line-types="L G T"/>
  </metadata>
  <tier id="o" type="odin-raw">
    <item id="o1" line="484" tag="L">  (38) a. nag-tawag                         ang babayi nakuq.</item>
    <item id="o2" line="485" tag="G">              SUBJ.FOCUS,DUR-call           TOPIC woman 1SG,NONTOPIC</item>
    <item id="o3" line="486" tag="T">              `the woman was calling me'</item>
  </tier>
  <tier id="c" type="odin-clean">
    <item id="c1" line="484" tag="L">nag-tawag                         ang babayi nakuq.</item>
    <item id="c2" line="485" tag="G">SUBJ.FOCUS,DUR-call           TOPIC woman 1SG,NONTOPIC</item>
    <item id="c3" line="486" tag="T">the woman was calling me</item>
  </tier>
  <tier id="p" type="phrases" content="c">
    <item id="p0" content="c1[0:51]"/>
  </tier>
  <tier id="g" type="glosses" content="c">
    <item id="g0" content="c2[0:54]" alignment="p1"/>
  </tier>
  <tier id="t" type="translations" content="c">
    <item id="t0" content="c3[0:24]" alignment="p1"/>
  </tier>
</igt>
<igt id="i74148">
  <metadata type="xigt-meta">
    <meta type="language" name="cebuano" iso-639-3="ceb" tiers="phrases words morphemes"/>
    <meta type="language" name="English" iso-639-3="eng" tiers="translations"/>
    <meta type="odin-source" doc-id="989" line-range="487-489" line-types="L G T"/>
  </metadata>
  <tier id="o" type="odin-raw">
    <item id="o1" line="487" tag="L">        b. babayi ang              nag-tawag                     nakuq.</item>
    <item id="o2" line="488" tag="G">             woman TOPIC SUBJ.FOCUS,DUR-call                     1SG,NONTOPIC</item>
    <item id="o3" line="489" tag="T">             `the one who was calling me was a woman'</item>
  </tier>
  <tier id="c" type="odin-clean">
    <item id="c1" line="487" tag="L">babayi ang              nag-tawag                     nakuq.</item>
    <item id="c2" line="488" tag="G">woman TOPIC SUBJ.FOCUS,DUR-call                     1SG,NONTOPIC</item>
    <item id="c3" line="489" tag="T">the one who was calling me was a woman</item>
  </tier>
  <tier id="p" type="phrases" content="c">
    <item id="p0" content="c1[0:60]"/>
  </tier>
  <tier id="g" type="glosses" content="c">
    <item id="g0" content="c2[0:64]" alignment="p1"/>
  </tier>
  <tier id="t" type="translations" content="c">
    <item id="t0" content="c3[0:38]" alignment="p1"/>
  </tier>
</igt>
<igt id="i74149">
  <metadata type="xigt-meta">
    <meta type="language" name="cebuano" iso-639-3="ceb" tiers="phrases words morphemes"/>
    <meta type="language" name="English" iso-639-3="eng" tiers="translations"/>
    <meta type="odin-source" doc-id="989" line-range="510-513" line-types="L G+CR G+CR T"/>
  </metadata>
  <tier id="o" type="odin-raw">
    <item id="o1" line="510" tag="L">  (39) a. ná-la           tìm      caca mú-la</item>
    <item id="o2" line="511" tag="G+CR">                                     TM</item>
    <item id="o3" line="512" tag="G+CR">              1SG-GEN house small be-INDEF</item>
    <item id="o4" line="513" tag="T">              `my house is small'</item>
  </tier>
  <tier id="c" type="odin-clean">
    <item id="c1" line="510" tag="L">ná-la           tìm      caca mú-la</item>
    <item id="c2" line="511" tag="G+CR">TM</item>
    <item id="c4" line="513" tag="T">my house is small</item>
  </tier>
  <tier id="p" type="phrases" content="c">
    <item id="p0" content="c1[0:35]"/>
  </tier>
  <tier id="g" type="glosses" content="c">
    <item id="g0" content="c2[0:2]" alignment="p1"/>
  </tier>
  <tier id="t" type="translations" content="c">
    <item id="t0" content="c4[0:17]" alignment="p1"/>
  </tier>
</igt>
<igt id="i74150">
  <metadata type="xigt-meta">
    <meta type="language" name="cebuano" iso-639-3="ceb" tiers="phrases words morphemes"/>
    <meta type="language" name="English" iso-639-3="eng" tiers="translations"/>
    <meta type="odin-source" doc-id="989" line-range="517-520" line-types="L G+CR G+CR T"/>
  </metadata>
  <tier id="o" type="odin-raw">
    <item id="o1" line="517" tag="L">          b. cu· mento caca</item>
    <item id="o2" line="518" tag="G+CR">                         TM          TM</item>
    <item id="o3" line="519" tag="G+CR">               this flower small</item>
    <item id="o4" line="520" tag="T">               `this flower is small'</item>
  </tier>
  <tier id="c" type="odin-clean">
    <item id="c1" line="517" tag="L">cu· mento caca</item>
    <item id="c2" line="518" tag="G+CR">TM          TM</item>
    <item id="c4" line="520" tag="T">this flower is small</item>
  </tier>
  <tier id="p" type="phrases" content="c">
    <item id="p0" content="c1[0:14]"/>
  </tier>
  <tier id="g" type="glosses" content="c">
    <item id="g0" content="c2[0:14]" alignment="p1"/>
  </tier>
  <tier id="t" type="translations" content="c">
    <item id="t0" content="c4[0:20]" alignment="p1"/>
  </tier>
</igt>
<igt id="i74176">
  <metadata type="xigt-meta">
    <meta type="language" name="cebuano" iso-639-3="ceb" tiers="phrases words morphemes"/>
    <meta type="language" name="English" iso-639-3="eng" tiers="translations"/>
    <meta type="odin-source" doc-id="989" line-range="668-670" line-types="L G T"/>
  </metadata>
  <tier id="o" type="odin-raw">
    <item id="o1" line="668" tag="L">  (52) a. túqa                                       si     Místir Abáya sa Amiriká</item>
    <item id="o2" line="669" tag="G">               there,NOT.NEAR.HEARER,PRES TOPIC Mr. Abaya LOC America</item>
    <item id="o3" line="670" tag="T">               `Mr. Abaya is in America'</item>
  </tier>
  <tier id="c" type="odin-clean">
    <item id="c1" line="668" tag="L">túqa                                       si     Místir Abáya sa Amiriká</item>
    <item id="c2" line="669" tag="G">there,NOT.NEAR.HEARER,PRES TOPIC Mr. Abaya LOC America</item>
    <item id="c3" line="670" tag="T">Mr. Abaya is in America</item>
  </tier>
  <tier id="p" type="phrases" content="c">
    <item id="p0" content="c1[0:73]"/>
  </tier>
  <tier id="g" type="glosses" content="c">
    <item id="g0" content="c2[0:54]" alignment="p1"/>
  </tier>
  <tier id="t" type="translations" content="c">
    <item id="t0" content="c3[0:23]" alignment="p1"/>
  </tier>
</igt>
<igt id="i74177">
  <metadata type="xigt-meta">
    <meta type="language" name="cebuano" iso-639-3="ceb" tiers="phrases words morphemes"/>
    <meta type="language" name="English" iso-639-3="eng" tiers="translations"/>
    <meta type="odin-source" doc-id="989" line-range="671-673" line-types="L G T"/>
  </metadata>
  <tier id="o" type="odin-raw">
    <item id="o1" line="671" tag="L">          b. ánhi                                  siyá        sa Sibú</item>
    <item id="o2" line="672" tag="G">               here,NEAR.1PL.INCL,FUT              3SG,TOPIC LOC Cebu</item>
    <item id="o3" line="673" tag="T">               `he will be here in Cebu'</item>
  </tier>
  <tier id="c" type="odin-clean">
    <item id="c1" line="671" tag="L">ánhi                                  siyá        sa Sibú</item>
    <item id="c2" line="672" tag="G">here,NEAR.1PL.INCL,FUT              3SG,TOPIC LOC Cebu</item>
    <item id="c3" line="673" tag="T">he will be here in Cebu</item>
  </tier>
  <tier id="p" type="phrases" content="c">
    <item id="p0" content="c1[0:57]"/>
  </tier>
  <tier id="g" type="glosses" content="c">
    <item id="g0" content="c2[0:54]" alignment="p1"/>
  </tier>
  <tier id="t" type="translations" content="c">
    <item id="t0" content="c3[0:23]" alignment="p1"/>
  </tier>
</igt>
<igt id="i74186">
  <metadata type="xigt-meta">
    <meta type="language" name="cebuano" iso-639-3="ceb" tiers="phrases words morphemes"/>
    <meta type="language" name="English" iso-639-3="eng" tiers="translations"/>
    <meta type="odin-source" doc-id="989" line-range="807-809" line-types="L G T"/>
  </metadata>
  <tier id="o" type="odin-raw">
    <item id="o1" line="807" tag="L">  (61) may bir</item>
    <item id="o2" line="808" tag="G">           exist beer</item>
    <item id="o3" line="809" tag="T">           `there is (was, will be) beer'</item>
  </tier>
  <tier id="c" type="odin-clean">
    <item id="c1" line="807" tag="L">may bir</item>
    <item id="c2" line="808" tag="G">exist beer</item>
    <item id="c3" line="809" tag="T">there is (was, will be) beer</item>
  </tier>
  <tier id="p" type="phrases" content="c">
    <item id="p0" content="c1[0:7]"/>
  </tier>
  <tier id="g" type="glosses" content="c">
    <item id="g0" content="c2[0:10]" alignment="p1"/>
  </tier>
  <tier id="t" type="translations" content="c">
    <item id="t0" content="c3[0:28]" alignment="p1"/>
  </tier>
</igt>
<igt id="i74192">
  <metadata type="xigt-meta">
    <meta type="language" name="cebuano" iso-639-3="ceb" tiers="phrases words morphemes"/>
    <meta type="language" name="English" iso-639-3="eng" tiers="translations"/>
    <meta type="odin-source" doc-id="989" line-range="872-874" line-types="L G T"/>
  </metadata>
  <tier id="o" type="odin-raw">
    <item id="o1" line="872" tag="L">  (66)         may bir si                Lúling</item>
    <item id="o2" line="873" tag="G">               exist beer TOPIC Loling</item>
    <item id="o3" line="874" tag="T">               `Loling has/had beer'</item>
  </tier>
  <tier id="c" type="odin-clean">
    <item id="c1" line="872" tag="L">may bir si                Lúling</item>
    <item id="c2" line="873" tag="G">exist beer TOPIC Loling</item>
    <item id="c3" line="874" tag="T">Loling has/had beer</item>
  </tier>
  <tier id="p" type="phrases" content="c">
    <item id="p0" content="c1[0:32]"/>
  </tier>
  <tier id="g" type="glosses" content="c">
    <item id="g0" content="c2[0:23]" alignment="p1"/>
  </tier>
  <tier id="t" type="translations" content="c">
    <item id="t0" content="c3[0:19]" alignment="p1"/>
  </tier>
</igt>
<igt id="i77852">
  <metadata type="xigt-meta">
    <meta type="language" name="cebuano" iso-639-3="ceb" tiers="phrases words morphemes"/>
    <meta type="language" name="English" iso-639-3="eng" tiers="translations"/>
    <meta type="odin-source" doc-id="2521" line-range="1307-1310" line-types="L G M+SY T"/>
  </metadata>
  <tier id="o" type="odin-raw">
    <item id="o1" line="1307" tag="L">  (84) a. gi-palit               sa           babayi ang saging.</item>
    <item id="o2" line="1308" tag="G">             OBJ.FOCUS-buy NONTOPIC woman TOPIC banana</item>
    <item id="o3" line="1309" tag="M+SY">                                 [Art           N]       [Art       N]</item>
    <item id="o4" line="1310" tag="T">             `the woman bought the bananas'</item>
  </tier>
  <tier id="c" type="odin-clean">
    <item id="c1" line="1307" tag="L">gi-palit               sa           babayi ang saging.</item>
    <item id="c2" line="1308" tag="G">OBJ.FOCUS-buy NONTOPIC woman TOPIC banana</item>
    <item id="c3" line="1309" tag="M+SY">[Art           N]       [Art       N]</item>
    <item id="c4" line="1310" tag="T">the woman bought the bananas</item>
  </tier>
  <tier id="p" type="phrases" content="c">
    <item id="p0" content="c1[0:54]"/>
  </tier>
  <tier id="g" type="glosses" content="c">
    <item id="g0" content="c2[0:41]" alignment="p1"/>
  </tier>
  <tier id="t" type="translations" content="c">
    <item id="t0" content="c4[0:28]" alignment="p1"/>
  </tier>
</igt>
<igt id="i77853">
  <metadata type="xigt-meta">
    <meta type="language" name="cebuano" iso-639-3="ceb" tiers="phrases words morphemes"/>
    <meta type="language" name="English" iso-639-3="eng" tiers="translations"/>
    <meta type="odin-source" doc-id="2521" line-range="1311-1314" line-types="L G M+SY T"/>
  </metadata>
  <tier id="o" type="odin-raw">
    <item id="o1" line="1311" tag="L">        b. gi-sulat-an                    ni Maria si            Dudung ug isturya.</item>
    <item id="o2" line="1312" tag="G">             LOC.FOC-write-LOC.FOC GEN Maria TOPIC Dodong INDEF story</item>
    <item id="o3" line="1313" tag="M+SY">                                         [Art N] [Art               N] [Art N]</item>
    <item id="o4" line="1314" tag="T">             `Maria wrote a story for Dodong'</item>
  </tier>
  <tier id="c" type="odin-clean">
    <item id="c1" line="1311" tag="L">gi-sulat-an                    ni Maria si            Dudung ug isturya.</item>
    <item id="c2" line="1312" tag="G">LOC.FOC-write-LOC.FOC GEN Maria TOPIC Dodong INDEF story</item>
    <item id="c3" line="1313" tag="M+SY">[Art N] [Art               N] [Art N]</item>
    <item id="c4" line="1314" tag="T">Maria wrote a story for Dodong</item>
  </tier>
  <tier id="p" type="phrases" content="c">
    <item id="p0" content="c1[0:72]"/>
  </tier>
  <tier id="g" type="glosses" content="c">
    <item id="g0" content="c2[0:56]" alignment="p1"/>
  </tier>
  <tier id="t" type="translations" content="c">
    <item id="t0" content="c4[0:30]" alignment="p1"/>
  </tier>
</igt>
<igt id="i82328">
  <metadata type="xigt-meta">
    <meta type="language" name="cebuano" iso-639-3="ceb" tiers="phrases words morphemes"/>
    <meta type="language" name="English" iso-639-3="eng" tiers="translations"/>
    <meta type="odin-source" doc-id="3618" line-range="1444-1448" line-types="L G+CR G+CR B T"/>
  </metadata>
  <tier id="o" type="odin-raw">
    <item id="o1" line="1444" tag="L">  (21)   n-      ag- ulan</item>
    <item id="o2" line="1445" tag="G+CR">                -mag-rain</item>
    <item id="o3" line="1446" tag="G+CR">         REAL</item>
    <item id="o4" line="1447" tag="B"></item>
    <item id="o5" line="1448" tag="T">         'It's raining'</item>
  </tier>
  <tier id="c" type="odin-clean">
    <item id="c1" line="1444" tag="L">n-ag-ulan</item>
    <item id="c2" line="1445 1446" tag="G+CR">REAL-mag-rain</item>
    <item id="c4" line="1447" tag="B"/>
    <item id="c5" line="1448" tag="T">It's raining</item>
  </tier>
  <tier id="p" type="phrases" content="c">
    <item id="p0" content="c1[0:9]"/>
  </tier>
  <tier id="g" type="glosses" content="c">
    <item id="g0" content="c2[0:13]" alignment="p1"/>
  </tier>
  <tier id="t" type="translations" content="c">
    <item id="t0" content="c5[0:12]" alignment="p1"/>
  </tier>
</igt>
<igt id="i101318">
  <metadata type="xigt-meta">
    <meta type="language" name="cebuano" iso-639-3="ceb" tiers="phrases words morphemes"/>
    <meta type="language" name="English" iso-639-3="eng" tiers="translations"/>
    <meta type="odin-source" doc-id="1312" line-range="320-322" line-types="L+AC+CR G T"/>
  </metadata>
  <tier id="o" type="odin-raw">
    <item id="o1" line="320" tag="L+AC+CR">  (12) a. Taas ang                         dalaga                                 (fro m Bunye &amp; Yap 1971: 65)</item>
    <item id="o2" line="321" tag="G">          tall TOP                         lady</item>
    <item id="o3" line="322" tag="T">          `The lady                      is tall'</item>
  </tier>
  <tier id="c" type="odin-clean">
    <item id="c1" line="320" tag="L+AC+CR">a. Taas ang                         dalaga                                 (fro m Bunye &amp; Yap 1971: 65</item>
    <item id="c2" line="321" tag="G">tall TOP                         lady</item>
    <item id="c3" line="322" tag="T">The lady                      is tall</item>
  </tier>
  <tier id="p" type="phrases" content="c">
    <item id="p0" content="c1[0:102]"/>
  </tier>
  <tier id="g" type="glosses" content="c">
    <item id="g0" content="c2[0:37]" alignment="p1"/>
  </tier>
  <tier id="t" type="translations" content="c">
    <item id="t0" content="c3[0:37]" alignment="p1"/>
  </tier>
</igt>
<igt id="i101319">
  <metadata type="xigt-meta">
    <meta type="language" name="cebuano" iso-639-3="ceb" tiers="phrases words morphemes"/>
    <meta type="language" name="English" iso-639-3="eng" tiers="translations"/>
    <meta type="odin-source" doc-id="1312" line-range="323-326" line-types="L G+CR G+CR T"/>
  </metadata>
  <tier id="o" type="odin-raw">
    <item id="o1" line="323" tag="L">       b. Ako ang                          dalaga</item>
    <item id="o2" line="324" tag="G+CR">          I                                lady</item>
    <item id="o3" line="325" tag="G+CR">                TOP</item>
    <item id="o4" line="326" tag="T">          `I am the                     lady'</item>
  </tier>
  <tier id="c" type="odin-clean">
    <item id="c1" line="323" tag="L">Ako ang                          dalaga</item>
    <item id="c2" line="324 325" tag="G+CR">I     TOP                        lady</item>
    <item id="c4" line="326" tag="T">I am the                     lady</item>
  </tier>
  <tier id="p" type="phrases" content="c">
    <item id="p0" content="c1[0:39]"/>
  </tier>
  <tier id="g" type="glosses" content="c">
    <item id="g0" content="c2[0:37]" alignment="p1"/>
  </tier>
  <tier id="t" type="translations" content="c">
    <item id="t0" content="c4[0:33]" alignment="p1"/>
  </tier>
</igt>
<igt id="i113488">
  <metadata type="xigt-meta">
    <meta type="language" name="cebuano" iso-639-3="ceb" tiers="phrases words morphemes"/>
    <meta type="language" name="English" iso-639-3="eng" tiers="translations"/>
    <meta type="odin-source" doc-id="3382" line-range="1348-1351" line-types="L G M+CN T"/>
  </metadata>
  <tier id="o" type="odin-raw">
    <item id="o1" line="1348" tag="L">  (84) a. gi-palit              sa            babayi ang saging.</item>
    <item id="o2" line="1349" tag="G">             OBJ.FOCUS-buy NONTOPIC woman TOPIC banana</item>
    <item id="o3" line="1350" tag="M+CN">                                [Art            N]      [Art        N]</item>
    <item id="o4" line="1351" tag="T">             `the woman bought the bananas'</item>
  </tier>
  <tier id="c" type="odin-clean">
    <item id="c1" line="1348" tag="L">gi-palit              sa            babayi ang saging.</item>
    <item id="c2" line="1349" tag="G">OBJ.FOCUS-buy NONTOPIC woman TOPIC banana</item>
    <item id="c3" line="1350" tag="M+CN">[Art            N]      [Art        N]</item>
    <item id="c4" line="1351" tag="T">the woman bought the bananas</item>
  </tier>
  <tier id="p" type="phrases" content="c">
    <item id="p0" content="c1[0:54]"/>
  </tier>
  <tier id="g" type="glosses" content="c">
    <item id="g0" content="c2[0:41]" alignment="p1"/>
  </tier>
  <tier id="t" type="translations" content="c">
    <item id="t0" content="c4[0:28]" alignment="p1"/>
  </tier>
</igt>
<igt id="i113489">
  <metadata type="xigt-meta">
    <meta type="language" name="cebuano" iso-639-3="ceb" tiers="phrases words morphemes"/>
    <meta type="language" name="English" iso-639-3="eng" tiers="translations"/>
    <meta type="odin-source" doc-id="3382" line-range="1352-1355" line-types="L G M+CN T"/>
  </metadata>
  <tier id="o" type="odin-raw">
    <item id="o1" line="1352" tag="L">         b. gi-sulat-an                  ni Maria si            Dudung ug isturya.</item>
    <item id="o2" line="1353" tag="G">             LOC.FOC-write-LOC.FOC GEN Maria TOPIC Dodong INDEF story</item>
    <item id="o3" line="1354" tag="M+CN">                                        [Art N] [Art                N] [Art N]</item>
    <item id="o4" line="1355" tag="T">             `Maria wrote a story for Dodong'</item>
  </tier>
  <tier id="c" type="odin-clean">
    <item id="c1" line="1352" tag="L">gi-sulat-an                  ni Maria si            Dudung ug isturya.</item>
    <item id="c2" line="1353" tag="G">LOC.FOC-write-LOC.FOC GEN Maria TOPIC Dodong INDEF story</item>
    <item id="c3" line="1354" tag="M+CN">[Art N] [Art                N] [Art N]</item>
    <item id="c4" line="1355" tag="T">Maria wrote a story for Dodong</item>
  </tier>
  <tier id="p" type="phrases" content="c">
    <item id="p0" content="c1[0:70]"/>
  </tier>
  <tier id="g" type="glosses" content="c">
    <item id="g0" content="c2[0:56]" alignment="p1"/>
  </tier>
  <tier id="t" type="translations" content="c">
    <item id="t0" content="c4[0:30]" alignment="p1"/>
  </tier>
</igt>
<igt id="i149421">
  <metadata type="xigt-meta">
    <meta type="language" name="cebuano" iso-639-3="ceb" tiers="phrases words morphemes"/>
    <meta type="language" name="English" iso-639-3="eng" tiers="translations"/>
    <meta type="odin-source" doc-id="3460" line-range="499-502" line-types="M+LN L G T+AC"/>
  </metadata>
  <tier id="o" type="odin-raw">
    <item id="o1" line="499" tag="M+LN">   (29) Cebuano Bisayan:</item>
    <item id="o2" line="500" tag="L">              walaq=ku hugás-i            ang manga plátu</item>
    <item id="o3" line="501" tag="G">              N$G=G$N:1S wash-PVC$2:AT$MP NOM P     plate</item>
    <item id="o4" line="502" tag="T+AC">              `I didn't wash the plates.' (Wolff 1996: 26)</item>
  </tier>
  <tier id="c" type="odin-clean">
    <item id="c1" line="499" tag="M+LN">Cebuano Bisayan:</item>
    <item id="c2" line="500" tag="L">walaq=ku hugás-i            ang manga plátu</item>
    <item id="c3" line="501" tag="G">N$G=G$N:1S wash-PVC$2:AT$MP NOM P     plate</item>
    <item id="c4" line="502" tag="T+AC">I didn't wash the plates.' (Wolff 1996: 26)</item>
  </tier>
  <tier id="p" type="phrases" content="c">
    <item id="p0" content="c2[0:43]"/>
  </tier>
  <tier id="g" type="glosses" content="c">
    <item id="g0" content="c3[0:43]" alignment="p1"/>
  </tier>
  <tier id="t" type="translations" content="c">
    <item id="t0" content="c4[0:43]" alignment="p1"/>
  </tier>
</igt>
</xigt-corpus>
