<?xml version="1.0" encoding="UTF-8"?>
<xigt-corpus>
<igt id="i63293">
  <metadata type="xigt-meta">
    <meta type="language" name="chagatay" iso-639-3="chg" tiers="phrases words morphemes"/>
    <meta type="language" name="English" iso-639-3="eng" tiers="translations"/>
    <meta type="odin-source" doc-id="2557" line-range="860-869" line-types="L G+CR G+CR B B L G B T T+AC"/>
  </metadata>
  <tier id="o" type="odin-raw">
    <item id="o1" line="860" tag="L">  (12)       Qasïm               candn           säning        fikringni qïldï,          [ki        gayudïn boyï ya</item>
    <item id="o2" line="861" tag="G+CR">                                 so.much         you-          thought     aux-3SG,      that       arrow-         bow like</item>
    <item id="o3" line="862" tag="G+CR">             eyebrow-1    SG                             ACC                                                 GEN</item>
    <item id="o4" line="863" tag="B"></item>
    <item id="o5" line="864" tag="B"></item>
    <item id="o6" line="865" tag="L">             teg      egildi].</item>
    <item id="o7" line="866" tag="G">             body bend-3SG.        PST</item>
    <item id="o8" line="867" tag="B"></item>
    <item id="o9" line="868" tag="T">             "My eyebrow thought so much about you that from sorrow its body became bent</item>
    <item id="o10" line="869" tag="T+AC">             like the bow of an arrow [sic]." (Bodrogligeti 2001:379)</item>
  </tier>
  <tier id="c" type="odin-clean">
    <item id="c1" line="860" tag="L">Qasïm               candn           säning        fikringni qïldï,          [ki        gayudïn boyï ya</item>
    <item id="c2" line="861 862" tag="G+CR">eyebrow-1    SG     so.much         you-ACC   thought     aux-3SG,      that       arrow-GEN   bow like</item>
    <item id="c4" line="863" tag="B"/>
    <item id="c5" line="864" tag="B"/>
    <item id="c6" line="865" tag="L">teg      egildi].</item>
    <item id="c7" line="866" tag="G">body bend-3SG.        PST</item>
    <item id="c8" line="867" tag="B"/>
    <item id="c9" line="868" tag="T">My eyebrow thought so much about you that from sorrow its body became bent</item>
    <item id="c10" line="869" tag="T+AC">like the bow of an arrow [sic]." (Bodrogligeti 2001:379)</item>
  </tier>
  <tier id="p" type="phrases" content="c">
    <item id="p0" content="c1[0:102]"/>
    <item id="p1" content="c6[0:17]"/>
  </tier>
  <tier id="g" type="glosses" content="c">
    <item id="g0" content="c2[0:103]" alignment="p1"/>
    <item id="g1" content="c7[0:25]" alignment="p2"/>
  </tier>
  <tier id="t" type="translations" content="c">
    <item id="t0" content="c9[0:74]" alignment="p2"/>
    <item id="t1" content="c10[0:56]" alignment="p2"/>
  </tier>
</igt>
</xigt-corpus>
