<?xml version="1.0" encoding="UTF-8"?>
<xigt-corpus>
<igt id="i23928">
  <metadata type="xigt-meta">
    <meta type="language" name="altkirchenslavischen" iso-639-3="chu" tiers="phrases words morphemes"/>
    <meta type="language" name="English" iso-639-3="eng" tiers="translations"/>
    <meta type="odin-source" doc-id="1270" line-range="489-490" line-types="L G"/>
  </metadata>
  <tier id="o" type="odin-raw">
    <item id="o1" line="489" tag="L">  (17) a. nesl' bim'</item>
    <item id="o2" line="490" tag="G">             carried (I) would</item>
  </tier>
  <tier id="c" type="odin-clean">
    <item id="c1" line="489" tag="L">nesl' bim</item>
    <item id="c2" line="490" tag="G">carried (I) would</item>
  </tier>
  <tier id="p" type="phrases" content="c">
    <item id="p0" content="c1[0:9]"/>
  </tier>
  <tier id="g" type="glosses" content="c">
    <item id="g0" content="c2[0:17]" alignment="p1"/>
  </tier>
</igt>
<igt id="i23929">
  <metadata type="xigt-meta">
    <meta type="language" name="altkirchenslavischen" iso-639-3="chu" tiers="phrases words morphemes"/>
    <meta type="language" name="English" iso-639-3="eng" tiers="translations"/>
    <meta type="odin-source" doc-id="1270" line-range="491-492" line-types="L G"/>
  </metadata>
  <tier id="o" type="odin-raw">
    <item id="o1" line="491" tag="L">          b. nesl' bi</item>
    <item id="o2" line="492" tag="G">             carried (he) would</item>
  </tier>
  <tier id="c" type="odin-clean">
    <item id="c1" line="491" tag="L">nesl' bi</item>
    <item id="c2" line="492" tag="G">carried (he) would</item>
  </tier>
  <tier id="p" type="phrases" content="c">
    <item id="p0" content="c1[0:8]"/>
  </tier>
  <tier id="g" type="glosses" content="c">
    <item id="g0" content="c2[0:18]" alignment="p1"/>
  </tier>
</igt>
<igt id="i102695">
  <metadata type="xigt-meta">
    <meta type="language" name="old church slavonic" iso-639-3="chu" tiers="phrases words morphemes"/>
    <meta type="language" name="English" iso-639-3="eng" tiers="translations"/>
    <meta type="odin-source" doc-id="1322" line-range="3270-3274" line-types="M+LN B G T+AC M+AC"/>
  </metadata>
  <tier id="o" type="odin-raw">
    <item id="o1" line="3270" tag="M+LN">  (59) Old Church Slavonic (11th - 12th Cent.)</item>
    <item id="o2" line="3271" tag="B"></item>
    <item id="o3" line="3272" tag="G">       was PRT die:-TI beggar:DAT</item>
    <item id="o4" line="3273" tag="T+AC">       `And it came to pass, that the beggar died.' [Luke 16, 22; King James Trans.]</item>
    <item id="o5" line="3274" tag="M+AC">                                                           [cited in Meillet 1952:394]</item>
  </tier>
  <tier id="c" type="odin-clean">
    <item id="c1" line="3270" tag="M+LN">Old Church Slavonic (11th-12th Cent.</item>
    <item id="c2" line="3271" tag="B"/>
    <item id="c3" line="3272" tag="G">was PRT die:-TI beggar:DAT</item>
    <item id="c4" line="3273" tag="T+AC">And it came to pass, that the beggar died.' [Luke 16, 22; King James Trans.]</item>
    <item id="c5" line="3274" tag="M+AC">[cited in Meillet 1952:394]</item>
  </tier>
  <tier id="g" type="glosses" content="c">
    <item id="g0" content="c3[0:26]"/>
  </tier>
  <tier id="t" type="translations" content="c">
    <item id="t0" content="c4[0:76]"/>
  </tier>
</igt>
<igt id="i155997">
  <metadata type="xigt-meta">
    <meta type="language" name="old church slavonic" iso-639-3="chu" tiers="phrases words morphemes"/>
    <meta type="language" name="English" iso-639-3="eng" tiers="translations"/>
    <meta type="odin-source" doc-id="3287" line-range="3044-3045" line-types="L+CR T+CR"/>
  </metadata>
  <tier id="o" type="odin-raw">
    <item id="o1" line="3044" tag="L+CR">  (2)    a.      I prilæpit s z enæ svoei . I bõdete oba v plt  edinõ</item>
    <item id="o2" line="3045" tag="T+CR">                 and cling to his wife, and the t wo will bec ome one flesh</item>
  </tier>
  <tier id="c" type="odin-clean">
    <item id="c1" line="3044" tag="L+CR">I prilæpit s z enæ svoei . I bõdete oba v plt  edinõ</item>
    <item id="c2" line="3045" tag="T+CR">and cling to his wife, and the t wo will bec ome one flesh</item>
  </tier>
  <tier id="p" type="phrases" content="c">
    <item id="p0" content="c1[0:52]"/>
  </tier>
  <tier id="t" type="translations" content="c">
    <item id="t0" content="c2[0:58]" alignment="p1"/>
  </tier>
</igt>
<igt id="i155998">
  <metadata type="xigt-meta">
    <meta type="language" name="old church slavonic" iso-639-3="chu" tiers="phrases words morphemes"/>
    <meta type="language" name="English" iso-639-3="eng" tiers="translations"/>
    <meta type="odin-source" doc-id="3287" line-range="3046-3047" line-types="L T+CR"/>
  </metadata>
  <tier id="o" type="odin-raw">
    <item id="o1" line="3046" tag="L">         b.      kogo x oscete ot  oboju otpustju v am</item>
    <item id="o2" line="3047" tag="T+CR">                 Which one of the two do you want me to release f or you?</item>
  </tier>
  <tier id="c" type="odin-clean">
    <item id="c1" line="3046" tag="L">kogo x oscete ot  oboju otpustju v am</item>
    <item id="c2" line="3047" tag="T+CR">Which one of the two do you want me to release f or you?</item>
  </tier>
  <tier id="p" type="phrases" content="c">
    <item id="p0" content="c1[0:37]"/>
  </tier>
  <tier id="t" type="translations" content="c">
    <item id="t0" content="c2[0:56]" alignment="p1"/>
  </tier>
</igt>
<igt id="i155999">
  <metadata type="xigt-meta">
    <meta type="language" name="old church slavonic" iso-639-3="chu" tiers="phrases words morphemes"/>
    <meta type="language" name="English" iso-639-3="eng" tiers="translations"/>
    <meta type="odin-source" doc-id="3287" line-range="3048-3049" line-types="L T+CR"/>
  </metadata>
  <tier id="o" type="odin-raw">
    <item id="o1" line="3048" tag="L">  (3)            sõdst e obæma na dest e kolænoma iz drailv ma</item>
    <item id="o2" line="3049" tag="T+CR">                 judging the t welv e tribes of Israel</item>
  </tier>
  <tier id="c" type="odin-clean">
    <item id="c1" line="3048" tag="L">sõdst e obæma na dest e kolænoma iz drailv ma</item>
    <item id="c2" line="3049" tag="T+CR">judging the t welv e tribes of Israel</item>
  </tier>
  <tier id="p" type="phrases" content="c">
    <item id="p0" content="c1[0:45]"/>
  </tier>
  <tier id="t" type="translations" content="c">
    <item id="t0" content="c2[0:37]" alignment="p1"/>
  </tier>
</igt>
</xigt-corpus>
