<?xml version="1.0" encoding="UTF-8"?>
<xigt-corpus>
<igt id="i25749">
  <metadata type="xigt-meta">
    <meta type="language" name="chuvash" iso-639-3="chv" tiers="phrases words morphemes"/>
    <meta type="language" name="English" iso-639-3="eng" tiers="translations"/>
    <meta type="odin-source" doc-id="3878" line-range="1302-1311" line-types="M+LN L+DB+CR L+DB+CR L+DB+CR G+DB+CR G+DB+CR T+DB+CR T+DB+CR M+AC+DB+CR M+AC+DB+CR"/>
  </metadata>
  <tier id="o" type="odin-raw">
    <item id="o1" line="1302" tag="M+LN">   (15)   chuvash</item>
    <item id="o2" line="1303" tag="L+DB+CR">                                                    b. k sa il</item>
    <item id="o3" line="1304" tag="L+DB+CR">                                                        alar</item>
    <item id="o4" line="1305" tag="L+DB+CR">            a. astusa       il</item>
    <item id="o5" line="1306" tag="G+DB+CR">                                                       steal-cv sub j.vers</item>
    <item id="o6" line="1307" tag="G+DB+CR">               rememb er-cv sub j.vers</item>
    <item id="o7" line="1308" tag="T+DB+CR">                                                       `steal for self '</item>
    <item id="o8" line="1309" tag="T+DB+CR">               `rememb er'</item>
    <item id="o9" line="1310" tag="M+AC+DB+CR">                                                       (Skvorcov 1985: 111)</item>
    <item id="o10" line="1311" tag="M+AC+DB+CR">                         (Skvorcov 1985: 111)</item>
  </tier>
  <tier id="c" type="odin-clean">
    <item id="c1" line="1302" tag="M+LN">chuvash</item>
    <item id="c2" line="1303 1305" tag="L+DB+CR">astusa       il                      b. k sa il</item>
  </tier>
  <tier id="p" type="phrases" content="c">
    <item id="p0" content="c2[0:47]"/>
  </tier>
</igt>
<igt id="i144212">
  <metadata type="xigt-meta">
    <meta type="language" name="chuvash" iso-639-3="chv" tiers="phrases words morphemes"/>
    <meta type="language" name="English" iso-639-3="eng" tiers="translations"/>
    <meta type="odin-source" doc-id="1581" line-range="4532-4534" line-types="L G T"/>
  </metadata>
  <tier id="o" type="odin-raw">
    <item id="o1" line="4532" tag="L">  (5)    a. vaCa       ike minut             xuSAncE           xypar-a        pElter-c-E.</item>
    <item id="o2" line="4533" tag="G">            Basil      two   minute          within            news-DA        let.know-PFV-3:SG</item>
    <item id="o3" line="4534" tag="T">           Basil announced a news in two minutes. &lt;quantized direct object&gt;</item>
  </tier>
  <tier id="c" type="odin-clean">
    <item id="c1" line="4532" tag="L">vaCa       ike minut             xuSAncE           xypar-a        pElter-c-E.</item>
    <item id="c2" line="4533" tag="G">Basil      two   minute          within            news-DA        let.know-PFV-3:SG</item>
    <item id="c3" line="4534" tag="T">Basil announced a news in two minutes. &lt;quantized direct object&gt;</item>
  </tier>
  <tier id="p" type="phrases" content="c">
    <item id="p0" content="c1[0:77]"/>
  </tier>
  <tier id="g" type="glosses" content="c">
    <item id="g0" content="c2[0:83]" alignment="p1"/>
  </tier>
  <tier id="t" type="translations" content="c">
    <item id="t0" content="c3[0:64]" alignment="p1"/>
  </tier>
</igt>
<igt id="i144213">
  <metadata type="xigt-meta">
    <meta type="language" name="chuvash" iso-639-3="chv" tiers="phrases words morphemes"/>
    <meta type="language" name="English" iso-639-3="eng" tiers="translations"/>
    <meta type="odin-source" doc-id="1581" line-range="4535-4537" line-types="L G T"/>
  </metadata>
  <tier id="o" type="odin-raw">
    <item id="o1" line="4535" tag="L">         b . *vaCa ike         minut         xypar-a             pElter-c-E.</item>
    <item id="o2" line="4536" tag="G">            Basil      two     minute        news-DA             let.know-PFV-3:SG</item>
    <item id="o3" line="4537" tag="T">           Basil announced a news for two minutes. &lt;quantized direct object&gt;</item>
  </tier>
  <tier id="c" type="odin-clean">
    <item id="c1" line="4535" tag="L">b . *vaCa ike         minut         xypar-a             pElter-c-E.</item>
    <item id="c2" line="4536" tag="G">Basil      two     minute        news-DA             let.know-PFV-3:SG</item>
    <item id="c3" line="4537" tag="T">Basil announced a news for two minutes. &lt;quantized direct object&gt;</item>
  </tier>
  <tier id="p" type="phrases" content="c">
    <item id="p0" content="c1[0:67]"/>
  </tier>
  <tier id="g" type="glosses" content="c">
    <item id="g0" content="c2[0:70]" alignment="p1"/>
  </tier>
  <tier id="t" type="translations" content="c">
    <item id="t0" content="c3[0:65]" alignment="p1"/>
  </tier>
</igt>
<igt id="i144214">
  <metadata type="xigt-meta">
    <meta type="language" name="chuvash" iso-639-3="chv" tiers="phrases words morphemes"/>
    <meta type="language" name="English" iso-639-3="eng" tiers="translations"/>
    <meta type="odin-source" doc-id="1581" line-range="4538-4540" line-types="L G T"/>
  </metadata>
  <tier id="o" type="odin-raw">
    <item id="o1" line="4538" tag="L">  (6)    a. vaCa ike         minut           xuSAncE           xypar-se-n-e             pElter-c-E.</item>
    <item id="o2" line="4539" tag="G">            Basil     two    minute          withinnews-PL-OBL-DA                       know-CAUS-PFV-3:SG</item>
    <item id="o3" line="4540" tag="T">           Basil announced the news in two minutes. &lt;quantized direct object&gt;</item>
  </tier>
  <tier id="c" type="odin-clean">
    <item id="c1" line="4538" tag="L">vaCa ike         minut           xuSAncE           xypar-se-n-e             pElter-c-E.</item>
    <item id="c2" line="4539" tag="G">Basil     two    minute          withinnews-PL-OBL-DA                       know-CAUS-PFV-3:SG</item>
    <item id="c3" line="4540" tag="T">Basil announced the news in two minutes. &lt;quantized direct object&gt;</item>
  </tier>
  <tier id="p" type="phrases" content="c">
    <item id="p0" content="c1[0:87]"/>
  </tier>
  <tier id="g" type="glosses" content="c">
    <item id="g0" content="c2[0:94]" alignment="p1"/>
  </tier>
  <tier id="t" type="translations" content="c">
    <item id="t0" content="c3[0:66]" alignment="p1"/>
  </tier>
</igt>
<igt id="i144215">
  <metadata type="xigt-meta">
    <meta type="language" name="chuvash" iso-639-3="chv" tiers="phrases words morphemes"/>
    <meta type="language" name="English" iso-639-3="eng" tiers="translations"/>
    <meta type="odin-source" doc-id="1581" line-range="4541-4543" line-types="L G T"/>
  </metadata>
  <tier id="o" type="odin-raw">
    <item id="o1" line="4541" tag="L">         b. vaCa       ike     minut              xypar-se-n-e               pElter-c-E.</item>
    <item id="o2" line="4542" tag="G">            Basil      two     minute             news-PL-OBL-DA          let.know-PFV-3:SG</item>
    <item id="o3" line="4543" tag="T">           Basil announced news for two minutes. &lt;cumulative direct object&gt;</item>
  </tier>
  <tier id="c" type="odin-clean">
    <item id="c1" line="4541" tag="L">vaCa       ike     minut              xypar-se-n-e               pElter-c-E.</item>
    <item id="c2" line="4542" tag="G">Basil      two     minute             news-PL-OBL-DA          let.know-PFV-3:SG</item>
    <item id="c3" line="4543" tag="T">Basil announced news for two minutes. &lt;cumulative direct object&gt;</item>
  </tier>
  <tier id="p" type="phrases" content="c">
    <item id="p0" content="c1[0:76]"/>
  </tier>
  <tier id="g" type="glosses" content="c">
    <item id="g0" content="c2[0:79]" alignment="p1"/>
  </tier>
  <tier id="t" type="translations" content="c">
    <item id="t0" content="c3[0:64]" alignment="p1"/>
  </tier>
</igt>
<igt id="i144216">
  <metadata type="xigt-meta">
    <meta type="language" name="chuvash" iso-639-3="chv" tiers="phrases words morphemes"/>
    <meta type="language" name="English" iso-639-3="eng" tiers="translations"/>
    <meta type="odin-source" doc-id="1581" line-range="4544-4546" line-types="L G T"/>
  </metadata>
  <tier id="o" type="odin-raw">
    <item id="o1" line="4544" tag="L">  (7)    a. maCa       ike kun           xuSAncE         kofta-n-a               Cix-r-E.</item>
    <item id="o2" line="4545" tag="G">            Masha      two   day         within          jacket-OBL-DA           knit-PFV-PST</item>
    <item id="o3" line="4546" tag="T">           Masha knitted a jacket in two days. &lt;quantized direct object&gt;</item>
  </tier>
  <tier id="c" type="odin-clean">
    <item id="c1" line="4544" tag="L">maCa       ike kun           xuSAncE         kofta-n-a               Cix-r-E.</item>
    <item id="c2" line="4545" tag="G">Masha      two   day         within          jacket-OBL-DA           knit-PFV-PST</item>
    <item id="c3" line="4546" tag="T">Masha knitted a jacket in two days. &lt;quantized direct object&gt;</item>
  </tier>
  <tier id="p" type="phrases" content="c">
    <item id="p0" content="c1[0:77]"/>
  </tier>
  <tier id="g" type="glosses" content="c">
    <item id="g0" content="c2[0:81]" alignment="p1"/>
  </tier>
  <tier id="t" type="translations" content="c">
    <item id="t0" content="c3[0:61]" alignment="p1"/>
  </tier>
</igt>
<igt id="i144217">
  <metadata type="xigt-meta">
    <meta type="language" name="chuvash" iso-639-3="chv" tiers="phrases words morphemes"/>
    <meta type="language" name="English" iso-639-3="eng" tiers="translations"/>
    <meta type="odin-source" doc-id="1581" line-range="4547-4549" line-types="L G T"/>
  </metadata>
  <tier id="o" type="odin-raw">
    <item id="o1" line="4547" tag="L">         b. maCa       ike kun           kofta-n-a               Cix-r-E.</item>
    <item id="o2" line="4548" tag="G">            Masha      two   day         jacket-OBL-DA           knit-PFV-PST</item>
    <item id="o3" line="4549" tag="T">           Masha was involved in knitting a jacket for two days. &lt;quantized direct object&gt;</item>
  </tier>
  <tier id="c" type="odin-clean">
    <item id="c1" line="4547" tag="L">maCa       ike kun           kofta-n-a               Cix-r-E.</item>
    <item id="c2" line="4548" tag="G">Masha      two   day         jacket-OBL-DA           knit-PFV-PST</item>
    <item id="c3" line="4549" tag="T">Masha was involved in knitting a jacket for two days. &lt;quantized direct object&gt;</item>
  </tier>
  <tier id="p" type="phrases" content="c">
    <item id="p0" content="c1[0:61]"/>
  </tier>
  <tier id="g" type="glosses" content="c">
    <item id="g0" content="c2[0:65]" alignment="p1"/>
  </tier>
  <tier id="t" type="translations" content="c">
    <item id="t0" content="c3[0:79]" alignment="p1"/>
  </tier>
</igt>
<igt id="i144218">
  <metadata type="xigt-meta">
    <meta type="language" name="chuvash" iso-639-3="chv" tiers="phrases words morphemes"/>
    <meta type="language" name="English" iso-639-3="eng" tiers="translations"/>
    <meta type="odin-source" doc-id="1581" line-range="4550-4552" line-types="L G T"/>
  </metadata>
  <tier id="o" type="odin-raw">
    <item id="o1" line="4550" tag="L">  (8)    a. maCa       ike kun             xuSAncE         kofta-n-a              Cix-r-E.</item>
    <item id="o2" line="4551" tag="G">            Masha      two   day           within          jacket-OBL-DA          knit-PFV-PST</item>
    <item id="o3" line="4552" tag="T">           Masha knitted the||* jackets in two days. &lt;quantized direct object&gt;</item>
  </tier>
  <tier id="c" type="odin-clean">
    <item id="c1" line="4550" tag="L">maCa       ike kun             xuSAncE         kofta-n-a              Cix-r-E.</item>
    <item id="c2" line="4551" tag="G">Masha      two   day           within          jacket-OBL-DA          knit-PFV-PST</item>
    <item id="c3" line="4552" tag="T">Masha knitted the||* jackets in two days. &lt;quantized direct object&gt;</item>
  </tier>
  <tier id="p" type="phrases" content="c">
    <item id="p0" content="c1[0:78]"/>
  </tier>
  <tier id="g" type="glosses" content="c">
    <item id="g0" content="c2[0:82]" alignment="p1"/>
  </tier>
  <tier id="t" type="translations" content="c">
    <item id="t0" content="c3[0:67]" alignment="p1"/>
  </tier>
</igt>
<igt id="i144219">
  <metadata type="xigt-meta">
    <meta type="language" name="chuvash" iso-639-3="chv" tiers="phrases words morphemes"/>
    <meta type="language" name="English" iso-639-3="eng" tiers="translations"/>
    <meta type="odin-source" doc-id="1581" line-range="4553-4556" line-types="L G T T+AL"/>
  </metadata>
  <tier id="o" type="odin-raw">
    <item id="o1" line="4553" tag="L">         b. maCa       ike kun           kofta-se-n-e          Cix-r-E.</item>
    <item id="o2" line="4554" tag="G">            Masha      two   day         jacket-OBL-DA         knit-PFV-PST</item>
    <item id="o3" line="4555" tag="T">           1. Masha was involved in knitting jackets for two days. &lt;cumulative direct object&gt;</item>
    <item id="o4" line="4556" tag="T+AL">           2. Masha was involved in knitting the jackets for two days. &lt;quantized direct object&gt;</item>
  </tier>
  <tier id="c" type="odin-clean">
    <item id="c1" line="4553" tag="L">maCa       ike kun           kofta-se-n-e          Cix-r-E.</item>
    <item id="c2" line="4554" tag="G">Masha      two   day         jacket-OBL-DA         knit-PFV-PST</item>
    <item id="c3" line="4555" tag="T">Masha was involved in knitting jackets for two days. &lt;cumulative direct object&gt;</item>
    <item id="c4" line="4556" tag="T+AL">Masha was involved in knitting the jackets for two days. &lt;quantized direct object&gt;</item>
  </tier>
  <tier id="p" type="phrases" content="c">
    <item id="p0" content="c1[0:59]"/>
  </tier>
  <tier id="g" type="glosses" content="c">
    <item id="g0" content="c2[0:63]" alignment="p1"/>
  </tier>
  <tier id="t" type="translations" content="c">
    <item id="t0" content="c3[0:79]" alignment="p1"/>
    <item id="t1" content="c4[0:82]" alignment="p1"/>
  </tier>
</igt>
</xigt-corpus>
