<?xml version="1.0" encoding="UTF-8"?>
<xigt-corpus>
<igt id="i23489">
  <metadata type="xigt-meta">
    <meta type="language" name="chickasaw" iso-639-3="cic" tiers="phrases words morphemes"/>
    <meta type="language" name="English" iso-639-3="eng" tiers="translations"/>
    <meta type="odin-source" doc-id="1240" line-range="26-28" line-types="L G T"/>
  </metadata>
  <tier id="o" type="odin-raw">
    <item id="o1" line="26" tag="L">  (1)      a.       Kisili- li</item>
    <item id="o2" line="27" tag="G">                    bite- 1sgI</item>
    <item id="o3" line="28" tag="T">                    `I bite him.'</item>
  </tier>
  <tier id="c" type="odin-clean">
    <item id="c1" line="26" tag="L">Kisili-li</item>
    <item id="c2" line="27" tag="G">bite-1sgI</item>
    <item id="c3" line="28" tag="T">I bite him.</item>
  </tier>
  <tier id="p" type="phrases" content="c">
    <item id="p0" content="c1[0:9]"/>
  </tier>
  <tier id="g" type="glosses" content="c">
    <item id="g0" content="c2[0:9]" alignment="p1"/>
  </tier>
  <tier id="t" type="translations" content="c">
    <item id="t0" content="c3[0:11]" alignment="p1"/>
  </tier>
</igt>
<igt id="i23490">
  <metadata type="xigt-meta">
    <meta type="language" name="chickasaw" iso-639-3="cic" tiers="phrases words morphemes"/>
    <meta type="language" name="English" iso-639-3="eng" tiers="translations"/>
    <meta type="odin-source" doc-id="1240" line-range="29-31" line-types="L G T"/>
  </metadata>
  <tier id="o" type="odin-raw">
    <item id="o1" line="29" tag="L">           b.       Sa- kisili</item>
    <item id="o2" line="30" tag="G">                    1sgII- bite</item>
    <item id="o3" line="31" tag="T">                    `He bites me.'</item>
  </tier>
  <tier id="c" type="odin-clean">
    <item id="c1" line="29" tag="L">Sa-kisili</item>
    <item id="c2" line="30" tag="G">1sgII-bite</item>
    <item id="c3" line="31" tag="T">He bites me.</item>
  </tier>
  <tier id="p" type="phrases" content="c">
    <item id="p0" content="c1[0:9]"/>
  </tier>
  <tier id="g" type="glosses" content="c">
    <item id="g0" content="c2[0:10]" alignment="p1"/>
  </tier>
  <tier id="t" type="translations" content="c">
    <item id="t0" content="c3[0:12]" alignment="p1"/>
  </tier>
</igt>
<igt id="i23491">
  <metadata type="xigt-meta">
    <meta type="language" name="chickasaw" iso-639-3="cic" tiers="phrases words morphemes"/>
    <meta type="language" name="English" iso-639-3="eng" tiers="translations"/>
    <meta type="odin-source" doc-id="1240" line-range="36-38" line-types="L G T"/>
  </metadata>
  <tier id="o" type="odin-raw">
    <item id="o1" line="36" tag="L">  (2)      a.       Ofi' sa- banna.</item>
    <item id="o2" line="37" tag="G">                    dog 1sgII- want</item>
    <item id="o3" line="38" tag="T">                    `I want a dog.'</item>
  </tier>
  <tier id="c" type="odin-clean">
    <item id="c1" line="36" tag="L">Ofi' sa-banna.</item>
    <item id="c2" line="37" tag="G">dog 1sgII-want</item>
    <item id="c3" line="38" tag="T">I want a dog.</item>
  </tier>
  <tier id="p" type="phrases" content="c">
    <item id="p0" content="c1[0:14]"/>
  </tier>
  <tier id="g" type="glosses" content="c">
    <item id="g0" content="c2[0:14]" alignment="p1"/>
  </tier>
  <tier id="t" type="translations" content="c">
    <item id="t0" content="c3[0:13]" alignment="p1"/>
  </tier>
</igt>
<igt id="i23492">
  <metadata type="xigt-meta">
    <meta type="language" name="chickasaw" iso-639-3="cic" tiers="phrases words morphemes"/>
    <meta type="language" name="English" iso-639-3="eng" tiers="translations"/>
    <meta type="odin-source" doc-id="1240" line-range="39-41" line-types="L G T"/>
  </metadata>
  <tier id="o" type="odin-raw">
    <item id="o1" line="39" tag="L">           b.       Talowa' am- alhkaniya- tok.</item>
    <item id="o2" line="40" tag="G">                    song      1sgIII- forget-    PST</item>
    <item id="o3" line="41" tag="T">                    `I forgot the song.'</item>
  </tier>
  <tier id="c" type="odin-clean">
    <item id="c1" line="39" tag="L">Talowa' am-alhkaniya-tok.</item>
    <item id="c2" line="40" tag="G">song      1sgIII-forget-PST</item>
    <item id="c3" line="41" tag="T">I forgot the song.</item>
  </tier>
  <tier id="p" type="phrases" content="c">
    <item id="p0" content="c1[0:25]"/>
  </tier>
  <tier id="g" type="glosses" content="c">
    <item id="g0" content="c2[0:27]" alignment="p1"/>
  </tier>
  <tier id="t" type="translations" content="c">
    <item id="t0" content="c3[0:18]" alignment="p1"/>
  </tier>
</igt>
<igt id="i23493">
  <metadata type="xigt-meta">
    <meta type="language" name="chickasaw" iso-639-3="cic" tiers="phrases words morphemes"/>
    <meta type="language" name="English" iso-639-3="eng" tiers="translations"/>
    <meta type="odin-source" doc-id="1240" line-range="42-44" line-types="L G T"/>
  </metadata>
  <tier id="o" type="odin-raw">
    <item id="o1" line="42" tag="L">  (3)      a.       Chim- ambi- li.</item>
    <item id="o2" line="43" tag="G">                    2sgIII- beat- 1sgI</item>
    <item id="o3" line="44" tag="T">                    `I beat you (in a contest).'</item>
  </tier>
  <tier id="c" type="odin-clean">
    <item id="c1" line="42" tag="L">Chim-ambi-li.</item>
    <item id="c2" line="43" tag="G">2sgIII-beat-1sgI</item>
    <item id="c3" line="44" tag="T">I beat you (in a contest).</item>
  </tier>
  <tier id="p" type="phrases" content="c">
    <item id="p0" content="c1[0:13]"/>
  </tier>
  <tier id="g" type="glosses" content="c">
    <item id="g0" content="c2[0:16]" alignment="p1"/>
  </tier>
  <tier id="t" type="translations" content="c">
    <item id="t0" content="c3[0:26]" alignment="p1"/>
  </tier>
</igt>
<igt id="i23494">
  <metadata type="xigt-meta">
    <meta type="language" name="chickasaw" iso-639-3="cic" tiers="phrases words morphemes"/>
    <meta type="language" name="English" iso-639-3="eng" tiers="translations"/>
    <meta type="odin-source" doc-id="1240" line-range="50-53" line-types="L+CR L+CR G T"/>
  </metadata>
  <tier id="o" type="odin-raw">
    <item id="o1" line="50" tag="L+CR">                   ChÉ- hollo- li.</item>
    <item id="o2" line="51" tag="L+CR">         b.</item>
    <item id="o3" line="52" tag="G">                   2sgIII- love- 1sgI</item>
    <item id="o4" line="53" tag="T">                   `I love you.'</item>
  </tier>
  <tier id="c" type="odin-clean">
    <item id="c1" line="50 51" tag="L+CR">ChÉ-hollo-li.</item>
    <item id="c3" line="52" tag="G">2sgIII-love-1sgI</item>
    <item id="c4" line="53" tag="T">I love you.</item>
  </tier>
  <tier id="p" type="phrases" content="c">
    <item id="p0" content="c1[0:13]"/>
  </tier>
  <tier id="g" type="glosses" content="c">
    <item id="g0" content="c3[0:16]" alignment="p1"/>
  </tier>
  <tier id="t" type="translations" content="c">
    <item id="t0" content="c4[0:11]" alignment="p1"/>
  </tier>
</igt>
<igt id="i23495">
  <metadata type="xigt-meta">
    <meta type="language" name="chickasaw" iso-639-3="cic" tiers="phrases words morphemes"/>
    <meta type="language" name="English" iso-639-3="eng" tiers="translations"/>
    <meta type="odin-source" doc-id="1240" line-range="58-60" line-types="L G T"/>
  </metadata>
  <tier id="o" type="odin-raw">
    <item id="o1" line="58" tag="L">  (4)    a.      Malili- li</item>
    <item id="o2" line="59" tag="G">                 ran- 1sgI</item>
    <item id="o3" line="60" tag="T">                 `I ran.'</item>
  </tier>
  <tier id="c" type="odin-clean">
    <item id="c1" line="58" tag="L">Malili-li</item>
    <item id="c2" line="59" tag="G">ran-1sgI</item>
    <item id="c3" line="60" tag="T">I ran.</item>
  </tier>
  <tier id="p" type="phrases" content="c">
    <item id="p0" content="c1[0:9]"/>
  </tier>
  <tier id="g" type="glosses" content="c">
    <item id="g0" content="c2[0:8]" alignment="p1"/>
  </tier>
  <tier id="t" type="translations" content="c">
    <item id="t0" content="c3[0:6]" alignment="p1"/>
  </tier>
</igt>
<igt id="i23496">
  <metadata type="xigt-meta">
    <meta type="language" name="chickasaw" iso-639-3="cic" tiers="phrases words morphemes"/>
    <meta type="language" name="English" iso-639-3="eng" tiers="translations"/>
    <meta type="odin-source" doc-id="1240" line-range="61-63" line-types="L G T"/>
  </metadata>
  <tier id="o" type="odin-raw">
    <item id="o1" line="61" tag="L">         b.      Hotolhko- li</item>
    <item id="o2" line="62" tag="G">                 coughed- 1sgI</item>
    <item id="o3" line="63" tag="T">                 `I coughed (on purpose).'</item>
  </tier>
  <tier id="c" type="odin-clean">
    <item id="c1" line="61" tag="L">Hotolhko-li</item>
    <item id="c2" line="62" tag="G">coughed-1sgI</item>
    <item id="c3" line="63" tag="T">I coughed (on purpose).</item>
  </tier>
  <tier id="p" type="phrases" content="c">
    <item id="p0" content="c1[0:11]"/>
  </tier>
  <tier id="g" type="glosses" content="c">
    <item id="g0" content="c2[0:12]" alignment="p1"/>
  </tier>
  <tier id="t" type="translations" content="c">
    <item id="t0" content="c3[0:23]" alignment="p1"/>
  </tier>
</igt>
<igt id="i23497">
  <metadata type="xigt-meta">
    <meta type="language" name="chickasaw" iso-639-3="cic" tiers="phrases words morphemes"/>
    <meta type="language" name="English" iso-639-3="eng" tiers="translations"/>
    <meta type="odin-source" doc-id="1240" line-range="64-66" line-types="L G T"/>
  </metadata>
  <tier id="o" type="odin-raw">
    <item id="o1" line="64" tag="L">  (5)    a.      Sa- chokma</item>
    <item id="o2" line="65" tag="G">                 1sgII- good</item>
    <item id="o3" line="66" tag="T">                 `I am good.'</item>
  </tier>
  <tier id="c" type="odin-clean">
    <item id="c1" line="64" tag="L">Sa-chokma</item>
    <item id="c2" line="65" tag="G">1sgII-good</item>
    <item id="c3" line="66" tag="T">I am good.</item>
  </tier>
  <tier id="p" type="phrases" content="c">
    <item id="p0" content="c1[0:9]"/>
  </tier>
  <tier id="g" type="glosses" content="c">
    <item id="g0" content="c2[0:10]" alignment="p1"/>
  </tier>
  <tier id="t" type="translations" content="c">
    <item id="t0" content="c3[0:10]" alignment="p1"/>
  </tier>
</igt>
<igt id="i23498">
  <metadata type="xigt-meta">
    <meta type="language" name="chickasaw" iso-639-3="cic" tiers="phrases words morphemes"/>
    <meta type="language" name="English" iso-639-3="eng" tiers="translations"/>
    <meta type="odin-source" doc-id="1240" line-range="67-69" line-types="L G T"/>
  </metadata>
  <tier id="o" type="odin-raw">
    <item id="o1" line="67" tag="L">         b.      Sa- hotolhko</item>
    <item id="o2" line="68" tag="G">                 1sgII- coughed</item>
    <item id="o3" line="69" tag="T">                 `I coughed.'</item>
  </tier>
  <tier id="c" type="odin-clean">
    <item id="c1" line="67" tag="L">Sa-hotolhko</item>
    <item id="c2" line="68" tag="G">1sgII-coughed</item>
    <item id="c3" line="69" tag="T">I coughed.</item>
  </tier>
  <tier id="p" type="phrases" content="c">
    <item id="p0" content="c1[0:11]"/>
  </tier>
  <tier id="g" type="glosses" content="c">
    <item id="g0" content="c2[0:13]" alignment="p1"/>
  </tier>
  <tier id="t" type="translations" content="c">
    <item id="t0" content="c3[0:10]" alignment="p1"/>
  </tier>
</igt>
<igt id="i23499">
  <metadata type="xigt-meta">
    <meta type="language" name="chickasaw" iso-639-3="cic" tiers="phrases words morphemes"/>
    <meta type="language" name="English" iso-639-3="eng" tiers="translations"/>
    <meta type="odin-source" doc-id="1240" line-range="70-72" line-types="L G T"/>
  </metadata>
  <tier id="o" type="odin-raw">
    <item id="o1" line="70" tag="L">  (6)    An- takho'bi</item>
    <item id="o2" line="71" tag="G">         1sgIII- lazy</item>
    <item id="o3" line="72" tag="T">         `I am lazy.'</item>
  </tier>
  <tier id="c" type="odin-clean">
    <item id="c1" line="70" tag="L">An-takho'bi</item>
    <item id="c2" line="71" tag="G">1sgIII-lazy</item>
    <item id="c3" line="72" tag="T">I am lazy.</item>
  </tier>
  <tier id="p" type="phrases" content="c">
    <item id="p0" content="c1[0:11]"/>
  </tier>
  <tier id="g" type="glosses" content="c">
    <item id="g0" content="c2[0:11]" alignment="p1"/>
  </tier>
  <tier id="t" type="translations" content="c">
    <item id="t0" content="c3[0:10]" alignment="p1"/>
  </tier>
</igt>
<igt id="i23500">
  <metadata type="xigt-meta">
    <meta type="language" name="chickasaw" iso-639-3="cic" tiers="phrases words morphemes"/>
    <meta type="language" name="English" iso-639-3="eng" tiers="translations"/>
    <meta type="odin-source" doc-id="1240" line-range="97-99" line-types="L G T+CN"/>
  </metadata>
  <tier id="o" type="odin-raw">
    <item id="o1" line="97" tag="L">  (7)    a.     Hattak- at    malili.</item>
    <item id="o2" line="98" tag="G">                man- NOM run</item>
    <item id="o3" line="99" tag="T+CN">                `The man runs.' (NOM triggers I agreement)</item>
  </tier>
  <tier id="c" type="odin-clean">
    <item id="c1" line="97" tag="L">Hattak-at    malili.</item>
    <item id="c2" line="98" tag="G">man-NOM run</item>
    <item id="c3" line="99" tag="T+CN">The man runs.' (NOM triggers I agreement)</item>
  </tier>
  <tier id="p" type="phrases" content="c">
    <item id="p0" content="c1[0:20]"/>
  </tier>
  <tier id="g" type="glosses" content="c">
    <item id="g0" content="c2[0:11]" alignment="p1"/>
  </tier>
  <tier id="t" type="translations" content="c">
    <item id="t0" content="c3[0:41]" alignment="p1"/>
  </tier>
</igt>
<igt id="i23501">
  <metadata type="xigt-meta">
    <meta type="language" name="chickasaw" iso-639-3="cic" tiers="phrases words morphemes"/>
    <meta type="language" name="English" iso-639-3="eng" tiers="translations"/>
    <meta type="odin-source" doc-id="1240" line-range="100-103" line-types="L+CR L+CR G T+CN"/>
  </metadata>
  <tier id="o" type="odin-raw">
    <item id="o1" line="100" tag="L+CR">                                        pÉsa.</item>
    <item id="o2" line="101" tag="L+CR">         b.     Hattak- at    ihoo</item>
    <item id="o3" line="102" tag="G">                man- NOM woman see</item>
    <item id="o4" line="103" tag="T+CN">                `The man sees the woman.' (NOM triggers I agreement)</item>
  </tier>
  <tier id="c" type="odin-clean">
    <item id="c1" line="100 101" tag="L+CR">Hattak-at    ihoo      pÉsa.</item>
    <item id="c3" line="102" tag="G">man-NOM woman see</item>
    <item id="c4" line="103" tag="T+CN">The man sees the woman.' (NOM triggers I agreement)</item>
  </tier>
  <tier id="p" type="phrases" content="c">
    <item id="p0" content="c1[0:28]"/>
  </tier>
  <tier id="g" type="glosses" content="c">
    <item id="g0" content="c3[0:17]" alignment="p1"/>
  </tier>
  <tier id="t" type="translations" content="c">
    <item id="t0" content="c4[0:51]" alignment="p1"/>
  </tier>
</igt>
<igt id="i23502">
  <metadata type="xigt-meta">
    <meta type="language" name="chickasaw" iso-639-3="cic" tiers="phrases words morphemes"/>
    <meta type="language" name="English" iso-639-3="eng" tiers="translations"/>
    <meta type="odin-source" doc-id="1240" line-range="104-106" line-types="L G T+CN"/>
  </metadata>
  <tier id="o" type="odin-raw">
    <item id="o1" line="104" tag="L">         c.     Hattak- at    an- k-        ã    abi- tok.</item>
    <item id="o2" line="105" tag="G">                man- NOM my- father- OBL kill- PST</item>
    <item id="o3" line="106" tag="T+CN">                `The man killed my father.' (NOM triggers I agreement)</item>
  </tier>
  <tier id="c" type="odin-clean">
    <item id="c1" line="104" tag="L">Hattak-at    an-k-ã    abi-tok.</item>
    <item id="c2" line="105" tag="G">man-NOM my-father-OBL kill-PST</item>
    <item id="c3" line="106" tag="T+CN">The man killed my father.' (NOM triggers I agreement)</item>
  </tier>
  <tier id="p" type="phrases" content="c">
    <item id="p0" content="c1[0:31]"/>
  </tier>
  <tier id="g" type="glosses" content="c">
    <item id="g0" content="c2[0:30]" alignment="p1"/>
  </tier>
  <tier id="t" type="translations" content="c">
    <item id="t0" content="c3[0:53]" alignment="p1"/>
  </tier>
</igt>
<igt id="i23503">
  <metadata type="xigt-meta">
    <meta type="language" name="chickasaw" iso-639-3="cic" tiers="phrases words morphemes"/>
    <meta type="language" name="English" iso-639-3="eng" tiers="translations"/>
    <meta type="odin-source" doc-id="1240" line-range="107-109" line-types="L G T+CN"/>
  </metadata>
  <tier id="o" type="odin-raw">
    <item id="o1" line="107" tag="L">         d.     Hattak- at    chokma.</item>
    <item id="o2" line="108" tag="G">                man- NOM good</item>
    <item id="o3" line="109" tag="T+CN">                `The man is good.' (NOM triggers II agreement)</item>
  </tier>
  <tier id="c" type="odin-clean">
    <item id="c1" line="107" tag="L">Hattak-at    chokma.</item>
    <item id="c2" line="108" tag="G">man-NOM good</item>
    <item id="c3" line="109" tag="T+CN">The man is good.' (NOM triggers II agreement)</item>
  </tier>
  <tier id="p" type="phrases" content="c">
    <item id="p0" content="c1[0:20]"/>
  </tier>
  <tier id="g" type="glosses" content="c">
    <item id="g0" content="c2[0:12]" alignment="p1"/>
  </tier>
  <tier id="t" type="translations" content="c">
    <item id="t0" content="c3[0:45]" alignment="p1"/>
  </tier>
</igt>
<igt id="i23504">
  <metadata type="xigt-meta">
    <meta type="language" name="chickasaw" iso-639-3="cic" tiers="phrases words morphemes"/>
    <meta type="language" name="English" iso-639-3="eng" tiers="translations"/>
    <meta type="odin-source" doc-id="1240" line-range="110-112" line-types="L G T+CN"/>
  </metadata>
  <tier id="o" type="odin-raw">
    <item id="o1" line="110" tag="L">         e.     Hattak- at    in- takho'bi.</item>
    <item id="o2" line="111" tag="G">                man- NOM 3III- lazy</item>
    <item id="o3" line="112" tag="T+CN">                `The man is lazy.' (NOM triggers III agreement)</item>
  </tier>
  <tier id="c" type="odin-clean">
    <item id="c1" line="110" tag="L">Hattak-at    in-takho'bi.</item>
    <item id="c2" line="111" tag="G">man-NOM 3III-lazy</item>
    <item id="c3" line="112" tag="T+CN">The man is lazy.' (NOM triggers III agreement)</item>
  </tier>
  <tier id="p" type="phrases" content="c">
    <item id="p0" content="c1[0:25]"/>
  </tier>
  <tier id="g" type="glosses" content="c">
    <item id="g0" content="c2[0:17]" alignment="p1"/>
  </tier>
  <tier id="t" type="translations" content="c">
    <item id="t0" content="c3[0:46]" alignment="p1"/>
  </tier>
</igt>
<igt id="i23506">
  <metadata type="xigt-meta">
    <meta type="language" name="chickasaw" iso-639-3="cic" tiers="phrases words morphemes"/>
    <meta type="language" name="English" iso-639-3="eng" tiers="translations"/>
    <meta type="odin-source" doc-id="1240" line-range="121-123" line-types="L G T"/>
  </metadata>
  <tier id="o" type="odin-raw">
    <item id="o1" line="121" tag="L">  (8)    a.     Talowa' am-       alhkaniya- tok.</item>
    <item id="o2" line="122" tag="G">                song      1sgIII- forget-     PST</item>
    <item id="o3" line="123" tag="T">                `I forgot the song.'</item>
  </tier>
  <tier id="c" type="odin-clean">
    <item id="c1" line="121" tag="L">Talowa' am-alhkaniya-tok.</item>
    <item id="c2" line="122" tag="G">song      1sgIII-forget-PST</item>
    <item id="c3" line="123" tag="T">I forgot the song.</item>
  </tier>
  <tier id="p" type="phrases" content="c">
    <item id="p0" content="c1[0:25]"/>
  </tier>
  <tier id="g" type="glosses" content="c">
    <item id="g0" content="c2[0:27]" alignment="p1"/>
  </tier>
  <tier id="t" type="translations" content="c">
    <item id="t0" content="c3[0:18]" alignment="p1"/>
  </tier>
</igt>
<igt id="i23507">
  <metadata type="xigt-meta">
    <meta type="language" name="chickasaw" iso-639-3="cic" tiers="phrases words morphemes"/>
    <meta type="language" name="English" iso-639-3="eng" tiers="translations"/>
    <meta type="odin-source" doc-id="1240" line-range="124-126" line-types="L G T"/>
  </metadata>
  <tier id="o" type="odin-raw">
    <item id="o1" line="124" tag="L">         b.     Hakkat- at      talowa' im- alhkaniya- tok.</item>
    <item id="o2" line="125" tag="G">                man- NOM song             3III- forget- PST</item>
    <item id="o3" line="126" tag="T">                `The man forgot the song.'</item>
  </tier>
  <tier id="c" type="odin-clean">
    <item id="c1" line="124" tag="L">Hakkat-at      talowa' im-alhkaniya-tok.</item>
    <item id="c2" line="125" tag="G">man-NOM song             3III-forget-PST</item>
    <item id="c3" line="126" tag="T">The man forgot the song.</item>
  </tier>
  <tier id="p" type="phrases" content="c">
    <item id="p0" content="c1[0:40]"/>
  </tier>
  <tier id="g" type="glosses" content="c">
    <item id="g0" content="c2[0:40]" alignment="p1"/>
  </tier>
  <tier id="t" type="translations" content="c">
    <item id="t0" content="c3[0:24]" alignment="p1"/>
  </tier>
</igt>
<igt id="i23508">
  <metadata type="xigt-meta">
    <meta type="language" name="chickasaw" iso-639-3="cic" tiers="phrases words morphemes"/>
    <meta type="language" name="English" iso-639-3="eng" tiers="translations"/>
    <meta type="odin-source" doc-id="1240" line-range="158-160" line-types="L G T"/>
  </metadata>
  <tier id="o" type="odin-raw">
    <item id="o1" line="158" tag="L">  (9)    a.      Aya- l-     a'chi- kat   ithaana-           li.</item>
    <item id="o2" line="159" tag="G">                 go- 1sgI- FUT- COMP.SS know-                1sgI</item>
    <item id="o3" line="160" tag="T">                 `I know I am going.'</item>
  </tier>
  <tier id="c" type="odin-clean">
    <item id="c1" line="158" tag="L">Aya-l-a'chi-kat   ithaana-li.</item>
    <item id="c2" line="159" tag="G">go-1sgI-FUT-COMP.SS know-1sgI</item>
    <item id="c3" line="160" tag="T">I know I am going.</item>
  </tier>
  <tier id="p" type="phrases" content="c">
    <item id="p0" content="c1[0:29]"/>
  </tier>
  <tier id="g" type="glosses" content="c">
    <item id="g0" content="c2[0:29]" alignment="p1"/>
  </tier>
  <tier id="t" type="translations" content="c">
    <item id="t0" content="c3[0:18]" alignment="p1"/>
  </tier>
</igt>
<igt id="i23509">
  <metadata type="xigt-meta">
    <meta type="language" name="chickasaw" iso-639-3="cic" tiers="phrases words morphemes"/>
    <meta type="language" name="English" iso-639-3="eng" tiers="translations"/>
    <meta type="odin-source" doc-id="1240" line-range="161-163" line-types="L G T"/>
  </metadata>
  <tier id="o" type="odin-raw">
    <item id="o1" line="161" tag="L">         b.      Ish- iyy- a'chi- kã     ithanna-           li.</item>
    <item id="o2" line="162" tag="G">                 2sgI- go- FUT- COMP.DS know-               1sgI</item>
    <item id="o3" line="163" tag="T">                 `I know you are going.'</item>
  </tier>
  <tier id="c" type="odin-clean">
    <item id="c1" line="161" tag="L">Ish-iyy-a'chi-kã     ithanna-li.</item>
    <item id="c2" line="162" tag="G">2sgI-go-FUT-COMP.DS know-1sgI</item>
    <item id="c3" line="163" tag="T">I know you are going.</item>
  </tier>
  <tier id="p" type="phrases" content="c">
    <item id="p0" content="c1[0:32]"/>
  </tier>
  <tier id="g" type="glosses" content="c">
    <item id="g0" content="c2[0:29]" alignment="p1"/>
  </tier>
  <tier id="t" type="translations" content="c">
    <item id="t0" content="c3[0:21]" alignment="p1"/>
  </tier>
</igt>
<igt id="i23514">
  <metadata type="xigt-meta">
    <meta type="language" name="chickasaw" iso-639-3="cic" tiers="phrases words morphemes"/>
    <meta type="language" name="English" iso-639-3="eng" tiers="translations"/>
    <meta type="odin-source" doc-id="1240" line-range="198-200" line-types="L+SY G T"/>
  </metadata>
  <tier id="o" type="odin-raw">
    <item id="o1" line="198" tag="L+SY">  (12)    a.      Steve- at     [Dan- at     aaimpa' ikbi- tokã]        banna.</item>
    <item id="o2" line="199" tag="G">                  Steve- NOM Dan- NOM table          make- PST.COMP.OBL want</item>
    <item id="o3" line="200" tag="T">                  `Steve wants the table Dan made.'</item>
  </tier>
  <tier id="c" type="odin-clean">
    <item id="c1" line="198" tag="L+SY">Steve-at     [Dan-at     aaimpa' ikbi-tokã]        banna.</item>
    <item id="c2" line="199" tag="G">Steve-NOM Dan-NOM table          make-PST.COMP.OBL want</item>
    <item id="c3" line="200" tag="T">Steve wants the table Dan made.</item>
  </tier>
  <tier id="p" type="phrases" content="c">
    <item id="p0" content="c1[0:57]"/>
  </tier>
  <tier id="g" type="glosses" content="c">
    <item id="g0" content="c2[0:55]" alignment="p1"/>
  </tier>
  <tier id="t" type="translations" content="c">
    <item id="t0" content="c3[0:31]" alignment="p1"/>
  </tier>
</igt>
<igt id="i29841">
  <metadata type="xigt-meta">
    <meta type="language" name="chickasaw" iso-639-3="cic" tiers="phrases words morphemes"/>
    <meta type="language" name="English" iso-639-3="eng" tiers="translations"/>
    <meta type="odin-source" doc-id="6.txt" line-range="5109-5111" line-types="L G T"/>
  </metadata>
  <tier id="o" type="odin-raw">
    <item id="o1" line="5109" tag="L">    (i)     a. John im-ofi'-at  illi-h.</item>
    <item id="o2" line="5110" tag="G">               John III-dog-nom die-tns</item>
    <item id="o3" line="5111" tag="T">                `John's dog died.'</item>
  </tier>
  <tier id="c" type="odin-clean">
    <item id="c1" line="5109" tag="L">John im-ofi'-at  illi-h.</item>
    <item id="c2" line="5110" tag="G">John III-dog-nom die-tns</item>
    <item id="c3" line="5111" tag="T">John's dog died.</item>
  </tier>
  <tier id="p" type="phrases" content="c">
    <item id="p0" content="c1[0:24]"/>
  </tier>
  <tier id="g" type="glosses" content="c">
    <item id="g0" content="c2[0:24]" alignment="p1"/>
  </tier>
  <tier id="t" type="translations" content="c">
    <item id="t0" content="c3[0:16]" alignment="p1"/>
  </tier>
</igt>
<igt id="i29842">
  <metadata type="xigt-meta">
    <meta type="language" name="chickasaw" iso-639-3="cic" tiers="phrases words morphemes"/>
    <meta type="language" name="English" iso-639-3="eng" tiers="translations"/>
    <meta type="odin-source" doc-id="6.txt" line-range="5112-5113" line-types="L G"/>
  </metadata>
  <tier id="o" type="odin-raw">
    <item id="o1" line="5112" tag="L">            b. John-at ofi'(-at)  im-illi-h.</item>
    <item id="o2" line="5113" tag="G">               John-nom dog(-nom) III-die-tns</item>
  </tier>
  <tier id="c" type="odin-clean">
    <item id="c1" line="5112" tag="L">John-at ofi'(-at)  im-illi-h.</item>
    <item id="c2" line="5113" tag="G">John-nom dog(-nom) III-die-tns</item>
  </tier>
  <tier id="p" type="phrases" content="c">
    <item id="p0" content="c1[0:29]"/>
  </tier>
  <tier id="g" type="glosses" content="c">
    <item id="g0" content="c2[0:30]" alignment="p1"/>
  </tier>
</igt>
<igt id="i33435">
  <metadata type="xigt-meta">
    <meta type="language" name="chickasaw" iso-639-3="cic" tiers="phrases words morphemes"/>
    <meta type="language" name="English" iso-639-3="eng" tiers="translations"/>
    <meta type="odin-source" doc-id="3138" line-range="523-526" line-types="M+LN L G T"/>
  </metadata>
  <tier id="o" type="odin-raw">
    <item id="o1" line="523" tag="M+LN">                 (10) Chickasaw</item>
    <item id="o2" line="524" tag="L">                      a. chi-sso-li.</item>
    <item id="o3" line="525" tag="G">                         2(acc)-hit-1(nom)</item>
    <item id="o4" line="526" tag="T">                         `I hit you.'</item>
  </tier>
  <tier id="c" type="odin-clean">
    <item id="c1" line="523" tag="M+LN">Chickasaw</item>
    <item id="c2" line="524" tag="L">chi-sso-li.</item>
    <item id="c3" line="525" tag="G">2(acc)-hit-1(nom)</item>
    <item id="c4" line="526" tag="T">I hit you.</item>
  </tier>
  <tier id="p" type="phrases" content="c">
    <item id="p0" content="c2[0:11]"/>
  </tier>
  <tier id="g" type="glosses" content="c">
    <item id="g0" content="c3[0:17]" alignment="p1"/>
  </tier>
  <tier id="t" type="translations" content="c">
    <item id="t0" content="c4[0:10]" alignment="p1"/>
  </tier>
</igt>
<igt id="i33436">
  <metadata type="xigt-meta">
    <meta type="language" name="chickasaw" iso-639-3="cic" tiers="phrases words morphemes"/>
    <meta type="language" name="English" iso-639-3="eng" tiers="translations"/>
    <meta type="odin-source" doc-id="3138" line-range="527-529" line-types="L G T"/>
  </metadata>
  <tier id="o" type="odin-raw">
    <item id="o1" line="527" tag="L">                      b. is-sö-thaana.</item>
    <item id="o2" line="528" tag="G">                         2(nom)-1(acc)-know</item>
    <item id="o3" line="529" tag="T">                         `You know me.'</item>
  </tier>
  <tier id="c" type="odin-clean">
    <item id="c1" line="527" tag="L">is-sö-thaana.</item>
    <item id="c2" line="528" tag="G">2(nom)-1(acc)-know</item>
    <item id="c3" line="529" tag="T">You know me.</item>
  </tier>
  <tier id="p" type="phrases" content="c">
    <item id="p0" content="c1[0:13]"/>
  </tier>
  <tier id="g" type="glosses" content="c">
    <item id="g0" content="c2[0:18]" alignment="p1"/>
  </tier>
  <tier id="t" type="translations" content="c">
    <item id="t0" content="c3[0:12]" alignment="p1"/>
  </tier>
</igt>
<igt id="i33437">
  <metadata type="xigt-meta">
    <meta type="language" name="chickasaw" iso-639-3="cic" tiers="phrases words morphemes"/>
    <meta type="language" name="English" iso-639-3="eng" tiers="translations"/>
    <meta type="odin-source" doc-id="3138" line-range="530-532" line-types="L G T"/>
  </metadata>
  <tier id="o" type="odin-raw">
    <item id="o1" line="530" tag="L">                      c. chim-ambi-li.</item>
    <item id="o2" line="531" tag="G">                         2(dat)-beat-1(nom)</item>
    <item id="o3" line="532" tag="T">                         `I beat you.'</item>
  </tier>
  <tier id="c" type="odin-clean">
    <item id="c1" line="530" tag="L">chim-ambi-li.</item>
    <item id="c2" line="531" tag="G">2(dat)-beat-1(nom)</item>
    <item id="c3" line="532" tag="T">I beat you.</item>
  </tier>
  <tier id="p" type="phrases" content="c">
    <item id="p0" content="c1[0:13]"/>
  </tier>
  <tier id="g" type="glosses" content="c">
    <item id="g0" content="c2[0:18]" alignment="p1"/>
  </tier>
  <tier id="t" type="translations" content="c">
    <item id="t0" content="c3[0:11]" alignment="p1"/>
  </tier>
</igt>
<igt id="i33438">
  <metadata type="xigt-meta">
    <meta type="language" name="chickasaw" iso-639-3="cic" tiers="phrases words morphemes"/>
    <meta type="language" name="English" iso-639-3="eng" tiers="translations"/>
    <meta type="odin-source" doc-id="3138" line-range="533-535" line-types="L G T+AC"/>
  </metadata>
  <tier id="o" type="odin-raw">
    <item id="o1" line="533" tag="L">                      d. in-kasho-li.</item>
    <item id="o2" line="534" tag="G">                         3(dat)-forgive-1(nom)</item>
    <item id="o3" line="535" tag="T+AC">                         `I forgive him.'      (Munro and Gordon 1982: 83, 86)</item>
  </tier>
  <tier id="c" type="odin-clean">
    <item id="c1" line="533" tag="L">in-kasho-li.</item>
    <item id="c2" line="534" tag="G">3(dat)-forgive-1(nom)</item>
    <item id="c3" line="535" tag="T+AC">I forgive him.'      (Munro and Gordon 1982: 83, 86)</item>
  </tier>
  <tier id="p" type="phrases" content="c">
    <item id="p0" content="c1[0:12]"/>
  </tier>
  <tier id="g" type="glosses" content="c">
    <item id="g0" content="c2[0:21]" alignment="p1"/>
  </tier>
  <tier id="t" type="translations" content="c">
    <item id="t0" content="c3[0:52]" alignment="p1"/>
  </tier>
</igt>
<igt id="i33439">
  <metadata type="xigt-meta">
    <meta type="language" name="chickasaw" iso-639-3="cic" tiers="phrases words morphemes"/>
    <meta type="language" name="English" iso-639-3="eng" tiers="translations"/>
    <meta type="odin-source" doc-id="3138" line-range="536-543" line-types="M+EX M+EX M+LN L+CR L+CR G T M+AC"/>
  </metadata>
  <tier id="o" type="odin-raw">
    <item id="o1" line="536" tag="M+EX">                 In ditransitive clauses the R exhibits person agreement by means of</item>
    <item id="o2" line="537" tag="M+EX">                 the dative markers, e.g.:</item>
    <item id="o3" line="538" tag="M+LN">                 (11) Chickasaw</item>
    <item id="o4" line="539" tag="L+CR">                      aboha ano'k-ak folosh aa-im-a-li-tok.</item>
    <item id="o5" line="540" tag="L+CR">                                Å</item>
    <item id="o6" line="541" tag="G">                      house in-nonsubj spoon loc-3(dat)-give-1(nom)-past</item>
    <item id="o7" line="542" tag="T">                      `I gave him a spoon in the house.'</item>
    <item id="o8" line="543" tag="M+AC">                                                   (Munro and Gordon 1982: 110)</item>
  </tier>
  <tier id="c" type="odin-clean">
    <item id="c1" line="536" tag="M+EX">In ditransitive clauses the R exhibits person agreement by means of</item>
    <item id="c2" line="537" tag="M+EX">the dative markers, e.g.:</item>
    <item id="c3" line="538" tag="M+LN">Chickasaw</item>
    <item id="c4" line="539" tag="L+CR">aboha ano'k-ak folosh aa-im-a-li-tok.</item>
    <item id="c6" line="541" tag="G">house in-nonsubj spoon loc-3(dat)-give-1(nom)-past</item>
    <item id="c7" line="542" tag="T">I gave him a spoon in the house.</item>
    <item id="c8" line="543" tag="M+AC">Munro and Gordon 1982: 110</item>
  </tier>
  <tier id="p" type="phrases" content="c">
    <item id="p0" content="c4[0:37]"/>
  </tier>
  <tier id="g" type="glosses" content="c">
    <item id="g0" content="c6[0:50]" alignment="p1"/>
  </tier>
  <tier id="t" type="translations" content="c">
    <item id="t0" content="c7[0:32]" alignment="p1"/>
  </tier>
</igt>
<igt id="i33440">
  <metadata type="xigt-meta">
    <meta type="language" name="chickasaw" iso-639-3="cic" tiers="phrases words morphemes"/>
    <meta type="language" name="English" iso-639-3="eng" tiers="translations"/>
    <meta type="odin-source" doc-id="3138" line-range="561-566" line-types="M+LN L G L G T"/>
  </metadata>
  <tier id="o" type="odin-raw">
    <item id="o1" line="561" tag="M+LN">                 (12) Chickasaw</item>
    <item id="o2" line="562" tag="L">                      Catherine-at Larry Bonnie-ak</item>
    <item id="o3" line="563" tag="G">                      Catherine-subj Larry Bonnie-nonsubj</item>
    <item id="o4" line="564" tag="L">                      pit-im-pilash-tok.</item>
    <item id="o5" line="565" tag="G">                      pit-3(dat)-send-past</item>
    <item id="o6" line="566" tag="T">                      `Catherine sent Larry to Bonnie.'</item>
  </tier>
  <tier id="c" type="odin-clean">
    <item id="c1" line="561" tag="M+LN">Chickasaw</item>
    <item id="c2" line="562" tag="L">Catherine-at Larry Bonnie-ak</item>
    <item id="c3" line="563" tag="G">Catherine-subj Larry Bonnie-nonsubj</item>
    <item id="c4" line="564" tag="L">pit-im-pilash-tok.</item>
    <item id="c5" line="565" tag="G">pit-3(dat)-send-past</item>
    <item id="c6" line="566" tag="T">Catherine sent Larry to Bonnie.</item>
  </tier>
  <tier id="p" type="phrases" content="c">
    <item id="p0" content="c2[0:28]"/>
    <item id="p1" content="c4[0:18]"/>
  </tier>
  <tier id="g" type="glosses" content="c">
    <item id="g0" content="c3[0:35]" alignment="p1"/>
    <item id="g1" content="c5[0:20]" alignment="p2"/>
  </tier>
  <tier id="t" type="translations" content="c">
    <item id="t0" content="c6[0:31]" alignment="p2"/>
  </tier>
</igt>
<igt id="i33445">
  <metadata type="xigt-meta">
    <meta type="language" name="chickasaw" iso-639-3="cic" tiers="phrases words morphemes"/>
    <meta type="language" name="English" iso-639-3="eng" tiers="translations"/>
    <meta type="odin-source" doc-id="3138" line-range="626-629" line-types="M+LN L G T"/>
  </metadata>
  <tier id="o" type="odin-raw">
    <item id="o1" line="626" tag="M+LN">                 (i) Chickasaw</item>
    <item id="o2" line="627" tag="L">                     a. é-iyimmi.</item>
    <item id="o3" line="628" tag="G">                        3(acc)-believes</item>
    <item id="o4" line="629" tag="T">                        `He believes it.'</item>
  </tier>
  <tier id="c" type="odin-clean">
    <item id="c1" line="626" tag="M+LN">Chickasaw</item>
    <item id="c2" line="627" tag="L">é-iyimmi.</item>
    <item id="c3" line="628" tag="G">3(acc)-believes</item>
    <item id="c4" line="629" tag="T">He believes it.</item>
  </tier>
  <tier id="p" type="phrases" content="c">
    <item id="p0" content="c2[0:9]"/>
  </tier>
  <tier id="g" type="glosses" content="c">
    <item id="g0" content="c3[0:15]" alignment="p1"/>
  </tier>
  <tier id="t" type="translations" content="c">
    <item id="t0" content="c4[0:15]" alignment="p1"/>
  </tier>
</igt>
<igt id="i33446">
  <metadata type="xigt-meta">
    <meta type="language" name="chickasaw" iso-639-3="cic" tiers="phrases words morphemes"/>
    <meta type="language" name="English" iso-639-3="eng" tiers="translations"/>
    <meta type="odin-source" doc-id="3138" line-range="630-632" line-types="L G T+AC"/>
  </metadata>
  <tier id="o" type="odin-raw">
    <item id="o1" line="630" tag="L">                     b. i-iyimmi.</item>
    <item id="o2" line="631" tag="G">                        3(dat)-believes</item>
    <item id="o3" line="632" tag="T+AC">                        `He believes him.'                               (Munro and Gordon 1982: 86)</item>
  </tier>
  <tier id="c" type="odin-clean">
    <item id="c1" line="630" tag="L">i-iyimmi.</item>
    <item id="c2" line="631" tag="G">3(dat)-believes</item>
    <item id="c3" line="632" tag="T+AC">He believes him.'                               (Munro and Gordon 1982: 86)</item>
  </tier>
  <tier id="p" type="phrases" content="c">
    <item id="p0" content="c1[0:9]"/>
  </tier>
  <tier id="g" type="glosses" content="c">
    <item id="g0" content="c2[0:15]" alignment="p1"/>
  </tier>
  <tier id="t" type="translations" content="c">
    <item id="t0" content="c3[0:75]" alignment="p1"/>
  </tier>
</igt>
<igt id="i33447">
  <metadata type="xigt-meta">
    <meta type="language" name="chickasaw" iso-639-3="cic" tiers="phrases words morphemes"/>
    <meta type="language" name="English" iso-639-3="eng" tiers="translations"/>
    <meta type="odin-source" doc-id="3138" line-range="657-660" line-types="M+LN L G T"/>
  </metadata>
  <tier id="o" type="odin-raw">
    <item id="o1" line="657" tag="M+LN">                 (15) Chickasaw</item>
    <item id="o2" line="658" tag="L">                      a. sö-hotolhko.</item>
    <item id="o3" line="659" tag="G">                         1(acc)-coughed</item>
    <item id="o4" line="660" tag="T">                         `I coughed.'</item>
  </tier>
  <tier id="c" type="odin-clean">
    <item id="c1" line="657" tag="M+LN">Chickasaw</item>
    <item id="c2" line="658" tag="L">sö-hotolhko.</item>
    <item id="c3" line="659" tag="G">1(acc)-coughed</item>
    <item id="c4" line="660" tag="T">I coughed.</item>
  </tier>
  <tier id="p" type="phrases" content="c">
    <item id="p0" content="c2[0:12]"/>
  </tier>
  <tier id="g" type="glosses" content="c">
    <item id="g0" content="c3[0:14]" alignment="p1"/>
  </tier>
  <tier id="t" type="translations" content="c">
    <item id="t0" content="c4[0:10]" alignment="p1"/>
  </tier>
</igt>
<igt id="i33448">
  <metadata type="xigt-meta">
    <meta type="language" name="chickasaw" iso-639-3="cic" tiers="phrases words morphemes"/>
    <meta type="language" name="English" iso-639-3="eng" tiers="translations"/>
    <meta type="odin-source" doc-id="3138" line-range="661-663" line-types="L G T+AC"/>
  </metadata>
  <tier id="o" type="odin-raw">
    <item id="o1" line="661" tag="L">                      b. hotolhko-li.</item>
    <item id="o2" line="662" tag="G">                         coughed-1(nom)</item>
    <item id="o3" line="663" tag="T+AC">                         `I coughed (on purpose).'             (Munro and Gordon 1982: 81)</item>
  </tier>
  <tier id="c" type="odin-clean">
    <item id="c1" line="661" tag="L">hotolhko-li.</item>
    <item id="c2" line="662" tag="G">coughed-1(nom)</item>
    <item id="c3" line="663" tag="T+AC">I coughed (on purpose).'             (Munro and Gordon 1982: 81)</item>
  </tier>
  <tier id="p" type="phrases" content="c">
    <item id="p0" content="c1[0:12]"/>
  </tier>
  <tier id="g" type="glosses" content="c">
    <item id="g0" content="c2[0:14]" alignment="p1"/>
  </tier>
  <tier id="t" type="translations" content="c">
    <item id="t0" content="c3[0:64]" alignment="p1"/>
  </tier>
</igt>
<igt id="i38276">
  <metadata type="xigt-meta">
    <meta type="language" name="chickasaw" iso-639-3="cic" tiers="phrases words morphemes"/>
    <meta type="language" name="English" iso-639-3="eng" tiers="translations"/>
    <meta type="odin-source" doc-id="1184" line-range="8634-8636" line-types="L G T"/>
  </metadata>
  <tier id="o" type="odin-raw">
    <item id="o1" line="8634" tag="L">  (20)     a.        Kisili- li</item>
    <item id="o2" line="8635" tag="G">                     bite- 1sgI</item>
    <item id="o3" line="8636" tag="T">                     `I bite him.'</item>
  </tier>
  <tier id="c" type="odin-clean">
    <item id="c1" line="8634" tag="L">Kisili-li</item>
    <item id="c2" line="8635" tag="G">bite-1sgI</item>
    <item id="c3" line="8636" tag="T">I bite him.</item>
  </tier>
  <tier id="p" type="phrases" content="c">
    <item id="p0" content="c1[0:9]"/>
  </tier>
  <tier id="g" type="glosses" content="c">
    <item id="g0" content="c2[0:9]" alignment="p1"/>
  </tier>
  <tier id="t" type="translations" content="c">
    <item id="t0" content="c3[0:11]" alignment="p1"/>
  </tier>
</igt>
<igt id="i38277">
  <metadata type="xigt-meta">
    <meta type="language" name="chickasaw" iso-639-3="cic" tiers="phrases words morphemes"/>
    <meta type="language" name="English" iso-639-3="eng" tiers="translations"/>
    <meta type="odin-source" doc-id="1184" line-range="8637-8639" line-types="L G T"/>
  </metadata>
  <tier id="o" type="odin-raw">
    <item id="o1" line="8637" tag="L">           b.        Sa- kisili</item>
    <item id="o2" line="8638" tag="G">                     1sgII- bite</item>
    <item id="o3" line="8639" tag="T">                     `He bites me.'</item>
  </tier>
  <tier id="c" type="odin-clean">
    <item id="c1" line="8637" tag="L">Sa-kisili</item>
    <item id="c2" line="8638" tag="G">1sgII-bite</item>
    <item id="c3" line="8639" tag="T">He bites me.</item>
  </tier>
  <tier id="p" type="phrases" content="c">
    <item id="p0" content="c1[0:9]"/>
  </tier>
  <tier id="g" type="glosses" content="c">
    <item id="g0" content="c2[0:10]" alignment="p1"/>
  </tier>
  <tier id="t" type="translations" content="c">
    <item id="t0" content="c3[0:12]" alignment="p1"/>
  </tier>
</igt>
<igt id="i38278">
  <metadata type="xigt-meta">
    <meta type="language" name="chickasaw" iso-639-3="cic" tiers="phrases words morphemes"/>
    <meta type="language" name="English" iso-639-3="eng" tiers="translations"/>
    <meta type="odin-source" doc-id="1184" line-range="8644-8646" line-types="L G T"/>
  </metadata>
  <tier id="o" type="odin-raw">
    <item id="o1" line="8644" tag="L">  (21)     a.        Ofi' sa- banna.</item>
    <item id="o2" line="8645" tag="G">                     dog 1sgII- want</item>
    <item id="o3" line="8646" tag="T">                     `I want a dog.'</item>
  </tier>
  <tier id="c" type="odin-clean">
    <item id="c1" line="8644" tag="L">Ofi' sa-banna.</item>
    <item id="c2" line="8645" tag="G">dog 1sgII-want</item>
    <item id="c3" line="8646" tag="T">I want a dog.</item>
  </tier>
  <tier id="p" type="phrases" content="c">
    <item id="p0" content="c1[0:14]"/>
  </tier>
  <tier id="g" type="glosses" content="c">
    <item id="g0" content="c2[0:14]" alignment="p1"/>
  </tier>
  <tier id="t" type="translations" content="c">
    <item id="t0" content="c3[0:13]" alignment="p1"/>
  </tier>
</igt>
<igt id="i38279">
  <metadata type="xigt-meta">
    <meta type="language" name="chickasaw" iso-639-3="cic" tiers="phrases words morphemes"/>
    <meta type="language" name="English" iso-639-3="eng" tiers="translations"/>
    <meta type="odin-source" doc-id="1184" line-range="8647-8649" line-types="L G T"/>
  </metadata>
  <tier id="o" type="odin-raw">
    <item id="o1" line="8647" tag="L">           b.        Talowa' am- alhkaniya- tok.</item>
    <item id="o2" line="8648" tag="G">                     song      1sgIII- forget-    PST</item>
    <item id="o3" line="8649" tag="T">                     `I forgot the song.'</item>
  </tier>
  <tier id="c" type="odin-clean">
    <item id="c1" line="8647" tag="L">Talowa' am-alhkaniya-tok.</item>
    <item id="c2" line="8648" tag="G">song      1sgIII-forget-PST</item>
    <item id="c3" line="8649" tag="T">I forgot the song.</item>
  </tier>
  <tier id="p" type="phrases" content="c">
    <item id="p0" content="c1[0:25]"/>
  </tier>
  <tier id="g" type="glosses" content="c">
    <item id="g0" content="c2[0:27]" alignment="p1"/>
  </tier>
  <tier id="t" type="translations" content="c">
    <item id="t0" content="c3[0:18]" alignment="p1"/>
  </tier>
</igt>
<igt id="i38280">
  <metadata type="xigt-meta">
    <meta type="language" name="chickasaw" iso-639-3="cic" tiers="phrases words morphemes"/>
    <meta type="language" name="English" iso-639-3="eng" tiers="translations"/>
    <meta type="odin-source" doc-id="1184" line-range="8650-8652" line-types="L G T"/>
  </metadata>
  <tier id="o" type="odin-raw">
    <item id="o1" line="8650" tag="L">  (22)     a.        Chim- ambi- li.</item>
    <item id="o2" line="8651" tag="G">                     2sgIII- beat- 1sgI</item>
    <item id="o3" line="8652" tag="T">                     `I beat you (in a contest).'</item>
  </tier>
  <tier id="c" type="odin-clean">
    <item id="c1" line="8650" tag="L">Chim-ambi-li.</item>
    <item id="c2" line="8651" tag="G">2sgIII-beat-1sgI</item>
    <item id="c3" line="8652" tag="T">I beat you (in a contest).</item>
  </tier>
  <tier id="p" type="phrases" content="c">
    <item id="p0" content="c1[0:13]"/>
  </tier>
  <tier id="g" type="glosses" content="c">
    <item id="g0" content="c2[0:16]" alignment="p1"/>
  </tier>
  <tier id="t" type="translations" content="c">
    <item id="t0" content="c3[0:26]" alignment="p1"/>
  </tier>
</igt>
<igt id="i38281">
  <metadata type="xigt-meta">
    <meta type="language" name="chickasaw" iso-639-3="cic" tiers="phrases words morphemes"/>
    <meta type="language" name="English" iso-639-3="eng" tiers="translations"/>
    <meta type="odin-source" doc-id="1184" line-range="8653-8656" line-types="L+CR L+CR G T"/>
  </metadata>
  <tier id="o" type="odin-raw">
    <item id="o1" line="8653" tag="L+CR">                     ChÇ- hollo- li.</item>
    <item id="o2" line="8654" tag="L+CR">           b.</item>
    <item id="o3" line="8655" tag="G">                     2sgIII- love- 1sgI</item>
    <item id="o4" line="8656" tag="T">                     `I love you.'</item>
  </tier>
  <tier id="c" type="odin-clean">
    <item id="c1" line="8653 8654" tag="L+CR">ChÇ-hollo-li.</item>
    <item id="c3" line="8655" tag="G">2sgIII-love-1sgI</item>
    <item id="c4" line="8656" tag="T">I love you.</item>
  </tier>
  <tier id="p" type="phrases" content="c">
    <item id="p0" content="c1[0:13]"/>
  </tier>
  <tier id="g" type="glosses" content="c">
    <item id="g0" content="c3[0:16]" alignment="p1"/>
  </tier>
  <tier id="t" type="translations" content="c">
    <item id="t0" content="c4[0:11]" alignment="p1"/>
  </tier>
</igt>
<igt id="i38282">
  <metadata type="xigt-meta">
    <meta type="language" name="chickasaw" iso-639-3="cic" tiers="phrases words morphemes"/>
    <meta type="language" name="English" iso-639-3="eng" tiers="translations"/>
    <meta type="odin-source" doc-id="1184" line-range="8661-8663" line-types="L G T"/>
  </metadata>
  <tier id="o" type="odin-raw">
    <item id="o1" line="8661" tag="L">  (23)     a.        Malili- li</item>
    <item id="o2" line="8662" tag="G">                     ran- 1sgI</item>
    <item id="o3" line="8663" tag="T">                     `I ran.'</item>
  </tier>
  <tier id="c" type="odin-clean">
    <item id="c1" line="8661" tag="L">Malili-li</item>
    <item id="c2" line="8662" tag="G">ran-1sgI</item>
    <item id="c3" line="8663" tag="T">I ran.</item>
  </tier>
  <tier id="p" type="phrases" content="c">
    <item id="p0" content="c1[0:9]"/>
  </tier>
  <tier id="g" type="glosses" content="c">
    <item id="g0" content="c2[0:8]" alignment="p1"/>
  </tier>
  <tier id="t" type="translations" content="c">
    <item id="t0" content="c3[0:6]" alignment="p1"/>
  </tier>
</igt>
<igt id="i38283">
  <metadata type="xigt-meta">
    <meta type="language" name="chickasaw" iso-639-3="cic" tiers="phrases words morphemes"/>
    <meta type="language" name="English" iso-639-3="eng" tiers="translations"/>
    <meta type="odin-source" doc-id="1184" line-range="8664-8666" line-types="L G T"/>
  </metadata>
  <tier id="o" type="odin-raw">
    <item id="o1" line="8664" tag="L">           b.        Hotolhko- li</item>
    <item id="o2" line="8665" tag="G">                     coughed- 1sgI</item>
    <item id="o3" line="8666" tag="T">                     `I coughed (on purpose).'</item>
  </tier>
  <tier id="c" type="odin-clean">
    <item id="c1" line="8664" tag="L">Hotolhko-li</item>
    <item id="c2" line="8665" tag="G">coughed-1sgI</item>
    <item id="c3" line="8666" tag="T">I coughed (on purpose).</item>
  </tier>
  <tier id="p" type="phrases" content="c">
    <item id="p0" content="c1[0:11]"/>
  </tier>
  <tier id="g" type="glosses" content="c">
    <item id="g0" content="c2[0:12]" alignment="p1"/>
  </tier>
  <tier id="t" type="translations" content="c">
    <item id="t0" content="c3[0:23]" alignment="p1"/>
  </tier>
</igt>
<igt id="i38284">
  <metadata type="xigt-meta">
    <meta type="language" name="chickasaw" iso-639-3="cic" tiers="phrases words morphemes"/>
    <meta type="language" name="English" iso-639-3="eng" tiers="translations"/>
    <meta type="odin-source" doc-id="1184" line-range="8681-8683" line-types="L G T"/>
  </metadata>
  <tier id="o" type="odin-raw">
    <item id="o1" line="8681" tag="L">  (24)   a.      Sa- chokma</item>
    <item id="o2" line="8682" tag="G">                 1sgII- good</item>
    <item id="o3" line="8683" tag="T">                 `I am good.'</item>
  </tier>
  <tier id="c" type="odin-clean">
    <item id="c1" line="8681" tag="L">Sa-chokma</item>
    <item id="c2" line="8682" tag="G">1sgII-good</item>
    <item id="c3" line="8683" tag="T">I am good.</item>
  </tier>
  <tier id="p" type="phrases" content="c">
    <item id="p0" content="c1[0:9]"/>
  </tier>
  <tier id="g" type="glosses" content="c">
    <item id="g0" content="c2[0:10]" alignment="p1"/>
  </tier>
  <tier id="t" type="translations" content="c">
    <item id="t0" content="c3[0:10]" alignment="p1"/>
  </tier>
</igt>
<igt id="i38285">
  <metadata type="xigt-meta">
    <meta type="language" name="chickasaw" iso-639-3="cic" tiers="phrases words morphemes"/>
    <meta type="language" name="English" iso-639-3="eng" tiers="translations"/>
    <meta type="odin-source" doc-id="1184" line-range="8684-8686" line-types="L G T"/>
  </metadata>
  <tier id="o" type="odin-raw">
    <item id="o1" line="8684" tag="L">         b.      Sa- hotolhko</item>
    <item id="o2" line="8685" tag="G">                 1sgII- coughed</item>
    <item id="o3" line="8686" tag="T">                 `I coughed.'</item>
  </tier>
  <tier id="c" type="odin-clean">
    <item id="c1" line="8684" tag="L">Sa-hotolhko</item>
    <item id="c2" line="8685" tag="G">1sgII-coughed</item>
    <item id="c3" line="8686" tag="T">I coughed.</item>
  </tier>
  <tier id="p" type="phrases" content="c">
    <item id="p0" content="c1[0:11]"/>
  </tier>
  <tier id="g" type="glosses" content="c">
    <item id="g0" content="c2[0:13]" alignment="p1"/>
  </tier>
  <tier id="t" type="translations" content="c">
    <item id="t0" content="c3[0:10]" alignment="p1"/>
  </tier>
</igt>
<igt id="i38286">
  <metadata type="xigt-meta">
    <meta type="language" name="chickasaw" iso-639-3="cic" tiers="phrases words morphemes"/>
    <meta type="language" name="English" iso-639-3="eng" tiers="translations"/>
    <meta type="odin-source" doc-id="1184" line-range="8687-8689" line-types="L G T"/>
  </metadata>
  <tier id="o" type="odin-raw">
    <item id="o1" line="8687" tag="L">  (25)   An- takho'bi</item>
    <item id="o2" line="8688" tag="G">         1sgIII- lazy</item>
    <item id="o3" line="8689" tag="T">         `I am lazy.'</item>
  </tier>
  <tier id="c" type="odin-clean">
    <item id="c1" line="8687" tag="L">An-takho'bi</item>
    <item id="c2" line="8688" tag="G">1sgIII-lazy</item>
    <item id="c3" line="8689" tag="T">I am lazy.</item>
  </tier>
  <tier id="p" type="phrases" content="c">
    <item id="p0" content="c1[0:11]"/>
  </tier>
  <tier id="g" type="glosses" content="c">
    <item id="g0" content="c2[0:11]" alignment="p1"/>
  </tier>
  <tier id="t" type="translations" content="c">
    <item id="t0" content="c3[0:10]" alignment="p1"/>
  </tier>
</igt>
<igt id="i38287">
  <metadata type="xigt-meta">
    <meta type="language" name="chickasaw" iso-639-3="cic" tiers="phrases words morphemes"/>
    <meta type="language" name="English" iso-639-3="eng" tiers="translations"/>
    <meta type="odin-source" doc-id="1184" line-range="8708-8710" line-types="L G T"/>
  </metadata>
  <tier id="o" type="odin-raw">
    <item id="o1" line="8708" tag="L">  (26)   a.      Hattak- at    malili.</item>
    <item id="o2" line="8709" tag="G">                 man- NOM run</item>
    <item id="o3" line="8710" tag="T">                 `The man runs.' (NOM triggers I agreement)</item>
  </tier>
  <tier id="c" type="odin-clean">
    <item id="c1" line="8708" tag="L">Hattak-at    malili.</item>
    <item id="c2" line="8709" tag="G">man-NOM run</item>
    <item id="c3" line="8710" tag="T">The man runs.' (NOM triggers I agreement)</item>
  </tier>
  <tier id="p" type="phrases" content="c">
    <item id="p0" content="c1[0:20]"/>
  </tier>
  <tier id="g" type="glosses" content="c">
    <item id="g0" content="c2[0:11]" alignment="p1"/>
  </tier>
  <tier id="t" type="translations" content="c">
    <item id="t0" content="c3[0:41]" alignment="p1"/>
  </tier>
</igt>
<igt id="i38288">
  <metadata type="xigt-meta">
    <meta type="language" name="chickasaw" iso-639-3="cic" tiers="phrases words morphemes"/>
    <meta type="language" name="English" iso-639-3="eng" tiers="translations"/>
    <meta type="odin-source" doc-id="1184" line-range="8711-8714" line-types="L+CR L+CR G T"/>
  </metadata>
  <tier id="o" type="odin-raw">
    <item id="o1" line="8711" tag="L+CR">                                         pÇsa.</item>
    <item id="o2" line="8712" tag="L+CR">         b.      Hattak- at    ihoo</item>
    <item id="o3" line="8713" tag="G">                 man- NOM woman see</item>
    <item id="o4" line="8714" tag="T">                 `The man sees the woman.' (NOM triggers I agreement)</item>
  </tier>
  <tier id="c" type="odin-clean">
    <item id="c1" line="8711 8712" tag="L+CR">Hattak-at    ihoo      pÇsa.</item>
    <item id="c3" line="8713" tag="G">man-NOM woman see</item>
    <item id="c4" line="8714" tag="T">The man sees the woman.' (NOM triggers I agreement)</item>
  </tier>
  <tier id="p" type="phrases" content="c">
    <item id="p0" content="c1[0:28]"/>
  </tier>
  <tier id="g" type="glosses" content="c">
    <item id="g0" content="c3[0:17]" alignment="p1"/>
  </tier>
  <tier id="t" type="translations" content="c">
    <item id="t0" content="c4[0:51]" alignment="p1"/>
  </tier>
</igt>
<igt id="i38289">
  <metadata type="xigt-meta">
    <meta type="language" name="chickasaw" iso-639-3="cic" tiers="phrases words morphemes"/>
    <meta type="language" name="English" iso-639-3="eng" tiers="translations"/>
    <meta type="odin-source" doc-id="1184" line-range="8715-8717" line-types="L G T"/>
  </metadata>
  <tier id="o" type="odin-raw">
    <item id="o1" line="8715" tag="L">         c.      Hattak- at    an- k-        ã    abi- tok.</item>
    <item id="o2" line="8716" tag="G">                 man- NOM my- father- OBL kill- PST</item>
    <item id="o3" line="8717" tag="T">                 `The man killed my father.' (NOM triggers I agreement)</item>
  </tier>
  <tier id="c" type="odin-clean">
    <item id="c1" line="8715" tag="L">Hattak-at    an-k-ã    abi-tok.</item>
    <item id="c2" line="8716" tag="G">man-NOM my-father-OBL kill-PST</item>
    <item id="c3" line="8717" tag="T">The man killed my father.' (NOM triggers I agreement)</item>
  </tier>
  <tier id="p" type="phrases" content="c">
    <item id="p0" content="c1[0:31]"/>
  </tier>
  <tier id="g" type="glosses" content="c">
    <item id="g0" content="c2[0:30]" alignment="p1"/>
  </tier>
  <tier id="t" type="translations" content="c">
    <item id="t0" content="c3[0:53]" alignment="p1"/>
  </tier>
</igt>
<igt id="i38290">
  <metadata type="xigt-meta">
    <meta type="language" name="chickasaw" iso-639-3="cic" tiers="phrases words morphemes"/>
    <meta type="language" name="English" iso-639-3="eng" tiers="translations"/>
    <meta type="odin-source" doc-id="1184" line-range="8718-8720" line-types="L G T"/>
  </metadata>
  <tier id="o" type="odin-raw">
    <item id="o1" line="8718" tag="L">         d.      Hattak- at    chokma.</item>
    <item id="o2" line="8719" tag="G">                 man- NOM good</item>
    <item id="o3" line="8720" tag="T">                 `The man is good.' (NOM triggers II agreement)</item>
  </tier>
  <tier id="c" type="odin-clean">
    <item id="c1" line="8718" tag="L">Hattak-at    chokma.</item>
    <item id="c2" line="8719" tag="G">man-NOM good</item>
    <item id="c3" line="8720" tag="T">The man is good.' (NOM triggers II agreement)</item>
  </tier>
  <tier id="p" type="phrases" content="c">
    <item id="p0" content="c1[0:20]"/>
  </tier>
  <tier id="g" type="glosses" content="c">
    <item id="g0" content="c2[0:12]" alignment="p1"/>
  </tier>
  <tier id="t" type="translations" content="c">
    <item id="t0" content="c3[0:45]" alignment="p1"/>
  </tier>
</igt>
<igt id="i38291">
  <metadata type="xigt-meta">
    <meta type="language" name="chickasaw" iso-639-3="cic" tiers="phrases words morphemes"/>
    <meta type="language" name="English" iso-639-3="eng" tiers="translations"/>
    <meta type="odin-source" doc-id="1184" line-range="8721-8723" line-types="L G T"/>
  </metadata>
  <tier id="o" type="odin-raw">
    <item id="o1" line="8721" tag="L">         e.      Hattak- at    in- takho'bi.</item>
    <item id="o2" line="8722" tag="G">                 man- NOM 3III- lazy</item>
    <item id="o3" line="8723" tag="T">                 `The man is lazy.' (NOM triggers III agreement)</item>
  </tier>
  <tier id="c" type="odin-clean">
    <item id="c1" line="8721" tag="L">Hattak-at    in-takho'bi.</item>
    <item id="c2" line="8722" tag="G">man-NOM 3III-lazy</item>
    <item id="c3" line="8723" tag="T">The man is lazy.' (NOM triggers III agreement)</item>
  </tier>
  <tier id="p" type="phrases" content="c">
    <item id="p0" content="c1[0:25]"/>
  </tier>
  <tier id="g" type="glosses" content="c">
    <item id="g0" content="c2[0:17]" alignment="p1"/>
  </tier>
  <tier id="t" type="translations" content="c">
    <item id="t0" content="c3[0:46]" alignment="p1"/>
  </tier>
</igt>
<igt id="i38293">
  <metadata type="xigt-meta">
    <meta type="language" name="chickasaw" iso-639-3="cic" tiers="phrases words morphemes"/>
    <meta type="language" name="English" iso-639-3="eng" tiers="translations"/>
    <meta type="odin-source" doc-id="1184" line-range="8742-8744" line-types="L G T"/>
  </metadata>
  <tier id="o" type="odin-raw">
    <item id="o1" line="8742" tag="L">  (27)   a.      Talowa' am-       alhkaniya- tok.</item>
    <item id="o2" line="8743" tag="G">                 song      1sgIII- forget-     PST</item>
    <item id="o3" line="8744" tag="T">                 `I forgot the song.'</item>
  </tier>
  <tier id="c" type="odin-clean">
    <item id="c1" line="8742" tag="L">Talowa' am-alhkaniya-tok.</item>
    <item id="c2" line="8743" tag="G">song      1sgIII-forget-PST</item>
    <item id="c3" line="8744" tag="T">I forgot the song.</item>
  </tier>
  <tier id="p" type="phrases" content="c">
    <item id="p0" content="c1[0:25]"/>
  </tier>
  <tier id="g" type="glosses" content="c">
    <item id="g0" content="c2[0:27]" alignment="p1"/>
  </tier>
  <tier id="t" type="translations" content="c">
    <item id="t0" content="c3[0:18]" alignment="p1"/>
  </tier>
</igt>
<igt id="i38294">
  <metadata type="xigt-meta">
    <meta type="language" name="chickasaw" iso-639-3="cic" tiers="phrases words morphemes"/>
    <meta type="language" name="English" iso-639-3="eng" tiers="translations"/>
    <meta type="odin-source" doc-id="1184" line-range="8745-8747" line-types="L G T"/>
  </metadata>
  <tier id="o" type="odin-raw">
    <item id="o1" line="8745" tag="L">         b.      Hakkat- at      talowa' im- alhkaniya- tok.</item>
    <item id="o2" line="8746" tag="G">                 man- NOM song             3III- forget- PST</item>
    <item id="o3" line="8747" tag="T">                 `The man forgot the song.'</item>
  </tier>
  <tier id="c" type="odin-clean">
    <item id="c1" line="8745" tag="L">Hakkat-at      talowa' im-alhkaniya-tok.</item>
    <item id="c2" line="8746" tag="G">man-NOM song             3III-forget-PST</item>
    <item id="c3" line="8747" tag="T">The man forgot the song.</item>
  </tier>
  <tier id="p" type="phrases" content="c">
    <item id="p0" content="c1[0:40]"/>
  </tier>
  <tier id="g" type="glosses" content="c">
    <item id="g0" content="c2[0:40]" alignment="p1"/>
  </tier>
  <tier id="t" type="translations" content="c">
    <item id="t0" content="c3[0:24]" alignment="p1"/>
  </tier>
</igt>
<igt id="i57931">
  <metadata type="xigt-meta">
    <meta type="language" name="chickasaw" iso-639-3="cic" tiers="phrases words morphemes"/>
    <meta type="language" name="English" iso-639-3="eng" tiers="translations"/>
    <meta type="odin-source" doc-id="2717" line-range="17-19" line-types="L+LN G T"/>
  </metadata>
  <tier id="o" type="odin-raw">
    <item id="o1" line="17" tag="L+LN">  2. a. Aai'pa'     pakna'-at homma. (Chickasaw)</item>
    <item id="o2" line="18" tag="G">        table       top-NOM        be.red</item>
    <item id="o3" line="19" tag="T">        'The top of the table is red'</item>
  </tier>
  <tier id="c" type="odin-clean">
    <item id="c1" line="17" tag="L+LN">a. Aai'pa'     pakna'-at homma. (Chickasaw)</item>
    <item id="c2" line="18" tag="G">table       top-NOM        be.red</item>
    <item id="c3" line="19" tag="T">The top of the table is red</item>
  </tier>
  <tier id="p" type="phrases" content="c">
    <item id="p0" content="c1[0:43]"/>
  </tier>
  <tier id="g" type="glosses" content="c">
    <item id="g0" content="c2[0:33]" alignment="p1"/>
  </tier>
  <tier id="t" type="translations" content="c">
    <item id="t0" content="c3[0:27]" alignment="p1"/>
  </tier>
</igt>
<igt id="i57932">
  <metadata type="xigt-meta">
    <meta type="language" name="chickasaw" iso-639-3="cic" tiers="phrases words morphemes"/>
    <meta type="language" name="English" iso-639-3="eng" tiers="translations"/>
    <meta type="odin-source" doc-id="2717" line-range="20-22" line-types="L+LN G T"/>
  </metadata>
  <tier id="o" type="odin-raw">
    <item id="o1" line="20" tag="L+LN">     b. Kowi'-at aai'pa'        pakna'       o-wáyya'a. (Chickasaw)</item>
    <item id="o2" line="21" tag="G">        cat-NOM table           top          on-stand</item>
    <item id="o3" line="22" tag="T">        'The cat is on the table'</item>
  </tier>
  <tier id="c" type="odin-clean">
    <item id="c1" line="20" tag="L+LN">Kowi'-at aai'pa'        pakna'       o-wáyya'a. (Chickasaw)</item>
    <item id="c2" line="21" tag="G">cat-NOM table           top          on-stand</item>
    <item id="c3" line="22" tag="T">The cat is on the table</item>
  </tier>
  <tier id="p" type="phrases" content="c">
    <item id="p0" content="c1[0:59]"/>
  </tier>
  <tier id="g" type="glosses" content="c">
    <item id="g0" content="c2[0:45]" alignment="p1"/>
  </tier>
  <tier id="t" type="translations" content="c">
    <item id="t0" content="c3[0:23]" alignment="p1"/>
  </tier>
</igt>
<igt id="i71039">
  <metadata type="xigt-meta">
    <meta type="language" name="chikasaw" iso-639-3="cic" tiers="phrases words morphemes"/>
    <meta type="language" name="English" iso-639-3="eng" tiers="translations"/>
    <meta type="odin-source" doc-id="4083" line-range="3899-3903" line-types="M+AC+LN L G B T"/>
  </metadata>
  <tier id="o" type="odin-raw">
    <item id="o1" line="3899" tag="M+AC+LN">         (i)   Chikasaw: (Broadwell 1990)</item>
    <item id="o2" line="3900" tag="L">               Jan-at  fosh'-at in-taloowa.</item>
    <item id="o3" line="3901" tag="G">               Jan-Nom bird-Nom 3-sing</item>
    <item id="o4" line="3902" tag="B"></item>
    <item id="o5" line="3903" tag="T">               `Jan's bird sings.'</item>
  </tier>
  <tier id="c" type="odin-clean">
    <item id="c1" line="3899" tag="M+AC+LN">(Broadwell 1990</item>
    <item id="c2" line="3900" tag="L">Jan-at  fosh'-at in-taloowa.</item>
    <item id="c3" line="3901" tag="G">Jan-Nom bird-Nom 3-sing</item>
    <item id="c4" line="3902" tag="B"/>
    <item id="c5" line="3903" tag="T">Jan's bird sings.</item>
  </tier>
  <tier id="p" type="phrases" content="c">
    <item id="p0" content="c2[0:28]"/>
  </tier>
  <tier id="g" type="glosses" content="c">
    <item id="g0" content="c3[0:23]" alignment="p1"/>
  </tier>
  <tier id="t" type="translations" content="c">
    <item id="t0" content="c5[0:17]" alignment="p1"/>
  </tier>
</igt>
<igt id="i77715">
  <metadata type="xigt-meta">
    <meta type="language" name="chickasaw" iso-639-3="cic" tiers="phrases words morphemes"/>
    <meta type="language" name="English" iso-639-3="eng" tiers="translations"/>
    <meta type="odin-source" doc-id="124.txt" line-range="171-174" line-types="L G B T"/>
  </metadata>
  <tier id="o" type="odin-raw">
    <item id="o1" line="171" tag="L">                   3)    John im-ofi'-at illi-h.</item>
    <item id="o2" line="172" tag="G">                         John III-dog-nom die-tns</item>
    <item id="o3" line="173" tag="B"></item>
    <item id="o4" line="174" tag="T">                        `John's dog died.'</item>
  </tier>
  <tier id="c" type="odin-clean">
    <item id="c1" line="171" tag="L">John im-ofi'-at illi-h.</item>
    <item id="c2" line="172" tag="G">John III-dog-nom die-tns</item>
    <item id="c3" line="173" tag="B"/>
    <item id="c4" line="174" tag="T">John's dog died.</item>
  </tier>
  <tier id="p" type="phrases" content="c">
    <item id="p0" content="c1[0:23]"/>
  </tier>
  <tier id="g" type="glosses" content="c">
    <item id="g0" content="c2[0:24]" alignment="p1"/>
  </tier>
  <tier id="t" type="translations" content="c">
    <item id="t0" content="c4[0:16]" alignment="p1"/>
  </tier>
</igt>
<igt id="i77716">
  <metadata type="xigt-meta">
    <meta type="language" name="chickasaw" iso-639-3="cic" tiers="phrases words morphemes"/>
    <meta type="language" name="English" iso-639-3="eng" tiers="translations"/>
    <meta type="odin-source" doc-id="124.txt" line-range="177-180" line-types="L G B T"/>
  </metadata>
  <tier id="o" type="odin-raw">
    <item id="o1" line="177" tag="L">                 4)     John-at ofi'(-at) im-illi-h.</item>
    <item id="o2" line="178" tag="G">                        John-nm dog(-nm) III-die-tns</item>
    <item id="o3" line="179" tag="B"></item>
    <item id="o4" line="180" tag="T">                        `John's dog died.'</item>
  </tier>
  <tier id="c" type="odin-clean">
    <item id="c1" line="177" tag="L">John-at ofi'(-at) im-illi-h.</item>
    <item id="c2" line="178" tag="G">John-nm dog(-nm) III-die-tns</item>
    <item id="c3" line="179" tag="B"/>
    <item id="c4" line="180" tag="T">John's dog died.</item>
  </tier>
  <tier id="p" type="phrases" content="c">
    <item id="p0" content="c1[0:28]"/>
  </tier>
  <tier id="g" type="glosses" content="c">
    <item id="g0" content="c2[0:28]" alignment="p1"/>
  </tier>
  <tier id="t" type="translations" content="c">
    <item id="t0" content="c4[0:16]" alignment="p1"/>
  </tier>
</igt>
<igt id="i77717">
  <metadata type="xigt-meta">
    <meta type="language" name="chickasaw" iso-639-3="cic" tiers="phrases words morphemes"/>
    <meta type="language" name="English" iso-639-3="eng" tiers="translations"/>
    <meta type="odin-source" doc-id="124.txt" line-range="224-227" line-types="L G B T"/>
  </metadata>
  <tier id="o" type="odin-raw">
    <item id="o1" line="224" tag="L">          5)            Oblaashaash [John im-ofi'-at] illi-tok.</item>
    <item id="o2" line="225" tag="G">                        yesterday   John III-dog-NM die-PT</item>
    <item id="o3" line="226" tag="B"></item>
    <item id="o4" line="227" tag="T">                        `Yesterday John's dog died.'</item>
  </tier>
  <tier id="c" type="odin-clean">
    <item id="c1" line="224" tag="L">Oblaashaash [John im-ofi'-at] illi-tok.</item>
    <item id="c2" line="225" tag="G">yesterday   John III-dog-NM die-PT</item>
    <item id="c3" line="226" tag="B"/>
    <item id="c4" line="227" tag="T">Yesterday John's dog died.</item>
  </tier>
  <tier id="p" type="phrases" content="c">
    <item id="p0" content="c1[0:39]"/>
  </tier>
  <tier id="g" type="glosses" content="c">
    <item id="g0" content="c2[0:34]" alignment="p1"/>
  </tier>
  <tier id="t" type="translations" content="c">
    <item id="t0" content="c4[0:26]" alignment="p1"/>
  </tier>
</igt>
<igt id="i77718">
  <metadata type="xigt-meta">
    <meta type="language" name="chickasaw" iso-639-3="cic" tiers="phrases words morphemes"/>
    <meta type="language" name="English" iso-639-3="eng" tiers="translations"/>
    <meta type="odin-source" doc-id="124.txt" line-range="232-233" line-types="L G"/>
  </metadata>
  <tier id="o" type="odin-raw">
    <item id="o1" line="232" tag="L">          6)            Oblaashaash [John-at] [ofi'-at] im-illi-tok</item>
    <item id="o2" line="233" tag="G">                        yesterday    John-NM dog-NM III-die-PT</item>
  </tier>
  <tier id="c" type="odin-clean">
    <item id="c1" line="232" tag="L">Oblaashaash [John-at] [ofi'-at] im-illi-tok</item>
    <item id="c2" line="233" tag="G">yesterday    John-NM dog-NM III-die-PT</item>
  </tier>
  <tier id="p" type="phrases" content="c">
    <item id="p0" content="c1[0:43]"/>
  </tier>
  <tier id="g" type="glosses" content="c">
    <item id="g0" content="c2[0:38]" alignment="p1"/>
  </tier>
</igt>
<igt id="i77719">
  <metadata type="xigt-meta">
    <meta type="language" name="chickasaw" iso-639-3="cic" tiers="phrases words morphemes"/>
    <meta type="language" name="English" iso-639-3="eng" tiers="translations"/>
    <meta type="odin-source" doc-id="124.txt" line-range="235-236" line-types="L G"/>
  </metadata>
  <tier id="o" type="odin-raw">
    <item id="o1" line="235" tag="L">                        TJohn-at oblaashaash ofi'-at im-illi-tok.</item>
    <item id="o2" line="236" tag="G">                         John-NM yesterday dog-NM III-die-PT</item>
  </tier>
  <tier id="c" type="odin-clean">
    <item id="c1" line="235" tag="L">TJohn-at oblaashaash ofi'-at im-illi-tok.</item>
    <item id="c2" line="236" tag="G">John-NM yesterday dog-NM III-die-PT</item>
  </tier>
  <tier id="p" type="phrases" content="c">
    <item id="p0" content="c1[0:41]"/>
  </tier>
  <tier id="g" type="glosses" content="c">
    <item id="g0" content="c2[0:35]" alignment="p1"/>
  </tier>
</igt>
<igt id="i77720">
  <metadata type="xigt-meta">
    <meta type="language" name="chickasaw" iso-639-3="cic" tiers="phrases words morphemes"/>
    <meta type="language" name="English" iso-639-3="eng" tiers="translations"/>
    <meta type="odin-source" doc-id="124.txt" line-range="243-249" line-types="L G B L G B T"/>
  </metadata>
  <tier id="o" type="odin-raw">
    <item id="o1" line="243" tag="L">          7)            John-at ofi'-at       im-ambiika-tok</item>
    <item id="o2" line="244" tag="G">                        John-nm dog-nm III-sick-pt</item>
    <item id="o3" line="245" tag="B"></item>
    <item id="o4" line="246" tag="L">                        [sa-kisili-tokat]</item>
    <item id="o5" line="247" tag="G">                        1sII-bite-when:ss</item>
    <item id="o6" line="248" tag="B"></item>
    <item id="o7" line="249" tag="T">                        `Johni's dogj was sick when hei/itj bit me.'</item>
  </tier>
  <tier id="c" type="odin-clean">
    <item id="c1" line="243" tag="L">John-at ofi'-at       im-ambiika-tok</item>
    <item id="c2" line="244" tag="G">John-nm dog-nm III-sick-pt</item>
    <item id="c3" line="245" tag="B"/>
    <item id="c4" line="246" tag="L">[sa-kisili-tokat]</item>
    <item id="c5" line="247" tag="G">1sII-bite-when:ss</item>
    <item id="c6" line="248" tag="B"/>
    <item id="c7" line="249" tag="T">Johni's dogj was sick when hei/itj bit me.</item>
  </tier>
  <tier id="p" type="phrases" content="c">
    <item id="p0" content="c1[0:36]"/>
    <item id="p1" content="c4[0:17]"/>
  </tier>
  <tier id="g" type="glosses" content="c">
    <item id="g0" content="c2[0:26]" alignment="p1"/>
    <item id="g1" content="c5[0:17]" alignment="p2"/>
  </tier>
  <tier id="t" type="translations" content="c">
    <item id="t0" content="c7[0:42]" alignment="p2"/>
  </tier>
</igt>
<igt id="i77721">
  <metadata type="xigt-meta">
    <meta type="language" name="chickasaw" iso-639-3="cic" tiers="phrases words morphemes"/>
    <meta type="language" name="English" iso-639-3="eng" tiers="translations"/>
    <meta type="odin-source" doc-id="124.txt" line-range="262-268" line-types="L G B L G B T"/>
  </metadata>
  <tier id="o" type="odin-raw">
    <item id="o1" line="262" tag="L">          8)           John im-ofi'-at abiika-tok</item>
    <item id="o2" line="263" tag="G">                       John III-dog-NM sick-PT</item>
    <item id="o3" line="264" tag="B"></item>
    <item id="o4" line="265" tag="L">                        [sa-kisili-tokat]</item>
    <item id="o5" line="266" tag="G">                        1sII-bite-when:SS</item>
    <item id="o6" line="267" tag="B"></item>
    <item id="o7" line="268" tag="T">                        `John(i)'s dog(j) was sick when it(j)/*he(i) bit me.'</item>
  </tier>
  <tier id="c" type="odin-clean">
    <item id="c1" line="262" tag="L">John im-ofi'-at abiika-tok</item>
    <item id="c2" line="263" tag="G">John III-dog-NM sick-PT</item>
    <item id="c3" line="264" tag="B"/>
    <item id="c4" line="265" tag="L">[sa-kisili-tokat]</item>
    <item id="c5" line="266" tag="G">1sII-bite-when:SS</item>
    <item id="c6" line="267" tag="B"/>
    <item id="c7" line="268" tag="T">John(i)'s dog(j) was sick when it(j)/*he(i) bit me.</item>
  </tier>
  <tier id="p" type="phrases" content="c">
    <item id="p0" content="c1[0:26]"/>
    <item id="p1" content="c4[0:17]"/>
  </tier>
  <tier id="g" type="glosses" content="c">
    <item id="g0" content="c2[0:23]" alignment="p1"/>
    <item id="g1" content="c5[0:17]" alignment="p2"/>
  </tier>
  <tier id="t" type="translations" content="c">
    <item id="t0" content="c7[0:51]" alignment="p2"/>
  </tier>
</igt>
<igt id="i77746">
  <metadata type="xigt-meta">
    <meta type="language" name="chickasaw" iso-639-3="cic" tiers="phrases words morphemes"/>
    <meta type="language" name="English" iso-639-3="eng" tiers="translations"/>
    <meta type="odin-source" doc-id="124.txt" line-range="829-835" line-types="L G B L G B T"/>
  </metadata>
  <tier id="o" type="odin-raw">
    <item id="o1" line="829" tag="L">         34)                `John-at ofi'-at       im-ambiika-tok</item>
    <item id="o2" line="830" tag="G">                             John-nm dog-nm III-sick-pt</item>
    <item id="o3" line="831" tag="B"></item>
    <item id="o4" line="832" tag="L">                            [sa-kisili-toka]</item>
    <item id="o5" line="833" tag="G">                            1sg-bite-when:ds</item>
    <item id="o6" line="834" tag="B"></item>
    <item id="o7" line="835" tag="T+SY">                            `Johni's dogj was sick when hei/itj bit me.'</item>
  </tier>
  <tier id="c" type="odin-clean">
    <item id="c1" line="829" tag="L">`John-at ofi'-at       im-ambiika-tok</item>
    <item id="c2" line="830" tag="G">John-nm dog-nm III-sick-pt</item>
    <item id="c3" line="831" tag="B"/>
    <item id="c4" line="832" tag="L">[sa-kisili-toka]</item>
    <item id="c5" line="833" tag="G">1sg-bite-when:ds</item>
    <item id="c6" line="834" tag="B"/>
    <item id="c7" line="835" tag="T+SY">Johni's dogj was sick when hei/itj bit me.</item>
  </tier>
  <tier id="p" type="phrases" content="c">
    <item id="p0" content="c1[0:37]"/>
    <item id="p1" content="c4[0:16]"/>
  </tier>
  <tier id="g" type="glosses" content="c">
    <item id="g0" content="c2[0:26]" alignment="p1"/>
    <item id="g1" content="c5[0:16]" alignment="p2"/>
  </tier>
  <tier id="t" type="translations" content="c">
    <item id="t0" content="c7[0:42]" alignment="p2"/>
  </tier>
</igt>
<igt id="i89931">
  <metadata type="xigt-meta">
    <meta type="language" name="chickasaw" iso-639-3="cic" tiers="phrases words morphemes"/>
    <meta type="language" name="English" iso-639-3="eng" tiers="translations"/>
    <meta type="odin-source" doc-id="2632" line-range="55-58" line-types="M+AC+LN L G T+SY"/>
  </metadata>
  <tier id="o" type="odin-raw">
    <item id="o1" line="55" tag="M+AC+LN">  (1)   (Chickasaw, Munro 1983:223)</item>
    <item id="o2" line="56" tag="L">        a. hi'lha-cha    talowa.</item>
    <item id="o3" line="57" tag="G">           dance-SS      sing</item>
    <item id="o4" line="58" tag="T+SY">           `He1 danced and he1 sang.'</item>
  </tier>
  <tier id="c" type="odin-clean">
    <item id="c1" line="55" tag="M+AC+LN">(Chickasaw, Munro 1983:223</item>
    <item id="c2" line="56" tag="L">hi'lha-cha    talowa.</item>
    <item id="c3" line="57" tag="G">dance-SS      sing</item>
    <item id="c4" line="58" tag="T+SY">He1 danced and he1 sang.</item>
  </tier>
  <tier id="p" type="phrases" content="c">
    <item id="p0" content="c2[0:21]"/>
  </tier>
  <tier id="g" type="glosses" content="c">
    <item id="g0" content="c3[0:18]" alignment="p1"/>
  </tier>
  <tier id="t" type="translations" content="c">
    <item id="t0" content="c4[0:24]" alignment="p1"/>
  </tier>
</igt>
<igt id="i89932">
  <metadata type="xigt-meta">
    <meta type="language" name="chickasaw" iso-639-3="cic" tiers="phrases words morphemes"/>
    <meta type="language" name="English" iso-639-3="eng" tiers="translations"/>
    <meta type="odin-source" doc-id="2632" line-range="59-61" line-types="L G T+SY"/>
  </metadata>
  <tier id="o" type="odin-raw">
    <item id="o1" line="59" tag="L">        b. hi'lha-na     talowa.</item>
    <item id="o2" line="60" tag="G">           dance-DS      sing</item>
    <item id="o3" line="61" tag="T+SY">           `He1 danced and he2 sang.'</item>
  </tier>
  <tier id="c" type="odin-clean">
    <item id="c1" line="59" tag="L">hi'lha-na     talowa.</item>
    <item id="c2" line="60" tag="G">dance-DS      sing</item>
    <item id="c3" line="61" tag="T+SY">He1 danced and he2 sang.</item>
  </tier>
  <tier id="p" type="phrases" content="c">
    <item id="p0" content="c1[0:21]"/>
  </tier>
  <tier id="g" type="glosses" content="c">
    <item id="g0" content="c2[0:18]" alignment="p1"/>
  </tier>
  <tier id="t" type="translations" content="c">
    <item id="t0" content="c3[0:24]" alignment="p1"/>
  </tier>
</igt>
<igt id="i126369">
  <metadata type="xigt-meta">
    <meta type="language" name="chickasaw" iso-639-3="cic" tiers="phrases words morphemes"/>
    <meta type="language" name="English" iso-639-3="eng" tiers="translations"/>
    <meta type="odin-source" doc-id="3490" line-range="6990-6995" line-types="L B G+CR G+CR B T"/>
  </metadata>
  <tier id="o" type="odin-raw">
    <item id="o1" line="6990" tag="L">  (176)        a.    Ihoo        im-ofi'-at                   ishto</item>
    <item id="o2" line="6991" tag="B"></item>
    <item id="o3" line="6992" tag="G+CR">                                 AGR(III   )-dog-             big</item>
    <item id="o4" line="6993" tag="G+CR">                     woman                          SUBJECT</item>
    <item id="o5" line="6994" tag="B"></item>
    <item id="o6" line="6995" tag="T">                     'The woman's dog is big'</item>
  </tier>
  <tier id="c" type="odin-clean">
    <item id="c1" line="6990" tag="L">Ihoo        im-ofi'-at                   ishto</item>
    <item id="c2" line="6991" tag="B"/>
    <item id="c3" line="6992 6993" tag="G+CR">woman       AGR(III   )-dog-SUBJECT   big</item>
    <item id="c5" line="6994" tag="B"/>
    <item id="c6" line="6995" tag="T">The woman's dog is big</item>
  </tier>
  <tier id="p" type="phrases" content="c">
    <item id="p0" content="c1[0:46]"/>
  </tier>
  <tier id="g" type="glosses" content="c">
    <item id="g0" content="c3[0:41]" alignment="p1"/>
  </tier>
  <tier id="t" type="translations" content="c">
    <item id="t0" content="c6[0:22]" alignment="p1"/>
  </tier>
</igt>
<igt id="i126370">
  <metadata type="xigt-meta">
    <meta type="language" name="chickasaw" iso-639-3="cic" tiers="phrases words morphemes"/>
    <meta type="language" name="English" iso-639-3="eng" tiers="translations"/>
    <meta type="odin-source" doc-id="3490" line-range="7006-7011" line-types="L B G+CR G+CR B T+AC"/>
  </metadata>
  <tier id="o" type="odin-raw">
    <item id="o1" line="7006" tag="L">               b.    Ihoo-at             ofi'-at                im-ishto</item>
    <item id="o2" line="7007" tag="B"></item>
    <item id="o3" line="7008" tag="G+CR">                     woman-              dog-                   AGR(III   )-big</item>
    <item id="o4" line="7009" tag="G+CR">                               SUBJECT          SUBJECT</item>
    <item id="o5" line="7010" tag="B"></item>
    <item id="o6" line="7011" tag="T+AC">                     'The woman's dog is big' (Munro 1984: 637)</item>
  </tier>
  <tier id="c" type="odin-clean">
    <item id="c1" line="7006" tag="L">Ihoo-at             ofi'-at                im-ishto</item>
    <item id="c2" line="7007" tag="B"/>
    <item id="c3" line="7008 7009" tag="G+CR">woman-SUBJECT   dog-SUBJECT         AGR(III   )-big</item>
    <item id="c5" line="7010" tag="B"/>
    <item id="c6" line="7011" tag="T+AC">The woman's dog is big' (Munro 1984: 637)</item>
  </tier>
  <tier id="p" type="phrases" content="c">
    <item id="p0" content="c1[0:51]"/>
  </tier>
  <tier id="g" type="glosses" content="c">
    <item id="g0" content="c3[0:51]" alignment="p1"/>
  </tier>
  <tier id="t" type="translations" content="c">
    <item id="t0" content="c6[0:41]" alignment="p1"/>
  </tier>
</igt>
<igt id="i126371">
  <metadata type="xigt-meta">
    <meta type="language" name="chickasaw" iso-639-3="cic" tiers="phrases words morphemes"/>
    <meta type="language" name="English" iso-639-3="eng" tiers="translations"/>
    <meta type="odin-source" doc-id="3490" line-range="7015-7020" line-types="L B G+CR G+CR B T"/>
  </metadata>
  <tier id="o" type="odin-raw">
    <item id="o1" line="7015" tag="L">  (177)        a.    Ofi'-at          ihoo         im-pask-a                            apa-tok</item>
    <item id="o2" line="7016" tag="B"></item>
    <item id="o3" line="7017" tag="G+CR">                     dog-             woman        AGR(III   )-bread-   NON.SUBJECT     eat-</item>
    <item id="o4" line="7018" tag="G+CR">                            SUBJECT                                                             PERF</item>
    <item id="o5" line="7019" tag="B"></item>
    <item id="o6" line="7020" tag="T">                     'The dog ate the woman's bread'</item>
  </tier>
  <tier id="c" type="odin-clean">
    <item id="c1" line="7015" tag="L">Ofi'-at          ihoo         im-pask-a                            apa-tok</item>
    <item id="c2" line="7016" tag="B"/>
    <item id="c3" line="7017 7018" tag="G+CR">dog-SUBJECT   woman        AGR(III   )-bread-NON.SUBJECT     eat-PERF</item>
    <item id="c5" line="7019" tag="B"/>
    <item id="c6" line="7020" tag="T">The dog ate the woman's bread</item>
  </tier>
  <tier id="p" type="phrases" content="c">
    <item id="p0" content="c1[0:74]"/>
  </tier>
  <tier id="g" type="glosses" content="c">
    <item id="g0" content="c3[0:69]" alignment="p1"/>
  </tier>
  <tier id="t" type="translations" content="c">
    <item id="t0" content="c6[0:29]" alignment="p1"/>
  </tier>
</igt>
<igt id="i126372">
  <metadata type="xigt-meta">
    <meta type="language" name="chickasaw" iso-639-3="cic" tiers="phrases words morphemes"/>
    <meta type="language" name="English" iso-639-3="eng" tiers="translations"/>
    <meta type="odin-source" doc-id="3490" line-range="7024-7029" line-types="L B G+CR G+CR B T+AC"/>
  </metadata>
  <tier id="o" type="odin-raw">
    <item id="o1" line="7024" tag="L">               b.    Ofi'-at          ihoo-a                        pask          im-apa-tok</item>
    <item id="o2" line="7025" tag="B"></item>
    <item id="o3" line="7026" tag="G+CR">                                      woman-   NON.SUBJECT          bread         AGR(III   )-eat-</item>
    <item id="o4" line="7027" tag="G+CR">                     dog-   SUBJECT                                                                  PERF</item>
    <item id="o5" line="7028" tag="B"></item>
    <item id="o6" line="7029" tag="T+AC">                     'The dog ate the woman's bread' (Munro 1984: 637)</item>
  </tier>
  <tier id="c" type="odin-clean">
    <item id="c1" line="7024" tag="L">Ofi'-at          ihoo-a                        pask          im-apa-tok</item>
    <item id="c2" line="7025" tag="B"/>
    <item id="c3" line="7026 7027" tag="G+CR">dog-SUBJECT   woman-NON.SUBJECT          bread         AGR(III   )-eat-PERF</item>
    <item id="c5" line="7028" tag="B"/>
    <item id="c6" line="7029" tag="T+AC">The dog ate the woman's bread' (Munro 1984: 637)</item>
  </tier>
  <tier id="p" type="phrases" content="c">
    <item id="p0" content="c1[0:71]"/>
  </tier>
  <tier id="g" type="glosses" content="c">
    <item id="g0" content="c3[0:75]" alignment="p1"/>
  </tier>
  <tier id="t" type="translations" content="c">
    <item id="t0" content="c6[0:48]" alignment="p1"/>
  </tier>
</igt>
<igt id="i129393">
  <metadata type="xigt-meta">
    <meta type="language" name="chickasaw" iso-639-3="cic" tiers="phrases words morphemes"/>
    <meta type="language" name="English" iso-639-3="eng" tiers="translations"/>
    <meta type="odin-source" doc-id="3979" line-range="629-632" line-types="M+AC+LN L+DB G+DB T+DB"/>
  </metadata>
  <tier id="o" type="odin-raw">
    <item id="o1" line="629" tag="M+AC+LN">  (16) Chickasaw (Muskogean; Eastern North America; Munro and Gordon 1982)</item>
    <item id="o2" line="630" tag="L+DB">          a. malili-li                a´. chi-sso-li</item>
    <item id="o3" line="631" tag="G+DB">             run-1sA                     2sO-hit-1sA</item>
    <item id="o4" line="632" tag="T+DB">             `I ran.'                     `I hit you.'</item>
  </tier>
  <tier id="c" type="odin-clean">
    <item id="c1" line="629" tag="M+AC+LN">Chickasaw (Muskogean; Eastern North America; Munro and Gordon 1982</item>
    <item id="c2" line="630" tag="L+DB">malili-li                a´. chi-sso-li</item>
    <item id="c3" line="631" tag="G+DB">run-1sA                     2sO-hit-1sA</item>
    <item id="c4" line="632" tag="T+DB">I ran.'                     `I hit you.</item>
  </tier>
  <tier id="p" type="phrases" content="c">
    <item id="p0" content="c2[0:39]"/>
  </tier>
  <tier id="g" type="glosses" content="c">
    <item id="g0" content="c3[0:39]" alignment="p1"/>
  </tier>
  <tier id="t" type="translations" content="c">
    <item id="t0" content="c4[0:39]" alignment="p1"/>
  </tier>
</igt>
<igt id="i129394">
  <metadata type="xigt-meta">
    <meta type="language" name="chickasaw" iso-639-3="cic" tiers="phrases words morphemes"/>
    <meta type="language" name="English" iso-639-3="eng" tiers="translations"/>
    <meta type="odin-source" doc-id="3979" line-range="633-635" line-types="L+DB G+DB T+DB"/>
  </metadata>
  <tier id="o" type="odin-raw">
    <item id="o1" line="633" tag="L+DB">          b. sa-chokma                b´. is-sa-thaana</item>
    <item id="o2" line="634" tag="G+DB">             1sO-goo d                   2sA-1sO-know</item>
    <item id="o3" line="635" tag="T+DB">             `I'm good.'                  `You know me.'</item>
  </tier>
  <tier id="c" type="odin-clean">
    <item id="c1" line="633" tag="L+DB">sa-chokma                b´. is-sa-thaana</item>
    <item id="c2" line="634" tag="G+DB">1sO-goo d                   2sA-1sO-know</item>
    <item id="c3" line="635" tag="T+DB">I'm good.'                  `You know me.</item>
  </tier>
  <tier id="p" type="phrases" content="c">
    <item id="p0" content="c1[0:41]"/>
  </tier>
  <tier id="g" type="glosses" content="c">
    <item id="g0" content="c2[0:40]" alignment="p1"/>
  </tier>
  <tier id="t" type="translations" content="c">
    <item id="t0" content="c3[0:41]" alignment="p1"/>
  </tier>
</igt>
<igt id="i129395">
  <metadata type="xigt-meta">
    <meta type="language" name="chickasaw" iso-639-3="cic" tiers="phrases words morphemes"/>
    <meta type="language" name="English" iso-639-3="eng" tiers="translations"/>
    <meta type="odin-source" doc-id="3979" line-range="636-638" line-types="L+DB G+DB T+DB"/>
  </metadata>
  <tier id="o" type="odin-raw">
    <item id="o1" line="636" tag="L+DB">          c. an-takho'bi              c´. iss-am-a</item>
    <item id="o2" line="637" tag="G+DB">             1sG-lazy                    2sA-1sG-give</item>
    <item id="o3" line="638" tag="T+DB">             `I'm lazy.'                  `You give it to me.'</item>
  </tier>
  <tier id="c" type="odin-clean">
    <item id="c1" line="636" tag="L+DB">an-takho'bi              c´. iss-am-a</item>
    <item id="c2" line="637" tag="G+DB">1sG-lazy                    2sA-1sG-give</item>
    <item id="c3" line="638" tag="T+DB">I'm lazy.'                  `You give it to me.</item>
  </tier>
  <tier id="p" type="phrases" content="c">
    <item id="p0" content="c1[0:37]"/>
  </tier>
  <tier id="g" type="glosses" content="c">
    <item id="g0" content="c2[0:40]" alignment="p1"/>
  </tier>
  <tier id="t" type="translations" content="c">
    <item id="t0" content="c3[0:47]" alignment="p1"/>
  </tier>
</igt>
<igt id="i129454">
  <metadata type="xigt-meta">
    <meta type="language" name="chickasaw" iso-639-3="cic" tiers="phrases words morphemes"/>
    <meta type="language" name="English" iso-639-3="eng" tiers="translations"/>
    <meta type="odin-source" doc-id="3979" line-range="1557-1560" line-types="M+AC+LN L G T"/>
  </metadata>
  <tier id="o" type="odin-raw">
    <item id="o1" line="1557" tag="M+AC+LN">  (43) Chickasaw (Munro and Gordon 1982)</item>
    <item id="o2" line="1558" tag="L">      a. top-at     tiwwa-li-kat    sa-hotolhko-tok.</item>
    <item id="o3" line="1559" tag="G">         bed-NO M lie-1sA-SUB .SS   1sO-cough-PST</item>
    <item id="o4" line="1560" tag="T">         `Lying in bed, I coughed.'</item>
  </tier>
  <tier id="c" type="odin-clean">
    <item id="c1" line="1557" tag="M+AC+LN">Chickasaw (Munro and Gordon 1982</item>
    <item id="c2" line="1558" tag="L">top-at     tiwwa-li-kat    sa-hotolhko-tok.</item>
    <item id="c3" line="1559" tag="G">bed-NO M lie-1sA-SUB .SS   1sO-cough-PST</item>
    <item id="c4" line="1560" tag="T">Lying in bed, I coughed.</item>
  </tier>
  <tier id="p" type="phrases" content="c">
    <item id="p0" content="c2[0:43]"/>
  </tier>
  <tier id="g" type="glosses" content="c">
    <item id="g0" content="c3[0:40]" alignment="p1"/>
  </tier>
  <tier id="t" type="translations" content="c">
    <item id="t0" content="c4[0:24]" alignment="p1"/>
  </tier>
</igt>
<igt id="i129455">
  <metadata type="xigt-meta">
    <meta type="language" name="chickasaw" iso-639-3="cic" tiers="phrases words morphemes"/>
    <meta type="language" name="English" iso-639-3="eng" tiers="translations"/>
    <meta type="odin-source" doc-id="3979" line-range="1561-1563" line-types="L G+CR T"/>
  </metadata>
  <tier id="o" type="odin-raw">
    <item id="o1" line="1561" tag="L">      b. alhponi' aa-sa-bashafa-kã           Bonnie-akot    sa-bashaffi-tok.</item>
    <item id="o2" line="1562" tag="G+CR">         kitchen    LOC-1sO-be.cut-S UB.DS   B.-CONTR.NOM   1sO-cut-PST</item>
    <item id="o3" line="1563" tag="T">         `I got cut in the kitchen, and Bonnie did it.'</item>
  </tier>
  <tier id="c" type="odin-clean">
    <item id="c1" line="1561" tag="L">alhponi' aa-sa-bashafa-kã           Bonnie-akot    sa-bashaffi-tok.</item>
    <item id="c2" line="1562" tag="G+CR">kitchen    LOC-1sO-be.cut-S UB.DS   B.-CONTR.NOM   1sO-cut-PST</item>
    <item id="c3" line="1563" tag="T">I got cut in the kitchen, and Bonnie did it.</item>
  </tier>
  <tier id="p" type="phrases" content="c">
    <item id="p0" content="c1[0:67]"/>
  </tier>
  <tier id="g" type="glosses" content="c">
    <item id="g0" content="c2[0:62]" alignment="p1"/>
  </tier>
  <tier id="t" type="translations" content="c">
    <item id="t0" content="c3[0:44]" alignment="p1"/>
  </tier>
</igt>
<igt id="i138646">
  <metadata type="xigt-meta">
    <meta type="language" name="chickasaw" iso-639-3="cic" tiers="phrases words morphemes"/>
    <meta type="language" name="English" iso-639-3="eng" tiers="translations"/>
    <meta type="odin-source" doc-id="2153" line-range="5124-5126" line-types="L G T"/>
  </metadata>
  <tier id="o" type="odin-raw">
    <item id="o1" line="5124" tag="L">  (1)       Hattak-at ofi' banna</item>
    <item id="o2" line="5125" tag="G">            man-NOM dog want</item>
    <item id="o3" line="5126" tag="T">            'The man wants a dog'</item>
  </tier>
  <tier id="c" type="odin-clean">
    <item id="c1" line="5124" tag="L">Hattak-at ofi' banna</item>
    <item id="c2" line="5125" tag="G">man-NOM dog want</item>
    <item id="c3" line="5126" tag="T">The man wants a dog</item>
  </tier>
  <tier id="p" type="phrases" content="c">
    <item id="p0" content="c1[0:20]"/>
  </tier>
  <tier id="g" type="glosses" content="c">
    <item id="g0" content="c2[0:16]" alignment="p1"/>
  </tier>
  <tier id="t" type="translations" content="c">
    <item id="t0" content="c3[0:19]" alignment="p1"/>
  </tier>
</igt>
<igt id="i138647">
  <metadata type="xigt-meta">
    <meta type="language" name="chickasaw" iso-639-3="cic" tiers="phrases words morphemes"/>
    <meta type="language" name="English" iso-639-3="eng" tiers="translations"/>
    <meta type="odin-source" doc-id="2153" line-range="5128-5130" line-types="L G T"/>
  </metadata>
  <tier id="o" type="odin-raw">
    <item id="o1" line="5128" tag="L">  (2)       Hattak-at ofi'-at    wooch-a'ni banna</item>
    <item id="o2" line="5129" tag="G">            man-NOM dog-NOM bark-MOD want</item>
    <item id="o3" line="5130" tag="T">            `The man wants the dog to bark'</item>
  </tier>
  <tier id="c" type="odin-clean">
    <item id="c1" line="5128" tag="L">Hattak-at ofi'-at    wooch-a'ni banna</item>
    <item id="c2" line="5129" tag="G">man-NOM dog-NOM bark-MOD want</item>
    <item id="c3" line="5130" tag="T">The man wants the dog to bark</item>
  </tier>
  <tier id="p" type="phrases" content="c">
    <item id="p0" content="c1[0:37]"/>
  </tier>
  <tier id="g" type="glosses" content="c">
    <item id="g0" content="c2[0:29]" alignment="p1"/>
  </tier>
  <tier id="t" type="translations" content="c">
    <item id="t0" content="c3[0:29]" alignment="p1"/>
  </tier>
</igt>
<igt id="i138648">
  <metadata type="xigt-meta">
    <meta type="language" name="chickasaw" iso-639-3="cic" tiers="phrases words morphemes"/>
    <meta type="language" name="English" iso-639-3="eng" tiers="translations"/>
    <meta type="odin-source" doc-id="2153" line-range="5138-5140" line-types="L G T"/>
  </metadata>
  <tier id="o" type="odin-raw">
    <item id="o1" line="5138" tag="L">  (3)      *Kata-hta       John-at     Bill-at     isso-ka pis-tok?</item>
    <item id="o2" line="5139" tag="G">           who-INT.ACC John-NOM Bill-NOM hit-cmp.ds see-pt</item>
    <item id="o3" line="5140" tag="T">           (intended: `Who did John see Bill hit?')</item>
  </tier>
  <tier id="c" type="odin-clean">
    <item id="c1" line="5138" tag="L">*Kata-hta       John-at     Bill-at     isso-ka pis-tok?</item>
    <item id="c2" line="5139" tag="G">who-INT.ACC John-NOM Bill-NOM hit-cmp.ds see-pt</item>
    <item id="c3" line="5140" tag="T">`Who did John see Bill hit?</item>
  </tier>
  <tier id="p" type="phrases" content="c">
    <item id="p0" content="c1[0:56]"/>
  </tier>
  <tier id="g" type="glosses" content="c">
    <item id="g0" content="c2[0:47]" alignment="p1"/>
  </tier>
  <tier id="t" type="translations" content="c">
    <item id="t0" content="c3[0:27]" alignment="p1"/>
  </tier>
</igt>
<igt id="i138649">
  <metadata type="xigt-meta">
    <meta type="language" name="chickasaw" iso-639-3="cic" tiers="phrases words morphemes"/>
    <meta type="language" name="English" iso-639-3="eng" tiers="translations"/>
    <meta type="odin-source" doc-id="2153" line-range="5142-5144" line-types="L G T"/>
  </metadata>
  <tier id="o" type="odin-raw">
    <item id="o1" line="5142" tag="L">  (4)     Kata-hta        John-at      Bill-at     iss-a'ni banna?</item>
    <item id="o2" line="5143" tag="G">          who-INT.ACC John-NOM Bill-NOM hit-MOD want</item>
    <item id="o3" line="5144" tag="T">          `Who does John want Bill to hit?'</item>
  </tier>
  <tier id="c" type="odin-clean">
    <item id="c1" line="5142" tag="L">Kata-hta        John-at      Bill-at     iss-a'ni banna?</item>
    <item id="c2" line="5143" tag="G">who-INT.ACC John-NOM Bill-NOM hit-MOD want</item>
    <item id="c3" line="5144" tag="T">Who does John want Bill to hit?</item>
  </tier>
  <tier id="p" type="phrases" content="c">
    <item id="p0" content="c1[0:56]"/>
  </tier>
  <tier id="g" type="glosses" content="c">
    <item id="g0" content="c2[0:42]" alignment="p1"/>
  </tier>
  <tier id="t" type="translations" content="c">
    <item id="t0" content="c3[0:31]" alignment="p1"/>
  </tier>
</igt>
</xigt-corpus>
