<?xml version="1.0" encoding="UTF-8"?>
<xigt-corpus>
<igt id="i39666">
  <metadata type="xigt-meta">
    <meta type="language" name="montesover" iso-639-3="cim" tiers="phrases words morphemes"/>
    <meta type="language" name="English" iso-639-3="eng" tiers="translations"/>
    <meta type="odin-source" doc-id="2976" line-range="251-255" line-types="M+AC+LN B L G T"/>
  </metadata>
  <tier id="o" type="odin-raw">
    <item id="o1" line="251" tag="M+AC+LN">  (26)     Montesover (Trentino) (Poletto (2000:54)):</item>
    <item id="o2" line="252" tag="B"></item>
    <item id="o3" line="253" tag="L">           a.        Piove.</item>
    <item id="o4" line="254" tag="G">                     rains</item>
    <item id="o5" line="255" tag="T">                     "It's raining."</item>
  </tier>
  <tier id="c" type="odin-clean">
    <item id="c1" line="251" tag="M+AC+LN">Montesover (Trentino) (Poletto (2000:54)):</item>
    <item id="c2" line="252" tag="B"/>
    <item id="c3" line="253" tag="L">Piove.</item>
    <item id="c4" line="254" tag="G">rains</item>
    <item id="c5" line="255" tag="T">It's raining.</item>
  </tier>
  <tier id="p" type="phrases" content="c">
    <item id="p0" content="c3[0:6]"/>
  </tier>
  <tier id="g" type="glosses" content="c">
    <item id="g0" content="c4[0:5]" alignment="p1"/>
  </tier>
  <tier id="t" type="translations" content="c">
    <item id="t0" content="c5[0:13]" alignment="p1"/>
  </tier>
</igt>
<igt id="i39667">
  <metadata type="xigt-meta">
    <meta type="language" name="montesover" iso-639-3="cim" tiers="phrases words morphemes"/>
    <meta type="language" name="English" iso-639-3="eng" tiers="translations"/>
    <meta type="odin-source" doc-id="2976" line-range="257-259" line-types="L G T"/>
  </metadata>
  <tier id="o" type="odin-raw">
    <item id="o1" line="257" tag="L">           b.        Piove-l?</item>
    <item id="o2" line="258" tag="G">                     rains-SCL</item>
    <item id="o3" line="259" tag="T">                     "Is it raining?"</item>
  </tier>
  <tier id="c" type="odin-clean">
    <item id="c1" line="257" tag="L">Piove-l?</item>
    <item id="c2" line="258" tag="G">rains-SCL</item>
    <item id="c3" line="259" tag="T">Is it raining?</item>
  </tier>
  <tier id="p" type="phrases" content="c">
    <item id="p0" content="c1[0:8]"/>
  </tier>
  <tier id="g" type="glosses" content="c">
    <item id="g0" content="c2[0:9]" alignment="p1"/>
  </tier>
  <tier id="t" type="translations" content="c">
    <item id="t0" content="c3[0:14]" alignment="p1"/>
  </tier>
</igt>
<igt id="i97297">
  <metadata type="xigt-meta">
    <meta type="language" name="cimbrian" iso-639-3="cim" tiers="phrases words morphemes"/>
    <meta type="language" name="English" iso-639-3="eng" tiers="translations"/>
    <meta type="odin-source" doc-id="2608" line-range="9826-9829" line-types="L G T M+AC+LN"/>
  </metadata>
  <tier id="o" type="odin-raw">
    <item id="o1" line="9826" tag="L">  (28) disan libar hat ar gelest, dar pua.</item>
    <item id="o2" line="9827" tag="G">       this    book has he read,        the boy</item>
    <item id="o3" line="9828" tag="T">       `The boy has read this book.'</item>
    <item id="o4" line="9829" tag="M+AC+LN">       (Lusern; Tyroller 2003: 226)</item>
  </tier>
  <tier id="c" type="odin-clean">
    <item id="c1" line="9826" tag="L">disan libar hat ar gelest, dar pua.</item>
    <item id="c2" line="9827" tag="G">this    book has he read,        the boy</item>
    <item id="c3" line="9828" tag="T">The boy has read this book.</item>
    <item id="c4" line="9829" tag="M+AC+LN">Lusern; Tyroller 2003: 226</item>
  </tier>
  <tier id="p" type="phrases" content="c">
    <item id="p0" content="c1[0:35]"/>
  </tier>
  <tier id="g" type="glosses" content="c">
    <item id="g0" content="c2[0:40]" alignment="p1"/>
  </tier>
  <tier id="t" type="translations" content="c">
    <item id="t0" content="c3[0:27]" alignment="p1"/>
  </tier>
</igt>
<igt id="i97298">
  <metadata type="xigt-meta">
    <meta type="language" name="cimbrian" iso-639-3="cim" tiers="phrases words morphemes"/>
    <meta type="language" name="English" iso-639-3="eng" tiers="translations"/>
    <meta type="odin-source" doc-id="2608" line-range="9836-9839" line-types="L G T M+AC+LN"/>
  </metadata>
  <tier id="o" type="odin-raw">
    <item id="o1" line="9836" tag="L">  (29) I hån   s as      khöt, ke       dar      mucht machan lautrar      di   malt.</item>
    <item id="o2" line="9837" tag="G">       I have it you.PL said    that you.PL must make           more.fluid the mortar</item>
    <item id="o3" line="9838" tag="T">       `I told you that you that the mortar must be more fluid.'</item>
    <item id="o4" line="9839" tag="M+AC+LN">       (Lusern; Tyroller 2003: 234)</item>
  </tier>
  <tier id="c" type="odin-clean">
    <item id="c1" line="9836" tag="L">I hån   s as      khöt, ke       dar      mucht machan lautrar      di   malt.</item>
    <item id="c2" line="9837" tag="G">I have it you.PL said    that you.PL must make           more.fluid the mortar</item>
    <item id="c3" line="9838" tag="T">I told you that you that the mortar must be more fluid.</item>
    <item id="c4" line="9839" tag="M+AC+LN">Lusern; Tyroller 2003: 234</item>
  </tier>
  <tier id="p" type="phrases" content="c">
    <item id="p0" content="c1[0:78]"/>
  </tier>
  <tier id="g" type="glosses" content="c">
    <item id="g0" content="c2[0:78]" alignment="p1"/>
  </tier>
  <tier id="t" type="translations" content="c">
    <item id="t0" content="c3[0:55]" alignment="p1"/>
  </tier>
</igt>
<igt id="i97299">
  <metadata type="xigt-meta">
    <meta type="language" name="cimbrian" iso-639-3="cim" tiers="phrases words morphemes"/>
    <meta type="language" name="English" iso-639-3="eng" tiers="translations"/>
    <meta type="odin-source" doc-id="2608" line-range="9849-9851" line-types="L G T"/>
  </metadata>
  <tier id="o" type="odin-raw">
    <item id="o1" line="9849" tag="L">  (30) a. morgen      vrü        ge=x             übar van   Roan.</item>
    <item id="o2" line="9850" tag="G">          tomorrow morning go=CLIT.1SG            over from Roana</item>
    <item id="o3" line="9851" tag="T">          `Tomorrow morning, I will cross over from Roana.'</item>
  </tier>
  <tier id="c" type="odin-clean">
    <item id="c1" line="9849" tag="L">morgen      vrü        ge=x             übar van   Roan.</item>
    <item id="c2" line="9850" tag="G">tomorrow morning go=CLIT.1SG            over from Roana</item>
    <item id="c3" line="9851" tag="T">Tomorrow morning, I will cross over from Roana.</item>
  </tier>
  <tier id="p" type="phrases" content="c">
    <item id="p0" content="c1[0:56]"/>
  </tier>
  <tier id="g" type="glosses" content="c">
    <item id="g0" content="c2[0:55]" alignment="p1"/>
  </tier>
  <tier id="t" type="translations" content="c">
    <item id="t0" content="c3[0:47]" alignment="p1"/>
  </tier>
</igt>
<igt id="i97300">
  <metadata type="xigt-meta">
    <meta type="language" name="cimbrian" iso-639-3="cim" tiers="phrases words morphemes"/>
    <meta type="language" name="English" iso-639-3="eng" tiers="translations"/>
    <meta type="odin-source" doc-id="2608" line-range="9852-9855" line-types="L G T M+AC+LN"/>
  </metadata>
  <tier id="o" type="odin-raw">
    <item id="o1" line="9852" tag="L">       b. ba       pis=to         gabest hôüte?</item>
    <item id="o2" line="9853" tag="G">          where are=CLIT.2SG been             today</item>
    <item id="o3" line="9854" tag="T">          `Where have you been today?'</item>
    <item id="o4" line="9855" tag="M+AC+LN">          (Roana; Schweizer 1952: 26)</item>
  </tier>
  <tier id="c" type="odin-clean">
    <item id="c1" line="9852" tag="L">ba       pis=to         gabest hôüte?</item>
    <item id="c2" line="9853" tag="G">where are=CLIT.2SG been             today</item>
    <item id="c3" line="9854" tag="T">Where have you been today?</item>
    <item id="c4" line="9855" tag="M+AC+LN">Roana; Schweizer 1952: 26</item>
  </tier>
  <tier id="p" type="phrases" content="c">
    <item id="p0" content="c1[0:37]"/>
  </tier>
  <tier id="g" type="glosses" content="c">
    <item id="g0" content="c2[0:41]" alignment="p1"/>
  </tier>
  <tier id="t" type="translations" content="c">
    <item id="t0" content="c3[0:26]" alignment="p1"/>
  </tier>
</igt>
<igt id="i97301">
  <metadata type="xigt-meta">
    <meta type="language" name="cimbrian" iso-639-3="cim" tiers="phrases words morphemes"/>
    <meta type="language" name="English" iso-639-3="eng" tiers="translations"/>
    <meta type="odin-source" doc-id="2608" line-range="9867-9870" line-types="M+LN L G T"/>
  </metadata>
  <tier id="o" type="odin-raw">
    <item id="o1" line="9867" tag="M+LN">           Roana</item>
    <item id="o2" line="9868" tag="L">  (31) a. ix gan ôux                      kim=ex                    nemmear.</item>
    <item id="o3" line="9869" tag="G">               I    to      you.pl come=CLIT.1SG never again</item>
    <item id="o4" line="9870" tag="T">               `I will never come to you again.'</item>
  </tier>
  <tier id="c" type="odin-clean">
    <item id="c1" line="9867" tag="M+LN">Roana</item>
    <item id="c2" line="9868" tag="L">ix gan ôux                      kim=ex                    nemmear.</item>
    <item id="c3" line="9869" tag="G">I    to      you.pl come=CLIT.1SG never again</item>
    <item id="c4" line="9870" tag="T">I will never come to you again.</item>
  </tier>
  <tier id="p" type="phrases" content="c">
    <item id="p0" content="c2[0:66]"/>
  </tier>
  <tier id="g" type="glosses" content="c">
    <item id="g0" content="c3[0:45]" alignment="p1"/>
  </tier>
  <tier id="t" type="translations" content="c">
    <item id="t0" content="c4[0:31]" alignment="p1"/>
  </tier>
</igt>
<igt id="i97302">
  <metadata type="xigt-meta">
    <meta type="language" name="cimbrian" iso-639-3="cim" tiers="phrases words morphemes"/>
    <meta type="language" name="English" iso-639-3="eng" tiers="translations"/>
    <meta type="odin-source" doc-id="2608" line-range="9871-9873" line-types="L G T"/>
  </metadata>
  <tier id="o" type="odin-raw">
    <item id="o1" line="9871" tag="L">           b. baz        tüs=te               du?</item>
    <item id="o2" line="9872" tag="G">               What do=CLIT.2SG               you</item>
    <item id="o3" line="9873" tag="T">               `What are you doing?'</item>
  </tier>
  <tier id="c" type="odin-clean">
    <item id="c1" line="9871" tag="L">baz        tüs=te               du?</item>
    <item id="c2" line="9872" tag="G">What do=CLIT.2SG               you</item>
    <item id="c3" line="9873" tag="T">What are you doing?</item>
  </tier>
  <tier id="p" type="phrases" content="c">
    <item id="p0" content="c1[0:35]"/>
  </tier>
  <tier id="g" type="glosses" content="c">
    <item id="g0" content="c2[0:34]" alignment="p1"/>
  </tier>
  <tier id="t" type="translations" content="c">
    <item id="t0" content="c3[0:19]" alignment="p1"/>
  </tier>
</igt>
<igt id="i97303">
  <metadata type="xigt-meta">
    <meta type="language" name="cimbrian" iso-639-3="cim" tiers="phrases words morphemes"/>
    <meta type="language" name="English" iso-639-3="eng" tiers="translations"/>
    <meta type="odin-source" doc-id="2608" line-range="9874-9876" line-types="L G T"/>
  </metadata>
  <tier id="o" type="odin-raw">
    <item id="o1" line="9874" tag="L">           c. denne       miz=er                        gen ear</item>
    <item id="o2" line="9875" tag="G">               then       must=CLIT.3SG                 go     he</item>
    <item id="o3" line="9876" tag="T">               `Then he must leave.'</item>
  </tier>
  <tier id="c" type="odin-clean">
    <item id="c1" line="9874" tag="L">denne       miz=er                        gen ear</item>
    <item id="c2" line="9875" tag="G">then       must=CLIT.3SG                 go     he</item>
    <item id="c3" line="9876" tag="T">Then he must leave.</item>
  </tier>
  <tier id="p" type="phrases" content="c">
    <item id="p0" content="c1[0:49]"/>
  </tier>
  <tier id="g" type="glosses" content="c">
    <item id="g0" content="c2[0:50]" alignment="p1"/>
  </tier>
  <tier id="t" type="translations" content="c">
    <item id="t0" content="c3[0:19]" alignment="p1"/>
  </tier>
</igt>
<igt id="i97304">
  <metadata type="xigt-meta">
    <meta type="language" name="cimbrian" iso-639-3="cim" tiers="phrases words morphemes"/>
    <meta type="language" name="English" iso-639-3="eng" tiers="translations"/>
    <meta type="odin-source" doc-id="2608" line-range="9877-9879" line-types="L G T"/>
  </metadata>
  <tier id="o" type="odin-raw">
    <item id="o1" line="9877" tag="L">           d. hat=er              gahat tzo             megelan ear ox.</item>
    <item id="o2" line="9878" tag="G">               hat=CLIT.3SG had               to        marry          he   too</item>
    <item id="o3" line="9879" tag="T">               `He had to marry, too.'</item>
  </tier>
  <tier id="c" type="odin-clean">
    <item id="c1" line="9877" tag="L">hat=er              gahat tzo             megelan ear ox.</item>
    <item id="c2" line="9878" tag="G">hat=CLIT.3SG had               to        marry          he   too</item>
    <item id="c3" line="9879" tag="T">He had to marry, too.</item>
  </tier>
  <tier id="p" type="phrases" content="c">
    <item id="p0" content="c1[0:57]"/>
  </tier>
  <tier id="g" type="glosses" content="c">
    <item id="g0" content="c2[0:64]" alignment="p1"/>
  </tier>
  <tier id="t" type="translations" content="c">
    <item id="t0" content="c3[0:21]" alignment="p1"/>
  </tier>
</igt>
<igt id="i97305">
  <metadata type="xigt-meta">
    <meta type="language" name="cimbrian" iso-639-3="cim" tiers="phrases words morphemes"/>
    <meta type="language" name="English" iso-639-3="eng" tiers="translations"/>
    <meta type="odin-source" doc-id="2608" line-range="9880-9882" line-types="L G T"/>
  </metadata>
  <tier id="o" type="odin-raw">
    <item id="o1" line="9880" tag="L">           e. bir tü=ber                  nixt.</item>
    <item id="o2" line="9881" tag="G">               we do=CLIT-1PL nothing</item>
    <item id="o3" line="9882" tag="T">               `We do nothing.'</item>
  </tier>
  <tier id="c" type="odin-clean">
    <item id="c1" line="9880" tag="L">bir tü=ber                  nixt.</item>
    <item id="c2" line="9881" tag="G">we do=CLIT-1PL nothing</item>
    <item id="c3" line="9882" tag="T">We do nothing.</item>
  </tier>
  <tier id="p" type="phrases" content="c">
    <item id="p0" content="c1[0:33]"/>
  </tier>
  <tier id="g" type="glosses" content="c">
    <item id="g0" content="c2[0:22]" alignment="p1"/>
  </tier>
  <tier id="t" type="translations" content="c">
    <item id="t0" content="c3[0:14]" alignment="p1"/>
  </tier>
</igt>
<igt id="i97307">
  <metadata type="xigt-meta">
    <meta type="language" name="cimbrian" iso-639-3="cim" tiers="phrases words morphemes"/>
    <meta type="language" name="English" iso-639-3="eng" tiers="translations"/>
    <meta type="odin-source" doc-id="2608" line-range="9892-9895" line-types="L G T M+AC+LN"/>
  </metadata>
  <tier id="o" type="odin-raw">
    <item id="o1" line="9892" tag="L">           b. dar vorscht=de                      di.</item>
    <item id="o2" line="9893" tag="G">               he   asks=   CLIT.2SG.ACC          you</item>
    <item id="o3" line="9894" tag="T">               `He asks you.'</item>
    <item id="o4" line="9895" tag="M+AC+LN">               (Lusern; Tyroller 2003: 157)</item>
  </tier>
  <tier id="c" type="odin-clean">
    <item id="c1" line="9892" tag="L">dar vorscht=de                      di.</item>
    <item id="c2" line="9893" tag="G">he   asks=   CLIT.2SG.ACC          you</item>
    <item id="c3" line="9894" tag="T">He asks you.</item>
    <item id="c4" line="9895" tag="M+AC+LN">Lusern; Tyroller 2003: 157</item>
  </tier>
  <tier id="p" type="phrases" content="c">
    <item id="p0" content="c1[0:39]"/>
  </tier>
  <tier id="g" type="glosses" content="c">
    <item id="g0" content="c2[0:38]" alignment="p1"/>
  </tier>
  <tier id="t" type="translations" content="c">
    <item id="t0" content="c3[0:12]" alignment="p1"/>
  </tier>
</igt>
<igt id="i97310">
  <metadata type="xigt-meta">
    <meta type="language" name="cimbrian" iso-639-3="cim" tiers="phrases words morphemes"/>
    <meta type="language" name="English" iso-639-3="eng" tiers="translations"/>
    <meta type="odin-source" doc-id="2608" line-range="9908-9911" line-types="M+LN L G T"/>
  </metadata>
  <tier id="o" type="odin-raw">
    <item id="o1" line="9908" tag="M+LN">       Giazza</item>
    <item id="o2" line="9909" tag="L">  (32) a. pin=i            nixt ploax haute        i?</item>
    <item id="o3" line="9910" tag="G">           am=CLIT.1SG not        pale    today    I</item>
    <item id="o4" line="9911" tag="T">           `Am I not pale today?'</item>
  </tier>
  <tier id="c" type="odin-clean">
    <item id="c1" line="9908" tag="M+LN">Giazza</item>
    <item id="c2" line="9909" tag="L">pin=i            nixt ploax haute        i?</item>
    <item id="c3" line="9910" tag="G">am=CLIT.1SG not        pale    today    I</item>
    <item id="c4" line="9911" tag="T">Am I not pale today?</item>
  </tier>
  <tier id="p" type="phrases" content="c">
    <item id="p0" content="c2[0:43]"/>
  </tier>
  <tier id="g" type="glosses" content="c">
    <item id="g0" content="c3[0:41]" alignment="p1"/>
  </tier>
  <tier id="t" type="translations" content="c">
    <item id="t0" content="c4[0:20]" alignment="p1"/>
  </tier>
</igt>
<igt id="i97311">
  <metadata type="xigt-meta">
    <meta type="language" name="cimbrian" iso-639-3="cim" tiers="phrases words morphemes"/>
    <meta type="language" name="English" iso-639-3="eng" tiers="translations"/>
    <meta type="odin-source" doc-id="2608" line-range="9912-9914" line-types="L G T"/>
  </metadata>
  <tier id="o" type="odin-raw">
    <item id="o1" line="9912" tag="L">       b. has=to            du    nixt gahoart lautan?</item>
    <item id="o2" line="9913" tag="G">           have=CLIT.2SG you not         heard     ring</item>
    <item id="o3" line="9914" tag="T">           `Haven't you heard the bells ring?'</item>
  </tier>
  <tier id="c" type="odin-clean">
    <item id="c1" line="9912" tag="L">has=to            du    nixt gahoart lautan?</item>
    <item id="c2" line="9913" tag="G">have=CLIT.2SG you not         heard     ring</item>
    <item id="c3" line="9914" tag="T">Haven't you heard the bells ring?</item>
  </tier>
  <tier id="p" type="phrases" content="c">
    <item id="p0" content="c1[0:44]"/>
  </tier>
  <tier id="g" type="glosses" content="c">
    <item id="g0" content="c2[0:44]" alignment="p1"/>
  </tier>
  <tier id="t" type="translations" content="c">
    <item id="t0" content="c3[0:33]" alignment="p1"/>
  </tier>
</igt>
<igt id="i97312">
  <metadata type="xigt-meta">
    <meta type="language" name="cimbrian" iso-639-3="cim" tiers="phrases words morphemes"/>
    <meta type="language" name="English" iso-639-3="eng" tiers="translations"/>
    <meta type="odin-source" doc-id="2608" line-range="9917-9920" line-types="M+LN L G M+AC"/>
  </metadata>
  <tier id="o" type="odin-raw">
    <item id="o1" line="9917" tag="M+LN">       Lusern</item>
    <item id="o2" line="9918" tag="L">  (33) dopo     möchten=ber       essan biar.</item>
    <item id="o3" line="9919" tag="G">       then     wish=CLIT.1PL     eat     we</item>
    <item id="o4" line="9920" tag="M+AC">       (Dal Negro 2004: 179)</item>
  </tier>
  <tier id="c" type="odin-clean">
    <item id="c1" line="9917" tag="M+LN">Lusern</item>
    <item id="c2" line="9918" tag="L">dopo     möchten=ber       essan biar.</item>
    <item id="c3" line="9919" tag="G">then     wish=CLIT.1PL     eat     we</item>
    <item id="c4" line="9920" tag="M+AC">Dal Negro 2004: 179</item>
  </tier>
  <tier id="p" type="phrases" content="c">
    <item id="p0" content="c2[0:38]"/>
  </tier>
  <tier id="g" type="glosses" content="c">
    <item id="g0" content="c3[0:37]" alignment="p1"/>
  </tier>
</igt>
<igt id="i97313">
  <metadata type="xigt-meta">
    <meta type="language" name="cimbrian" iso-639-3="cim" tiers="phrases words morphemes"/>
    <meta type="language" name="English" iso-639-3="eng" tiers="translations"/>
    <meta type="odin-source" doc-id="2608" line-range="9966-9970" line-types="M+LN L G T M+AC"/>
  </metadata>
  <tier id="o" type="odin-raw">
    <item id="o1" line="9966" tag="M+LN">        Roana</item>
    <item id="o2" line="9967" tag="L">  (36) a. ix pin bolaibet segen...</item>
    <item id="o3" line="9968" tag="G">            I    am stayed        to-see</item>
    <item id="o4" line="9969" tag="T">            `I stayed in order to see...'</item>
    <item id="o5" line="9970" tag="M+AC">            (Schweizer 1952: 18)</item>
  </tier>
  <tier id="c" type="odin-clean">
    <item id="c1" line="9966" tag="M+LN">Roana</item>
    <item id="c2" line="9967" tag="L">ix pin bolaibet segen...</item>
    <item id="c3" line="9968" tag="G">I    am stayed        to-see</item>
    <item id="c4" line="9969" tag="T">I stayed in order to see...</item>
    <item id="c5" line="9970" tag="M+AC">18</item>
  </tier>
  <tier id="p" type="phrases" content="c">
    <item id="p0" content="c2[0:24]"/>
  </tier>
  <tier id="g" type="glosses" content="c">
    <item id="g0" content="c3[0:28]" alignment="p1"/>
  </tier>
  <tier id="t" type="translations" content="c">
    <item id="t0" content="c4[0:27]" alignment="p1"/>
  </tier>
</igt>
<igt id="i97314">
  <metadata type="xigt-meta">
    <meta type="language" name="cimbrian" iso-639-3="cim" tiers="phrases words morphemes"/>
    <meta type="language" name="English" iso-639-3="eng" tiers="translations"/>
    <meta type="odin-source" doc-id="2608" line-range="9971-9974" line-types="L G T M+AC"/>
  </metadata>
  <tier id="o" type="odin-raw">
    <item id="o1" line="9971" tag="L">        b. han     ix gavunt an hasen</item>
    <item id="o2" line="9972" tag="G">            have I     found      a      rabbit</item>
    <item id="o3" line="9973" tag="T">            `I found a rabbit.'</item>
    <item id="o4" line="9974" tag="M+AC">            (Schweizer 1952: 24)</item>
  </tier>
  <tier id="c" type="odin-clean">
    <item id="c1" line="9971" tag="L">han     ix gavunt an hasen</item>
    <item id="c2" line="9972" tag="G">have I     found      a      rabbit</item>
    <item id="c3" line="9973" tag="T">I found a rabbit.</item>
    <item id="c4" line="9974" tag="M+AC">24</item>
  </tier>
  <tier id="p" type="phrases" content="c">
    <item id="p0" content="c1[0:26]"/>
  </tier>
  <tier id="g" type="glosses" content="c">
    <item id="g0" content="c2[0:35]" alignment="p1"/>
  </tier>
  <tier id="t" type="translations" content="c">
    <item id="t0" content="c3[0:17]" alignment="p1"/>
  </tier>
</igt>
<igt id="i97315">
  <metadata type="xigt-meta">
    <meta type="language" name="cimbrian" iso-639-3="cim" tiers="phrases words morphemes"/>
    <meta type="language" name="English" iso-639-3="eng" tiers="translations"/>
    <meta type="odin-source" doc-id="2608" line-range="9977-9980" line-types="M+LN L G T"/>
  </metadata>
  <tier id="o" type="odin-raw">
    <item id="o1" line="9977" tag="M+LN">        Lusern</item>
    <item id="o2" line="9978" tag="L">  (37) a. I pin gest           bachant       da   gånz   nacht.</item>
    <item id="o3" line="9979" tag="G">            I am stayed awake                the whole night</item>
    <item id="o4" line="9980" tag="T">            `I stayed awake during the whole night.'</item>
  </tier>
  <tier id="c" type="odin-clean">
    <item id="c1" line="9977" tag="M+LN">Lusern</item>
    <item id="c2" line="9978" tag="L">I pin gest           bachant       da   gånz   nacht.</item>
    <item id="c3" line="9979" tag="G">I am stayed awake                the whole night</item>
    <item id="c4" line="9980" tag="T">I stayed awake during the whole night.</item>
  </tier>
  <tier id="p" type="phrases" content="c">
    <item id="p0" content="c2[0:53]"/>
  </tier>
  <tier id="g" type="glosses" content="c">
    <item id="g0" content="c3[0:48]" alignment="p1"/>
  </tier>
  <tier id="t" type="translations" content="c">
    <item id="t0" content="c4[0:38]" alignment="p1"/>
  </tier>
</igt>
<igt id="i97316">
  <metadata type="xigt-meta">
    <meta type="language" name="cimbrian" iso-639-3="cim" tiers="phrases words morphemes"/>
    <meta type="language" name="English" iso-639-3="eng" tiers="translations"/>
    <meta type="odin-source" doc-id="2608" line-range="9981-9984" line-types="L G T M+AC"/>
  </metadata>
  <tier id="o" type="odin-raw">
    <item id="o1" line="9981" tag="L">        b. Bar håm gepitet viar urn.</item>
    <item id="o2" line="9982" tag="G">            we    have waited four hours</item>
    <item id="o3" line="9983" tag="T">            `We waited for four hours.'</item>
    <item id="o4" line="9984" tag="M+AC">            (Tyroller 2003: 215)</item>
  </tier>
  <tier id="c" type="odin-clean">
    <item id="c1" line="9981" tag="L">Bar håm gepitet viar urn.</item>
    <item id="c2" line="9982" tag="G">we    have waited four hours</item>
    <item id="c3" line="9983" tag="T">We waited for four hours.</item>
    <item id="c4" line="9984" tag="M+AC">215</item>
  </tier>
  <tier id="p" type="phrases" content="c">
    <item id="p0" content="c1[0:25]"/>
  </tier>
  <tier id="g" type="glosses" content="c">
    <item id="g0" content="c2[0:28]" alignment="p1"/>
  </tier>
  <tier id="t" type="translations" content="c">
    <item id="t0" content="c3[0:25]" alignment="p1"/>
  </tier>
</igt>
<igt id="i150554">
  <metadata type="xigt-meta">
    <meta type="language" name="cimbrian" iso-639-3="cim" tiers="phrases words morphemes"/>
    <meta type="language" name="English" iso-639-3="eng" tiers="translations"/>
    <meta type="odin-source" doc-id="2406" line-range="1016-1019" line-types="L G T M+AC"/>
  </metadata>
  <tier id="o" type="odin-raw">
    <item id="o1" line="1016" tag="L">  (28) disan libar hat ar gelest, dar pua.</item>
    <item id="o2" line="1017" tag="G">       this    book has he read,        the boy</item>
    <item id="o3" line="1018" tag="T">       `The boy has read this book.'</item>
    <item id="o4" line="1019" tag="M+AC">       (Lusern; Tyroller 2003: 226)</item>
  </tier>
  <tier id="c" type="odin-clean">
    <item id="c1" line="1016" tag="L">disan libar hat ar gelest, dar pua.</item>
    <item id="c2" line="1017" tag="G">this    book has he read,        the boy</item>
    <item id="c3" line="1018" tag="T">The boy has read this book.</item>
    <item id="c4" line="1019" tag="M+AC">Lusern; Tyroller 2003: 226</item>
  </tier>
  <tier id="p" type="phrases" content="c">
    <item id="p0" content="c1[0:35]"/>
  </tier>
  <tier id="g" type="glosses" content="c">
    <item id="g0" content="c2[0:40]" alignment="p1"/>
  </tier>
  <tier id="t" type="translations" content="c">
    <item id="t0" content="c3[0:27]" alignment="p1"/>
  </tier>
</igt>
<igt id="i150555">
  <metadata type="xigt-meta">
    <meta type="language" name="cimbrian" iso-639-3="cim" tiers="phrases words morphemes"/>
    <meta type="language" name="English" iso-639-3="eng" tiers="translations"/>
    <meta type="odin-source" doc-id="2406" line-range="1026-1029" line-types="L G T M+AC"/>
  </metadata>
  <tier id="o" type="odin-raw">
    <item id="o1" line="1026" tag="L">  (29) I hån   s as      khöt, ke       dar      mucht machan lautrar      di   malt.</item>
    <item id="o2" line="1027" tag="G">       I have it you.PL said    that you.PL must make           more.fluid the mortar</item>
    <item id="o3" line="1028" tag="T">       `I told you that you that the mortar must be more fluid.'</item>
    <item id="o4" line="1029" tag="M+AC">       (Lusern; Tyroller 2003: 234)</item>
  </tier>
  <tier id="c" type="odin-clean">
    <item id="c1" line="1026" tag="L">I hån   s as      khöt, ke       dar      mucht machan lautrar      di   malt.</item>
    <item id="c2" line="1027" tag="G">I have it you.PL said    that you.PL must make           more.fluid the mortar</item>
    <item id="c3" line="1028" tag="T">I told you that you that the mortar must be more fluid.</item>
    <item id="c4" line="1029" tag="M+AC">Lusern; Tyroller 2003: 234</item>
  </tier>
  <tier id="p" type="phrases" content="c">
    <item id="p0" content="c1[0:78]"/>
  </tier>
  <tier id="g" type="glosses" content="c">
    <item id="g0" content="c2[0:78]" alignment="p1"/>
  </tier>
  <tier id="t" type="translations" content="c">
    <item id="t0" content="c3[0:55]" alignment="p1"/>
  </tier>
</igt>
<igt id="i150556">
  <metadata type="xigt-meta">
    <meta type="language" name="cimbrian" iso-639-3="cim" tiers="phrases words morphemes"/>
    <meta type="language" name="English" iso-639-3="eng" tiers="translations"/>
    <meta type="odin-source" doc-id="2406" line-range="1039-1041" line-types="L G T"/>
  </metadata>
  <tier id="o" type="odin-raw">
    <item id="o1" line="1039" tag="L">  (30) a. morgen      vrü        ge=x             übar van   Roan.</item>
    <item id="o2" line="1040" tag="G">          tomorrow morning go=CLIT.1SG            over from Roana</item>
    <item id="o3" line="1041" tag="T">          `Tomorrow morning, I will cross over from Roana.'</item>
  </tier>
  <tier id="c" type="odin-clean">
    <item id="c1" line="1039" tag="L">morgen      vrü        ge=x             übar van   Roan.</item>
    <item id="c2" line="1040" tag="G">tomorrow morning go=CLIT.1SG            over from Roana</item>
    <item id="c3" line="1041" tag="T">Tomorrow morning, I will cross over from Roana.</item>
  </tier>
  <tier id="p" type="phrases" content="c">
    <item id="p0" content="c1[0:56]"/>
  </tier>
  <tier id="g" type="glosses" content="c">
    <item id="g0" content="c2[0:55]" alignment="p1"/>
  </tier>
  <tier id="t" type="translations" content="c">
    <item id="t0" content="c3[0:47]" alignment="p1"/>
  </tier>
</igt>
<igt id="i150557">
  <metadata type="xigt-meta">
    <meta type="language" name="cimbrian" iso-639-3="cim" tiers="phrases words morphemes"/>
    <meta type="language" name="English" iso-639-3="eng" tiers="translations"/>
    <meta type="odin-source" doc-id="2406" line-range="1042-1045" line-types="L G T M+AC"/>
  </metadata>
  <tier id="o" type="odin-raw">
    <item id="o1" line="1042" tag="L">       b. ba       pis=to         gabest hôüte?</item>
    <item id="o2" line="1043" tag="G">          where are=CLIT.2SG been             today</item>
    <item id="o3" line="1044" tag="T">          `Where have you been today?'</item>
    <item id="o4" line="1045" tag="M+AC">          (Roana; Schweizer 1952: 26)</item>
  </tier>
  <tier id="c" type="odin-clean">
    <item id="c1" line="1042" tag="L">ba       pis=to         gabest hôüte?</item>
    <item id="c2" line="1043" tag="G">where are=CLIT.2SG been             today</item>
    <item id="c3" line="1044" tag="T">Where have you been today?</item>
    <item id="c4" line="1045" tag="M+AC">Roana; Schweizer 1952: 26</item>
  </tier>
  <tier id="p" type="phrases" content="c">
    <item id="p0" content="c1[0:37]"/>
  </tier>
  <tier id="g" type="glosses" content="c">
    <item id="g0" content="c2[0:41]" alignment="p1"/>
  </tier>
  <tier id="t" type="translations" content="c">
    <item id="t0" content="c3[0:26]" alignment="p1"/>
  </tier>
</igt>
<igt id="i150558">
  <metadata type="xigt-meta">
    <meta type="language" name="cimbrian" iso-639-3="cim" tiers="phrases words morphemes"/>
    <meta type="language" name="English" iso-639-3="eng" tiers="translations"/>
    <meta type="odin-source" doc-id="2406" line-range="1057-1060" line-types="M+LN L G T"/>
  </metadata>
  <tier id="o" type="odin-raw">
    <item id="o1" line="1057" tag="M+LN">           Roana</item>
    <item id="o2" line="1058" tag="L">  (31) a. ix gan ôux                      kim=ex                    nemmear.</item>
    <item id="o3" line="1059" tag="G">               I    to      you.pl come=CLIT.1SG never again</item>
    <item id="o4" line="1060" tag="T">               `I will never come to you again.'</item>
  </tier>
  <tier id="c" type="odin-clean">
    <item id="c1" line="1057" tag="M+LN">Roana</item>
    <item id="c2" line="1058" tag="L">ix gan ôux                      kim=ex                    nemmear.</item>
    <item id="c3" line="1059" tag="G">I    to      you.pl come=CLIT.1SG never again</item>
    <item id="c4" line="1060" tag="T">I will never come to you again.</item>
  </tier>
  <tier id="p" type="phrases" content="c">
    <item id="p0" content="c2[0:66]"/>
  </tier>
  <tier id="g" type="glosses" content="c">
    <item id="g0" content="c3[0:45]" alignment="p1"/>
  </tier>
  <tier id="t" type="translations" content="c">
    <item id="t0" content="c4[0:31]" alignment="p1"/>
  </tier>
</igt>
<igt id="i150559">
  <metadata type="xigt-meta">
    <meta type="language" name="cimbrian" iso-639-3="cim" tiers="phrases words morphemes"/>
    <meta type="language" name="English" iso-639-3="eng" tiers="translations"/>
    <meta type="odin-source" doc-id="2406" line-range="1061-1063" line-types="L G T"/>
  </metadata>
  <tier id="o" type="odin-raw">
    <item id="o1" line="1061" tag="L">           b. baz        tüs=te               du?</item>
    <item id="o2" line="1062" tag="G">               What do=CLIT.2SG               you</item>
    <item id="o3" line="1063" tag="T">               `What are you doing?'</item>
  </tier>
  <tier id="c" type="odin-clean">
    <item id="c1" line="1061" tag="L">baz        tüs=te               du?</item>
    <item id="c2" line="1062" tag="G">What do=CLIT.2SG               you</item>
    <item id="c3" line="1063" tag="T">What are you doing?</item>
  </tier>
  <tier id="p" type="phrases" content="c">
    <item id="p0" content="c1[0:35]"/>
  </tier>
  <tier id="g" type="glosses" content="c">
    <item id="g0" content="c2[0:34]" alignment="p1"/>
  </tier>
  <tier id="t" type="translations" content="c">
    <item id="t0" content="c3[0:19]" alignment="p1"/>
  </tier>
</igt>
<igt id="i150560">
  <metadata type="xigt-meta">
    <meta type="language" name="cimbrian" iso-639-3="cim" tiers="phrases words morphemes"/>
    <meta type="language" name="English" iso-639-3="eng" tiers="translations"/>
    <meta type="odin-source" doc-id="2406" line-range="1064-1066" line-types="L G T"/>
  </metadata>
  <tier id="o" type="odin-raw">
    <item id="o1" line="1064" tag="L">           c. denne       miz=er                        gen ear</item>
    <item id="o2" line="1065" tag="G">               then       must=CLIT.3SG                 go     he</item>
    <item id="o3" line="1066" tag="T">               `Then he must leave.'</item>
  </tier>
  <tier id="c" type="odin-clean">
    <item id="c1" line="1064" tag="L">denne       miz=er                        gen ear</item>
    <item id="c2" line="1065" tag="G">then       must=CLIT.3SG                 go     he</item>
    <item id="c3" line="1066" tag="T">Then he must leave.</item>
  </tier>
  <tier id="p" type="phrases" content="c">
    <item id="p0" content="c1[0:49]"/>
  </tier>
  <tier id="g" type="glosses" content="c">
    <item id="g0" content="c2[0:50]" alignment="p1"/>
  </tier>
  <tier id="t" type="translations" content="c">
    <item id="t0" content="c3[0:19]" alignment="p1"/>
  </tier>
</igt>
<igt id="i150561">
  <metadata type="xigt-meta">
    <meta type="language" name="cimbrian" iso-639-3="cim" tiers="phrases words morphemes"/>
    <meta type="language" name="English" iso-639-3="eng" tiers="translations"/>
    <meta type="odin-source" doc-id="2406" line-range="1067-1069" line-types="L G T"/>
  </metadata>
  <tier id="o" type="odin-raw">
    <item id="o1" line="1067" tag="L">           d. hat=er              gahat tzo             megelan ear ox.</item>
    <item id="o2" line="1068" tag="G">               hat=CLIT.3SG had               to        marry          he   too</item>
    <item id="o3" line="1069" tag="T">               `He had to marry, too.'</item>
  </tier>
  <tier id="c" type="odin-clean">
    <item id="c1" line="1067" tag="L">hat=er              gahat tzo             megelan ear ox.</item>
    <item id="c2" line="1068" tag="G">hat=CLIT.3SG had               to        marry          he   too</item>
    <item id="c3" line="1069" tag="T">He had to marry, too.</item>
  </tier>
  <tier id="p" type="phrases" content="c">
    <item id="p0" content="c1[0:57]"/>
  </tier>
  <tier id="g" type="glosses" content="c">
    <item id="g0" content="c2[0:64]" alignment="p1"/>
  </tier>
  <tier id="t" type="translations" content="c">
    <item id="t0" content="c3[0:21]" alignment="p1"/>
  </tier>
</igt>
<igt id="i150562">
  <metadata type="xigt-meta">
    <meta type="language" name="cimbrian" iso-639-3="cim" tiers="phrases words morphemes"/>
    <meta type="language" name="English" iso-639-3="eng" tiers="translations"/>
    <meta type="odin-source" doc-id="2406" line-range="1070-1072" line-types="L G T"/>
  </metadata>
  <tier id="o" type="odin-raw">
    <item id="o1" line="1070" tag="L">           e. bir tü=ber                  nixt.</item>
    <item id="o2" line="1071" tag="G">               we do=CLIT-1PL nothing</item>
    <item id="o3" line="1072" tag="T">               `We do nothing.'</item>
  </tier>
  <tier id="c" type="odin-clean">
    <item id="c1" line="1070" tag="L">bir tü=ber                  nixt.</item>
    <item id="c2" line="1071" tag="G">we do=CLIT-1PL nothing</item>
    <item id="c3" line="1072" tag="T">We do nothing.</item>
  </tier>
  <tier id="p" type="phrases" content="c">
    <item id="p0" content="c1[0:33]"/>
  </tier>
  <tier id="g" type="glosses" content="c">
    <item id="g0" content="c2[0:22]" alignment="p1"/>
  </tier>
  <tier id="t" type="translations" content="c">
    <item id="t0" content="c3[0:14]" alignment="p1"/>
  </tier>
</igt>
<igt id="i150563">
  <metadata type="xigt-meta">
    <meta type="language" name="cimbrian" iso-639-3="cim" tiers="phrases words morphemes"/>
    <meta type="language" name="English" iso-639-3="eng" tiers="translations"/>
    <meta type="odin-source" doc-id="2406" line-range="1079-1081" line-types="L G T"/>
  </metadata>
  <tier id="o" type="odin-raw">
    <item id="o1" line="1079" tag="L">       (i) a. vorsch=me                   net miar.</item>
    <item id="o2" line="1080" tag="G">               ask=CLIT.1SG.ACC           not me</item>
    <item id="o3" line="1081" tag="T">               `Don't ask me.'</item>
  </tier>
  <tier id="c" type="odin-clean">
    <item id="c1" line="1079" tag="L">vorsch=me                   net miar.</item>
    <item id="c2" line="1080" tag="G">ask=CLIT.1SG.ACC           not me</item>
    <item id="c3" line="1081" tag="T">Don't ask me.</item>
  </tier>
  <tier id="p" type="phrases" content="c">
    <item id="p0" content="c1[0:37]"/>
  </tier>
  <tier id="g" type="glosses" content="c">
    <item id="g0" content="c2[0:33]" alignment="p1"/>
  </tier>
  <tier id="t" type="translations" content="c">
    <item id="t0" content="c3[0:13]" alignment="p1"/>
  </tier>
</igt>
<igt id="i150564">
  <metadata type="xigt-meta">
    <meta type="language" name="cimbrian" iso-639-3="cim" tiers="phrases words morphemes"/>
    <meta type="language" name="English" iso-639-3="eng" tiers="translations"/>
    <meta type="odin-source" doc-id="2406" line-range="1082-1084" line-types="L G T"/>
  </metadata>
  <tier id="o" type="odin-raw">
    <item id="o1" line="1082" tag="L">           b. dar vorscht=de                      di.</item>
    <item id="o2" line="1083" tag="G">               he   asks=   CLIT.2SG.ACC          you</item>
    <item id="o3" line="1084" tag="T">               `He asks you.'</item>
  </tier>
  <tier id="c" type="odin-clean">
    <item id="c1" line="1082" tag="L">dar vorscht=de                      di.</item>
    <item id="c2" line="1083" tag="G">he   asks=   CLIT.2SG.ACC          you</item>
    <item id="c3" line="1084" tag="T">He asks you.</item>
  </tier>
  <tier id="p" type="phrases" content="c">
    <item id="p0" content="c1[0:39]"/>
  </tier>
  <tier id="g" type="glosses" content="c">
    <item id="g0" content="c2[0:38]" alignment="p1"/>
  </tier>
  <tier id="t" type="translations" content="c">
    <item id="t0" content="c3[0:12]" alignment="p1"/>
  </tier>
</igt>
<igt id="i150565">
  <metadata type="xigt-meta">
    <meta type="language" name="cimbrian" iso-639-3="cim" tiers="phrases words morphemes"/>
    <meta type="language" name="English" iso-639-3="eng" tiers="translations"/>
    <meta type="odin-source" doc-id="2406" line-range="1085-1088" line-types="M+AC+LN L G T"/>
  </metadata>
  <tier id="o" type="odin-raw">
    <item id="o1" line="1085" tag="M+AC+LN">               (Lusern; Tyroller 2003: 157)</item>
    <item id="o2" line="1086" tag="L">       (ii) a. du   pôxes-mar                 miar.</item>
    <item id="o3" line="1087" tag="G">               you scold-CLIT.1SG.DAT         me.DAT</item>
    <item id="o4" line="1088" tag="T">               `You scold me.'</item>
  </tier>
  <tier id="c" type="odin-clean">
    <item id="c1" line="1085" tag="M+AC+LN">Lusern; Tyroller 2003: 157</item>
    <item id="c2" line="1086" tag="L">du   pôxes-mar                 miar.</item>
    <item id="c3" line="1087" tag="G">you scold-CLIT.1SG.DAT         me.DAT</item>
    <item id="c4" line="1088" tag="T">You scold me.</item>
  </tier>
  <tier id="p" type="phrases" content="c">
    <item id="p0" content="c2[0:36]"/>
  </tier>
  <tier id="g" type="glosses" content="c">
    <item id="g0" content="c3[0:37]" alignment="p1"/>
  </tier>
  <tier id="t" type="translations" content="c">
    <item id="t0" content="c4[0:13]" alignment="p1"/>
  </tier>
</igt>
<igt id="i150566">
  <metadata type="xigt-meta">
    <meta type="language" name="cimbrian" iso-639-3="cim" tiers="phrases words morphemes"/>
    <meta type="language" name="English" iso-639-3="eng" tiers="translations"/>
    <meta type="odin-source" doc-id="2406" line-range="1089-1092" line-types="L G T M+AC+LN"/>
  </metadata>
  <tier id="o" type="odin-raw">
    <item id="o1" line="1089" tag="L">           b. i bölta-ter                    dir             contraren...</item>
    <item id="o2" line="1090" tag="G">               I wished-CLIT.2SG.DAT you.DAT tell</item>
    <item id="o3" line="1091" tag="T">               `Iwished to tell you...'</item>
    <item id="o4" line="1092" tag="M+AC+LN">               (Roana; Schweizer 1952: 28)</item>
  </tier>
  <tier id="c" type="odin-clean">
    <item id="c1" line="1089" tag="L">i bölta-ter                    dir             contraren...</item>
    <item id="c2" line="1090" tag="G">I wished-CLIT.2SG.DAT you.DAT tell</item>
    <item id="c3" line="1091" tag="T">Iwished to tell you...</item>
    <item id="c4" line="1092" tag="M+AC+LN">Roana; Schweizer 1952: 28</item>
  </tier>
  <tier id="p" type="phrases" content="c">
    <item id="p0" content="c1[0:59]"/>
  </tier>
  <tier id="g" type="glosses" content="c">
    <item id="g0" content="c2[0:34]" alignment="p1"/>
  </tier>
  <tier id="t" type="translations" content="c">
    <item id="t0" content="c3[0:22]" alignment="p1"/>
  </tier>
</igt>
<igt id="i150567">
  <metadata type="xigt-meta">
    <meta type="language" name="giazza" iso-639-3="cim" tiers="phrases words morphemes"/>
    <meta type="language" name="English" iso-639-3="eng" tiers="translations"/>
    <meta type="odin-source" doc-id="2406" line-range="1098-1101" line-types="M+LN L G T"/>
  </metadata>
  <tier id="o" type="odin-raw">
    <item id="o1" line="1098" tag="M+LN">       Giazza</item>
    <item id="o2" line="1099" tag="L">  (32) a. pin=i            nixt ploax haute        i?</item>
    <item id="o3" line="1100" tag="G">           am=CLIT.1SG not        pale    today    I</item>
    <item id="o4" line="1101" tag="T">           `Am I not pale today?'</item>
  </tier>
  <tier id="c" type="odin-clean">
    <item id="c1" line="1098" tag="M+LN">Giazza</item>
    <item id="c2" line="1099" tag="L">pin=i            nixt ploax haute        i?</item>
    <item id="c3" line="1100" tag="G">am=CLIT.1SG not        pale    today    I</item>
    <item id="c4" line="1101" tag="T">Am I not pale today?</item>
  </tier>
  <tier id="p" type="phrases" content="c">
    <item id="p0" content="c2[0:43]"/>
  </tier>
  <tier id="g" type="glosses" content="c">
    <item id="g0" content="c3[0:41]" alignment="p1"/>
  </tier>
  <tier id="t" type="translations" content="c">
    <item id="t0" content="c4[0:20]" alignment="p1"/>
  </tier>
</igt>
<igt id="i150568">
  <metadata type="xigt-meta">
    <meta type="language" name="giazza" iso-639-3="cim" tiers="phrases words morphemes"/>
    <meta type="language" name="English" iso-639-3="eng" tiers="translations"/>
    <meta type="odin-source" doc-id="2406" line-range="1102-1104" line-types="L G T"/>
  </metadata>
  <tier id="o" type="odin-raw">
    <item id="o1" line="1102" tag="L">       b. has=to            du    nixt gahoart lautan?</item>
    <item id="o2" line="1103" tag="G">           have=CLIT.2SG you not         heard     ring</item>
    <item id="o3" line="1104" tag="T">           `Haven't you heard the bells ring?'</item>
  </tier>
  <tier id="c" type="odin-clean">
    <item id="c1" line="1102" tag="L">has=to            du    nixt gahoart lautan?</item>
    <item id="c2" line="1103" tag="G">have=CLIT.2SG you not         heard     ring</item>
    <item id="c3" line="1104" tag="T">Haven't you heard the bells ring?</item>
  </tier>
  <tier id="p" type="phrases" content="c">
    <item id="p0" content="c1[0:44]"/>
  </tier>
  <tier id="g" type="glosses" content="c">
    <item id="g0" content="c2[0:44]" alignment="p1"/>
  </tier>
  <tier id="t" type="translations" content="c">
    <item id="t0" content="c3[0:33]" alignment="p1"/>
  </tier>
</igt>
<igt id="i150569">
  <metadata type="xigt-meta">
    <meta type="language" name="lusern" iso-639-3="cim" tiers="phrases words morphemes"/>
    <meta type="language" name="English" iso-639-3="eng" tiers="translations"/>
    <meta type="odin-source" doc-id="2406" line-range="1107-1110" line-types="M+LN L G T"/>
  </metadata>
  <tier id="o" type="odin-raw">
    <item id="o1" line="1107" tag="M+LN">       Lusern</item>
    <item id="o2" line="1108" tag="L">  (33) dopo     möchten=ber       essan biar.</item>
    <item id="o3" line="1109" tag="G">       then     wish=CLIT.1PL     eat     we</item>
    <item id="o4" line="1110" tag="T">       (Dal Negro 2004: 179)</item>
  </tier>
  <tier id="c" type="odin-clean">
    <item id="c1" line="1107" tag="M+LN">Lusern</item>
    <item id="c2" line="1108" tag="L">dopo     möchten=ber       essan biar.</item>
    <item id="c3" line="1109" tag="G">then     wish=CLIT.1PL     eat     we</item>
    <item id="c4" line="1110" tag="T">Dal Negro 2004: 179</item>
  </tier>
  <tier id="p" type="phrases" content="c">
    <item id="p0" content="c2[0:38]"/>
  </tier>
  <tier id="g" type="glosses" content="c">
    <item id="g0" content="c3[0:37]" alignment="p1"/>
  </tier>
  <tier id="t" type="translations" content="c">
    <item id="t0" content="c4[0:19]" alignment="p1"/>
  </tier>
</igt>
<igt id="i150570">
  <metadata type="xigt-meta">
    <meta type="language" name="roana" iso-639-3="cim" tiers="phrases words morphemes"/>
    <meta type="language" name="English" iso-639-3="eng" tiers="translations"/>
    <meta type="odin-source" doc-id="2406" line-range="1156-1160" line-types="M+LN L G T M+AC"/>
  </metadata>
  <tier id="o" type="odin-raw">
    <item id="o1" line="1156" tag="M+LN">        Roana</item>
    <item id="o2" line="1157" tag="L">  (36) a. ix pin bolaibet segen...</item>
    <item id="o3" line="1158" tag="G">            I    am stayed        to-see</item>
    <item id="o4" line="1159" tag="T">            `I stayed in order to see...'</item>
    <item id="o5" line="1160" tag="M+AC">            (Schweizer 1952: 18)</item>
  </tier>
  <tier id="c" type="odin-clean">
    <item id="c1" line="1156" tag="M+LN">Roana</item>
    <item id="c2" line="1157" tag="L">ix pin bolaibet segen...</item>
    <item id="c3" line="1158" tag="G">I    am stayed        to-see</item>
    <item id="c4" line="1159" tag="T">I stayed in order to see...</item>
    <item id="c5" line="1160" tag="M+AC">18</item>
  </tier>
  <tier id="p" type="phrases" content="c">
    <item id="p0" content="c2[0:24]"/>
  </tier>
  <tier id="g" type="glosses" content="c">
    <item id="g0" content="c3[0:28]" alignment="p1"/>
  </tier>
  <tier id="t" type="translations" content="c">
    <item id="t0" content="c4[0:27]" alignment="p1"/>
  </tier>
</igt>
<igt id="i150571">
  <metadata type="xigt-meta">
    <meta type="language" name="roana" iso-639-3="cim" tiers="phrases words morphemes"/>
    <meta type="language" name="English" iso-639-3="eng" tiers="translations"/>
    <meta type="odin-source" doc-id="2406" line-range="1161-1164" line-types="L G T M+AC"/>
  </metadata>
  <tier id="o" type="odin-raw">
    <item id="o1" line="1161" tag="L">        b. han     ix gavunt an hasen</item>
    <item id="o2" line="1162" tag="G">            have I     found      a      rabbit</item>
    <item id="o3" line="1163" tag="T">            `I found a rabbit.'</item>
    <item id="o4" line="1164" tag="M+AC">            (Schweizer 1952: 24)</item>
  </tier>
  <tier id="c" type="odin-clean">
    <item id="c1" line="1161" tag="L">han     ix gavunt an hasen</item>
    <item id="c2" line="1162" tag="G">have I     found      a      rabbit</item>
    <item id="c3" line="1163" tag="T">I found a rabbit.</item>
    <item id="c4" line="1164" tag="M+AC">24</item>
  </tier>
  <tier id="p" type="phrases" content="c">
    <item id="p0" content="c1[0:26]"/>
  </tier>
  <tier id="g" type="glosses" content="c">
    <item id="g0" content="c2[0:35]" alignment="p1"/>
  </tier>
  <tier id="t" type="translations" content="c">
    <item id="t0" content="c3[0:17]" alignment="p1"/>
  </tier>
</igt>
<igt id="i150572">
  <metadata type="xigt-meta">
    <meta type="language" name="lusern" iso-639-3="cim" tiers="phrases words morphemes"/>
    <meta type="language" name="English" iso-639-3="eng" tiers="translations"/>
    <meta type="odin-source" doc-id="2406" line-range="1167-1170" line-types="M+LN L G T"/>
  </metadata>
  <tier id="o" type="odin-raw">
    <item id="o1" line="1167" tag="M+LN">        Lusern</item>
    <item id="o2" line="1168" tag="L">  (37) a. I pin gest           bachant       da   gånz   nacht.</item>
    <item id="o3" line="1169" tag="G">            I am stayed awake                the whole night</item>
    <item id="o4" line="1170" tag="T">            `I stayed awake during the whole night.'</item>
  </tier>
  <tier id="c" type="odin-clean">
    <item id="c1" line="1167" tag="M+LN">Lusern</item>
    <item id="c2" line="1168" tag="L">I pin gest           bachant       da   gånz   nacht.</item>
    <item id="c3" line="1169" tag="G">I am stayed awake                the whole night</item>
    <item id="c4" line="1170" tag="T">I stayed awake during the whole night.</item>
  </tier>
  <tier id="p" type="phrases" content="c">
    <item id="p0" content="c2[0:53]"/>
  </tier>
  <tier id="g" type="glosses" content="c">
    <item id="g0" content="c3[0:48]" alignment="p1"/>
  </tier>
  <tier id="t" type="translations" content="c">
    <item id="t0" content="c4[0:38]" alignment="p1"/>
  </tier>
</igt>
<igt id="i150573">
  <metadata type="xigt-meta">
    <meta type="language" name="lusern" iso-639-3="cim" tiers="phrases words morphemes"/>
    <meta type="language" name="English" iso-639-3="eng" tiers="translations"/>
    <meta type="odin-source" doc-id="2406" line-range="1171-1174" line-types="L G T M+AC"/>
  </metadata>
  <tier id="o" type="odin-raw">
    <item id="o1" line="1171" tag="L">        b. Bar håm gepitet viar urn.</item>
    <item id="o2" line="1172" tag="G">            we    have waited four hours</item>
    <item id="o3" line="1173" tag="T">            `We waited for four hours.'</item>
    <item id="o4" line="1174" tag="M+AC">            (Tyroller 2003: 215)</item>
  </tier>
  <tier id="c" type="odin-clean">
    <item id="c1" line="1171" tag="L">Bar håm gepitet viar urn.</item>
    <item id="c2" line="1172" tag="G">we    have waited four hours</item>
    <item id="c3" line="1173" tag="T">We waited for four hours.</item>
    <item id="c4" line="1174" tag="M+AC">215</item>
  </tier>
  <tier id="p" type="phrases" content="c">
    <item id="p0" content="c1[0:25]"/>
  </tier>
  <tier id="g" type="glosses" content="c">
    <item id="g0" content="c2[0:28]" alignment="p1"/>
  </tier>
  <tier id="t" type="translations" content="c">
    <item id="t0" content="c3[0:25]" alignment="p1"/>
  </tier>
</igt>
</xigt-corpus>
