<?xml version="1.0" encoding="UTF-8"?>
<xigt-corpus>
<igt id="i32097">
  <metadata type="xigt-meta">
    <meta type="language" name="tinrin" iso-639-3="cir" tiers="phrases words morphemes"/>
    <meta type="language" name="English" iso-639-3="eng" tiers="translations"/>
    <meta type="odin-source" doc-id="2020" line-range="449-451" line-types="L G+LN T+AC"/>
  </metadata>
  <tier id="o" type="odin-raw">
    <item id="o1" line="449" tag="L">  (9)    rri    see    havai rri</item>
    <item id="o2" line="450" tag="G+LN">  TIN    3pl    NEG call       3pl</item>
    <item id="o3" line="451" tag="T+AC">         `They don't call each other names.' (Osumi 1995:207)</item>
  </tier>
  <tier id="c" type="odin-clean">
    <item id="c1" line="449" tag="L">rri    see    havai rri</item>
    <item id="c2" line="450" tag="G+LN">TIN    3pl    NEG call       3pl</item>
    <item id="c3" line="451" tag="T+AC">They don't call each other names.' (Osumi 1995:207)</item>
  </tier>
  <tier id="p" type="phrases" content="c">
    <item id="p0" content="c1[0:23]"/>
  </tier>
  <tier id="g" type="glosses" content="c">
    <item id="g0" content="c2[0:32]" alignment="p1"/>
  </tier>
  <tier id="t" type="translations" content="c">
    <item id="t0" content="c3[0:51]" alignment="p1"/>
  </tier>
</igt>
<igt id="i37353">
  <metadata type="xigt-meta">
    <meta type="language" name="tinrin" iso-639-3="cir" tiers="phrases words morphemes"/>
    <meta type="language" name="English" iso-639-3="eng" tiers="translations"/>
    <meta type="odin-source" doc-id="3836" line-range="294-298" line-types="M+LN+EX L+CR L+CR G T"/>
  </metadata>
  <tier id="o" type="odin-raw">
    <item id="o1" line="294" tag="M+LN+EX">  Tinrin (Austronesion) - head-initial order</item>
    <item id="o2" line="295" tag="L+CR">  (19)     u tramwa mw^ ke maija wake.</item>
    <item id="o3" line="296" tag="L+CR">                         a</item>
    <item id="o4" line="297" tag="G">           I know that you much work.</item>
    <item id="o5" line="298" tag="T">           `I know that you work hard.'</item>
  </tier>
  <tier id="c" type="odin-clean">
    <item id="c1" line="294" tag="M+LN+EX">Tinrin (Austronesion)-head-initial order</item>
    <item id="c2" line="295" tag="L+CR">u tramwa mw^ ke maija wake.</item>
    <item id="c4" line="297" tag="G">I know that you much work.</item>
    <item id="c5" line="298" tag="T">I know that you work hard.</item>
  </tier>
  <tier id="p" type="phrases" content="c">
    <item id="p0" content="c2[0:27]"/>
  </tier>
  <tier id="g" type="glosses" content="c">
    <item id="g0" content="c4[0:26]" alignment="p1"/>
  </tier>
  <tier id="t" type="translations" content="c">
    <item id="t0" content="c5[0:26]" alignment="p1"/>
  </tier>
</igt>
<igt id="i37354">
  <metadata type="xigt-meta">
    <meta type="language" name="tinrin" iso-639-3="cir" tiers="phrases words morphemes"/>
    <meta type="language" name="English" iso-639-3="eng" tiers="translations"/>
    <meta type="odin-source" doc-id="3836" line-range="299-302" line-types="L+CR L+CR G T"/>
  </metadata>
  <tier id="o" type="odin-raw">
    <item id="o1" line="299" tag="L+CR">  (20)     k` rugi beeb` r` nr^ me^^</item>
    <item id="o2" line="300" tag="L+CR">             o             or o a      ie</item>
    <item id="o3" line="301" tag="G">           news about drowning poss woman</item>
    <item id="o4" line="302" tag="T">           `the news about the woman's drowning'</item>
  </tier>
  <tier id="c" type="odin-clean">
    <item id="c1" line="299" tag="L+CR">k` rugi beeb` r` nr^ me^^</item>
    <item id="c3" line="301" tag="G">news about drowning poss woman</item>
    <item id="c4" line="302" tag="T">the news about the woman's drowning</item>
  </tier>
  <tier id="p" type="phrases" content="c">
    <item id="p0" content="c1[0:25]"/>
  </tier>
  <tier id="g" type="glosses" content="c">
    <item id="g0" content="c3[0:30]" alignment="p1"/>
  </tier>
  <tier id="t" type="translations" content="c">
    <item id="t0" content="c4[0:35]" alignment="p1"/>
  </tier>
</igt>
<igt id="i116314">
  <metadata type="xigt-meta">
    <meta type="language" name="tinrin" iso-639-3="cir" tiers="phrases words morphemes"/>
    <meta type="language" name="English" iso-639-3="eng" tiers="translations"/>
    <meta type="odin-source" doc-id="3642" line-range="1162-1164" line-types="L+EX G T"/>
  </metadata>
  <tier id="o" type="odin-raw">
    <item id="o1" line="1162" tag="L+EX">  (24)    a.    mwairrù       nrî­wâdrâ       toni nrâ fi         pwere   numea (Page 92)</item>
    <item id="o2" line="1163" tag="G">                a while ago in the morning Tony 3SG go            to      Noumea</item>
    <item id="o3" line="1164" tag="T">                `This morning Tony went to Noumea.'</item>
  </tier>
  <tier id="c" type="odin-clean">
    <item id="c1" line="1162" tag="L+EX">a.    mwairrù       nrî­wâdrâ       toni nrâ fi         pwere   numea (Page 92</item>
    <item id="c2" line="1163" tag="G">a while ago in the morning Tony 3SG go            to      Noumea</item>
    <item id="c3" line="1164" tag="T">This morning Tony went to Noumea.</item>
  </tier>
  <tier id="p" type="phrases" content="c">
    <item id="p0" content="c1[0:78]"/>
  </tier>
  <tier id="g" type="glosses" content="c">
    <item id="g0" content="c2[0:64]" alignment="p1"/>
  </tier>
  <tier id="t" type="translations" content="c">
    <item id="t0" content="c3[0:33]" alignment="p1"/>
  </tier>
</igt>
<igt id="i116315">
  <metadata type="xigt-meta">
    <meta type="language" name="tinrin" iso-639-3="cir" tiers="phrases words morphemes"/>
    <meta type="language" name="English" iso-639-3="eng" tiers="translations"/>
    <meta type="odin-source" doc-id="3642" line-range="1166-1168" line-types="L+EX G T"/>
  </metadata>
  <tier id="o" type="odin-raw">
    <item id="o1" line="1166" tag="L+EX">          b.    nrâ nrorri nraasi ei           gogo (Page 118)</item>
    <item id="o2" line="1167" tag="G">                3SG give       rice     to     Gogo</item>
    <item id="o3" line="1168" tag="T">                `He gave rice to Gogo.'</item>
  </tier>
  <tier id="c" type="odin-clean">
    <item id="c1" line="1166" tag="L+EX">nrâ nrorri nraasi ei           gogo (Page 118)</item>
    <item id="c2" line="1167" tag="G">3SG give       rice     to     Gogo</item>
    <item id="c3" line="1168" tag="T">He gave rice to Gogo.</item>
  </tier>
  <tier id="p" type="phrases" content="c">
    <item id="p0" content="c1[0:46]"/>
  </tier>
  <tier id="g" type="glosses" content="c">
    <item id="g0" content="c2[0:35]" alignment="p1"/>
  </tier>
  <tier id="t" type="translations" content="c">
    <item id="t0" content="c3[0:21]" alignment="p1"/>
  </tier>
</igt>
<igt id="i116316">
  <metadata type="xigt-meta">
    <meta type="language" name="tinrin" iso-639-3="cir" tiers="phrases words morphemes"/>
    <meta type="language" name="English" iso-639-3="eng" tiers="translations"/>
    <meta type="odin-source" doc-id="3642" line-range="1170-1172" line-types="L+EX G T"/>
  </metadata>
  <tier id="o" type="odin-raw">
    <item id="o1" line="1170" tag="L+EX">          c.    nrâ horro ei          rò    bee      nrôsù nrî­wâdrâ        mesi (Page 224)</item>
    <item id="o2" line="1171" tag="G">                3SG hard         for 1SG COMP wake in the morning           early</item>
    <item id="o3" line="1172" tag="T">                `It is hard for me to wake up early in the morning.'</item>
  </tier>
  <tier id="c" type="odin-clean">
    <item id="c1" line="1170" tag="L+EX">nrâ horro ei          rò    bee      nrôsù nrî­wâdrâ        mesi (Page 224)</item>
    <item id="c2" line="1171" tag="G">3SG hard         for 1SG COMP wake in the morning           early</item>
    <item id="c3" line="1172" tag="T">It is hard for me to wake up early in the morning.</item>
  </tier>
  <tier id="p" type="phrases" content="c">
    <item id="p0" content="c1[0:75]"/>
  </tier>
  <tier id="g" type="glosses" content="c">
    <item id="g0" content="c2[0:65]" alignment="p1"/>
  </tier>
  <tier id="t" type="translations" content="c">
    <item id="t0" content="c3[0:50]" alignment="p1"/>
  </tier>
</igt>
<igt id="i116608">
  <metadata type="xigt-meta">
    <meta type="language" name="tinrin" iso-639-3="cir" tiers="phrases words morphemes"/>
    <meta type="language" name="English" iso-639-3="eng" tiers="translations"/>
    <meta type="odin-source" doc-id="3648" line-range="655-659" line-types="M+AC+LN L G+CR G+CR T"/>
  </metadata>
  <tier id="o" type="odin-raw">
    <item id="o1" line="655" tag="M+AC+LN">  Tinrin (Osumi 1995:79)</item>
    <item id="o2" line="656" tag="L">  (35) U      hwari nrî                           ei          rri.</item>
    <item id="o3" line="657" tag="G+CR">         1             sell          3                        3</item>
    <item id="o4" line="658" tag="G+CR">             SG                          SG       DAT             PL</item>
    <item id="o5" line="659" tag="T">         'I sold it to them.'</item>
  </tier>
  <tier id="c" type="odin-clean">
    <item id="c1" line="655" tag="M+AC+LN">Tinrin (Osumi 1995:79)</item>
    <item id="c2" line="656" tag="L">U      hwari nrî                           ei          rri.</item>
    <item id="c3" line="657 658" tag="G+CR">1   SG        sell          3   SG       DAT         3   PL</item>
    <item id="c5" line="659" tag="T">I sold it to them.</item>
  </tier>
  <tier id="p" type="phrases" content="c">
    <item id="p0" content="c2[0:59]"/>
  </tier>
  <tier id="g" type="glosses" content="c">
    <item id="g0" content="c3[0:59]" alignment="p1"/>
  </tier>
  <tier id="t" type="translations" content="c">
    <item id="t0" content="c5[0:18]" alignment="p1"/>
  </tier>
</igt>
</xigt-corpus>
