<?xml version="1.0" encoding="UTF-8"?>
<xigt-corpus>
<igt id="i45779">
  <metadata type="xigt-meta">
    <meta type="language" name="chamalin" iso-639-3="cji" tiers="phrases words morphemes"/>
    <meta type="language" name="English" iso-639-3="eng" tiers="translations"/>
    <meta type="odin-source" doc-id="325" line-range="180-183" line-types="M+LN L G T"/>
  </metadata>
  <tier id="o" type="odin-raw">
    <item id="o1" line="180" tag="M+LN">        Instances from Chamalin (Daghestan language family) [2] are:</item>
    <item id="o2" line="181" tag="L">     (14) Oss-i vog'a         un</item>
    <item id="o3" line="182" tag="G">          he(erg) tree(nom) push(past)</item>
    <item id="o4" line="183" tag="T">          `He pushed the tree'</item>
  </tier>
  <tier id="c" type="odin-clean">
    <item id="c1" line="180" tag="M+LN">Instances from Chamalin (Daghestan language family) [2] are:</item>
    <item id="c2" line="181" tag="L">Oss-i vog'a         un</item>
    <item id="c3" line="182" tag="G">he(erg) tree(nom) push(past)</item>
    <item id="c4" line="183" tag="T">He pushed the tree</item>
  </tier>
  <tier id="p" type="phrases" content="c">
    <item id="p0" content="c2[0:22]"/>
  </tier>
  <tier id="g" type="glosses" content="c">
    <item id="g0" content="c3[0:28]" alignment="p1"/>
  </tier>
  <tier id="t" type="translations" content="c">
    <item id="t0" content="c4[0:18]" alignment="p1"/>
  </tier>
</igt>
<igt id="i45780">
  <metadata type="xigt-meta">
    <meta type="language" name="chamalin" iso-639-3="cji" tiers="phrases words morphemes"/>
    <meta type="language" name="English" iso-639-3="eng" tiers="translations"/>
    <meta type="odin-source" doc-id="325" line-range="184-186" line-types="L G T"/>
  </metadata>
  <tier id="o" type="odin-raw">
    <item id="o1" line="184" tag="L">     (15) De oss-uchI vog'a           un-al</item>
    <item id="o2" line="185" tag="G">           I(erg) he(loc) tree(nom) push(caus,past)</item>
    <item id="o3" line="186" tag="T">           `I got him to push the tree'.</item>
  </tier>
  <tier id="c" type="odin-clean">
    <item id="c1" line="184" tag="L">De oss-uchI vog'a           un-al</item>
    <item id="c2" line="185" tag="G">I(erg) he(loc) tree(nom) push(caus,past)</item>
    <item id="c3" line="186" tag="T">I got him to push the tree'.</item>
  </tier>
  <tier id="p" type="phrases" content="c">
    <item id="p0" content="c1[0:33]"/>
  </tier>
  <tier id="g" type="glosses" content="c">
    <item id="g0" content="c2[0:40]" alignment="p1"/>
  </tier>
  <tier id="t" type="translations" content="c">
    <item id="t0" content="c3[0:28]" alignment="p1"/>
  </tier>
</igt>
<igt id="i102472">
  <metadata type="xigt-meta">
    <meta type="language" name="chamalal" iso-639-3="cji" tiers="phrases words morphemes"/>
    <meta type="language" name="English" iso-639-3="eng" tiers="translations"/>
    <meta type="odin-source" doc-id="1310" line-range="1965-1970" line-types="L+CR L+CR L+CR L+CR G T"/>
  </metadata>
  <tier id="o" type="odin-raw">
    <item id="o1" line="1965" tag="L+CR">  (68) a.           wac-       -a</item>
    <item id="o2" line="1966" tag="L+CR">                               l     [e jac        c'i:na]</item>
    <item id="o3" line="1967" tag="L+CR">                                                              idalaq ik'.</item>
    <item id="o4" line="1968" tag="L+CR">                                                                       0</item>
    <item id="o5" line="1969" tag="G">                    brother- DAT        sister.ABS beat.INF not.want</item>
    <item id="o6" line="1970" tag="T">                    `Brother does not want to beat sister.'</item>
  </tier>
  <tier id="c" type="odin-clean">
    <item id="c1" line="1965 1967" tag="L+CR">wac--a                             idalaq ik'.</item>
    <item id="c5" line="1969" tag="G">brother-DAT        sister.ABS beat.INF not.want</item>
    <item id="c6" line="1970" tag="T">Brother does not want to beat sister.</item>
  </tier>
  <tier id="p" type="phrases" content="c">
    <item id="p0" content="c1[0:46]"/>
  </tier>
  <tier id="g" type="glosses" content="c">
    <item id="g0" content="c5[0:47]" alignment="p1"/>
  </tier>
  <tier id="t" type="translations" content="c">
    <item id="t0" content="c6[0:37]" alignment="p1"/>
  </tier>
</igt>
<igt id="i102473">
  <metadata type="xigt-meta">
    <meta type="language" name="chamalal" iso-639-3="cji" tiers="phrases words morphemes"/>
    <meta type="language" name="English" iso-639-3="eng" tiers="translations"/>
    <meta type="odin-source" doc-id="1310" line-range="1971-1976" line-types="L+CR L+CR L+CR L+CR G T"/>
  </metadata>
  <tier id="o" type="odin-raw">
    <item id="o1" line="1971" tag="L+CR">         b.         jac-    -a</item>
    <item id="o2" line="1972" tag="L+CR">                            l     [wac-       ud   e c'i:na]</item>
    <item id="o3" line="1973" tag="L+CR">                                                                  idalaq ik'.</item>
    <item id="o4" line="1974" tag="L+CR">                                                                           0</item>
    <item id="o5" line="1975" tag="G">                    sister- DAT brother- ERG           beat.INF not.want</item>
    <item id="o6" line="1976" tag="T">                    `Sister does not want to be beaten by brother.'</item>
  </tier>
  <tier id="c" type="odin-clean">
    <item id="c1" line="1971 1973" tag="L+CR">jac--a                                    idalaq ik'.</item>
    <item id="c5" line="1975" tag="G">sister-DAT brother-ERG           beat.INF not.want</item>
    <item id="c6" line="1976" tag="T">Sister does not want to be beaten by brother.</item>
  </tier>
  <tier id="p" type="phrases" content="c">
    <item id="p0" content="c1[0:53]"/>
  </tier>
  <tier id="g" type="glosses" content="c">
    <item id="g0" content="c5[0:50]" alignment="p1"/>
  </tier>
  <tier id="t" type="translations" content="c">
    <item id="t0" content="c6[0:45]" alignment="p1"/>
  </tier>
</igt>
</xigt-corpus>
