<?xml version="1.0" encoding="UTF-8"?>
<xigt-corpus>
<igt id="i138850">
  <metadata type="xigt-meta">
    <meta type="language" name="asheninca" iso-639-3="cjo" tiers="phrases words morphemes"/>
    <meta type="language" name="English" iso-639-3="eng" tiers="translations"/>
    <meta type="odin-source" doc-id="2324" line-range="238-242" line-types="M+AC+LN B L G T+DB"/>
  </metadata>
  <tier id="o" type="odin-raw">
    <item id="o1" line="238" tag="M+AC+LN">  (10) Asheninca (Anderson 1985/1986: I-196)</item>
    <item id="o2" line="239" tag="B"></item>
    <item id="o3" line="240" tag="L">        tsica pi-pait-a-ca</item>
    <item id="o4" line="241" tag="G">        WH 2-call-TAM-Q</item>
    <item id="o5" line="242" tag="T+DB">        `¿Cómo te llamas?' (How are you called?/What is your name?)</item>
  </tier>
  <tier id="c" type="odin-clean">
    <item id="c1" line="238" tag="M+AC+LN">Asheninca (Anderson 1985/1986: I-196</item>
    <item id="c2" line="239" tag="B"/>
    <item id="c3" line="240" tag="L">tsica pi-pait-a-ca</item>
    <item id="c4" line="241" tag="G">WH 2-call-TAM-Q</item>
    <item id="c5" line="242" tag="T+DB">¿Cómo te llamas?' (How are you called?/What is your name?)</item>
  </tier>
  <tier id="p" type="phrases" content="c">
    <item id="p0" content="c3[0:18]"/>
  </tier>
  <tier id="g" type="glosses" content="c">
    <item id="g0" content="c4[0:15]" alignment="p1"/>
  </tier>
  <tier id="t" type="translations" content="c">
    <item id="t0" content="c5[0:58]" alignment="p1"/>
  </tier>
</igt>
<igt id="i138851">
  <metadata type="xigt-meta">
    <meta type="language" name="asheninca" iso-639-3="cjo" tiers="phrases words morphemes"/>
    <meta type="language" name="English" iso-639-3="eng" tiers="translations"/>
    <meta type="odin-source" doc-id="2324" line-range="244-249" line-types="M+LN+CN B L G+CR G+CR T+DB"/>
  </metadata>
  <tier id="o" type="odin-raw">
    <item id="o1" line="244" tag="M+LN+CN">  (11) Asheninca (Anderson 1985/1986: I-136, II-128)</item>
    <item id="o2" line="245" tag="B"></item>
    <item id="o3" line="246" tag="L">        a.    tsica ipaitaca   poc-atsi-ri     iroñaaca</item>
    <item id="o4" line="247" tag="G+CR">                               come-TAM-REL now</item>
    <item id="o5" line="248" tag="G+CR">              WH</item>
    <item id="o6" line="249" tag="T+DB">              `¿Quién viene?' (Who is coming?)</item>
  </tier>
  <tier id="c" type="odin-clean">
    <item id="c1" line="244" tag="M+LN+CN">Asheninca (Anderson 1985/1986: I-136, II-128</item>
    <item id="c2" line="245" tag="B"/>
    <item id="c3" line="246" tag="L">tsica ipaitaca   poc-atsi-ri     iroñaaca</item>
    <item id="c4" line="247 248" tag="G+CR">WH               come-TAM-REL now</item>
    <item id="c6" line="249" tag="T+DB">¿Quién viene?' (Who is coming?)</item>
  </tier>
  <tier id="p" type="phrases" content="c">
    <item id="p0" content="c3[0:41]"/>
  </tier>
  <tier id="g" type="glosses" content="c">
    <item id="g0" content="c4[0:33]" alignment="p1"/>
  </tier>
  <tier id="t" type="translations" content="c">
    <item id="t0" content="c6[0:31]" alignment="p1"/>
  </tier>
</igt>
<igt id="i138852">
  <metadata type="xigt-meta">
    <meta type="language" name="asheninca" iso-639-3="cjo" tiers="phrases words morphemes"/>
    <meta type="language" name="English" iso-639-3="eng" tiers="translations"/>
    <meta type="odin-source" doc-id="2324" line-range="251-254" line-types="L G+CR G+CR T+DB"/>
  </metadata>
  <tier id="o" type="odin-raw">
    <item id="o1" line="251" tag="L">        b.    ipaitaca         pi-caim-i-ri   incaaran-qui</item>
    <item id="o2" line="252" tag="G+CR">                               2-call-TAM-REL ?-LOC</item>
    <item id="o3" line="253" tag="G+CR">              WH</item>
    <item id="o4" line="254" tag="T+DB">              `¿A quién estabas llamando?' (Who are you calling?)</item>
  </tier>
  <tier id="c" type="odin-clean">
    <item id="c1" line="251" tag="L">ipaitaca         pi-caim-i-ri   incaaran-qui</item>
    <item id="c2" line="252 253" tag="G+CR">WH               2-call-TAM-REL ?-LOC</item>
    <item id="c4" line="254" tag="T+DB">¿A quién estabas llamando?' (Who are you calling?)</item>
  </tier>
  <tier id="p" type="phrases" content="c">
    <item id="p0" content="c1[0:44]"/>
  </tier>
  <tier id="g" type="glosses" content="c">
    <item id="g0" content="c2[0:37]" alignment="p1"/>
  </tier>
  <tier id="t" type="translations" content="c">
    <item id="t0" content="c4[0:50]" alignment="p1"/>
  </tier>
</igt>
<igt id="i138853">
  <metadata type="xigt-meta">
    <meta type="language" name="asheninca" iso-639-3="cjo" tiers="phrases words morphemes"/>
    <meta type="language" name="English" iso-639-3="eng" tiers="translations"/>
    <meta type="odin-source" doc-id="2324" line-range="256-262" line-types="M+LN+CN B L G+CR G+CR T+AL T"/>
  </metadata>
  <tier id="o" type="odin-raw">
    <item id="o1" line="256" tag="M+LN+CN">  (12) Asheninca (Anderson 1985/1986: III-116, III-12)</item>
    <item id="o2" line="257" tag="B"></item>
    <item id="o3" line="258" tag="L">        a.    paitaca    p-amemana-tzi-ri-ca jaca no-yovite-qui</item>
    <item id="o4" line="259" tag="G+CR">                         2-search-TAM-REL-Q here 1-casserole-LOC</item>
    <item id="o5" line="260" tag="G+CR">              WH</item>
    <item id="o6" line="261" tag="T+AL">              `¿Qué estabas buscando en mi olla de barro?'</item>
    <item id="o7" line="262" tag="T">              (What are you looking for in my casserole?)</item>
  </tier>
  <tier id="c" type="odin-clean">
    <item id="c1" line="256" tag="M+LN+CN">Asheninca (Anderson 1985/1986: III-116, III-12</item>
    <item id="c2" line="257" tag="B"/>
    <item id="c3" line="258" tag="L">paitaca    p-amemana-tzi-ri-ca jaca no-yovite-qui</item>
    <item id="c4" line="259 260" tag="G+CR">WH         2-search-TAM-REL-Q here 1-casserole-LOC</item>
    <item id="c6" line="261" tag="T+AL">¿Qué estabas buscando en mi olla de barro?</item>
    <item id="c7" line="262" tag="T">What are you looking for in my casserole?</item>
  </tier>
  <tier id="p" type="phrases" content="c">
    <item id="p0" content="c3[0:49]"/>
  </tier>
  <tier id="g" type="glosses" content="c">
    <item id="g0" content="c4[0:50]" alignment="p1"/>
  </tier>
  <tier id="t" type="translations" content="c">
    <item id="t0" content="c6[0:42]" alignment="p1"/>
    <item id="t1" content="c7[0:41]" alignment="p1"/>
  </tier>
</igt>
<igt id="i138854">
  <metadata type="xigt-meta">
    <meta type="language" name="asheninca" iso-639-3="cjo" tiers="phrases words morphemes"/>
    <meta type="language" name="English" iso-639-3="eng" tiers="translations"/>
    <meta type="odin-source" doc-id="2324" line-range="264-267" line-types="L G+CR G+CR T+DB"/>
  </metadata>
  <tier id="o" type="odin-raw">
    <item id="o1" line="264" tag="L">        b.    tsica opaitaca   ant-aque-mi-ri</item>
    <item id="o2" line="265" tag="G+CR">                               do-TAM-1-REL</item>
    <item id="o3" line="266" tag="G+CR">              WH</item>
    <item id="o4" line="267" tag="T+DB">              `¿Qué te ha pasado?' (What happened to you?)</item>
  </tier>
  <tier id="c" type="odin-clean">
    <item id="c1" line="264" tag="L">tsica opaitaca   ant-aque-mi-ri</item>
    <item id="c2" line="265 266" tag="G+CR">WH               do-TAM-1-REL</item>
    <item id="c4" line="267" tag="T+DB">¿Qué te ha pasado?' (What happened to you?)</item>
  </tier>
  <tier id="p" type="phrases" content="c">
    <item id="p0" content="c1[0:31]"/>
  </tier>
  <tier id="g" type="glosses" content="c">
    <item id="g0" content="c2[0:29]" alignment="p1"/>
  </tier>
  <tier id="t" type="translations" content="c">
    <item id="t0" content="c4[0:43]" alignment="p1"/>
  </tier>
</igt>
</xigt-corpus>
