<?xml version="1.0" encoding="UTF-8"?>
<xigt-corpus>
<igt id="i50517">
  <metadata type="xigt-meta">
    <meta type="language" name="asheninka" iso-639-3="cjo:cpy" tiers="phrases words morphemes"/>
    <meta type="language" name="English" iso-639-3="eng" tiers="translations"/>
    <meta type="odin-source" doc-id="1781" line-range="280-283" line-types="M+AC+LN L G T"/>
  </metadata>
  <tier id="o" type="odin-raw">
    <item id="o1" line="280" tag="M+AC+LN">     (7) Asheninka (Givón 1990: 797­8)</item>
    <item id="o2" line="281" tag="L">         a. Tsika i-tim-i-ka      iri-Nta?</item>
    <item id="o3" line="282" tag="G">            wh 3:m-be-real-q he-there</item>
    <item id="o4" line="283" tag="T">            `Who is he (that one)?'</item>
  </tier>
  <tier id="c" type="odin-clean">
    <item id="c1" line="280" tag="M+AC+LN">Asheninka (Givón 1990: 797­8</item>
    <item id="c2" line="281" tag="L">Tsika i-tim-i-ka      iri-Nta?</item>
    <item id="c3" line="282" tag="G">wh 3:m-be-real-q he-there</item>
    <item id="c4" line="283" tag="T">Who is he (that one)?</item>
  </tier>
  <tier id="p" type="phrases" content="c">
    <item id="p0" content="c2[0:30]"/>
  </tier>
  <tier id="g" type="glosses" content="c">
    <item id="g0" content="c3[0:25]" alignment="p1"/>
  </tier>
  <tier id="t" type="translations" content="c">
    <item id="t0" content="c4[0:21]" alignment="p1"/>
  </tier>
</igt>
<igt id="i50518">
  <metadata type="xigt-meta">
    <meta type="language" name="asheninka" iso-639-3="cjo:cpy" tiers="phrases words morphemes"/>
    <meta type="language" name="English" iso-639-3="eng" tiers="translations"/>
    <meta type="odin-source" doc-id="1781" line-range="284-286" line-types="L G T"/>
  </metadata>
  <tier id="o" type="odin-raw">
    <item id="o1" line="284" tag="L">         b. Tsika o-saik-i-ka?</item>
    <item id="o2" line="285" tag="G">            wh 3:f-sit-real-Q</item>
    <item id="o3" line="286" tag="T">            `Where is she?'</item>
  </tier>
  <tier id="c" type="odin-clean">
    <item id="c1" line="284" tag="L">Tsika o-saik-i-ka?</item>
    <item id="c2" line="285" tag="G">wh 3:f-sit-real-Q</item>
    <item id="c3" line="286" tag="T">Where is she?</item>
  </tier>
  <tier id="p" type="phrases" content="c">
    <item id="p0" content="c1[0:18]"/>
  </tier>
  <tier id="g" type="glosses" content="c">
    <item id="g0" content="c2[0:17]" alignment="p1"/>
  </tier>
  <tier id="t" type="translations" content="c">
    <item id="t0" content="c3[0:13]" alignment="p1"/>
  </tier>
</igt>
<igt id="i50519">
  <metadata type="xigt-meta">
    <meta type="language" name="asheninka" iso-639-3="cjo:cpy" tiers="phrases words morphemes"/>
    <meta type="language" name="English" iso-639-3="eng" tiers="translations"/>
    <meta type="odin-source" doc-id="1781" line-range="287-289" line-types="L G T"/>
  </metadata>
  <tier id="o" type="odin-raw">
    <item id="o1" line="287" tag="L">         c. Tsika i-kara-t-i-ka         iri-ka?</item>
    <item id="o2" line="288" tag="G">            wh 3:m-be:pl-&amp;-real-q 3:m-here</item>
    <item id="o3" line="289" tag="T">            `How much is it? / How many are there?'</item>
  </tier>
  <tier id="c" type="odin-clean">
    <item id="c1" line="287" tag="L">Tsika i-kara-t-i-ka         iri-ka?</item>
    <item id="c2" line="288" tag="G">wh 3:m-be:pl-&amp;-real-q 3:m-here</item>
    <item id="c3" line="289" tag="T">How much is it? / How many are there?</item>
  </tier>
  <tier id="p" type="phrases" content="c">
    <item id="p0" content="c1[0:35]"/>
  </tier>
  <tier id="g" type="glosses" content="c">
    <item id="g0" content="c2[0:30]" alignment="p1"/>
  </tier>
  <tier id="t" type="translations" content="c">
    <item id="t0" content="c3[0:37]" alignment="p1"/>
  </tier>
</igt>
<igt id="i50520">
  <metadata type="xigt-meta">
    <meta type="language" name="asheninka" iso-639-3="cjo:cpy" tiers="phrases words morphemes"/>
    <meta type="language" name="English" iso-639-3="eng" tiers="translations"/>
    <meta type="odin-source" doc-id="1781" line-range="290-292" line-types="L G T"/>
  </metadata>
  <tier id="o" type="odin-raw">
    <item id="o1" line="290" tag="L">         d. Tsika p-ira-aNt-i-ka?</item>
    <item id="o2" line="291" tag="G">            wh 2-cry-purp-real-q</item>
    <item id="o3" line="292" tag="T">            `Why are you crying?'</item>
  </tier>
  <tier id="c" type="odin-clean">
    <item id="c1" line="290" tag="L">Tsika p-ira-aNt-i-ka?</item>
    <item id="c2" line="291" tag="G">wh 2-cry-purp-real-q</item>
    <item id="c3" line="292" tag="T">Why are you crying?</item>
  </tier>
  <tier id="p" type="phrases" content="c">
    <item id="p0" content="c1[0:21]"/>
  </tier>
  <tier id="g" type="glosses" content="c">
    <item id="g0" content="c2[0:20]" alignment="p1"/>
  </tier>
  <tier id="t" type="translations" content="c">
    <item id="t0" content="c3[0:19]" alignment="p1"/>
  </tier>
</igt>
<igt id="i50521">
  <metadata type="xigt-meta">
    <meta type="language" name="asheninka" iso-639-3="cjo:cpy" tiers="phrases words morphemes"/>
    <meta type="language" name="English" iso-639-3="eng" tiers="translations"/>
    <meta type="odin-source" doc-id="1781" line-range="293-295" line-types="L G T"/>
  </metadata>
  <tier id="o" type="odin-raw">
    <item id="o1" line="293" tag="L">         e. Tsika i-kaNt-ai-t-i-ro-ka           `choclo'?</item>
    <item id="o2" line="294" tag="G">            wh 3:m-say-pass-&amp;-real-3:f-q `corn'</item>
    <item id="o3" line="295" tag="T">            `How do you say `corn' (in your language)?'</item>
  </tier>
  <tier id="c" type="odin-clean">
    <item id="c1" line="293" tag="L">Tsika i-kaNt-ai-t-i-ro-ka           `choclo'?</item>
    <item id="c2" line="294" tag="G">wh 3:m-say-pass-&amp;-real-3:f-q `corn</item>
    <item id="c3" line="295" tag="T">How do you say `corn' (in your language)?</item>
  </tier>
  <tier id="p" type="phrases" content="c">
    <item id="p0" content="c1[0:45]"/>
  </tier>
  <tier id="g" type="glosses" content="c">
    <item id="g0" content="c2[0:34]" alignment="p1"/>
  </tier>
  <tier id="t" type="translations" content="c">
    <item id="t0" content="c3[0:41]" alignment="p1"/>
  </tier>
</igt>
</xigt-corpus>
