<?xml version="1.0" encoding="UTF-8"?>
<xigt-corpus>
<igt id="i9885">
  <metadata type="xigt-meta">
    <meta type="language" name="koasati" iso-639-3="cku" tiers="phrases words morphemes"/>
    <meta type="language" name="English" iso-639-3="eng" tiers="translations"/>
    <meta type="odin-source" doc-id="2486" line-range="1720-1722" line-types="L G T"/>
  </metadata>
  <tier id="o" type="odin-raw">
    <item id="o1" line="1720" tag="L">               a. okipofka-k o:w-a:y</item>
    <item id="o2" line="1721" tag="G">                  whale-SUBJ LOC-go.about.SG/DU</item>
    <item id="o3" line="1722" tag="T">                    `A whale is swimming about.'</item>
  </tier>
  <tier id="c" type="odin-clean">
    <item id="c1" line="1720" tag="L">okipofka-k o:w-a:y</item>
    <item id="c2" line="1721" tag="G">whale-SUBJ LOC-go.about.SG/DU</item>
    <item id="c3" line="1722" tag="T">A whale is swimming about.</item>
  </tier>
  <tier id="p" type="phrases" content="c">
    <item id="p0" content="c1[0:18]"/>
  </tier>
  <tier id="g" type="glosses" content="c">
    <item id="g0" content="c2[0:29]" alignment="p1"/>
  </tier>
  <tier id="t" type="translations" content="c">
    <item id="t0" content="c3[0:26]" alignment="p1"/>
  </tier>
</igt>
<igt id="i9886">
  <metadata type="xigt-meta">
    <meta type="language" name="koasati" iso-639-3="cku" tiers="phrases words morphemes"/>
    <meta type="language" name="English" iso-639-3="eng" tiers="translations"/>
    <meta type="odin-source" doc-id="2486" line-range="1739-1741" line-types="L G T"/>
  </metadata>
  <tier id="o" type="odin-raw">
    <item id="o1" line="1739" tag="L">             b. okipofka-k o:w-a:ya-:c</item>
    <item id="o2" line="1740" tag="G">                 whale-SUBJ LOC-go.about.SG/DU-3NON.SG36</item>
    <item id="o3" line="1741" tag="T">                   `Two whales are swimming about.'</item>
  </tier>
  <tier id="c" type="odin-clean">
    <item id="c1" line="1739" tag="L">okipofka-k o:w-a:ya-:c</item>
    <item id="c2" line="1740" tag="G">whale-SUBJ LOC-go.about.SG/DU-3NON.SG36</item>
    <item id="c3" line="1741" tag="T">Two whales are swimming about.</item>
  </tier>
  <tier id="p" type="phrases" content="c">
    <item id="p0" content="c1[0:22]"/>
  </tier>
  <tier id="g" type="glosses" content="c">
    <item id="g0" content="c2[0:39]" alignment="p1"/>
  </tier>
  <tier id="t" type="translations" content="c">
    <item id="t0" content="c3[0:30]" alignment="p1"/>
  </tier>
</igt>
<igt id="i9887">
  <metadata type="xigt-meta">
    <meta type="language" name="koasati" iso-639-3="cku" tiers="phrases words morphemes"/>
    <meta type="language" name="English" iso-639-3="eng" tiers="translations"/>
    <meta type="odin-source" doc-id="2486" line-range="1743-1745" line-types="L G T"/>
  </metadata>
  <tier id="o" type="odin-raw">
    <item id="o1" line="1743" tag="L">             c. okipofka-k o:-yomahl</item>
    <item id="o2" line="1744" tag="G">                 whale-SUBJ LOC-go.about.PL</item>
    <item id="o3" line="1745" tag="T">                   `Some whales are swimming about.'</item>
  </tier>
  <tier id="c" type="odin-clean">
    <item id="c1" line="1743" tag="L">okipofka-k o:-yomahl</item>
    <item id="c2" line="1744" tag="G">whale-SUBJ LOC-go.about.PL</item>
    <item id="c3" line="1745" tag="T">Some whales are swimming about.</item>
  </tier>
  <tier id="p" type="phrases" content="c">
    <item id="p0" content="c1[0:20]"/>
  </tier>
  <tier id="g" type="glosses" content="c">
    <item id="g0" content="c2[0:26]" alignment="p1"/>
  </tier>
  <tier id="t" type="translations" content="c">
    <item id="t0" content="c3[0:31]" alignment="p1"/>
  </tier>
</igt>
<igt id="i18067">
  <metadata type="xigt-meta">
    <meta type="language" name="koasati" iso-639-3="cku" tiers="phrases words morphemes"/>
    <meta type="language" name="English" iso-639-3="eng" tiers="translations"/>
    <meta type="odin-source" doc-id="1607" line-range="1164-1166" line-types="L G T"/>
  </metadata>
  <tier id="o" type="odin-raw">
    <item id="o1" line="1164" tag="L">  (65) akkámmi-t ow-i:sá-hci                  hahci-f-ó:t oktaspi-f-ó:t kámmi-fa</item>
    <item id="o2" line="1165" tag="G">       be.so-CONN      LOC-dwell. PL- PROG river-in- EX    swamp-in-EX      be.so-in</item>
    <item id="o3" line="1166" tag="T">       `So they live in rivers and in swamps and in suchlike places.'</item>
  </tier>
  <tier id="c" type="odin-clean">
    <item id="c1" line="1164" tag="L">akkámmi-t ow-i:sá-hci                  hahci-f-ó:t oktaspi-f-ó:t kámmi-fa</item>
    <item id="c2" line="1165" tag="G">be.so-CONN      LOC-dwell. PL-PROG river-in-EX    swamp-in-EX      be.so-in</item>
    <item id="c3" line="1166" tag="T">So they live in rivers and in swamps and in suchlike places.</item>
  </tier>
  <tier id="p" type="phrases" content="c">
    <item id="p0" content="c1[0:73]"/>
  </tier>
  <tier id="g" type="glosses" content="c">
    <item id="g0" content="c2[0:75]" alignment="p1"/>
  </tier>
  <tier id="t" type="translations" content="c">
    <item id="t0" content="c3[0:60]" alignment="p1"/>
  </tier>
</igt>
<igt id="i18068">
  <metadata type="xigt-meta">
    <meta type="language" name="koasati" iso-639-3="cku" tiers="phrases words morphemes"/>
    <meta type="language" name="English" iso-639-3="eng" tiers="translations"/>
    <meta type="odin-source" doc-id="1607" line-range="1172-1174" line-types="L G T"/>
  </metadata>
  <tier id="o" type="odin-raw">
    <item id="o1" line="1172" tag="L">  (66) asá:l- o:t    talibo:li-t   sco:pa-t</item>
    <item id="o2" line="1173" tag="G">       basket- EX    make-CONN sell- CONN</item>
    <item id="o3" line="1174" tag="T">       `She made and sold things like baskets.'</item>
  </tier>
  <tier id="c" type="odin-clean">
    <item id="c1" line="1172" tag="L">asá:l-o:t    talibo:li-t   sco:pa-t</item>
    <item id="c2" line="1173" tag="G">basket-EX    make-CONN sell-CONN</item>
    <item id="c3" line="1174" tag="T">She made and sold things like baskets.</item>
  </tier>
  <tier id="p" type="phrases" content="c">
    <item id="p0" content="c1[0:35]"/>
  </tier>
  <tier id="g" type="glosses" content="c">
    <item id="g0" content="c2[0:32]" alignment="p1"/>
  </tier>
  <tier id="t" type="translations" content="c">
    <item id="t0" content="c3[0:38]" alignment="p1"/>
  </tier>
</igt>
<igt id="i23238">
  <metadata type="xigt-meta">
    <meta type="language" name="koasati" iso-639-3="cku" tiers="phrases words morphemes"/>
    <meta type="language" name="English" iso-639-3="eng" tiers="translations"/>
    <meta type="odin-source" doc-id="1251" line-range="1909-1915" line-types="M+LN+CN B L B G B T"/>
  </metadata>
  <tier id="o" type="odin-raw">
    <item id="o1" line="1909" tag="M+LN+CN">  (34)   Koasati singular, dual, plural</item>
    <item id="o2" line="1910" tag="B"></item>
    <item id="o3" line="1911" tag="L">         a.      okipófka-k        o:w-á:y</item>
    <item id="o4" line="1912" tag="B"></item>
    <item id="o5" line="1913" tag="G">                 whale-subj        loc-go.about.sg/du</item>
    <item id="o6" line="1914" tag="B"></item>
    <item id="o7" line="1915" tag="T">                 `A whale is swimming about'</item>
  </tier>
  <tier id="c" type="odin-clean">
    <item id="c1" line="1909" tag="M+LN+CN">Koasati singular, dual, plural</item>
    <item id="c2" line="1910" tag="B"/>
    <item id="c3" line="1911" tag="L">okipófka-k        o:w-á:y</item>
    <item id="c4" line="1912" tag="B"/>
    <item id="c5" line="1913" tag="G">whale-subj        loc-go.about.sg/du</item>
    <item id="c6" line="1914" tag="B"/>
    <item id="c7" line="1915" tag="T">A whale is swimming about</item>
  </tier>
  <tier id="p" type="phrases" content="c">
    <item id="p0" content="c3[0:25]"/>
  </tier>
  <tier id="g" type="glosses" content="c">
    <item id="g0" content="c5[0:36]" alignment="p1"/>
  </tier>
  <tier id="t" type="translations" content="c">
    <item id="t0" content="c7[0:25]" alignment="p1"/>
  </tier>
</igt>
<igt id="i23239">
  <metadata type="xigt-meta">
    <meta type="language" name="koasati" iso-639-3="cku" tiers="phrases words morphemes"/>
    <meta type="language" name="English" iso-639-3="eng" tiers="translations"/>
    <meta type="odin-source" doc-id="1251" line-range="1919-1923" line-types="L M G B T"/>
  </metadata>
  <tier id="o" type="odin-raw">
    <item id="o1" line="1919" tag="L">         b.      okipófka-k        o:w-a:yá-:c</item>
    <item id="o2" line="1920" tag="M">                                                                38</item>
    <item id="o3" line="1921" tag="G">                 whale-subj        loc-go.about.sg/du-3non.sg</item>
    <item id="o4" line="1922" tag="B"></item>
    <item id="o5" line="1923" tag="T">                 `Two whales are swimming about'</item>
  </tier>
  <tier id="c" type="odin-clean">
    <item id="c1" line="1919" tag="L">okipófka-k        o:w-a:yá-:c</item>
    <item id="c2" line="1920" tag="M">38</item>
    <item id="c3" line="1921" tag="G">whale-subj        loc-go.about.sg/du-3non.sg</item>
    <item id="c4" line="1922" tag="B"/>
    <item id="c5" line="1923" tag="T">Two whales are swimming about</item>
  </tier>
  <tier id="p" type="phrases" content="c">
    <item id="p0" content="c1[0:29]"/>
  </tier>
  <tier id="g" type="glosses" content="c">
    <item id="g0" content="c3[0:44]" alignment="p1"/>
  </tier>
  <tier id="t" type="translations" content="c">
    <item id="t0" content="c5[0:29]" alignment="p1"/>
  </tier>
</igt>
<igt id="i23240">
  <metadata type="xigt-meta">
    <meta type="language" name="koasati" iso-639-3="cku" tiers="phrases words morphemes"/>
    <meta type="language" name="English" iso-639-3="eng" tiers="translations"/>
    <meta type="odin-source" doc-id="1251" line-range="1927-1933" line-types="L B G B T B M+AC"/>
  </metadata>
  <tier id="o" type="odin-raw">
    <item id="o1" line="1927" tag="L">         c.      okipófka-k        o:-yomáhl</item>
    <item id="o2" line="1928" tag="B"></item>
    <item id="o3" line="1929" tag="G">                 whale-subj        loc-go.about.pl</item>
    <item id="o4" line="1930" tag="B"></item>
    <item id="o5" line="1931" tag="T">                 `Some whales are swimming about'</item>
    <item id="o6" line="1932" tag="B"></item>
    <item id="o7" line="1933" tag="M+AC">                                                                                  (Kimball 1991:446)</item>
  </tier>
  <tier id="c" type="odin-clean">
    <item id="c1" line="1927" tag="L">okipófka-k        o:-yomáhl</item>
    <item id="c2" line="1928" tag="B"/>
    <item id="c3" line="1929" tag="G">whale-subj        loc-go.about.pl</item>
    <item id="c4" line="1930" tag="B"/>
    <item id="c5" line="1931" tag="T">Some whales are swimming about</item>
    <item id="c6" line="1932" tag="B"/>
    <item id="c7" line="1933" tag="M+AC">Kimball 1991:446</item>
  </tier>
  <tier id="p" type="phrases" content="c">
    <item id="p0" content="c1[0:27]"/>
  </tier>
  <tier id="g" type="glosses" content="c">
    <item id="g0" content="c3[0:33]" alignment="p1"/>
  </tier>
  <tier id="t" type="translations" content="c">
    <item id="t0" content="c5[0:30]" alignment="p1"/>
  </tier>
</igt>
<igt id="i35410">
  <metadata type="xigt-meta">
    <meta type="language" name="koasati" iso-639-3="cku" tiers="phrases words morphemes"/>
    <meta type="language" name="English" iso-639-3="eng" tiers="translations"/>
    <meta type="odin-source" doc-id="575" line-range="181-191" line-types="L+CR+SY L+CR M+CR+SY G L+CR L+CR+SY M+CR+SY G+CR G+CR T T+AC"/>
  </metadata>
  <tier id="o" type="odin-raw">
    <item id="o1" line="181" tag="L+CR+SY">                          cikk´</item>
    <item id="o2" line="182" tag="L+CR">     (1) Kom-mikko-k          i:li-t   kom-tohno:ci-fo:k-on           man</item>
    <item id="o3" line="183" tag="M+CR+SY">                     ´                          ´     ´                 ´</item>
    <item id="o4" line="184" tag="G">         our-chief- SUBJ keep-CONN to us-send off-when-SR/FOC also</item>
    <item id="o5" line="185" tag="L+CR">                                                 im-ma:ya-k.</item>
    <item id="o6" line="186" tag="L+CR+SY">         tokna:wa st-im-ako-yokpa-k                    ´</item>
    <item id="o7" line="187" tag="M+CR+SY">             ´                ´</item>
    <item id="o8" line="188" tag="G+CR">                    INST-3SOBJ-weSTAT-love-SS to it-be more-SS</item>
    <item id="o9" line="189" tag="G+CR">         money</item>
    <item id="o10" line="190" tag="T">         `When our chief took care of it and sent off for things for us, we</item>
    <item id="o11" line="191" tag="T+AC">         then grew to love money more.' (Kimball, 1991: 491)</item>
  </tier>
  <tier id="c" type="odin-clean">
    <item id="c1" line="181 183" tag="L+CR+SY+M">´   cikk´                 ´     ´                 ´</item>
    <item id="c4" line="184" tag="G">our-chief-SUBJ keep-CONN to us-send off-when-SR/FOC also</item>
    <item id="c5" line="185" tag="L+CR">im-ma:ya-k.</item>
    <item id="c7" line="187" tag="M+CR+SY">´                ´</item>
    <item id="c8" line="188 189" tag="G+CR">money      INST-3SOBJ-weSTAT-love-SS to it-be more-SS</item>
    <item id="c10" line="190" tag="T">When our chief took care of it and sent off for things for us, we</item>
    <item id="c11" line="191" tag="T+AC">then grew to love money more.' (Kimball, 1991: 491)</item>
  </tier>
  <tier id="p" type="phrases" content="c">
    <item id="p0" content="c1[0:51]"/>
    <item id="p1" content="c5[0:11]"/>
  </tier>
  <tier id="g" type="glosses" content="c">
    <item id="g0" content="c4[0:56]" alignment="p1"/>
    <item id="g1" content="c8[0:53]" alignment="p2"/>
  </tier>
  <tier id="t" type="translations" content="c">
    <item id="t0" content="c10[0:65]" alignment="p2"/>
    <item id="t1" content="c11[0:51]" alignment="p2"/>
  </tier>
</igt>
<igt id="i47154">
  <metadata type="xigt-meta">
    <meta type="language" name="koasati" iso-639-3="cku" tiers="phrases words morphemes"/>
    <meta type="language" name="English" iso-639-3="eng" tiers="translations"/>
    <meta type="odin-source" doc-id="3429" line-range="210-213" line-types="M+LN+CN L G T"/>
  </metadata>
  <tier id="o" type="odin-raw">
    <item id="o1" line="210" tag="M+LN+CN">        (1) Numeral Predicate in Koasati</item>
    <item id="o2" line="211" tag="L">           a. Ná:ni-ha pokkó:l awáh                   tóklo-n        hí:ca-li-:s.</item>
    <item id="o3" line="212" tag="G">              man-PL       ten     and                two-SW         see-1SG.PAST</item>
    <item id="o4" line="213" tag="T">              `I just saw twelve men.'</item>
  </tier>
  <tier id="c" type="odin-clean">
    <item id="c1" line="210" tag="M+LN+CN">Numeral Predicate in Koasati</item>
    <item id="c2" line="211" tag="L">Ná:ni-ha pokkó:l awáh                   tóklo-n        hí:ca-li-:s.</item>
    <item id="c3" line="212" tag="G">man-PL       ten     and                two-SW         see-1SG.PAST</item>
    <item id="c4" line="213" tag="T">I just saw twelve men.</item>
  </tier>
  <tier id="p" type="phrases" content="c">
    <item id="p0" content="c2[0:67]"/>
  </tier>
  <tier id="g" type="glosses" content="c">
    <item id="g0" content="c3[0:67]" alignment="p1"/>
  </tier>
  <tier id="t" type="translations" content="c">
    <item id="t0" content="c4[0:22]" alignment="p1"/>
  </tier>
</igt>
<igt id="i47794">
  <metadata type="xigt-meta">
    <meta type="language" name="koasati" iso-639-3="cku" tiers="phrases words morphemes"/>
    <meta type="language" name="English" iso-639-3="eng" tiers="translations"/>
    <meta type="odin-source" doc-id="3407" line-range="716-722" line-types="M+AC+LN+CN B L B G B T+EX"/>
  </metadata>
  <tier id="o" type="odin-raw">
    <item id="o1" line="716" tag="M+AC+LN+CN">         b.     Koasati (Muskogean: Kimball 1991:200; -sahá:wa probability)</item>
    <item id="o2" line="717" tag="B"></item>
    <item id="o3" line="718" tag="L">                ó:la-fon       alí:ya-:sahá:w-ok      ...</item>
    <item id="o4" line="719" tag="B"></item>
    <item id="o5" line="720" tag="G">                town-ALL       go-PROB-SS.FOC</item>
    <item id="o6" line="721" tag="B"></item>
    <item id="o7" line="722" tag="T+EX">                `She must have gone to town.' [also possibility]</item>
  </tier>
  <tier id="c" type="odin-clean">
    <item id="c1" line="716" tag="M+AC+LN+CN">Koasati (Muskogean: Kimball 1991:200;-sahá:wa probability)</item>
    <item id="c2" line="717" tag="B"/>
    <item id="c3" line="718" tag="L">ó:la-fon       alí:ya-:sahá:w-ok      ...</item>
    <item id="c4" line="719" tag="B"/>
    <item id="c5" line="720" tag="G">town-ALL       go-PROB-SS.FOC</item>
    <item id="c6" line="721" tag="B"/>
    <item id="c7" line="722" tag="T+EX">She must have gone to town.' [also possibility]</item>
  </tier>
  <tier id="p" type="phrases" content="c">
    <item id="p0" content="c3[0:41]"/>
  </tier>
  <tier id="g" type="glosses" content="c">
    <item id="g0" content="c5[0:29]" alignment="p1"/>
  </tier>
  <tier id="t" type="translations" content="c">
    <item id="t0" content="c7[0:47]" alignment="p1"/>
  </tier>
</igt>
<igt id="i49090">
  <metadata type="xigt-meta">
    <meta type="language" name="koasati" iso-639-3="cku" tiers="phrases words morphemes"/>
    <meta type="language" name="English" iso-639-3="eng" tiers="translations"/>
    <meta type="odin-source" doc-id="3405" line-range="7286-7288" line-types="M+AC+LN T L-G"/>
  </metadata>
  <tier id="o" type="odin-raw">
    <item id="o1" line="7286" tag="M+AC+LN">  (144) Koasati (Muskogean) (Kimball 1991: 323-324)</item>
    <item id="o2" line="7287" tag="T">  a. `dwell'</item>
    <item id="o3" line="7288" tag="L-G">       átal              dwell.1.SG</item>
  </tier>
  <tier id="c" type="odin-clean">
    <item id="c1" line="7286" tag="M+AC+LN">Koasati (Muskogean) (Kimball 1991: 323-324</item>
    <item id="c2" line="7287" tag="T">`dwell</item>
    <item id="c3" line="7288" tag="L-G">átal              dwell.1.SG</item>
  </tier>
  <tier id="t" type="translations" content="c">
    <item id="t0" content="c2[0:6]"/>
  </tier>
</igt>
<igt id="i49091">
  <metadata type="xigt-meta">
    <meta type="language" name="koasati" iso-639-3="cku" tiers="phrases words morphemes"/>
    <meta type="language" name="English" iso-639-3="eng" tiers="translations"/>
    <meta type="odin-source" doc-id="3405" line-range="7289-7289" line-types="L-G"/>
  </metadata>
  <tier id="o" type="odin-raw">
    <item id="o1" line="7289" tag="L-G">       alísw             dwell.1.DU</item>
  </tier>
  <tier id="c" type="odin-clean">
    <item id="c1" line="7289" tag="L-G">alísw             dwell.1.DU</item>
  </tier>
</igt>
<igt id="i49092">
  <metadata type="xigt-meta">
    <meta type="language" name="koasati" iso-639-3="cku" tiers="phrases words morphemes"/>
    <meta type="language" name="English" iso-639-3="eng" tiers="translations"/>
    <meta type="odin-source" doc-id="3405" line-range="7290-7290" line-types="L-G"/>
  </metadata>
  <tier id="o" type="odin-raw">
    <item id="o1" line="7290" tag="L-G">       ís-tílk           dwell-1.PL</item>
  </tier>
  <tier id="c" type="odin-clean">
    <item id="c1" line="7290" tag="L-G">ís-tílk           dwell-1.PL</item>
  </tier>
</igt>
<igt id="i49093">
  <metadata type="xigt-meta">
    <meta type="language" name="koasati" iso-639-3="cku" tiers="phrases words morphemes"/>
    <meta type="language" name="English" iso-639-3="eng" tiers="translations"/>
    <meta type="odin-source" doc-id="3405" line-range="7295-7296" line-types="T L-G"/>
  </metadata>
  <tier id="o" type="odin-raw">
    <item id="o1" line="7295" tag="T">  b.    `run'</item>
    <item id="o2" line="7296" tag="L-G">        walíka-l             run-1.SG</item>
  </tier>
  <tier id="c" type="odin-clean">
    <item id="c1" line="7295" tag="T">`run</item>
    <item id="c2" line="7296" tag="L-G">walíka-l             run-1.SG</item>
  </tier>
  <tier id="t" type="translations" content="c">
    <item id="t0" content="c1[0:4]"/>
  </tier>
</igt>
<igt id="i49094">
  <metadata type="xigt-meta">
    <meta type="language" name="koasati" iso-639-3="cku" tiers="phrases words morphemes"/>
    <meta type="language" name="English" iso-639-3="eng" tiers="translations"/>
    <meta type="odin-source" doc-id="3405" line-range="7297-7297" line-types="L-G"/>
  </metadata>
  <tier id="o" type="odin-raw">
    <item id="o1" line="7297" tag="L-G">        tó-hílk              run-1.PL</item>
  </tier>
  <tier id="c" type="odin-clean">
    <item id="c1" line="7297" tag="L-G">tó-hílk              run-1.PL</item>
  </tier>
</igt>
<igt id="i136246">
  <metadata type="xigt-meta">
    <meta type="language" name="koasati" iso-639-3="cku" tiers="phrases words morphemes"/>
    <meta type="language" name="English" iso-639-3="eng" tiers="translations"/>
    <meta type="odin-source" doc-id="3750" line-range="47-49" line-types="L G T"/>
  </metadata>
  <tier id="o" type="odin-raw">
    <item id="o1" line="47" tag="L">  (2)    nipó-k          aksóhka-ha</item>
    <item id="o2" line="48" tag="G">         meat-SUBJ char-AUD</item>
    <item id="o3" line="49" tag="T">         `It sounds like the meat is charring.'</item>
  </tier>
  <tier id="c" type="odin-clean">
    <item id="c1" line="47" tag="L">nipó-k          aksóhka-ha</item>
    <item id="c2" line="48" tag="G">meat-SUBJ char-AUD</item>
    <item id="c3" line="49" tag="T">It sounds like the meat is charring.</item>
  </tier>
  <tier id="p" type="phrases" content="c">
    <item id="p0" content="c1[0:26]"/>
  </tier>
  <tier id="g" type="glosses" content="c">
    <item id="g0" content="c2[0:18]" alignment="p1"/>
  </tier>
  <tier id="t" type="translations" content="c">
    <item id="t0" content="c3[0:36]" alignment="p1"/>
  </tier>
</igt>
<igt id="i152656">
  <metadata type="xigt-meta">
    <meta type="language" name="koasati" iso-639-3="cku" tiers="phrases words morphemes"/>
    <meta type="language" name="English" iso-639-3="eng" tiers="translations"/>
    <meta type="odin-source" doc-id="2753" line-range="1021-1025" line-types="L B G B T"/>
  </metadata>
  <tier id="o" type="odin-raw">
    <item id="o1" line="1021" tag="L">  (19)   a.      nipó-k          aksóhka-ha</item>
    <item id="o2" line="1022" tag="B"></item>
    <item id="o3" line="1023" tag="G">                 meat-SUBJ       char-AUD</item>
    <item id="o4" line="1024" tag="B"></item>
    <item id="o5" line="1025" tag="T">                 `It sounds like the meat is charring.'</item>
  </tier>
  <tier id="c" type="odin-clean">
    <item id="c1" line="1021" tag="L">nipó-k          aksóhka-ha</item>
    <item id="c2" line="1022" tag="B"/>
    <item id="c3" line="1023" tag="G">meat-SUBJ       char-AUD</item>
    <item id="c4" line="1024" tag="B"/>
    <item id="c5" line="1025" tag="T">It sounds like the meat is charring.</item>
  </tier>
  <tier id="p" type="phrases" content="c">
    <item id="p0" content="c1[0:26]"/>
  </tier>
  <tier id="g" type="glosses" content="c">
    <item id="g0" content="c3[0:24]" alignment="p1"/>
  </tier>
  <tier id="t" type="translations" content="c">
    <item id="t0" content="c5[0:36]" alignment="p1"/>
  </tier>
</igt>
<igt id="i152657">
  <metadata type="xigt-meta">
    <meta type="language" name="koasati" iso-639-3="cku" tiers="phrases words morphemes"/>
    <meta type="language" name="English" iso-639-3="eng" tiers="translations"/>
    <meta type="odin-source" doc-id="2753" line-range="1029-1033" line-types="L B G B T"/>
  </metadata>
  <tier id="o" type="odin-raw">
    <item id="o1" line="1029" tag="L">         b.      ihá:ni-k       atawohlí:ci-ha</item>
    <item id="o2" line="1030" tag="B"></item>
    <item id="o3" line="1031" tag="G">                 earth-SUBJ     reverberate-AUD</item>
    <item id="o4" line="1032" tag="B"></item>
    <item id="o5" line="1033" tag="T">                 `One can hear the earth reverberating.'</item>
  </tier>
  <tier id="c" type="odin-clean">
    <item id="c1" line="1029" tag="L">ihá:ni-k       atawohlí:ci-ha</item>
    <item id="c2" line="1030" tag="B"/>
    <item id="c3" line="1031" tag="G">earth-SUBJ     reverberate-AUD</item>
    <item id="c4" line="1032" tag="B"/>
    <item id="c5" line="1033" tag="T">One can hear the earth reverberating.</item>
  </tier>
  <tier id="p" type="phrases" content="c">
    <item id="p0" content="c1[0:29]"/>
  </tier>
  <tier id="g" type="glosses" content="c">
    <item id="g0" content="c3[0:30]" alignment="p1"/>
  </tier>
  <tier id="t" type="translations" content="c">
    <item id="t0" content="c5[0:37]" alignment="p1"/>
  </tier>
</igt>
</xigt-corpus>
