<?xml version="1.0" encoding="UTF-8"?>
<xigt-corpus>
<igt id="i48538">
  <metadata type="xigt-meta">
    <meta type="language" name="lealao chinantec" iso-639-3="cle" tiers="phrases words morphemes"/>
    <meta type="language" name="English" iso-639-3="eng" tiers="translations"/>
    <meta type="odin-source" doc-id="3428" line-range="181-183" line-types="L G T"/>
  </metadata>
  <tier id="o" type="odin-raw">
    <item id="o1" line="181" tag="L">  (12) a. ÷iHhiá÷M gá:Mi           naVH-maM</item>
    <item id="o2" line="182" tag="G">          very          big.INAN.3 CLSFR-tree</item>
    <item id="o3" line="183" tag="T">          `the tree is very big'</item>
  </tier>
  <tier id="c" type="odin-clean">
    <item id="c1" line="181" tag="L">÷iHhiá÷M gá:Mi           naVH-maM</item>
    <item id="c2" line="182" tag="G">very          big.INAN.3 CLSFR-tree</item>
    <item id="c3" line="183" tag="T">the tree is very big</item>
  </tier>
  <tier id="p" type="phrases" content="c">
    <item id="p0" content="c1[0:33]"/>
  </tier>
  <tier id="g" type="glosses" content="c">
    <item id="g0" content="c2[0:35]" alignment="p1"/>
  </tier>
  <tier id="t" type="translations" content="c">
    <item id="t0" content="c3[0:20]" alignment="p1"/>
  </tier>
</igt>
<igt id="i48539">
  <metadata type="xigt-meta">
    <meta type="language" name="lealao chinantec" iso-639-3="cle" tiers="phrases words morphemes"/>
    <meta type="language" name="English" iso-639-3="eng" tiers="translations"/>
    <meta type="odin-source" doc-id="3428" line-range="184-186" line-types="L G T"/>
  </metadata>
  <tier id="o" type="odin-raw">
    <item id="o1" line="184" tag="L">          b. ÷iHhiá÷M gá:Mi                naL-lïVH           naVH-maM</item>
    <item id="o2" line="185" tag="G">               very          big.INAN.3 STAT-be.INAN.3 CLSFR-tree</item>
    <item id="o3" line="186" tag="T">               `the tree is very big'</item>
  </tier>
  <tier id="c" type="odin-clean">
    <item id="c1" line="184" tag="L">÷iHhiá÷M gá:Mi                naL-lïVH           naVH-maM</item>
    <item id="c2" line="185" tag="G">very          big.INAN.3 STAT-be.INAN.3 CLSFR-tree</item>
    <item id="c3" line="186" tag="T">the tree is very big</item>
  </tier>
  <tier id="p" type="phrases" content="c">
    <item id="p0" content="c1[0:57]"/>
  </tier>
  <tier id="g" type="glosses" content="c">
    <item id="g0" content="c2[0:50]" alignment="p1"/>
  </tier>
  <tier id="t" type="translations" content="c">
    <item id="t0" content="c3[0:20]" alignment="p1"/>
  </tier>
</igt>
<igt id="i74113">
  <metadata type="xigt-meta">
    <meta type="language" name="lealao chinantec" iso-639-3="cle" tiers="phrases words morphemes"/>
    <meta type="language" name="English" iso-639-3="eng" tiers="translations"/>
    <meta type="odin-source" doc-id="989" line-range="205-207" line-types="L G T"/>
  </metadata>
  <tier id="o" type="odin-raw">
    <item id="o1" line="205" tag="L">  (12) a. ÷iHhiá÷M gá:Mi           naVH-maM</item>
    <item id="o2" line="206" tag="G">          very          big,INAN,3 CLSFR-tree</item>
    <item id="o3" line="207" tag="T">          `the tree is very big'</item>
  </tier>
  <tier id="c" type="odin-clean">
    <item id="c1" line="205" tag="L">÷iHhiá÷M gá:Mi           naVH-maM</item>
    <item id="c2" line="206" tag="G">very          big,INAN,3 CLSFR-tree</item>
    <item id="c3" line="207" tag="T">the tree is very big</item>
  </tier>
  <tier id="p" type="phrases" content="c">
    <item id="p0" content="c1[0:33]"/>
  </tier>
  <tier id="g" type="glosses" content="c">
    <item id="g0" content="c2[0:35]" alignment="p1"/>
  </tier>
  <tier id="t" type="translations" content="c">
    <item id="t0" content="c3[0:20]" alignment="p1"/>
  </tier>
</igt>
<igt id="i74114">
  <metadata type="xigt-meta">
    <meta type="language" name="lealao chinantec" iso-639-3="cle" tiers="phrases words morphemes"/>
    <meta type="language" name="English" iso-639-3="eng" tiers="translations"/>
    <meta type="odin-source" doc-id="989" line-range="208-210" line-types="L G T"/>
  </metadata>
  <tier id="o" type="odin-raw">
    <item id="o1" line="208" tag="L">          b. ÷iHhiá÷M gá:Mi                 naL-lïVH             naVH-maM</item>
    <item id="o2" line="209" tag="G">               very              big,INAN,3 STAT-be,INAN,3 CLSFR-tree</item>
    <item id="o3" line="210" tag="T">               `the tree is very big'</item>
  </tier>
  <tier id="c" type="odin-clean">
    <item id="c1" line="208" tag="L">÷iHhiá÷M gá:Mi                 naL-lïVH             naVH-maM</item>
    <item id="c2" line="209" tag="G">very              big,INAN,3 STAT-be,INAN,3 CLSFR-tree</item>
    <item id="c3" line="210" tag="T">the tree is very big</item>
  </tier>
  <tier id="p" type="phrases" content="c">
    <item id="p0" content="c1[0:60]"/>
  </tier>
  <tier id="g" type="glosses" content="c">
    <item id="g0" content="c2[0:54]" alignment="p1"/>
  </tier>
  <tier id="t" type="translations" content="c">
    <item id="t0" content="c3[0:20]" alignment="p1"/>
  </tier>
</igt>
<igt id="i77788">
  <metadata type="xigt-meta">
    <meta type="language" name="lealao chinantec" iso-639-3="cle" tiers="phrases words morphemes"/>
    <meta type="language" name="English" iso-639-3="eng" tiers="translations"/>
    <meta type="odin-source" doc-id="2521" line-range="230-233" line-types="L G M+SY T"/>
  </metadata>
  <tier id="o" type="odin-raw">
    <item id="o1" line="230" tag="L">  (21) kaL-kiú÷M                   miVH-ziïL-i         [zaM nïM]</item>
    <item id="o2" line="231" tag="G">         PAST-strike.COMPL.3 CLSFR-head-1SG person that</item>
    <item id="o3" line="232" tag="M+SY">             V                         O                     S</item>
    <item id="o4" line="233" tag="T">         `that person struck my head'</item>
  </tier>
  <tier id="c" type="odin-clean">
    <item id="c1" line="230" tag="L">kaL-kiú÷M                   miVH-ziïL-i         [zaM nïM]</item>
    <item id="c2" line="231" tag="G">PAST-strike.COMPL.3 CLSFR-head-1SG person that</item>
    <item id="c3" line="232" tag="M+SY">V                         O                     S</item>
    <item id="c4" line="233" tag="T">that person struck my head</item>
  </tier>
  <tier id="p" type="phrases" content="c">
    <item id="p0" content="c1[0:57]"/>
  </tier>
  <tier id="g" type="glosses" content="c">
    <item id="g0" content="c2[0:46]" alignment="p1"/>
  </tier>
  <tier id="t" type="translations" content="c">
    <item id="t0" content="c4[0:26]" alignment="p1"/>
  </tier>
</igt>
<igt id="i77789">
  <metadata type="xigt-meta">
    <meta type="language" name="lealao chinantec" iso-639-3="cle" tiers="phrases words morphemes"/>
    <meta type="language" name="English" iso-639-3="eng" tiers="translations"/>
    <meta type="odin-source" doc-id="2521" line-range="250-254" line-types="L+CR L+CR G M+SY T"/>
  </metadata>
  <tier id="o" type="odin-raw">
    <item id="o1" line="250" tag="L+CR">               siá:VH [diá÷L siïMiu:Mi] Á</item>
    <item id="o2" line="251" tag="L+CR">         c.</item>
    <item id="o3" line="252" tag="G">               mother.3 PLUR baby</item>
    <item id="o4" line="253" tag="M+SY">                  N            G</item>
    <item id="o5" line="254" tag="T">               `the mother of the babies'</item>
  </tier>
  <tier id="c" type="odin-clean">
    <item id="c1" line="250 251" tag="L+CR">siá:VH [diá÷L siïMiu:Mi] Á</item>
    <item id="c3" line="252" tag="G">mother.3 PLUR baby</item>
    <item id="c4" line="253" tag="M+SY">N            G</item>
    <item id="c5" line="254" tag="T">the mother of the babies</item>
  </tier>
  <tier id="p" type="phrases" content="c">
    <item id="p0" content="c1[0:26]"/>
  </tier>
  <tier id="g" type="glosses" content="c">
    <item id="g0" content="c3[0:18]" alignment="p1"/>
  </tier>
  <tier id="t" type="translations" content="c">
    <item id="t0" content="c5[0:24]" alignment="p1"/>
  </tier>
</igt>
<igt id="i77790">
  <metadata type="xigt-meta">
    <meta type="language" name="lealao chinantec" iso-639-3="cle" tiers="phrases words morphemes"/>
    <meta type="language" name="English" iso-639-3="eng" tiers="translations"/>
    <meta type="odin-source" doc-id="2521" line-range="255-259" line-types="L+CR L+CR G M+SY T"/>
  </metadata>
  <tier id="o" type="odin-raw">
    <item id="o1" line="255" tag="L+CR">               gá:Mi gï?VH tï:VHi niuM lia÷M siïM kéL hniáM</item>
    <item id="o2" line="256" tag="L+CR">         d.</item>
    <item id="o3" line="257" tag="G">               big.3 more foot.2SG 2SG like as of.1SG 1SG</item>
    <item id="o4" line="258" tag="M+SY">                Adj                              M         St</item>
    <item id="o5" line="259" tag="T">               `your foot is bigger than mine'</item>
  </tier>
  <tier id="c" type="odin-clean">
    <item id="c1" line="255 256" tag="L+CR">gá:Mi gï?VH tï:VHi niuM lia÷M siïM kéL hniáM</item>
    <item id="c3" line="257" tag="G">big.3 more foot.2SG 2SG like as of.1SG 1SG</item>
    <item id="c4" line="258" tag="M+SY">Adj                              M         St</item>
    <item id="c5" line="259" tag="T">your foot is bigger than mine</item>
  </tier>
  <tier id="p" type="phrases" content="c">
    <item id="p0" content="c1[0:44]"/>
  </tier>
  <tier id="g" type="glosses" content="c">
    <item id="g0" content="c3[0:42]" alignment="p1"/>
  </tier>
  <tier id="t" type="translations" content="c">
    <item id="t0" content="c5[0:29]" alignment="p1"/>
  </tier>
</igt>
<igt id="i77791">
  <metadata type="xigt-meta">
    <meta type="language" name="lealao chinantec" iso-639-3="cle" tiers="phrases words morphemes"/>
    <meta type="language" name="English" iso-639-3="eng" tiers="translations"/>
    <meta type="odin-source" doc-id="2521" line-range="260-264" line-types="L+CR L+CR G M+SY T"/>
  </metadata>
  <tier id="o" type="odin-raw">
    <item id="o1" line="260" tag="L+CR">               kia:÷VH [÷aL÷eM naMfá÷Li hi:LH-aL]</item>
    <item id="o2" line="261" tag="L+CR">         e.</item>
    <item id="o3" line="262" tag="G">               because not             significant pay-1SG</item>
    <item id="o4" line="263" tag="M+SY">               Subord                Clause</item>
    <item id="o5" line="264" tag="T">               `because my wages aren't sufficient'</item>
  </tier>
  <tier id="c" type="odin-clean">
    <item id="c1" line="260 261" tag="L+CR">kia:÷VH [÷aL÷eM naMfá÷Li hi:LH-aL]</item>
    <item id="c3" line="262" tag="G">because not             significant pay-1SG</item>
    <item id="c4" line="263" tag="M+SY">Subord                Clause</item>
    <item id="c5" line="264" tag="T">because my wages aren't sufficient</item>
  </tier>
  <tier id="p" type="phrases" content="c">
    <item id="p0" content="c1[0:34]"/>
  </tier>
  <tier id="g" type="glosses" content="c">
    <item id="g0" content="c3[0:43]" alignment="p1"/>
  </tier>
  <tier id="t" type="translations" content="c">
    <item id="t0" content="c5[0:34]" alignment="p1"/>
  </tier>
</igt>
<igt id="i77845">
  <metadata type="xigt-meta">
    <meta type="language" name="lealao chinantec" iso-639-3="cle" tiers="phrases words morphemes"/>
    <meta type="language" name="English" iso-639-3="eng" tiers="translations"/>
    <meta type="odin-source" doc-id="2521" line-range="1222-1226" line-types="L G+CR G+CR M+SY T"/>
  </metadata>
  <tier id="o" type="odin-raw">
    <item id="o1" line="1222" tag="L">  (78) siïH maM-záL                 ka÷MtiLM ku:H kia:LHaH</item>
    <item id="o2" line="1223" tag="G+CR">                 PAST-run.out:3 completely money POSS.1PL</item>
    <item id="o3" line="1224" tag="G+CR">          Q</item>
    <item id="o4" line="1225" tag="M+SY">          Q                      S</item>
    <item id="o5" line="1226" tag="T">          `has our money completely run out?'</item>
  </tier>
  <tier id="c" type="odin-clean">
    <item id="c1" line="1222" tag="L">siïH maM-záL                 ka÷MtiLM ku:H kia:LHaH</item>
    <item id="c2" line="1223 1224" tag="G+CR">Q      PAST-run.out:3 completely money POSS.1PL</item>
    <item id="c4" line="1225" tag="M+SY">Q                      S</item>
    <item id="c5" line="1226" tag="T">has our money completely run out?</item>
  </tier>
  <tier id="p" type="phrases" content="c">
    <item id="p0" content="c1[0:51]"/>
  </tier>
  <tier id="g" type="glosses" content="c">
    <item id="g0" content="c2[0:47]" alignment="p1"/>
  </tier>
  <tier id="t" type="translations" content="c">
    <item id="t0" content="c5[0:33]" alignment="p1"/>
  </tier>
</igt>
<igt id="i77848">
  <metadata type="xigt-meta">
    <meta type="language" name="lealao chinantec" iso-639-3="cle" tiers="phrases words morphemes"/>
    <meta type="language" name="English" iso-639-3="eng" tiers="translations"/>
    <meta type="odin-source" doc-id="2521" line-range="1256-1259" line-types="L G M+SY T"/>
  </metadata>
  <tier id="o" type="odin-raw">
    <item id="o1" line="1256" tag="L">  (80) naM-baH            iúH siïH ÷á:H</item>
    <item id="o2" line="1257" tag="G">          STAT-hit.3 house Q               not</item>
    <item id="o3" line="1258" tag="M+SY">                     S                Tag</item>
    <item id="o4" line="1259" tag="T">          `the house was hit, was it not?'</item>
  </tier>
  <tier id="c" type="odin-clean">
    <item id="c1" line="1256" tag="L">naM-baH            iúH siïH ÷á:H</item>
    <item id="c2" line="1257" tag="G">STAT-hit.3 house Q               not</item>
    <item id="c3" line="1258" tag="M+SY">S                Tag</item>
    <item id="c4" line="1259" tag="T">the house was hit, was it not?</item>
  </tier>
  <tier id="p" type="phrases" content="c">
    <item id="p0" content="c1[0:32]"/>
  </tier>
  <tier id="g" type="glosses" content="c">
    <item id="g0" content="c2[0:36]" alignment="p1"/>
  </tier>
  <tier id="t" type="translations" content="c">
    <item id="t0" content="c4[0:30]" alignment="p1"/>
  </tier>
</igt>
<igt id="i77884">
  <metadata type="xigt-meta">
    <meta type="language" name="lealao chinantec" iso-639-3="cle" tiers="phrases words morphemes"/>
    <meta type="language" name="English" iso-639-3="eng" tiers="translations"/>
    <meta type="odin-source" doc-id="2521" line-range="1708-1712" line-types="L+DB+CR L+DB+CR G+DB M+DB+SY T+DB"/>
  </metadata>
  <tier id="o" type="odin-raw">
    <item id="o1" line="1708" tag="L+DB+CR">               tu:Á L ÷íVH                        b. a-kine-i`        a-arey`</item>
    <item id="o2" line="1709" tag="L+DB+CR">  (109) a.</item>
    <item id="o3" line="1710" tag="G+DB">               two place                               PL-goat-PL PL-two</item>
    <item id="o4" line="1711" tag="M+DB+SY">               Num N                                         N         Num</item>
    <item id="o5" line="1712" tag="T+DB">               `two places'                            `two goats'</item>
  </tier>
  <tier id="c" type="odin-clean">
    <item id="c1" line="1708 1709" tag="L+DB+CR">tu:Á L ÷íVH                        b. a-kine-i`        a-arey</item>
    <item id="c3" line="1710" tag="G+DB">two place                               PL-goat-PL PL-two</item>
    <item id="c4" line="1711" tag="M+DB+SY">Num N                                         N         Num</item>
    <item id="c5" line="1712" tag="T+DB">two places'                            `two goats</item>
  </tier>
  <tier id="p" type="phrases" content="c">
    <item id="p0" content="c1[0:61]"/>
  </tier>
  <tier id="g" type="glosses" content="c">
    <item id="g0" content="c3[0:57]" alignment="p1"/>
  </tier>
  <tier id="t" type="translations" content="c">
    <item id="t0" content="c5[0:49]" alignment="p1"/>
  </tier>
</igt>
<igt id="i77893">
  <metadata type="xigt-meta">
    <meta type="language" name="lealao chinantec" iso-639-3="cle" tiers="phrases words morphemes"/>
    <meta type="language" name="English" iso-639-3="eng" tiers="translations"/>
    <meta type="odin-source" doc-id="2521" line-range="1809-1812" line-types="L+DB G+DB M+DB+SY T+DB"/>
  </metadata>
  <tier id="o" type="odin-raw">
    <item id="o1" line="1809" tag="L+DB">  (116) a. dï÷VH li:÷H                             b. káhnú ndasi  ·</item>
    <item id="o2" line="1810" tag="G+DB">                very pretty                           big       very</item>
    <item id="o3" line="1811" tag="M+DB+SY">                Intens Adj                             Adj Intens</item>
    <item id="o4" line="1812" tag="T+DB">                `very pretty'                         `very big'</item>
  </tier>
  <tier id="c" type="odin-clean">
    <item id="c1" line="1809" tag="L+DB">dï÷VH li:÷H                             b. káhnú ndasi  ·</item>
    <item id="c2" line="1810" tag="G+DB">very pretty                           big       very</item>
    <item id="c3" line="1811" tag="M+DB+SY">Intens Adj                             Adj Intens</item>
    <item id="c4" line="1812" tag="T+DB">very pretty'                         `very big</item>
  </tier>
  <tier id="p" type="phrases" content="c">
    <item id="p0" content="c1[0:57]"/>
  </tier>
  <tier id="g" type="glosses" content="c">
    <item id="g0" content="c2[0:52]" alignment="p1"/>
  </tier>
  <tier id="t" type="translations" content="c">
    <item id="t0" content="c4[0:46]" alignment="p1"/>
  </tier>
</igt>
<igt id="i113421">
  <metadata type="xigt-meta">
    <meta type="language" name="lealao chinantec" iso-639-3="cle" tiers="phrases words morphemes"/>
    <meta type="language" name="English" iso-639-3="eng" tiers="translations"/>
    <meta type="odin-source" doc-id="3382" line-range="293-296" line-types="L G M+CN T"/>
  </metadata>
  <tier id="o" type="odin-raw">
    <item id="o1" line="293" tag="L">  (21) kaL-kiú÷M                  miVH-ziïL-i          [zaM nïM]</item>
    <item id="o2" line="294" tag="G">        PAST-strike.COMPL.3 CLSFR-head-1SG person that</item>
    <item id="o3" line="295" tag="M+CN">            V                          O                    S</item>
    <item id="o4" line="296" tag="T">        `that person struck my head'</item>
  </tier>
  <tier id="c" type="odin-clean">
    <item id="c1" line="293" tag="L">kaL-kiú÷M                  miVH-ziïL-i          [zaM nïM]</item>
    <item id="c2" line="294" tag="G">PAST-strike.COMPL.3 CLSFR-head-1SG person that</item>
    <item id="c3" line="295" tag="M+CN">V                          O                    S</item>
    <item id="c4" line="296" tag="T">that person struck my head</item>
  </tier>
  <tier id="p" type="phrases" content="c">
    <item id="p0" content="c1[0:57]"/>
  </tier>
  <tier id="g" type="glosses" content="c">
    <item id="g0" content="c2[0:46]" alignment="p1"/>
  </tier>
  <tier id="t" type="translations" content="c">
    <item id="t0" content="c4[0:26]" alignment="p1"/>
  </tier>
</igt>
<igt id="i113422">
  <metadata type="xigt-meta">
    <meta type="language" name="lealao chinantec" iso-639-3="cle" tiers="phrases words morphemes"/>
    <meta type="language" name="English" iso-639-3="eng" tiers="translations"/>
    <meta type="odin-source" doc-id="3382" line-range="309-313" line-types="L G+CR G+CR M+CN T"/>
  </metadata>
  <tier id="o" type="odin-raw">
    <item id="o1" line="309" tag="L">  (22) a. ÷iH-u:?LH-i                ziúL              he:LH     nu:M</item>
    <item id="o2" line="310" tag="G+CR">                           -wash-1SG well               among     weeds</item>
    <item id="o3" line="311" tag="G+CR">                INTENTIVE</item>
    <item id="o4" line="312" tag="M+CN">                V                     Adv                 Pr       NP</item>
    <item id="o5" line="313" tag="T">                `I will wash it well'                   `among   the weeds'</item>
  </tier>
  <tier id="c" type="odin-clean">
    <item id="c1" line="309" tag="L">÷iH-u:?LH-i                ziúL              he:LH     nu:M</item>
    <item id="c2" line="310 311" tag="G+CR">INTENTIVE-wash-1SG well               among     weeds</item>
    <item id="c4" line="312" tag="M+CN">V                     Adv                 Pr       NP</item>
    <item id="c5" line="313" tag="T">I will wash it well'                   `among   the weeds</item>
  </tier>
  <tier id="p" type="phrases" content="c">
    <item id="p0" content="c1[0:59]"/>
  </tier>
  <tier id="g" type="glosses" content="c">
    <item id="g0" content="c2[0:53]" alignment="p1"/>
  </tier>
  <tier id="t" type="translations" content="c">
    <item id="t0" content="c5[0:57]" alignment="p1"/>
  </tier>
</igt>
<igt id="i113423">
  <metadata type="xigt-meta">
    <meta type="language" name="lealao chinantec" iso-639-3="cle" tiers="phrases words morphemes"/>
    <meta type="language" name="English" iso-639-3="eng" tiers="translations"/>
    <meta type="odin-source" doc-id="3382" line-range="314-318" line-types="L+CR L+CR G M+CN T"/>
  </metadata>
  <tier id="o" type="odin-raw">
    <item id="o1" line="314" tag="L+CR">               si?VH [diá÷L siïMiu:Mi]</item>
    <item id="o2" line="315" tag="L+CR">         c.                             ?</item>
    <item id="o3" line="316" tag="G">               mother.3 PLUR baby</item>
    <item id="o4" line="317" tag="M+CN">                  N            G</item>
    <item id="o5" line="318" tag="T">               `the mother of the babies'</item>
  </tier>
  <tier id="c" type="odin-clean">
    <item id="c1" line="314" tag="L+CR">si?VH [diá÷L siïMiu:Mi]</item>
    <item id="c3" line="316" tag="G">mother.3 PLUR baby</item>
    <item id="c4" line="317" tag="M+CN">N            G</item>
    <item id="c5" line="318" tag="T">the mother of the babies</item>
  </tier>
  <tier id="p" type="phrases" content="c">
    <item id="p0" content="c1[0:23]"/>
  </tier>
  <tier id="g" type="glosses" content="c">
    <item id="g0" content="c3[0:18]" alignment="p1"/>
  </tier>
  <tier id="t" type="translations" content="c">
    <item id="t0" content="c5[0:24]" alignment="p1"/>
  </tier>
</igt>
<igt id="i113424">
  <metadata type="xigt-meta">
    <meta type="language" name="lealao chinantec" iso-639-3="cle" tiers="phrases words morphemes"/>
    <meta type="language" name="English" iso-639-3="eng" tiers="translations"/>
    <meta type="odin-source" doc-id="3382" line-range="319-323" line-types="L+CR L+CR G M+CN T"/>
  </metadata>
  <tier id="o" type="odin-raw">
    <item id="o1" line="319" tag="L+CR">               g?Mi g?VH t?VHi niuM lia÷M siïM kéL hniáM</item>
    <item id="o2" line="320" tag="L+CR">         d.</item>
    <item id="o3" line="321" tag="G">               big.3 more foot.2SG 2SG like as of.1SG 1SG</item>
    <item id="o4" line="322" tag="M+CN">                Adj                              M         St</item>
    <item id="o5" line="323" tag="T">               `your foot is bigger than mine'</item>
  </tier>
  <tier id="c" type="odin-clean">
    <item id="c1" line="319 320" tag="L+CR">g?Mi g?VH t?VHi niuM lia÷M siïM kéL hniáM</item>
    <item id="c3" line="321" tag="G">big.3 more foot.2SG 2SG like as of.1SG 1SG</item>
    <item id="c4" line="322" tag="M+CN">Adj                              M         St</item>
    <item id="c5" line="323" tag="T">your foot is bigger than mine</item>
  </tier>
  <tier id="p" type="phrases" content="c">
    <item id="p0" content="c1[0:41]"/>
  </tier>
  <tier id="g" type="glosses" content="c">
    <item id="g0" content="c3[0:42]" alignment="p1"/>
  </tier>
  <tier id="t" type="translations" content="c">
    <item id="t0" content="c5[0:29]" alignment="p1"/>
  </tier>
</igt>
<igt id="i113425">
  <metadata type="xigt-meta">
    <meta type="language" name="lealao chinantec" iso-639-3="cle" tiers="phrases words morphemes"/>
    <meta type="language" name="English" iso-639-3="eng" tiers="translations"/>
    <meta type="odin-source" doc-id="3382" line-range="324-328" line-types="L+CR L+CR G M+CN T"/>
  </metadata>
  <tier id="o" type="odin-raw">
    <item id="o1" line="324" tag="L+CR">               kia:÷VH [÷aL÷eM naMfá÷Li hi:LH-aL]</item>
    <item id="o2" line="325" tag="L+CR">         e.</item>
    <item id="o3" line="326" tag="G">               because not             significant pay-1SG</item>
    <item id="o4" line="327" tag="M+CN">               Subord                Clause</item>
    <item id="o5" line="328" tag="T">               `because my wages aren't sufficient'</item>
  </tier>
  <tier id="c" type="odin-clean">
    <item id="c1" line="324 325" tag="L+CR">kia:÷VH [÷aL÷eM naMfá÷Li hi:LH-aL]</item>
    <item id="c3" line="326" tag="G">because not             significant pay-1SG</item>
    <item id="c4" line="327" tag="M+CN">Subord                Clause</item>
    <item id="c5" line="328" tag="T">because my wages aren't sufficient</item>
  </tier>
  <tier id="p" type="phrases" content="c">
    <item id="p0" content="c1[0:34]"/>
  </tier>
  <tier id="g" type="glosses" content="c">
    <item id="g0" content="c3[0:43]" alignment="p1"/>
  </tier>
  <tier id="t" type="translations" content="c">
    <item id="t0" content="c5[0:34]" alignment="p1"/>
  </tier>
</igt>
<igt id="i113481">
  <metadata type="xigt-meta">
    <meta type="language" name="lealao chinantec" iso-639-3="cle" tiers="phrases words morphemes"/>
    <meta type="language" name="English" iso-639-3="eng" tiers="translations"/>
    <meta type="odin-source" doc-id="3382" line-range="1267-1271" line-types="L G+CR G+CR M+CN T"/>
  </metadata>
  <tier id="o" type="odin-raw">
    <item id="o1" line="1267" tag="L">  (78) siïH maM-záL               ka÷MtiLM ku:H kia:LHaH</item>
    <item id="o2" line="1268" tag="G+CR">                  PAST-run.out.3 completely money POSS.1PL</item>
    <item id="o3" line="1269" tag="G+CR">           Q</item>
    <item id="o4" line="1270" tag="M+CN">           Q                    S</item>
    <item id="o5" line="1271" tag="T">           `has our money completely run out?'</item>
  </tier>
  <tier id="c" type="odin-clean">
    <item id="c1" line="1267" tag="L">siïH maM-záL               ka÷MtiLM ku:H kia:LHaH</item>
    <item id="c2" line="1268 1269" tag="G+CR">Q      PAST-run.out.3 completely money POSS.1PL</item>
    <item id="c4" line="1270" tag="M+CN">Q                    S</item>
    <item id="c5" line="1271" tag="T">has our money completely run out?</item>
  </tier>
  <tier id="p" type="phrases" content="c">
    <item id="p0" content="c1[0:49]"/>
  </tier>
  <tier id="g" type="glosses" content="c">
    <item id="g0" content="c2[0:47]" alignment="p1"/>
  </tier>
  <tier id="t" type="translations" content="c">
    <item id="t0" content="c5[0:33]" alignment="p1"/>
  </tier>
</igt>
<igt id="i113484">
  <metadata type="xigt-meta">
    <meta type="language" name="lealao chinantec" iso-639-3="cle" tiers="phrases words morphemes"/>
    <meta type="language" name="English" iso-639-3="eng" tiers="translations"/>
    <meta type="odin-source" doc-id="3382" line-range="1297-1300" line-types="L G M+CN T"/>
  </metadata>
  <tier id="o" type="odin-raw">
    <item id="o1" line="1297" tag="L">  (80) naM-baH            iúH siïH ÷á:H</item>
    <item id="o2" line="1298" tag="G">           STAT-hit.3 house Q               not</item>
    <item id="o3" line="1299" tag="M+CN">                      S               Tag</item>
    <item id="o4" line="1300" tag="T">           `the house was hit, was it not?'</item>
  </tier>
  <tier id="c" type="odin-clean">
    <item id="c1" line="1297" tag="L">naM-baH            iúH siïH ÷á:H</item>
    <item id="c2" line="1298" tag="G">STAT-hit.3 house Q               not</item>
    <item id="c3" line="1299" tag="M+CN">S               Tag</item>
    <item id="c4" line="1300" tag="T">the house was hit, was it not?</item>
  </tier>
  <tier id="p" type="phrases" content="c">
    <item id="p0" content="c1[0:32]"/>
  </tier>
  <tier id="g" type="glosses" content="c">
    <item id="g0" content="c2[0:36]" alignment="p1"/>
  </tier>
  <tier id="t" type="translations" content="c">
    <item id="t0" content="c4[0:30]" alignment="p1"/>
  </tier>
</igt>
<igt id="i113521">
  <metadata type="xigt-meta">
    <meta type="language" name="lealao chinantec" iso-639-3="cle" tiers="phrases words morphemes"/>
    <meta type="language" name="English" iso-639-3="eng" tiers="translations"/>
    <meta type="odin-source" doc-id="3382" line-range="1738-1742" line-types="L+DB+CR L+DB+CR G+DB M+CN+DB T+DB"/>
  </metadata>
  <tier id="o" type="odin-raw">
    <item id="o1" line="1738" tag="L+DB+CR">                tu:?L ÷íVH</item>
    <item id="o2" line="1739" tag="L+DB+CR">  (109) a.                                            b. a-kine-i`       a-arey`</item>
    <item id="o3" line="1740" tag="G+DB">                two place                                 PL-goat-PL PL-two</item>
    <item id="o4" line="1741" tag="M+CN+DB">                Num N                                           N         Num</item>
    <item id="o5" line="1742" tag="T+DB">                `two places'                              `two goats'</item>
  </tier>
  <tier id="c" type="odin-clean">
    <item id="c1" line="1738 1739" tag="L+DB+CR">tu:?L ÷íVH                          b. a-kine-i`       a-arey</item>
    <item id="c3" line="1740" tag="G+DB">two place                                 PL-goat-PL PL-two</item>
    <item id="c4" line="1741" tag="M+CN+DB">Num N                                           N         Num</item>
    <item id="c5" line="1742" tag="T+DB">two places'                              `two goats</item>
  </tier>
  <tier id="p" type="phrases" content="c">
    <item id="p0" content="c1[0:61]"/>
  </tier>
  <tier id="g" type="glosses" content="c">
    <item id="g0" content="c3[0:59]" alignment="p1"/>
  </tier>
  <tier id="t" type="translations" content="c">
    <item id="t0" content="c5[0:51]" alignment="p1"/>
  </tier>
</igt>
<igt id="i113527">
  <metadata type="xigt-meta">
    <meta type="language" name="lealao chinantec" iso-639-3="cle" tiers="phrases words morphemes"/>
    <meta type="language" name="English" iso-639-3="eng" tiers="translations"/>
    <meta type="odin-source" doc-id="3382" line-range="1789-1794" line-types="L+DB+CR L+DB+CR L+DB+CR G+DB M+CN+DB T+DB"/>
  </metadata>
  <tier id="o" type="odin-raw">
    <item id="o1" line="1789" tag="L+DB+CR">                 ÷aL÷eM ma÷L-lí÷Li                        b. néé ra-vyaata buyaa?</item>
    <item id="o2" line="1790" tag="L+DB+CR">                                                                             ÁÁ        ?</item>
    <item id="o3" line="1791" tag="L+DB+CR">  (113) a.</item>
    <item id="o4" line="1792" tag="G+DB">                 not        ASP-remember.1SG                    not 1SG-want manioc.beer</item>
    <item id="o5" line="1793" tag="M+CN+DB">                 Neg            V                               Neg        V</item>
    <item id="o6" line="1794" tag="T+DB">                 `I no longer remember'                         `I don't want manioc beer'</item>
  </tier>
  <tier id="c" type="odin-clean">
    <item id="c1" line="1789 1791" tag="L+DB+CR">÷aL÷eM ma÷L-lí÷Li                        b. néé ra-vyaata buyaa?</item>
    <item id="c4" line="1792" tag="G+DB">not        ASP-remember.1SG                    not 1SG-want manioc.beer</item>
    <item id="c5" line="1793" tag="M+CN+DB">Neg            V                               Neg        V</item>
    <item id="c6" line="1794" tag="T+DB">I no longer remember'                         `I don't want manioc beer</item>
  </tier>
  <tier id="p" type="phrases" content="c">
    <item id="p0" content="c1[0:64]"/>
  </tier>
  <tier id="g" type="glosses" content="c">
    <item id="g0" content="c4[0:71]" alignment="p1"/>
  </tier>
  <tier id="t" type="translations" content="c">
    <item id="t0" content="c6[0:71]" alignment="p1"/>
  </tier>
</igt>
<igt id="i113531">
  <metadata type="xigt-meta">
    <meta type="language" name="lealao chinantec" iso-639-3="cle" tiers="phrases words morphemes"/>
    <meta type="language" name="English" iso-639-3="eng" tiers="translations"/>
    <meta type="odin-source" doc-id="3382" line-range="1836-1840" line-types="L+CR L+CR G M+CN T"/>
  </metadata>
  <tier id="o" type="odin-raw">
    <item id="o1" line="1836" tag="L+CR">                dï÷VH li:÷H</item>
    <item id="o2" line="1837" tag="L+CR">  (116) a.                                      b. káhn?ndasi     ?</item>
    <item id="o3" line="1838" tag="G">                very pretty                          big       very</item>
    <item id="o4" line="1839" tag="M+CN">                Intens Adj                            Adj Intens</item>
    <item id="o5" line="1840" tag="T">                `very pretty'                        `very big'</item>
  </tier>
  <tier id="c" type="odin-clean">
    <item id="c1" line="1836 1837" tag="L+CR">dï÷VH li:÷H                  b. káhn?ndasi     ?</item>
    <item id="c3" line="1838" tag="G">very pretty                          big       very</item>
    <item id="c4" line="1839" tag="M+CN">Intens Adj                            Adj Intens</item>
    <item id="c5" line="1840" tag="T">very pretty'                        `very big</item>
  </tier>
  <tier id="p" type="phrases" content="c">
    <item id="p0" content="c1[0:48]"/>
  </tier>
  <tier id="g" type="glosses" content="c">
    <item id="g0" content="c3[0:51]" alignment="p1"/>
  </tier>
  <tier id="t" type="translations" content="c">
    <item id="t0" content="c5[0:45]" alignment="p1"/>
  </tier>
</igt>
</xigt-corpus>
