<?xml version="1.0" encoding="UTF-8"?>
<xigt-corpus>
<igt id="i118732">
  <metadata type="xigt-meta">
    <meta type="language" name="middle cornish" iso-639-3="cnx" tiers="phrases words morphemes"/>
    <meta type="language" name="English" iso-639-3="eng" tiers="translations"/>
    <meta type="odin-source" doc-id="2687" line-range="624-626" line-types="L G T+AC"/>
  </metadata>
  <tier id="o" type="odin-raw">
    <item id="o1" line="624" tag="L">  (i)                  Cryst ha ty        me a    dhefy...</item>
    <item id="o2" line="625" tag="G">                       Christ and you I PRT defy</item>
    <item id="o3" line="626" tag="T+AC">                       `I defy you and Christ...'                       (Beunans Meriasek 2475)</item>
  </tier>
  <tier id="c" type="odin-clean">
    <item id="c1" line="624" tag="L">Cryst ha ty        me a    dhefy...</item>
    <item id="c2" line="625" tag="G">Christ and you I PRT defy</item>
    <item id="c3" line="626" tag="T+AC">I defy you and Christ...'                       (Beunans Meriasek 2475)</item>
  </tier>
  <tier id="p" type="phrases" content="c">
    <item id="p0" content="c1[0:35]"/>
  </tier>
  <tier id="g" type="glosses" content="c">
    <item id="g0" content="c2[0:25]" alignment="p1"/>
  </tier>
  <tier id="t" type="translations" content="c">
    <item id="t0" content="c3[0:71]" alignment="p1"/>
  </tier>
</igt>
</xigt-corpus>
