<?xml version="1.0" encoding="UTF-8"?>
<xigt-corpus>
<igt id="i14748">
  <metadata type="xigt-meta">
    <meta type="language" name="cora" iso-639-3="cok:crn" tiers="phrases words morphemes"/>
    <meta type="language" name="English" iso-639-3="eng" tiers="translations"/>
    <meta type="odin-source" doc-id="3538" line-range="8149-8151" line-types="L+SY G T+EX"/>
  </metadata>
  <tier id="o" type="odin-raw">
    <item id="o1" line="8149" tag="L+SY">  (1)      [mi-ra-tú?u-ni]                      mí       ni-tasí            ti                 kí-titi/i</item>
    <item id="o2" line="8150" tag="G">           S1SG-PO2SG-take-IRR                  ART POSS1SG-blanket SBR3SG NEG-long</item>
    <item id="o3" line="8151" tag="T+EX">           'I am going to take it, my short blanket.' (lit. not-long)</item>
  </tier>
  <tier id="c" type="odin-clean">
    <item id="c1" line="8149" tag="L+SY">[mi-ra-tú?u-ni]                      mí       ni-tasí            ti                 kí-titi/i</item>
    <item id="c2" line="8150" tag="G">S1SG-PO2SG-take-IRR                  ART POSS1SG-blanket SBR3SG NEG-long</item>
    <item id="c3" line="8151" tag="T+EX">I am going to take it, my short blanket.' (lit. not-long)</item>
  </tier>
  <tier id="p" type="phrases" content="c">
    <item id="p0" content="c1[0:93]"/>
  </tier>
  <tier id="g" type="glosses" content="c">
    <item id="g0" content="c2[0:72]" alignment="p1"/>
  </tier>
  <tier id="t" type="translations" content="c">
    <item id="t0" content="c3[0:57]" alignment="p1"/>
  </tier>
</igt>
<igt id="i14749">
  <metadata type="xigt-meta">
    <meta type="language" name="cora" iso-639-3="cok:crn" tiers="phrases words morphemes"/>
    <meta type="language" name="English" iso-639-3="eng" tiers="translations"/>
    <meta type="odin-source" doc-id="3538" line-range="8153-8156" line-types="L+CR L+CR G T"/>
  </metadata>
  <tier id="o" type="odin-raw">
    <item id="o1" line="8153" tag="L+CR">                 yi:ci héhkwa</item>
    <item id="o2" line="8154" tag="L+CR">  (2)      í</item>
    <item id="o3" line="8155" tag="G">           ART dress new</item>
    <item id="o4" line="8156" tag="T">           'The dress is new.'</item>
  </tier>
  <tier id="c" type="odin-clean">
    <item id="c1" line="8153 8154" tag="L+CR">í    yi:ci héhkwa</item>
    <item id="c3" line="8155" tag="G">ART dress new</item>
    <item id="c4" line="8156" tag="T">The dress is new.</item>
  </tier>
  <tier id="p" type="phrases" content="c">
    <item id="p0" content="c1[0:17]"/>
  </tier>
  <tier id="g" type="glosses" content="c">
    <item id="g0" content="c3[0:13]" alignment="p1"/>
  </tier>
  <tier id="t" type="translations" content="c">
    <item id="t0" content="c4[0:17]" alignment="p1"/>
  </tier>
</igt>
</xigt-corpus>
