<?xml version="1.0" encoding="UTF-8"?>
<xigt-corpus>
<igt id="i12357">
  <metadata type="xigt-meta">
    <meta type="language" name="comanche" iso-639-3="com" tiers="phrases words morphemes"/>
    <meta type="language" name="English" iso-639-3="eng" tiers="translations"/>
    <meta type="odin-source" doc-id="2481" line-range="2974-2977" line-types="M+AC L G T"/>
  </metadata>
  <tier id="o" type="odin-raw">
    <item id="o1" line="2974" tag="M+AC">  (1) (Canonge and Riddles 1958, 37-38)</item>
    <item id="o2" line="2975" tag="L">          S-u-'ana-ki-se'            ma-mu-nai            hini        tu-háni-ki-na.</item>
    <item id="o3" line="2976" tag="G">          TOP-DIST-ADV-NAR-DM           OBV-front-from    something black-do/be-DIR(come)-PROG</item>
    <item id="o4" line="2977" tag="T">          `There, from in front of her, something dark was coming.'</item>
  </tier>
  <tier id="c" type="odin-clean">
    <item id="c1" line="2974" tag="M+AC">(Canonge and Riddles 1958, 37-38</item>
    <item id="c2" line="2975" tag="L">S-u-'ana-ki-se'            ma-mu-nai            hini        tu-háni-ki-na.</item>
    <item id="c3" line="2976" tag="G">TOP-DIST-ADV-NAR-DM           OBV-front-from    something black-do/be-DIR(come)-PROG</item>
    <item id="c4" line="2977" tag="T">There, from in front of her, something dark was coming.</item>
  </tier>
  <tier id="p" type="phrases" content="c">
    <item id="p0" content="c2[0:74]"/>
  </tier>
  <tier id="g" type="glosses" content="c">
    <item id="g0" content="c3[0:84]" alignment="p1"/>
  </tier>
  <tier id="t" type="translations" content="c">
    <item id="t0" content="c4[0:55]" alignment="p1"/>
  </tier>
</igt>
<igt id="i49125">
  <metadata type="xigt-meta">
    <meta type="language" name="comanche" iso-639-3="com" tiers="phrases words morphemes"/>
    <meta type="language" name="English" iso-639-3="eng" tiers="translations"/>
    <meta type="odin-source" doc-id="3405" line-range="7969-7970" line-types="M+AC+LN L-T"/>
  </metadata>
  <tier id="o" type="odin-raw">
    <item id="o1" line="7969" tag="M+AC+LN">  (161) Comanche (Robinson and Armagost 1990: 197, in passim)</item>
    <item id="o2" line="7970" tag="L-T">         utukatu         `give in a hanging container'</item>
  </tier>
  <tier id="c" type="odin-clean">
    <item id="c1" line="7969" tag="M+AC+LN">Comanche (Robinson and Armagost 1990: 197, in passim</item>
    <item id="c2" line="7970" tag="L-T">utukatu         `give in a hanging container</item>
  </tier>
</igt>
<igt id="i49126">
  <metadata type="xigt-meta">
    <meta type="language" name="comanche" iso-639-3="com" tiers="phrases words morphemes"/>
    <meta type="language" name="English" iso-639-3="eng" tiers="translations"/>
    <meta type="odin-source" doc-id="3405" line-range="7971-7972" line-types="G-T L"/>
  </metadata>
  <tier id="o" type="odin-raw">
    <item id="o1" line="7971" tag="G-T">                         `give something' (= give SG.OBJ)</item>
    <item id="o2" line="7972" tag="L">         tsaruru</item>
  </tier>
  <tier id="c" type="odin-clean">
    <item id="c1" line="7971" tag="G-T">give something' (= give SG.OBJ)</item>
    <item id="c2" line="7972" tag="L">tsaruru</item>
  </tier>
  <tier id="p" type="phrases" content="c">
    <item id="p0" content="c2[0:7]"/>
  </tier>
</igt>
<igt id="i49127">
  <metadata type="xigt-meta">
    <meta type="language" name="comanche" iso-639-3="com" tiers="phrases words morphemes"/>
    <meta type="language" name="English" iso-639-3="eng" tiers="translations"/>
    <meta type="odin-source" doc-id="3405" line-range="7973-7973" line-types="L-G-T"/>
  </metadata>
  <tier id="o" type="odin-raw">
    <item id="o1" line="7973" tag="L-G-T">         himiitu         `give several things' (= give PL.OBJ)</item>
  </tier>
  <tier id="c" type="odin-clean">
    <item id="c1" line="7973" tag="L-G-T">himiitu         `give several things' (= give PL.OBJ)</item>
  </tier>
</igt>
<igt id="i49167">
  <metadata type="xigt-meta">
    <meta type="language" name="comanche" iso-639-3="com" tiers="phrases words morphemes"/>
    <meta type="language" name="English" iso-639-3="eng" tiers="translations"/>
    <meta type="odin-source" doc-id="3405" line-range="8284-8286" line-types="M+AC+LN M L-G-T"/>
  </metadata>
  <tier id="o" type="odin-raw">
    <item id="o1" line="8284" tag="M+AC+LN">  (171) Comanche (Uto-Aztecan, Numic) (Todd McDaniels, p.c.)</item>
    <item id="o2" line="8285" tag="M">        FORM                    MORPHEMIC ANALYSIS          TRANSLATION</item>
    <item id="o3" line="8286" tag="L-G-T">  a.    tïyai                   die.SG                      `die/kill (one)'</item>
  </tier>
  <tier id="c" type="odin-clean">
    <item id="c1" line="8284" tag="M+AC+LN">Comanche (Uto-Aztecan, Numic) (Todd McDaniels, p.c.</item>
    <item id="c2" line="8285" tag="M">FORM                    MORPHEMIC ANALYSIS          TRANSLATION</item>
    <item id="c3" line="8286" tag="L-G-T">tïyai                   die.SG                      `die/kill (one)</item>
  </tier>
</igt>
<igt id="i49168">
  <metadata type="xigt-meta">
    <meta type="language" name="comanche" iso-639-3="com" tiers="phrases words morphemes"/>
    <meta type="language" name="English" iso-639-3="eng" tiers="translations"/>
    <meta type="odin-source" doc-id="3405" line-range="8287-8287" line-types="L-G-T"/>
  </metadata>
  <tier id="o" type="odin-raw">
    <item id="o1" line="8287" tag="L-G-T">        koi                     die.PL                      `die/kill (many)'</item>
  </tier>
  <tier id="c" type="odin-clean">
    <item id="c1" line="8287" tag="L-G-T">koi                     die.PL                      `die/kill (many)</item>
  </tier>
</igt>
<igt id="i49169">
  <metadata type="xigt-meta">
    <meta type="language" name="comanche" iso-639-3="com" tiers="phrases words morphemes"/>
    <meta type="language" name="English" iso-639-3="eng" tiers="translations"/>
    <meta type="odin-source" doc-id="3405" line-range="8288-8289" line-types="L-G-T L-G+AL"/>
  </metadata>
  <tier id="o" type="odin-raw">
    <item id="o1" line="8288" tag="L-G-T">  b.    tsiha-tïyai-humia       hunger-die.SG-about to      `about to starve (to death)'</item>
    <item id="o2" line="8289" tag="L-G+AL">        tsiha-koi-humia         hunger-die.PL-about to</item>
  </tier>
  <tier id="c" type="odin-clean">
    <item id="c1" line="8288" tag="L-G-T">tsiha-tïyai-humia       hunger-die.SG-about to      `about to starve (to death)</item>
    <item id="c2" line="8289" tag="L-G+AL">tsiha-koi-humia         hunger-die.PL-about to</item>
  </tier>
</igt>
<igt id="i49170">
  <metadata type="xigt-meta">
    <meta type="language" name="comanche" iso-639-3="com" tiers="phrases words morphemes"/>
    <meta type="language" name="English" iso-639-3="eng" tiers="translations"/>
    <meta type="odin-source" doc-id="3405" line-range="8290-8291" line-types="L-G-T L-G+AL"/>
  </metadata>
  <tier id="o" type="odin-raw">
    <item id="o1" line="8290" tag="L-G-T">  c.    taku-tïyai-humia        thirst-die.SG-about to      `about to die of thirst'</item>
    <item id="o2" line="8291" tag="L-G+AL">        taku-koi-humia          thirst-die.PL-about to</item>
  </tier>
  <tier id="c" type="odin-clean">
    <item id="c1" line="8290" tag="L-G-T">taku-tïyai-humia        thirst-die.SG-about to      `about to die of thirst</item>
    <item id="c2" line="8291" tag="L-G+AL">taku-koi-humia          thirst-die.PL-about to</item>
  </tier>
</igt>
<igt id="i49171">
  <metadata type="xigt-meta">
    <meta type="language" name="comanche" iso-639-3="com" tiers="phrases words morphemes"/>
    <meta type="language" name="English" iso-639-3="eng" tiers="translations"/>
    <meta type="odin-source" doc-id="3405" line-range="8292-8293" line-types="L-G-T L-G+AL"/>
  </metadata>
  <tier id="o" type="odin-raw">
    <item id="o1" line="8292" tag="L-G-T">  d.    sï-tïyai-humia          feel cold-die.SG-about to   `about to freeze to death'</item>
    <item id="o2" line="8293" tag="L-G+AL">        sï-koi-humia            feel cold-die.PL-about to</item>
  </tier>
  <tier id="c" type="odin-clean">
    <item id="c1" line="8292" tag="L-G-T">sï-tïyai-humia          feel cold-die.SG-about to   `about to freeze to death</item>
    <item id="c2" line="8293" tag="L-G+AL">sï-koi-humia            feel cold-die.PL-about to</item>
  </tier>
</igt>
<igt id="i58550">
  <metadata type="xigt-meta">
    <meta type="language" name="comanche" iso-639-3="com" tiers="phrases words morphemes"/>
    <meta type="language" name="English" iso-639-3="eng" tiers="translations"/>
    <meta type="odin-source" doc-id="3186" line-range="401-403" line-types="L G T"/>
  </metadata>
  <tier id="o" type="odin-raw">
    <item id="o1" line="401" tag="L">   (19)    a. yu-kati</item>
    <item id="o2" line="402" tag="G">              quiet-sit-imp.2s</item>
    <item id="o3" line="403" tag="T">              `Sit down and be quiet!'</item>
  </tier>
  <tier id="c" type="odin-clean">
    <item id="c1" line="401" tag="L">yu-kati</item>
    <item id="c2" line="402" tag="G">quiet-sit-imp.2s</item>
    <item id="c3" line="403" tag="T">Sit down and be quiet!</item>
  </tier>
  <tier id="p" type="phrases" content="c">
    <item id="p0" content="c1[0:7]"/>
  </tier>
  <tier id="g" type="glosses" content="c">
    <item id="g0" content="c2[0:16]" alignment="p1"/>
  </tier>
  <tier id="t" type="translations" content="c">
    <item id="t0" content="c3[0:22]" alignment="p1"/>
  </tier>
</igt>
<igt id="i58551">
  <metadata type="xigt-meta">
    <meta type="language" name="comanche" iso-639-3="com" tiers="phrases words morphemes"/>
    <meta type="language" name="English" iso-639-3="eng" tiers="translations"/>
    <meta type="odin-source" doc-id="3186" line-range="404-406" line-types="L G T"/>
  </metadata>
  <tier id="o" type="odin-raw">
    <item id="o1" line="404" tag="L">           b. yuEyIkwiEpIkwIh</item>
    <item id="o2" line="405" tag="G">              quiet-sit(pl.sub j)-imp.2d</item>
    <item id="o3" line="406" tag="T">              `You two sit down and be quiet!'</item>
  </tier>
  <tier id="c" type="odin-clean">
    <item id="c1" line="404" tag="L">yuEyIkwiEpIkwIh</item>
    <item id="c2" line="405" tag="G">quiet-sit(pl.sub j)-imp.2d</item>
    <item id="c3" line="406" tag="T">You two sit down and be quiet!</item>
  </tier>
  <tier id="p" type="phrases" content="c">
    <item id="p0" content="c1[0:15]"/>
  </tier>
  <tier id="g" type="glosses" content="c">
    <item id="g0" content="c2[0:26]" alignment="p1"/>
  </tier>
  <tier id="t" type="translations" content="c">
    <item id="t0" content="c3[0:30]" alignment="p1"/>
  </tier>
</igt>
<igt id="i58569">
  <metadata type="xigt-meta">
    <meta type="language" name="comanche" iso-639-3="com" tiers="phrases words morphemes"/>
    <meta type="language" name="English" iso-639-3="eng" tiers="translations"/>
    <meta type="odin-source" doc-id="3186" line-range="676-678" line-types="L G T"/>
  </metadata>
  <tier id="o" type="odin-raw">
    <item id="o1" line="676" tag="L">   (33)   a. yu-kati</item>
    <item id="o2" line="677" tag="G">             quiet-sit.imp.2s</item>
    <item id="o3" line="678" tag="T">             `Sit down and be quiet'</item>
  </tier>
  <tier id="c" type="odin-clean">
    <item id="c1" line="676" tag="L">yu-kati</item>
    <item id="c2" line="677" tag="G">quiet-sit.imp.2s</item>
    <item id="c3" line="678" tag="T">Sit down and be quiet</item>
  </tier>
  <tier id="p" type="phrases" content="c">
    <item id="p0" content="c1[0:7]"/>
  </tier>
  <tier id="g" type="glosses" content="c">
    <item id="g0" content="c2[0:16]" alignment="p1"/>
  </tier>
  <tier id="t" type="translations" content="c">
    <item id="t0" content="c3[0:21]" alignment="p1"/>
  </tier>
</igt>
<igt id="i58570">
  <metadata type="xigt-meta">
    <meta type="language" name="comanche" iso-639-3="com" tiers="phrases words morphemes"/>
    <meta type="language" name="English" iso-639-3="eng" tiers="translations"/>
    <meta type="odin-source" doc-id="3186" line-range="679-681" line-types="L G T"/>
  </metadata>
  <tier id="o" type="odin-raw">
    <item id="o1" line="679" tag="L">          b. mi          tnnI</item>
    <item id="o2" line="680" tag="G">             go-imp.2s 1p.incl</item>
    <item id="o3" line="681" tag="T">             `Let's go!'</item>
  </tier>
  <tier id="c" type="odin-clean">
    <item id="c1" line="679" tag="L">mi          tnnI</item>
    <item id="c2" line="680" tag="G">go-imp.2s 1p.incl</item>
    <item id="c3" line="681" tag="T">Let's go!</item>
  </tier>
  <tier id="p" type="phrases" content="c">
    <item id="p0" content="c1[0:16]"/>
  </tier>
  <tier id="g" type="glosses" content="c">
    <item id="g0" content="c2[0:17]" alignment="p1"/>
  </tier>
  <tier id="t" type="translations" content="c">
    <item id="t0" content="c3[0:9]" alignment="p1"/>
  </tier>
</igt>
</xigt-corpus>
