<?xml version="1.0" encoding="UTF-8"?>
<xigt-corpus>
<igt id="i23300">
  <metadata type="xigt-meta">
    <meta type="language" name="corsican" iso-639-3="cos" tiers="phrases words morphemes"/>
    <meta type="language" name="English" iso-639-3="eng" tiers="translations"/>
    <meta type="odin-source" doc-id="1272" line-range="165-172" line-types="M+AC+LN B L G L G T T"/>
  </metadata>
  <tier id="o" type="odin-raw">
    <item id="o1" line="165" tag="M+AC+LN">  (12)    Corsican [Romance; Bossong 1991]</item>
    <item id="o2" line="166" tag="B"></item>
    <item id="o3" line="167" tag="L">          Prete     Sartoli cuniscia l' omi in ginerale e   a Ziu Don</item>
    <item id="o4" line="168" tag="G">          priest    sartoli knew     the man in general and obj uncle Don</item>
    <item id="o5" line="169" tag="L">          Salto    in particulare.</item>
    <item id="o6" line="170" tag="G">          Salto    in particular</item>
    <item id="o7" line="171" tag="T">          `Priest Sartoli knew men in general and uncle Don Salto in partic-</item>
    <item id="o8" line="172" tag="T">          ular.'</item>
  </tier>
  <tier id="c" type="odin-clean">
    <item id="c1" line="165" tag="M+AC+LN">Corsican [Romance; Bossong 1991]</item>
    <item id="c2" line="166" tag="B"/>
    <item id="c3" line="167" tag="L">Prete     Sartoli cuniscia l' omi in ginerale e   a Ziu Don</item>
    <item id="c4" line="168" tag="G">priest    sartoli knew     the man in general and obj uncle Don</item>
    <item id="c5" line="169" tag="L">Salto    in particulare.</item>
    <item id="c6" line="170" tag="G">Salto    in particular</item>
    <item id="c7" line="171" tag="T">Priest Sartoli knew men in general and uncle Don Salto in partic-</item>
    <item id="c8" line="172" tag="T">ular.</item>
  </tier>
  <tier id="p" type="phrases" content="c">
    <item id="p0" content="c3[0:59]"/>
    <item id="p1" content="c5[0:24]"/>
  </tier>
  <tier id="g" type="glosses" content="c">
    <item id="g0" content="c4[0:63]" alignment="p1"/>
    <item id="g1" content="c6[0:22]" alignment="p2"/>
  </tier>
  <tier id="t" type="translations" content="c">
    <item id="t0" content="c7[0:65]" alignment="p2"/>
    <item id="t1" content="c8[0:5]" alignment="p2"/>
  </tier>
</igt>
</xigt-corpus>
