<?xml version="1.0" encoding="UTF-8"?>
<xigt-corpus>
<igt id="i35219">
  <metadata type="xigt-meta">
    <meta type="language" name="cree" iso-639-3="crk:cwd" tiers="phrases words morphemes"/>
    <meta type="language" name="English" iso-639-3="eng" tiers="translations"/>
    <meta type="odin-source" doc-id="604" line-range="641-644" line-types="M+AC+LN L G T+SY"/>
  </metadata>
  <tier id="o" type="odin-raw">
    <item id="o1" line="641" tag="M+AC+LN">  (22)   Cree (Dahlstrom 1986, 56­57)</item>
    <item id="o2" line="642" tag="L">         a.        namo¡ya awiyak wanikiskisitota¡k otawa¡simisa</item>
    <item id="o3" line="643" tag="G">                   no one           forget.Obv/3[Inv] his.child.Obv</item>
    <item id="o4" line="644" tag="T+SY">                   `His½ (Prox) children (Obv) forget no one ½ (Prox)'</item>
  </tier>
  <tier id="c" type="odin-clean">
    <item id="c1" line="641" tag="M+AC+LN">Cree (Dahlstrom 1986, 56­57</item>
    <item id="c2" line="642" tag="L">namo¡ya awiyak wanikiskisitota¡k otawa¡simisa</item>
    <item id="c3" line="643" tag="G">no one           forget.Obv/3[Inv] his.child.Obv</item>
    <item id="c4" line="644" tag="T+SY">His½ (Prox) children (Obv) forget no one ½ (Prox)</item>
  </tier>
  <tier id="p" type="phrases" content="c">
    <item id="p0" content="c2[0:45]"/>
  </tier>
  <tier id="g" type="glosses" content="c">
    <item id="g0" content="c3[0:48]" alignment="p1"/>
  </tier>
  <tier id="t" type="translations" content="c">
    <item id="t0" content="c4[0:49]" alignment="p1"/>
  </tier>
</igt>
<igt id="i35220">
  <metadata type="xigt-meta">
    <meta type="language" name="cree" iso-639-3="crk:cwd" tiers="phrases words morphemes"/>
    <meta type="language" name="English" iso-639-3="eng" tiers="translations"/>
    <meta type="odin-source" doc-id="604" line-range="645-647" line-types="L G T+SY"/>
  </metadata>
  <tier id="o" type="odin-raw">
    <item id="o1" line="645" tag="L">         b.        awi¡na e¡-sa¡kihikot    oma¡ma¡wa?</item>
    <item id="o2" line="646" tag="G">                   who love.Obv/3[Inv] his.mother.Obv</item>
    <item id="o3" line="647" tag="T+SY">                   `Who½ (Prox) does his ½ (Prox) mother (Obv) love?'</item>
  </tier>
  <tier id="c" type="odin-clean">
    <item id="c1" line="645" tag="L">awi¡na e¡-sa¡kihikot    oma¡ma¡wa?</item>
    <item id="c2" line="646" tag="G">who love.Obv/3[Inv] his.mother.Obv</item>
    <item id="c3" line="647" tag="T+SY">Who½ (Prox) does his ½ (Prox) mother (Obv) love?</item>
  </tier>
  <tier id="p" type="phrases" content="c">
    <item id="p0" content="c1[0:34]"/>
  </tier>
  <tier id="g" type="glosses" content="c">
    <item id="g0" content="c2[0:34]" alignment="p1"/>
  </tier>
  <tier id="t" type="translations" content="c">
    <item id="t0" content="c3[0:48]" alignment="p1"/>
  </tier>
</igt>
</xigt-corpus>
