<?xml version="1.0" encoding="UTF-8"?>
<xigt-corpus>
<igt id="i11876">
  <metadata type="xigt-meta">
    <meta type="language" name="cora" iso-639-3="crn" tiers="phrases words morphemes"/>
    <meta type="language" name="English" iso-639-3="eng" tiers="translations"/>
    <meta type="odin-source" doc-id="2471" line-range="8149-8151" line-types="L+SY G T+EX"/>
  </metadata>
  <tier id="o" type="odin-raw">
    <item id="o1" line="8149" tag="L+SY">  (1)      [mi-ra-tú?u-ni]                      mí       ni-tasí            ti                 kí-titi/i</item>
    <item id="o2" line="8150" tag="G">           S1SG-PO2SG-take-IRR                  ART POSS1SG-blanket SBR3SG NEG-long</item>
    <item id="o3" line="8151" tag="T+EX">           'I am going to take it, my short blanket.' (lit. not-long)</item>
  </tier>
  <tier id="c" type="odin-clean">
    <item id="c1" line="8149" tag="L+SY">[mi-ra-tú?u-ni]                      mí       ni-tasí            ti                 kí-titi/i</item>
    <item id="c2" line="8150" tag="G">S1SG-PO2SG-take-IRR                  ART POSS1SG-blanket SBR3SG NEG-long</item>
    <item id="c3" line="8151" tag="T+EX">I am going to take it, my short blanket.' (lit. not-long)</item>
  </tier>
  <tier id="p" type="phrases" content="c">
    <item id="p0" content="c1[0:93]"/>
  </tier>
  <tier id="g" type="glosses" content="c">
    <item id="g0" content="c2[0:72]" alignment="p1"/>
  </tier>
  <tier id="t" type="translations" content="c">
    <item id="t0" content="c3[0:57]" alignment="p1"/>
  </tier>
</igt>
<igt id="i11877">
  <metadata type="xigt-meta">
    <meta type="language" name="cora" iso-639-3="crn" tiers="phrases words morphemes"/>
    <meta type="language" name="English" iso-639-3="eng" tiers="translations"/>
    <meta type="odin-source" doc-id="2471" line-range="8153-8156" line-types="L+CR L+CR G T"/>
  </metadata>
  <tier id="o" type="odin-raw">
    <item id="o1" line="8153" tag="L+CR">                 yi:ci héhkwa</item>
    <item id="o2" line="8154" tag="L+CR">  (2)      í</item>
    <item id="o3" line="8155" tag="G">           ART dress new</item>
    <item id="o4" line="8156" tag="T">           'The dress is new.'</item>
  </tier>
  <tier id="c" type="odin-clean">
    <item id="c1" line="8153 8154" tag="L+CR">í    yi:ci héhkwa</item>
    <item id="c3" line="8155" tag="G">ART dress new</item>
    <item id="c4" line="8156" tag="T">The dress is new.</item>
  </tier>
  <tier id="p" type="phrases" content="c">
    <item id="p0" content="c1[0:17]"/>
  </tier>
  <tier id="g" type="glosses" content="c">
    <item id="g0" content="c3[0:13]" alignment="p1"/>
  </tier>
  <tier id="t" type="translations" content="c">
    <item id="t0" content="c4[0:17]" alignment="p1"/>
  </tier>
</igt>
<igt id="i33423">
  <metadata type="xigt-meta">
    <meta type="language" name="cora" iso-639-3="crn" tiers="phrases words morphemes"/>
    <meta type="language" name="English" iso-639-3="eng" tiers="translations"/>
    <meta type="odin-source" doc-id="3138" line-range="361-366" line-types="M+LN L+CR L+CR L+CR G T"/>
  </metadata>
  <tier id="o" type="odin-raw">
    <item id="o1" line="361" tag="M+LN">                 (6) Cora</item>
    <item id="o2" line="362" tag="L+CR">                     a. ha'amwa-seih i              mwehmi.</item>
    <item id="o3" line="363" tag="L+CR">                                           ha'ati</item>
    <item id="o4" line="364" tag="L+CR">                            Å                         Å</item>
    <item id="o5" line="365" tag="G">                        2pl(P)-see     art someone you(pl)</item>
    <item id="o6" line="366" tag="T">                        `Someone sees you (pl).'</item>
  </tier>
  <tier id="c" type="odin-clean">
    <item id="c1" line="361" tag="M+LN">Cora</item>
    <item id="c2" line="362 363" tag="L+CR">ha'amwa-seih i     ha'ati   mwehmi.</item>
    <item id="c5" line="365" tag="G">2pl(P)-see     art someone you(pl)</item>
    <item id="c6" line="366" tag="T">Someone sees you (pl).</item>
  </tier>
  <tier id="p" type="phrases" content="c">
    <item id="p0" content="c2[0:35]"/>
  </tier>
  <tier id="g" type="glosses" content="c">
    <item id="g0" content="c5[0:34]" alignment="p1"/>
  </tier>
  <tier id="t" type="translations" content="c">
    <item id="t0" content="c6[0:22]" alignment="p1"/>
  </tier>
</igt>
<igt id="i33424">
  <metadata type="xigt-meta">
    <meta type="language" name="cora" iso-639-3="crn" tiers="phrases words morphemes"/>
    <meta type="language" name="English" iso-639-3="eng" tiers="translations"/>
    <meta type="odin-source" doc-id="3138" line-range="367-369" line-types="L G T"/>
  </metadata>
  <tier id="o" type="odin-raw">
    <item id="o1" line="367" tag="L">                     b. pa-ra-a-mwareh.</item>
    <item id="o2" line="368" tag="G">                        2sg(A)-3sgS(P)-compl-handle:past</item>
    <item id="o3" line="369" tag="T">                        `You handled it.'</item>
  </tier>
  <tier id="c" type="odin-clean">
    <item id="c1" line="367" tag="L">pa-ra-a-mwareh.</item>
    <item id="c2" line="368" tag="G">2sg(A)-3sgS(P)-compl-handle:past</item>
    <item id="c3" line="369" tag="T">You handled it.</item>
  </tier>
  <tier id="p" type="phrases" content="c">
    <item id="p0" content="c1[0:15]"/>
  </tier>
  <tier id="g" type="glosses" content="c">
    <item id="g0" content="c2[0:32]" alignment="p1"/>
  </tier>
  <tier id="t" type="translations" content="c">
    <item id="t0" content="c3[0:15]" alignment="p1"/>
  </tier>
</igt>
<igt id="i33425">
  <metadata type="xigt-meta">
    <meta type="language" name="cora" iso-639-3="crn" tiers="phrases words morphemes"/>
    <meta type="language" name="English" iso-639-3="eng" tiers="translations"/>
    <meta type="odin-source" doc-id="3138" line-range="370-377" line-types="L+CR L+CR G L+CR L+CR G T M+AC"/>
  </metadata>
  <tier id="o" type="odin-raw">
    <item id="o1" line="370" tag="L+CR">                     c. hamwa-a-ta-tih            mwehmi i   ha'ati</item>
    <item id="o2" line="371" tag="L+CR">                          Å</item>
    <item id="o3" line="372" tag="G">                        2pl(R)-compl-perf-give you:pl art someone</item>
    <item id="o4" line="373" tag="L+CR">                              Ï   Ï</item>
    <item id="o5" line="374" tag="L+CR">                        i     cuaasa-ri.</item>
    <item id="o6" line="375" tag="G">                        art pipe</item>
    <item id="o7" line="376" tag="T">                        `A certain man gave the pipe to you (pl).'</item>
    <item id="o8" line="377" tag="M+AC">                                                        (Casad 1984: 329, 328, 330)</item>
  </tier>
  <tier id="c" type="odin-clean">
    <item id="c1" line="370" tag="L+CR">hamwa-a-ta-tih            mwehmi i   ha'ati</item>
    <item id="c3" line="372" tag="G">2pl(R)-compl-perf-give you:pl art someone</item>
    <item id="c4" line="373" tag="L+CR">Ï   Ï</item>
    <item id="c6" line="375" tag="G">art pipe</item>
    <item id="c7" line="376" tag="T">A certain man gave the pipe to you (pl).</item>
    <item id="c8" line="377" tag="M+AC">329, 328, 330</item>
  </tier>
  <tier id="p" type="phrases" content="c">
    <item id="p0" content="c1[0:43]"/>
    <item id="p1" content="c4[0:5]"/>
  </tier>
  <tier id="g" type="glosses" content="c">
    <item id="g0" content="c3[0:41]" alignment="p1"/>
    <item id="g1" content="c6[0:8]" alignment="p2"/>
  </tier>
  <tier id="t" type="translations" content="c">
    <item id="t0" content="c7[0:40]" alignment="p2"/>
  </tier>
</igt>
<igt id="i97434">
  <metadata type="xigt-meta">
    <meta type="language" name="cora" iso-639-3="crn" tiers="phrases words morphemes"/>
    <meta type="language" name="English" iso-639-3="eng" tiers="translations"/>
    <meta type="odin-source" doc-id="2608" line-range="12375-12380" line-types="M+LN L G B T M+AC"/>
  </metadata>
  <tier id="o" type="odin-raw">
    <item id="o1" line="12375" tag="M+LN">            Cora</item>
    <item id="o2" line="12376" tag="L">  (117) n-a'ana'inyíiche'e                       nú</item>
    <item id="o3" line="12377" tag="G">            1SG-was:going:to:build:a:fire        CLIT.1SG</item>
    <item id="o4" line="12378" tag="B"></item>
    <item id="o5" line="12379" tag="T">            `I was going to build a fire.'</item>
    <item id="o6" line="12380" tag="M+AC">            (Steele 1977:543)</item>
  </tier>
  <tier id="c" type="odin-clean">
    <item id="c1" line="12375" tag="M+LN">Cora</item>
    <item id="c2" line="12376" tag="L">n-a'ana'inyíiche'e                       nú</item>
    <item id="c3" line="12377" tag="G">1SG-was:going:to:build:a:fire        CLIT.1SG</item>
    <item id="c4" line="12378" tag="B"/>
    <item id="c5" line="12379" tag="T">I was going to build a fire.</item>
    <item id="c6" line="12380" tag="M+AC">Steele 1977:543</item>
  </tier>
  <tier id="p" type="phrases" content="c">
    <item id="p0" content="c2[0:43]"/>
  </tier>
  <tier id="g" type="glosses" content="c">
    <item id="g0" content="c3[0:45]" alignment="p1"/>
  </tier>
  <tier id="t" type="translations" content="c">
    <item id="t0" content="c5[0:28]" alignment="p1"/>
  </tier>
</igt>
<igt id="i150689">
  <metadata type="xigt-meta">
    <meta type="language" name="cora" iso-639-3="crn" tiers="phrases words morphemes"/>
    <meta type="language" name="English" iso-639-3="eng" tiers="translations"/>
    <meta type="odin-source" doc-id="2406" line-range="3565-3570" line-types="M+LN L G B T M+AC"/>
  </metadata>
  <tier id="o" type="odin-raw">
    <item id="o1" line="3565" tag="M+LN">            Cora</item>
    <item id="o2" line="3566" tag="L">  (117) n-a'ana'inyíiche'e                       nú</item>
    <item id="o3" line="3567" tag="G">            1SG-was:going:to:build:a:fire        CLIT.1SG</item>
    <item id="o4" line="3568" tag="B"></item>
    <item id="o5" line="3569" tag="T">            `I was going to build a fire.'</item>
    <item id="o6" line="3570" tag="M+AC">            (Steele 1977:543)</item>
  </tier>
  <tier id="c" type="odin-clean">
    <item id="c1" line="3565" tag="M+LN">Cora</item>
    <item id="c2" line="3566" tag="L">n-a'ana'inyíiche'e                       nú</item>
    <item id="c3" line="3567" tag="G">1SG-was:going:to:build:a:fire        CLIT.1SG</item>
    <item id="c4" line="3568" tag="B"/>
    <item id="c5" line="3569" tag="T">I was going to build a fire.</item>
    <item id="c6" line="3570" tag="M+AC">Steele 1977:543</item>
  </tier>
  <tier id="p" type="phrases" content="c">
    <item id="p0" content="c2[0:43]"/>
  </tier>
  <tier id="g" type="glosses" content="c">
    <item id="g0" content="c3[0:45]" alignment="p1"/>
  </tier>
  <tier id="t" type="translations" content="c">
    <item id="t0" content="c5[0:28]" alignment="p1"/>
  </tier>
</igt>
</xigt-corpus>
