<?xml version="1.0" encoding="UTF-8"?>
<xigt-corpus>
<igt id="i63167">
  <metadata type="xigt-meta">
    <meta type="language" name="carrier" iso-639-3="crx" tiers="phrases words morphemes"/>
    <meta type="language" name="English" iso-639-3="eng" tiers="translations"/>
    <meta type="odin-source" doc-id="2559" line-range="282-286" line-types="M+LN L+CR L+CR G T"/>
  </metadata>
  <tier id="o" type="odin-raw">
    <item id="o1" line="282" tag="M+LN">              Carrier (Athabaskan):</item>
    <item id="o2" line="283" tag="L+CR">                      nlgaih                t'en.</item>
    <item id="o3" line="284" tag="L+CR">              d.                    za</item>
    <item id="o4" line="285" tag="G">                      3SG.run       only 3SG.do</item>
    <item id="o5" line="286" tag="T">                      `He kept on running.'</item>
  </tier>
  <tier id="c" type="odin-clean">
    <item id="c1" line="282" tag="M+LN">Carrier (Athabaskan):</item>
    <item id="c2" line="283 284" tag="L+CR">nlgaih        za      t'en.</item>
    <item id="c4" line="285" tag="G">3SG.run       only 3SG.do</item>
    <item id="c5" line="286" tag="T">He kept on running.</item>
  </tier>
  <tier id="p" type="phrases" content="c">
    <item id="p0" content="c2[0:27]"/>
  </tier>
  <tier id="g" type="glosses" content="c">
    <item id="g0" content="c4[0:25]" alignment="p1"/>
  </tier>
  <tier id="t" type="translations" content="c">
    <item id="t0" content="c5[0:19]" alignment="p1"/>
  </tier>
</igt>
<igt id="i63168">
  <metadata type="xigt-meta">
    <meta type="language" name="carrier" iso-639-3="crx" tiers="phrases words morphemes"/>
    <meta type="language" name="English" iso-639-3="eng" tiers="translations"/>
    <meta type="odin-source" doc-id="2559" line-range="288-292" line-types="L+CR L+CR G T M+AC"/>
  </metadata>
  <tier id="o" type="odin-raw">
    <item id="o1" line="288" tag="L+CR">                       xwninai                                    t'en.</item>
    <item id="o2" line="289" tag="L+CR">              e.                     dizk'an        za</item>
    <item id="o3" line="290" tag="G">                       pole          3SG.burn       only          3SG.do</item>
    <item id="o4" line="291" tag="T">                       `The pole keeps on burning.'</item>
    <item id="o5" line="292" tag="M+AC">                       (Poser 2002: 4-7)</item>
  </tier>
  <tier id="c" type="odin-clean">
    <item id="c1" line="288 289" tag="L+CR">xwninai       dizk'an        za            t'en.</item>
    <item id="c3" line="290" tag="G">pole          3SG.burn       only          3SG.do</item>
    <item id="c4" line="291" tag="T">The pole keeps on burning.</item>
    <item id="c5" line="292" tag="M+AC">4-7</item>
  </tier>
  <tier id="p" type="phrases" content="c">
    <item id="p0" content="c1[0:48]"/>
  </tier>
  <tier id="g" type="glosses" content="c">
    <item id="g0" content="c3[0:49]" alignment="p1"/>
  </tier>
  <tier id="t" type="translations" content="c">
    <item id="t0" content="c4[0:26]" alignment="p1"/>
  </tier>
</igt>
<igt id="i118794">
  <metadata type="xigt-meta">
    <meta type="language" name="middle cornish" iso-639-3="crx" tiers="phrases words morphemes"/>
    <meta type="language" name="English" iso-639-3="eng" tiers="translations"/>
    <meta type="odin-source" doc-id="2687" line-range="1751-1753" line-types="L G T+AC"/>
  </metadata>
  <tier id="o" type="odin-raw">
    <item id="o1" line="1751" tag="L">          b. me yw gylwys duk          bryten</item>
    <item id="o2" line="1752" tag="G">             I is       call-PP Duke Brittany</item>
    <item id="o3" line="1753" tag="T+AC">             `I am called the Duke of Brittany...' (Beunans Meriasek 1, Lewis 1946:49)</item>
  </tier>
  <tier id="c" type="odin-clean">
    <item id="c1" line="1751" tag="L">me yw gylwys duk          bryten</item>
    <item id="c2" line="1752" tag="G">I is       call-PP Duke Brittany</item>
    <item id="c3" line="1753" tag="T+AC">I am called the Duke of Brittany...' (Beunans Meriasek 1, Lewis 1946:49)</item>
  </tier>
  <tier id="p" type="phrases" content="c">
    <item id="p0" content="c1[0:32]"/>
  </tier>
  <tier id="g" type="glosses" content="c">
    <item id="g0" content="c2[0:32]" alignment="p1"/>
  </tier>
  <tier id="t" type="translations" content="c">
    <item id="t0" content="c3[0:72]" alignment="p1"/>
  </tier>
</igt>
<igt id="i118846">
  <metadata type="xigt-meta">
    <meta type="language" name="middle cornish" iso-639-3="crx" tiers="phrases words morphemes"/>
    <meta type="language" name="English" iso-639-3="eng" tiers="translations"/>
    <meta type="odin-source" doc-id="2687" line-range="3377-3380" line-types="L+CR+EX L+CR G T+AC"/>
  </metadata>
  <tier id="o" type="odin-raw">
    <item id="o1" line="3377" tag="L+CR+EX">                 Ymcysylle gureny ny.                                                      C</item>
    <item id="o2" line="3378" tag="L+CR">  (117)</item>
    <item id="o3" line="3379" tag="G">                 consult-VN do-1P+1P-REDUP</item>
    <item id="o4" line="3380" tag="T+AC">                 `Let us consult one another...'      (Resurrectio Domini 561, Lewis 1946:30)</item>
  </tier>
  <tier id="c" type="odin-clean">
    <item id="c1" line="3377 3378" tag="L+CR+EX">Ymcysylle gureny ny.                                                      C</item>
    <item id="c3" line="3379" tag="G">consult-VN do-1P+1P-REDUP</item>
    <item id="c4" line="3380" tag="T+AC">Let us consult one another...'      (Resurrectio Domini 561, Lewis 1946:30)</item>
  </tier>
  <tier id="p" type="phrases" content="c">
    <item id="p0" content="c1[0:75]"/>
  </tier>
  <tier id="g" type="glosses" content="c">
    <item id="g0" content="c3[0:25]" alignment="p1"/>
  </tier>
  <tier id="t" type="translations" content="c">
    <item id="t0" content="c4[0:75]" alignment="p1"/>
  </tier>
</igt>
<igt id="i118890">
  <metadata type="xigt-meta">
    <meta type="language" name="middle cornish" iso-639-3="crx" tiers="phrases words morphemes"/>
    <meta type="language" name="English" iso-639-3="eng" tiers="translations"/>
    <meta type="odin-source" doc-id="2687" line-range="4197-4199" line-types="L G T+AC"/>
  </metadata>
  <tier id="o" type="odin-raw">
    <item id="o1" line="4197" tag="L">  (161)       yn sur ef a      wothfye      y       bos    hy       peghadures</item>
    <item id="o2" line="4198" tag="G">              surely he PRT know-COND 3SF be-VN she                 sinner</item>
    <item id="o3" line="4199" tag="T+AC">              `Surely he would know that she is a sinner.'             (Passio Christi 490)</item>
  </tier>
  <tier id="c" type="odin-clean">
    <item id="c1" line="4197" tag="L">yn sur ef a      wothfye      y       bos    hy       peghadures</item>
    <item id="c2" line="4198" tag="G">surely he PRT know-COND 3SF be-VN she                 sinner</item>
    <item id="c3" line="4199" tag="T+AC">Surely he would know that she is a sinner.'             (Passio Christi 490)</item>
  </tier>
  <tier id="p" type="phrases" content="c">
    <item id="p0" content="c1[0:64]"/>
  </tier>
  <tier id="g" type="glosses" content="c">
    <item id="g0" content="c2[0:60]" alignment="p1"/>
  </tier>
  <tier id="t" type="translations" content="c">
    <item id="t0" content="c3[0:76]" alignment="p1"/>
  </tier>
</igt>
<igt id="i138650">
  <metadata type="xigt-meta">
    <meta type="language" name="carrier" iso-639-3="crx" tiers="phrases words morphemes"/>
    <meta type="language" name="English" iso-639-3="eng" tiers="translations"/>
    <meta type="odin-source" doc-id="2153" line-range="5832-5834" line-types="M+AC+EX L-T+DB+EX G+DB"/>
  </metadata>
  <tier id="o" type="odin-raw">
    <item id="o1" line="5832" tag="M+AC+EX">  (1) Carrier (Morice 1932)</item>
    <item id="o2" line="5833" tag="L-T+DB+EX">            a. ne-tlo-dez-ya `I laugh walking' II:143                         b. u-rwe-tlo-ne-s-.ih `I stealthily laugh at' II:143</item>
    <item id="o3" line="5834" tag="G+DB">               preverb-laugh-qualifier/aspect/1 sg. subject-sg. go               3 object-preverb-laugh-qualifier-1 sg. subject-steal</item>
  </tier>
  <tier id="c" type="odin-clean">
    <item id="c1" line="5832" tag="M+AC+EX">Carrier (Morice 1932</item>
    <item id="c2" line="5833" tag="L-T+DB+EX">ne-tlo-dez-ya `I laugh walking' II:143                         b. u-rwe-tlo-ne-s-.ih `I stealthily laugh at' II:143</item>
    <item id="c3" line="5834" tag="G+DB">preverb-laugh-qualifier/aspect/1 sg. subject-sg. go               3 object-preverb-laugh-qualifier-1 sg. subject-steal</item>
  </tier>
  <tier id="g" type="glosses" content="c">
    <item id="g0" content="c3[0:118]"/>
  </tier>
</igt>
</xigt-corpus>
