<?xml version="1.0" encoding="UTF-8"?>
<xigt-corpus>
<igt id="i116878">
  <metadata type="xigt-meta">
    <meta type="language" name="sochiapan chinantec" iso-639-3="cso" tiers="phrases words morphemes"/>
    <meta type="language" name="English" iso-639-3="eng" tiers="translations"/>
    <meta type="odin-source" doc-id="3656" line-range="6090-6095" line-types="M+AC+LN L B B G T"/>
  </metadata>
  <tier id="o" type="odin-raw">
    <item id="o1" line="6090" tag="M+AC+LN">  Sochiapan Chinantec (Amerindian, Oto-Manguean, Foris 2000: 246)</item>
    <item id="o2" line="6091" tag="L">         máM M-ku L cúM míHtieiMH ciiL        H</item>
    <item id="o3" line="6092" tag="B"></item>
    <item id="o4" line="6093" tag="B"></item>
    <item id="o5" line="6094" tag="G">         PRF HOD-give.DA.3 3 cat DIM grasshopper</item>
    <item id="o6" line="6095" tag="T">         `She just gave a grasshopper to the cat'.</item>
  </tier>
  <tier id="c" type="odin-clean">
    <item id="c1" line="6090" tag="M+AC+LN">Sochiapan Chinantec (Amerindian, Oto-Manguean, Foris 2000: 246)</item>
    <item id="c2" line="6091" tag="L">máM M-ku L cúM míHtieiMH ciiL        H</item>
    <item id="c3" line="6092" tag="B"/>
    <item id="c4" line="6093" tag="B"/>
    <item id="c5" line="6094" tag="G">PRF HOD-give.DA.3 3 cat DIM grasshopper</item>
    <item id="c6" line="6095" tag="T">She just gave a grasshopper to the cat'.</item>
  </tier>
  <tier id="p" type="phrases" content="c">
    <item id="p0" content="c2[0:38]"/>
  </tier>
  <tier id="g" type="glosses" content="c">
    <item id="g0" content="c5[0:39]" alignment="p1"/>
  </tier>
  <tier id="t" type="translations" content="c">
    <item id="t0" content="c6[0:40]" alignment="p1"/>
  </tier>
</igt>
<igt id="i118087">
  <metadata type="xigt-meta">
    <meta type="language" name="sochiapan chinantec" iso-639-3="cso" tiers="phrases words morphemes"/>
    <meta type="language" name="English" iso-639-3="eng" tiers="translations"/>
    <meta type="odin-source" doc-id="3657" line-range="3207-3210" line-types="M+AC+LN L G T"/>
  </metadata>
  <tier id="o" type="odin-raw">
    <item id="o1" line="3207" tag="M+AC+LN">  Sochiapan Chinantec (Foris 1998: 212)</item>
    <item id="o2" line="3208" tag="L">  (1a) cuéh32           tsú2 pé1 qu e3         tsa3háu2</item>
    <item id="o3" line="3209" tag="G">       give.FUT.3       3     Peter money      tomorrow</item>
    <item id="o4" line="3210" tag="T">       `S/he will give Peter money tomorrow'</item>
  </tier>
  <tier id="c" type="odin-clean">
    <item id="c1" line="3207" tag="M+AC+LN">Sochiapan Chinantec (Foris 1998: 212)</item>
    <item id="c2" line="3208" tag="L">cuéh32           tsú2 pé1 qu e3         tsa3háu2</item>
    <item id="c3" line="3209" tag="G">give.FUT.3       3     Peter money      tomorrow</item>
    <item id="c4" line="3210" tag="T">S/he will give Peter money tomorrow</item>
  </tier>
  <tier id="p" type="phrases" content="c">
    <item id="p0" content="c2[0:48]"/>
  </tier>
  <tier id="g" type="glosses" content="c">
    <item id="g0" content="c3[0:48]" alignment="p1"/>
  </tier>
  <tier id="t" type="translations" content="c">
    <item id="t0" content="c4[0:35]" alignment="p1"/>
  </tier>
</igt>
<igt id="i118088">
  <metadata type="xigt-meta">
    <meta type="language" name="sochiapan chinantec" iso-639-3="cso" tiers="phrases words morphemes"/>
    <meta type="language" name="English" iso-639-3="eng" tiers="translations"/>
    <meta type="odin-source" doc-id="3657" line-range="3211-3213" line-types="L G T"/>
  </metadata>
  <tier id="o" type="odin-raw">
    <item id="o1" line="3211" tag="L">  (1b) cué32            tsú2 qu e3       Zi1con2 pé1      tsa3háu2</item>
    <item id="o2" line="3212" tag="G">       give.FUT.3       3     money      to         Peter tomorrow</item>
    <item id="o3" line="3213" tag="T">       `S/he will give money to Peter tomorrow'</item>
  </tier>
  <tier id="c" type="odin-clean">
    <item id="c1" line="3211" tag="L">cué32            tsú2 qu e3       Zi1con2 pé1      tsa3háu2</item>
    <item id="c2" line="3212" tag="G">give.FUT.3       3     money      to         Peter tomorrow</item>
    <item id="c3" line="3213" tag="T">S/he will give money to Peter tomorrow</item>
  </tier>
  <tier id="p" type="phrases" content="c">
    <item id="p0" content="c1[0:59]"/>
  </tier>
  <tier id="g" type="glosses" content="c">
    <item id="g0" content="c2[0:59]" alignment="p1"/>
  </tier>
  <tier id="t" type="translations" content="c">
    <item id="t0" content="c3[0:38]" alignment="p1"/>
  </tier>
</igt>
</xigt-corpus>
