<?xml version="1.0" encoding="UTF-8"?>
<xigt-corpus>
<igt id="i115511">
  <metadata type="xigt-meta">
    <meta type="language" name="tiddim" iso-639-3="ctd" tiers="phrases words morphemes"/>
    <meta type="language" name="English" iso-639-3="eng" tiers="translations"/>
    <meta type="odin-source" doc-id="3380" line-range="652-658" line-types="M+LN B L G M+CN M+CN T+AC"/>
  </metadata>
  <tier id="o" type="odin-raw">
    <item id="o1" line="652" tag="M+LN">  (18)   Tiddim Chin</item>
    <item id="o2" line="653" tag="B"></item>
    <item id="o3" line="654" tag="L">         a.   bui            in   khuang tum . . .</item>
    <item id="o4" line="655" tag="G">              bamboo.rat          drum      beat</item>
    <item id="o5" line="656" tag="M+CN">                             PTCL</item>
    <item id="o6" line="657" tag="M+CN">                                    O        V</item>
    <item id="o7" line="658" tag="T+AC">              `now the bamboo rat was beating his drum ...' (Henderson 1965: 5, sentence 30)</item>
  </tier>
  <tier id="c" type="odin-clean">
    <item id="c1" line="652" tag="M+LN">Tiddim Chin</item>
    <item id="c2" line="653" tag="B"/>
    <item id="c3" line="654" tag="L">bui            in   khuang tum . . .</item>
    <item id="c4" line="655" tag="G">bamboo.rat          drum      beat</item>
    <item id="c5" line="656" tag="M+CN">PTCL</item>
    <item id="c6" line="657" tag="M+CN">O        V</item>
    <item id="c7" line="658" tag="T+AC">now the bamboo rat was beating his drum ...' (Henderson 1965: 5, sentence 30)</item>
  </tier>
  <tier id="p" type="phrases" content="c">
    <item id="p0" content="c3[0:36]"/>
  </tier>
  <tier id="g" type="glosses" content="c">
    <item id="g0" content="c4[0:34]" alignment="p1"/>
  </tier>
  <tier id="t" type="translations" content="c">
    <item id="t0" content="c7[0:77]" alignment="p1"/>
  </tier>
</igt>
<igt id="i115512">
  <metadata type="xigt-meta">
    <meta type="language" name="tiddim" iso-639-3="ctd" tiers="phrases words morphemes"/>
    <meta type="language" name="English" iso-639-3="eng" tiers="translations"/>
    <meta type="odin-source" doc-id="3380" line-range="660-664" line-types="L G+CR G+CR M T+AC"/>
  </metadata>
  <tier id="o" type="odin-raw">
    <item id="o1" line="660" tag="L">         b.    Dahpa   [a-khuang tawh] [inn       ah] a-ciah           a</item>
    <item id="o2" line="661" tag="G+CR">               Dahpa    -drum     with     house at 3-return.home PTCL</item>
    <item id="o3" line="662" tag="G+CR">                         3</item>
    <item id="o4" line="663" tag="M">                               PP              PP       V</item>
    <item id="o5" line="664" tag="T+AC">               `Dahpa went home with the drum' (Henderson 1965: 5, sentence 20)</item>
  </tier>
  <tier id="c" type="odin-clean">
    <item id="c1" line="660" tag="L">Dahpa   [a-khuang tawh] [inn       ah] a-ciah           a</item>
    <item id="c2" line="661" tag="G+CR">Dahpa-drum     with     house at 3-return.home PTCL</item>
    <item id="c4" line="663" tag="M">PP              PP       V</item>
    <item id="c5" line="664" tag="T+AC">Dahpa went home with the drum' (Henderson 1965: 5, sentence 20)</item>
  </tier>
  <tier id="p" type="phrases" content="c">
    <item id="p0" content="c1[0:57]"/>
  </tier>
  <tier id="g" type="glosses" content="c">
    <item id="g0" content="c2[0:51]" alignment="p1"/>
  </tier>
  <tier id="t" type="translations" content="c">
    <item id="t0" content="c5[0:63]" alignment="p1"/>
  </tier>
</igt>
<igt id="i115513">
  <metadata type="xigt-meta">
    <meta type="language" name="tiddim" iso-639-3="ctd" tiers="phrases words morphemes"/>
    <meta type="language" name="English" iso-639-3="eng" tiers="translations"/>
    <meta type="odin-source" doc-id="3380" line-range="668-671" line-types="L G M+SY T+AC"/>
  </metadata>
  <tier id="o" type="odin-raw">
    <item id="o1" line="668" tag="L">  (19)   a.    zu       beel tung      khat in       lup sim        a</item>
    <item id="o2" line="669" tag="G">               beer     pot over       one PTCL fill secretly PTCL</item>
    <item id="o3" line="670" tag="M+SY">                                                    V    Adv</item>
    <item id="o4" line="671" tag="T+AC">               `he secretly filled an upright beer pot' (Henderson 1965: 4, sentence 4)</item>
  </tier>
  <tier id="c" type="odin-clean">
    <item id="c1" line="668" tag="L">zu       beel tung      khat in       lup sim        a</item>
    <item id="c2" line="669" tag="G">beer     pot over       one PTCL fill secretly PTCL</item>
    <item id="c3" line="670" tag="M+SY">V    Adv</item>
    <item id="c4" line="671" tag="T+AC">he secretly filled an upright beer pot' (Henderson 1965: 4, sentence 4)</item>
  </tier>
  <tier id="p" type="phrases" content="c">
    <item id="p0" content="c1[0:54]"/>
  </tier>
  <tier id="g" type="glosses" content="c">
    <item id="g0" content="c2[0:51]" alignment="p1"/>
  </tier>
  <tier id="t" type="translations" content="c">
    <item id="t0" content="c4[0:71]" alignment="p1"/>
  </tier>
</igt>
<igt id="i115514">
  <metadata type="xigt-meta">
    <meta type="language" name="tiddim" iso-639-3="ctd" tiers="phrases words morphemes"/>
    <meta type="language" name="English" iso-639-3="eng" tiers="translations"/>
    <meta type="odin-source" doc-id="3380" line-range="673-677" line-types="L G+CR G+CR M+SY T+AC"/>
  </metadata>
  <tier id="o" type="odin-raw">
    <item id="o1" line="673" tag="L">         b.    `Hawi'     ci      in     dawng      zel zal  a</item>
    <item id="o2" line="674" tag="G+CR">               hello      say            answer     loudly</item>
    <item id="o3" line="675" tag="G+CR">                                  PTCL                       PTCL</item>
    <item id="o4" line="676" tag="M+SY">                                         V         Adv</item>
    <item id="o5" line="677" tag="T+AC">               `he called out loudly, as if answering someone:' (Henderson 1965: 4, sentence 5)</item>
  </tier>
  <tier id="c" type="odin-clean">
    <item id="c1" line="673" tag="L">`Hawi'     ci      in     dawng      zel zal  a</item>
    <item id="c2" line="674 675" tag="G+CR">hello      say     PTCL   answer     loudly   PTCL</item>
    <item id="c4" line="676" tag="M+SY">V         Adv</item>
    <item id="c5" line="677" tag="T+AC">he called out loudly, as if answering someone:' (Henderson 1965: 4, sentence 5)</item>
  </tier>
  <tier id="p" type="phrases" content="c">
    <item id="p0" content="c1[0:47]"/>
  </tier>
  <tier id="g" type="glosses" content="c">
    <item id="g0" content="c2[0:50]" alignment="p1"/>
  </tier>
  <tier id="t" type="translations" content="c">
    <item id="t0" content="c5[0:79]" alignment="p1"/>
  </tier>
</igt>
<igt id="i115576">
  <metadata type="xigt-meta">
    <meta type="language" name="tiddim" iso-639-3="ctd" tiers="phrases words morphemes"/>
    <meta type="language" name="English" iso-639-3="eng" tiers="translations"/>
    <meta type="odin-source" doc-id="3380" line-range="1529-1534" line-types="M+LN B L G+CR G+CR T+AC"/>
  </metadata>
  <tier id="o" type="odin-raw">
    <item id="o1" line="1529" tag="M+LN">  (60)   a.    Tiddim Chin</item>
    <item id="o2" line="1530" tag="B"></item>
    <item id="o3" line="1531" tag="L">               [ka sial       gawh] a            vom thau khat a              hi</item>
    <item id="o4" line="1532" tag="G+CR">                     mithan kill         PTCL black fat         one</item>
    <item id="o5" line="1533" tag="G+CR">               1SG                                                     PTCL INDIC</item>
    <item id="o6" line="1534" tag="T+AC">               `the mithan that I killed was a fat black one' (Henderson 1965: 88)</item>
  </tier>
  <tier id="c" type="odin-clean">
    <item id="c1" line="1529" tag="M+LN">Tiddim Chin</item>
    <item id="c2" line="1530" tag="B"/>
    <item id="c3" line="1531" tag="L">[ka sial       gawh] a            vom thau khat a              hi</item>
    <item id="c4" line="1532 1533" tag="G+CR">1SG   mithan kill         PTCL black fat         one    PTCL INDIC</item>
    <item id="c6" line="1534" tag="T+AC">the mithan that I killed was a fat black one' (Henderson 1965: 88)</item>
  </tier>
  <tier id="p" type="phrases" content="c">
    <item id="p0" content="c3[0:65]"/>
  </tier>
  <tier id="g" type="glosses" content="c">
    <item id="g0" content="c4[0:66]" alignment="p1"/>
  </tier>
  <tier id="t" type="translations" content="c">
    <item id="t0" content="c6[0:66]" alignment="p1"/>
  </tier>
</igt>
<igt id="i115590">
  <metadata type="xigt-meta">
    <meta type="language" name="tiddim" iso-639-3="ctd" tiers="phrases words morphemes"/>
    <meta type="language" name="English" iso-639-3="eng" tiers="translations"/>
    <meta type="odin-source" doc-id="3380" line-range="1789-1793" line-types="M+LN B L G T+AC"/>
  </metadata>
  <tier id="o" type="odin-raw">
    <item id="o1" line="1789" tag="M+LN">  (70)   a.   Tiddim Chin</item>
    <item id="o2" line="1790" tag="B"></item>
    <item id="o3" line="1791" tag="L">              'tu ni</item>
    <item id="o4" line="1792" tag="G">              this day</item>
    <item id="o5" line="1793" tag="T+AC">              `this day' (Henderson 1965: 120)</item>
  </tier>
  <tier id="c" type="odin-clean">
    <item id="c1" line="1789" tag="M+LN">Tiddim Chin</item>
    <item id="c2" line="1790" tag="B"/>
    <item id="c3" line="1791" tag="L">tu ni</item>
    <item id="c4" line="1792" tag="G">this day</item>
    <item id="c5" line="1793" tag="T+AC">this day' (Henderson 1965: 120)</item>
  </tier>
  <tier id="p" type="phrases" content="c">
    <item id="p0" content="c3[0:5]"/>
  </tier>
  <tier id="g" type="glosses" content="c">
    <item id="g0" content="c4[0:8]" alignment="p1"/>
  </tier>
  <tier id="t" type="translations" content="c">
    <item id="t0" content="c5[0:31]" alignment="p1"/>
  </tier>
</igt>
<igt id="i115631">
  <metadata type="xigt-meta">
    <meta type="language" name="tiddim" iso-639-3="ctd" tiers="phrases words morphemes"/>
    <meta type="language" name="English" iso-639-3="eng" tiers="translations"/>
    <meta type="odin-source" doc-id="3380" line-range="2480-2484" line-types="M+LN B L G T+AC"/>
  </metadata>
  <tier id="o" type="odin-raw">
    <item id="o1" line="2480" tag="M+LN">         b.   Tiddim Chin</item>
    <item id="o2" line="2481" tag="B"></item>
    <item id="o3" line="2482" tag="L">              lo     a-kuan nawn           kei   hi</item>
    <item id="o4" line="2483" tag="G">              field 3-go       anymore NEG INDIC</item>
    <item id="o5" line="2484" tag="T+AC">              `he did not go out to work any more that day' (Henderson 1965: 4)</item>
  </tier>
  <tier id="c" type="odin-clean">
    <item id="c1" line="2480" tag="M+LN">Tiddim Chin</item>
    <item id="c2" line="2481" tag="B"/>
    <item id="c3" line="2482" tag="L">lo     a-kuan nawn           kei   hi</item>
    <item id="c4" line="2483" tag="G">field 3-go       anymore NEG INDIC</item>
    <item id="c5" line="2484" tag="T+AC">he did not go out to work any more that day' (Henderson 1965: 4)</item>
  </tier>
  <tier id="p" type="phrases" content="c">
    <item id="p0" content="c3[0:37]"/>
  </tier>
  <tier id="g" type="glosses" content="c">
    <item id="g0" content="c4[0:34]" alignment="p1"/>
  </tier>
  <tier id="t" type="translations" content="c">
    <item id="t0" content="c5[0:64]" alignment="p1"/>
  </tier>
</igt>
</xigt-corpus>
