<?xml version="1.0" encoding="UTF-8"?>
<xigt-corpus>
<igt id="i49995">
  <metadata type="xigt-meta">
    <meta type="language" name="chitimacha" iso-639-3="ctm" tiers="phrases words morphemes"/>
    <meta type="language" name="English" iso-639-3="eng" tiers="translations"/>
    <meta type="odin-source" doc-id="1779" line-range="188-192" line-types="M+LN L+CR L+CR G T"/>
  </metadata>
  <tier id="o" type="odin-raw">
    <item id="o1" line="188" tag="M+LN">          (14)   a. Chitimacha:</item>
    <item id="o2" line="189" tag="L+CR">                    'i hana</item>
    <item id="o3" line="190" tag="L+CR">                      s</item>
    <item id="o4" line="191" tag="G">                    I house</item>
    <item id="o5" line="192" tag="T">                    'my house'</item>
  </tier>
  <tier id="c" type="odin-clean">
    <item id="c1" line="188" tag="M+LN">Chitimacha:</item>
    <item id="c2" line="189 190" tag="L+CR">ishana</item>
    <item id="c4" line="191" tag="G">I house</item>
    <item id="c5" line="192" tag="T">my house</item>
  </tier>
  <tier id="p" type="phrases" content="c">
    <item id="p0" content="c2[0:6]"/>
  </tier>
  <tier id="g" type="glosses" content="c">
    <item id="g0" content="c4[0:7]" alignment="p1"/>
  </tier>
  <tier id="t" type="translations" content="c">
    <item id="t0" content="c5[0:8]" alignment="p1"/>
  </tier>
</igt>
<igt id="i85073">
  <metadata type="xigt-meta">
    <meta type="language" name="chitimacha" iso-639-3="ctm" tiers="phrases words morphemes"/>
    <meta type="language" name="English" iso-639-3="eng" tiers="translations"/>
    <meta type="odin-source" doc-id="289" line-range="2457-2460" line-types="M+LN L G T"/>
  </metadata>
  <tier id="o" type="odin-raw">
    <item id="o1" line="2457" tag="M+LN">  (2.6)     CHITIMACHA</item>
    <item id="o2" line="2458" tag="L">          a.    get-ik</item>
    <item id="o3" line="2459" tag="G">                beat-1SG</item>
    <item id="o4" line="2460" tag="T">                `I beat'</item>
  </tier>
  <tier id="c" type="odin-clean">
    <item id="c1" line="2457" tag="M+LN">CHITIMACHA</item>
    <item id="c2" line="2458" tag="L">get-ik</item>
    <item id="c3" line="2459" tag="G">beat-1SG</item>
    <item id="c4" line="2460" tag="T">I beat</item>
  </tier>
  <tier id="p" type="phrases" content="c">
    <item id="p0" content="c2[0:6]"/>
  </tier>
  <tier id="g" type="glosses" content="c">
    <item id="g0" content="c3[0:8]" alignment="p1"/>
  </tier>
  <tier id="t" type="translations" content="c">
    <item id="t0" content="c4[0:6]" alignment="p1"/>
  </tier>
</igt>
<igt id="i132252">
  <metadata type="xigt-meta">
    <meta type="language" name="chitimacha" iso-639-3="ctm" tiers="phrases words morphemes"/>
    <meta type="language" name="English" iso-639-3="eng" tiers="translations"/>
    <meta type="odin-source" doc-id="2666" line-range="178-180" line-types="L G T"/>
  </metadata>
  <tier id="o" type="odin-raw">
    <item id="o1" line="178" tag="L">  (3)   a.   Get-ik.</item>
    <item id="o2" line="179" tag="G">             beat-1SG</item>
    <item id="o3" line="180" tag="T">             `I beat.'</item>
  </tier>
  <tier id="c" type="odin-clean">
    <item id="c1" line="178" tag="L">Get-ik.</item>
    <item id="c2" line="179" tag="G">beat-1SG</item>
    <item id="c3" line="180" tag="T">I beat.</item>
  </tier>
  <tier id="p" type="phrases" content="c">
    <item id="p0" content="c1[0:7]"/>
  </tier>
  <tier id="g" type="glosses" content="c">
    <item id="g0" content="c2[0:8]" alignment="p1"/>
  </tier>
  <tier id="t" type="translations" content="c">
    <item id="t0" content="c3[0:7]" alignment="p1"/>
  </tier>
</igt>
<igt id="i132253">
  <metadata type="xigt-meta">
    <meta type="language" name="chitimacha" iso-639-3="ctm" tiers="phrases words morphemes"/>
    <meta type="language" name="English" iso-639-3="eng" tiers="translations"/>
    <meta type="odin-source" doc-id="2666" line-range="181-183" line-types="L G T+AC+DB"/>
  </metadata>
  <tier id="o" type="odin-raw">
    <item id="o1" line="181" tag="L">        b.   Get-i.</item>
    <item id="o2" line="182" tag="G">             beat-2/3SG</item>
    <item id="o3" line="183" tag="T+AC+DB">             `You beat.', `He/she/it beats.'                       (Swadesh 1946:317)</item>
  </tier>
  <tier id="c" type="odin-clean">
    <item id="c1" line="181" tag="L">Get-i.</item>
    <item id="c2" line="182" tag="G">beat-2/3SG</item>
    <item id="c3" line="183" tag="T+AC+DB">You beat.', `He/she/it beats.'                       (Swadesh 1946:317)</item>
  </tier>
  <tier id="p" type="phrases" content="c">
    <item id="p0" content="c1[0:6]"/>
  </tier>
  <tier id="g" type="glosses" content="c">
    <item id="g0" content="c2[0:10]" alignment="p1"/>
  </tier>
  <tier id="t" type="translations" content="c">
    <item id="t0" content="c3[0:71]" alignment="p1"/>
  </tier>
</igt>
</xigt-corpus>
