<?xml version="1.0" encoding="UTF-8"?>
<xigt-corpus>
<igt id="i75162">
  <metadata type="xigt-meta">
    <meta type="language" name="woods cree" iso-639-3="cwd" tiers="phrases words morphemes"/>
    <meta type="language" name="English" iso-639-3="eng" tiers="translations"/>
    <meta type="odin-source" doc-id="3698" line-range="143-147" line-types="L G L G T+AC+EX"/>
  </metadata>
  <tier id="o" type="odin-raw">
    <item id="o1" line="143" tag="L">         (4) Ni-cîmic              sôpî îyako</item>
    <item id="o2" line="144" tag="G">             my-younger.sibling S.       that.anim</item>
    <item id="o3" line="145" tag="L">             kâ-kî-atoskaw-akiht                    ni-mâmâ.</item>
    <item id="o4" line="146" tag="G">             ta-PAST-work.for-1PL(excl)/3ANIM my-mom</item>
    <item id="o5" line="147" tag="T+AC+EX">             `My younger sister Sophie and I worked for my mother.'(Starks 1992:107)5</item>
  </tier>
  <tier id="c" type="odin-clean">
    <item id="c1" line="143" tag="L">Ni-cîmic              sôpî îyako</item>
    <item id="c2" line="144" tag="G">my-younger.sibling S.       that.anim</item>
    <item id="c3" line="145" tag="L">kâ-kî-atoskaw-akiht                    ni-mâmâ.</item>
    <item id="c4" line="146" tag="G">ta-PAST-work.for-1PL(excl)/3ANIM my-mom</item>
    <item id="c5" line="147" tag="T+AC+EX">My younger sister Sophie and I worked for my mother.'(Starks 1992:107)5</item>
  </tier>
  <tier id="p" type="phrases" content="c">
    <item id="p0" content="c1[0:32]"/>
    <item id="p1" content="c3[0:47]"/>
  </tier>
  <tier id="g" type="glosses" content="c">
    <item id="g0" content="c2[0:37]" alignment="p1"/>
    <item id="g1" content="c4[0:39]" alignment="p2"/>
  </tier>
  <tier id="t" type="translations" content="c">
    <item id="t0" content="c5[0:71]" alignment="p2"/>
  </tier>
</igt>
</xigt-corpus>
