<?xml version="1.0" encoding="UTF-8"?>
<xigt-corpus>
<igt id="i69783">
  <metadata type="xigt-meta">
    <meta type="language" name="dagbani" iso-639-3="dag" tiers="phrases words morphemes"/>
    <meta type="language" name="English" iso-639-3="eng" tiers="translations"/>
    <meta type="odin-source" doc-id="3092" line-range="331-336" line-types="M+CN L+CR L+CR+EX G+CR G+CR T"/>
  </metadata>
  <tier id="o" type="odin-raw">
    <item id="o1" line="331" tag="M+CN">  SF</item>
    <item id="o2" line="332" tag="L+CR">           paa ma!a m bl-.</item>
    <item id="o3" line="333" tag="L+CR+EX">  (9)                                                                   Paradigm B</item>
    <item id="o4" line="334" tag="G+CR">                           call-O:3sg</item>
    <item id="o5" line="335" tag="G+CR">           woman DEF  N</item>
    <item id="o6" line="336" tag="T">           `The WOMAN called him.'</item>
  </tier>
  <tier id="c" type="odin-clean">
    <item id="c1" line="331" tag="M+CN">SF</item>
    <item id="c2" line="332 333" tag="L+CR+EX">paa ma!a m bl-.                                              Paradigm B</item>
    <item id="c4" line="334 335" tag="G+CR">woman DEF  N    call-O:3sg</item>
    <item id="c6" line="336" tag="T">The WOMAN called him.</item>
  </tier>
  <tier id="p" type="phrases" content="c">
    <item id="p0" content="c2[0:71]"/>
  </tier>
  <tier id="g" type="glosses" content="c">
    <item id="g0" content="c4[0:26]" alignment="p1"/>
  </tier>
  <tier id="t" type="translations" content="c">
    <item id="t0" content="c6[0:21]" alignment="p1"/>
  </tier>
</igt>
<igt id="i69784">
  <metadata type="xigt-meta">
    <meta type="language" name="dagbani" iso-639-3="dag" tiers="phrases words morphemes"/>
    <meta type="language" name="English" iso-639-3="eng" tiers="translations"/>
    <meta type="odin-source" doc-id="3092" line-range="340-343" line-types="L+EX M G T+DB"/>
  </metadata>
  <tier id="o" type="odin-raw">
    <item id="o1" line="340" tag="L+EX">                bl-la     eore.                    Paradigm A</item>
    <item id="o2" line="341" tag="M">                        9</item>
    <item id="o3" line="342" tag="G">           3sg call-FM George</item>
    <item id="o4" line="343" tag="T+DB">           `She called GEORGE.' ~ `She CALLED GEORGE.'</item>
  </tier>
  <tier id="c" type="odin-clean">
    <item id="c1" line="340" tag="L+EX">bl-la     eore.                    Paradigm A</item>
    <item id="c2" line="341" tag="M">9</item>
    <item id="c3" line="342" tag="G">3sg call-FM George</item>
    <item id="c4" line="343" tag="T+DB">She called GEORGE.' ~ `She CALLED GEORGE.</item>
  </tier>
  <tier id="p" type="phrases" content="c">
    <item id="p0" content="c1[0:45]"/>
  </tier>
  <tier id="g" type="glosses" content="c">
    <item id="g0" content="c3[0:18]" alignment="p1"/>
  </tier>
  <tier id="t" type="translations" content="c">
    <item id="t0" content="c4[0:41]" alignment="p1"/>
  </tier>
</igt>
<igt id="i69785">
  <metadata type="xigt-meta">
    <meta type="language" name="dagbani" iso-639-3="dag" tiers="phrases words morphemes"/>
    <meta type="language" name="English" iso-639-3="eng" tiers="translations"/>
    <meta type="odin-source" doc-id="3092" line-range="345-349" line-types="M+CN L+CR L+CR+EX G T"/>
  </metadata>
  <tier id="o" type="odin-raw">
    <item id="o1" line="345" tag="M+CN">  NSF</item>
    <item id="o2" line="346" tag="L+CR">           eore ko-!o bl.</item>
    <item id="o3" line="347" tag="L+CR+EX">  (10)                                                                 Paradigm C</item>
    <item id="o4" line="348" tag="G">           George KA-3sg call</item>
    <item id="o5" line="349" tag="T">           `She called GEORGE.'</item>
  </tier>
  <tier id="c" type="odin-clean">
    <item id="c1" line="345" tag="M+CN">NSF</item>
    <item id="c2" line="346 347" tag="L+CR+EX">eore ko-!o bl.                                              Paradigm C</item>
    <item id="c4" line="348" tag="G">George KA-3sg call</item>
    <item id="c5" line="349" tag="T">She called GEORGE.</item>
  </tier>
  <tier id="p" type="phrases" content="c">
    <item id="p0" content="c2[0:70]"/>
  </tier>
  <tier id="g" type="glosses" content="c">
    <item id="g0" content="c4[0:18]" alignment="p1"/>
  </tier>
  <tier id="t" type="translations" content="c">
    <item id="t0" content="c5[0:18]" alignment="p1"/>
  </tier>
</igt>
<igt id="i69797">
  <metadata type="xigt-meta">
    <meta type="language" name="dagbani" iso-639-3="dag" tiers="phrases words morphemes"/>
    <meta type="language" name="English" iso-639-3="eng" tiers="translations"/>
    <meta type="odin-source" doc-id="3092" line-range="567-572" line-types="M+CN L+CR L+CR G+CR G+CR T"/>
  </metadata>
  <tier id="o" type="odin-raw">
    <item id="o1" line="567" tag="M+CN">  Subject RC</item>
    <item id="o2" line="568" tag="L+CR">            do-so       un        !cha ma!a -!la         n    zo.</item>
    <item id="o3" line="569" tag="L+CR">  (19)</item>
    <item id="o4" line="570" tag="G+CR">            man-IND:CL 3sg.DISJ go              COP-FM 1sg friend</item>
    <item id="o5" line="571" tag="G+CR">                                        DET</item>
    <item id="o6" line="572" tag="T">            `The man who has left is my friend.'</item>
  </tier>
  <tier id="c" type="odin-clean">
    <item id="c1" line="567" tag="M+CN">Subject RC</item>
    <item id="c2" line="568 569" tag="L+CR">do-so       un        !cha ma!a-!la         n    zo.</item>
    <item id="c4" line="570 571" tag="G+CR">man-IND:CL 3sg.DISJ go      DET     COP-FM 1sg friend</item>
    <item id="c6" line="572" tag="T">The man who has left is my friend.</item>
  </tier>
  <tier id="p" type="phrases" content="c">
    <item id="p0" content="c2[0:52]"/>
  </tier>
  <tier id="g" type="glosses" content="c">
    <item id="g0" content="c4[0:53]" alignment="p1"/>
  </tier>
  <tier id="t" type="translations" content="c">
    <item id="t0" content="c6[0:34]" alignment="p1"/>
  </tier>
</igt>
<igt id="i69798">
  <metadata type="xigt-meta">
    <meta type="language" name="dagbani" iso-639-3="dag" tiers="phrases words morphemes"/>
    <meta type="language" name="English" iso-639-3="eng" tiers="translations"/>
    <meta type="odin-source" doc-id="3092" line-range="584-589" line-types="M+CN L+CR L+CR L+CR G T"/>
  </metadata>
  <tier id="o" type="odin-raw">
    <item id="o1" line="584" tag="M+CN">  Non-Subject RC</item>
    <item id="o2" line="585" tag="L+CR">                                      ma!a -!la        n zo.</item>
    <item id="o3" line="586" tag="L+CR">             a-n() !me do-so</item>
    <item id="o4" line="587" tag="L+CR">  (20) a.</item>
    <item id="o5" line="588" tag="G">             2sg-CNJ hit man-IND:CL DET COP-FM 1sg friend</item>
    <item id="o6" line="589" tag="T">             `The man whom you have hit is my friend.'</item>
  </tier>
  <tier id="c" type="odin-clean">
    <item id="c1" line="584" tag="M+CN">Non-Subject RC</item>
    <item id="c2" line="585 586 587" tag="L+CR">a-n() !me do-so          ma!a-!la        n zo.</item>
    <item id="c5" line="588" tag="G">2sg-CNJ hit man-IND:CL DET COP-FM 1sg friend</item>
    <item id="c6" line="589" tag="T">The man whom you have hit is my friend.</item>
  </tier>
  <tier id="p" type="phrases" content="c">
    <item id="p0" content="c2[0:46]"/>
  </tier>
  <tier id="g" type="glosses" content="c">
    <item id="g0" content="c5[0:44]" alignment="p1"/>
  </tier>
  <tier id="t" type="translations" content="c">
    <item id="t0" content="c6[0:39]" alignment="p1"/>
  </tier>
</igt>
<igt id="i69799">
  <metadata type="xigt-meta">
    <meta type="language" name="dagbani" iso-639-3="dag" tiers="phrases words morphemes"/>
    <meta type="language" name="English" iso-639-3="eng" tiers="translations"/>
    <meta type="odin-source" doc-id="3092" line-range="591-595" line-types="L+CR L+CR G+CR G+CR T"/>
  </metadata>
  <tier id="o" type="odin-raw">
    <item id="o1" line="591" tag="L+CR">             do-so       a-n() !me ma!a -!la n               zo.</item>
    <item id="o2" line="592" tag="L+CR">        b.</item>
    <item id="o3" line="593" tag="G+CR">             man-IND:CL 2sg-CNJ hit            COP-FM 1sg friend</item>
    <item id="o4" line="594" tag="G+CR">                                        DET</item>
    <item id="o5" line="595" tag="T">             `The man whom you have hit is my friend.'</item>
  </tier>
  <tier id="c" type="odin-clean">
    <item id="c1" line="591 592" tag="L+CR">do-so       a-n() !me ma!a-!la n               zo.</item>
    <item id="c3" line="593 594" tag="G+CR">man-IND:CL 2sg-CNJ hit     DET    COP-FM 1sg friend</item>
    <item id="c5" line="595" tag="T">The man whom you have hit is my friend.</item>
  </tier>
  <tier id="p" type="phrases" content="c">
    <item id="p0" content="c1[0:50]"/>
  </tier>
  <tier id="g" type="glosses" content="c">
    <item id="g0" content="c3[0:51]" alignment="p1"/>
  </tier>
  <tier id="t" type="translations" content="c">
    <item id="t0" content="c5[0:39]" alignment="p1"/>
  </tier>
</igt>
<igt id="i69808">
  <metadata type="xigt-meta">
    <meta type="language" name="dagbani" iso-639-3="dag" tiers="phrases words morphemes"/>
    <meta type="language" name="English" iso-639-3="eng" tiers="translations"/>
    <meta type="odin-source" doc-id="3092" line-range="744-748" line-types="M+CN L+CR L+CR G T"/>
  </metadata>
  <tier id="o" type="odin-raw">
    <item id="o1" line="744" tag="M+CN">  NSF</item>
    <item id="o2" line="745" tag="L+CR">              yl ma!a n ko-!o           d.</item>
    <item id="o3" line="746" tag="L+CR">  (29)</item>
    <item id="o4" line="747" tag="G">              house DEF      in KA-3sg eat</item>
    <item id="o5" line="748" tag="T">              `In the house she ate.'</item>
  </tier>
  <tier id="c" type="odin-clean">
    <item id="c1" line="744" tag="M+CN">NSF</item>
    <item id="c2" line="745 746" tag="L+CR">yl ma!a n ko-!o           d.</item>
    <item id="c4" line="747" tag="G">house DEF      in KA-3sg eat</item>
    <item id="c5" line="748" tag="T">In the house she ate.</item>
  </tier>
  <tier id="p" type="phrases" content="c">
    <item id="p0" content="c2[0:28]"/>
  </tier>
  <tier id="g" type="glosses" content="c">
    <item id="g0" content="c4[0:28]" alignment="p1"/>
  </tier>
  <tier id="t" type="translations" content="c">
    <item id="t0" content="c5[0:21]" alignment="p1"/>
  </tier>
</igt>
<igt id="i69809">
  <metadata type="xigt-meta">
    <meta type="language" name="dagbani" iso-639-3="dag" tiers="phrases words morphemes"/>
    <meta type="language" name="English" iso-639-3="eng" tiers="translations"/>
    <meta type="odin-source" doc-id="3092" line-range="753-756" line-types="L G+CR G+CR T"/>
  </metadata>
  <tier id="o" type="odin-raw">
    <item id="o1" line="753" tag="L">                ka    b       ma!a cha ...</item>
    <item id="o2" line="754" tag="G+CR">                       child DEF       go</item>
    <item id="o3" line="755" tag="G+CR">                CNJ</item>
    <item id="o4" line="756" tag="T">                `and the child went ...'</item>
  </tier>
  <tier id="c" type="odin-clean">
    <item id="c1" line="753" tag="L">ka    b       ma!a cha ...</item>
    <item id="c2" line="754 755" tag="G+CR">CNJ    child DEF       go</item>
    <item id="c4" line="756" tag="T">and the child went ...</item>
  </tier>
  <tier id="p" type="phrases" content="c">
    <item id="p0" content="c1[0:26]"/>
  </tier>
  <tier id="g" type="glosses" content="c">
    <item id="g0" content="c2[0:25]" alignment="p1"/>
  </tier>
  <tier id="t" type="translations" content="c">
    <item id="t0" content="c4[0:22]" alignment="p1"/>
  </tier>
</igt>
<igt id="i69810">
  <metadata type="xigt-meta">
    <meta type="language" name="dagbani" iso-639-3="dag" tiers="phrases words morphemes"/>
    <meta type="language" name="English" iso-639-3="eng" tiers="translations"/>
    <meta type="odin-source" doc-id="3092" line-range="758-761" line-types="L+CR L+CR G T"/>
  </metadata>
  <tier id="o" type="odin-raw">
    <item id="o1" line="758" tag="L+CR">                paa ma!a daa-!la        peter ka !me-o.</item>
    <item id="o2" line="759" tag="L+CR">         b.</item>
    <item id="o3" line="760" tag="G">                woman DEF push-FM Peter CNJ hit-O:3sg</item>
    <item id="o4" line="761" tag="T">                `The woman pushed and hit Peter.'</item>
  </tier>
  <tier id="c" type="odin-clean">
    <item id="c1" line="758 759" tag="L+CR">paa ma!a daa-!la        peter ka !me-o.</item>
    <item id="c3" line="760" tag="G">woman DEF push-FM Peter CNJ hit-O:3sg</item>
    <item id="c4" line="761" tag="T">The woman pushed and hit Peter.</item>
  </tier>
  <tier id="p" type="phrases" content="c">
    <item id="p0" content="c1[0:39]"/>
  </tier>
  <tier id="g" type="glosses" content="c">
    <item id="g0" content="c3[0:37]" alignment="p1"/>
  </tier>
  <tier id="t" type="translations" content="c">
    <item id="t0" content="c4[0:31]" alignment="p1"/>
  </tier>
</igt>
<igt id="i99816">
  <metadata type="xigt-meta">
    <meta type="language" name="dagbani" iso-639-3="dag" tiers="phrases words morphemes"/>
    <meta type="language" name="English" iso-639-3="eng" tiers="translations"/>
    <meta type="odin-source" doc-id="2463" line-range="472-478" line-types="L G B L+LN G+CN+CR G+CR T"/>
  </metadata>
  <tier id="o" type="odin-raw">
    <item id="o1" line="472" tag="L">       (18) a     mi      o n ti     saan-so</item>
    <item id="o2" line="473" tag="G">            you know [he SR give stranger-SPEC:ANIM</item>
    <item id="o3" line="474" tag="B"></item>
    <item id="o4" line="475" tag="L+LN">            l gri    l a.                                 [Dagbani]</item>
    <item id="o5" line="476" tag="G+CN+CR">                                                            VO­cir</item>
    <item id="o6" line="477" tag="G+CR">            money] PTL</item>
    <item id="o7" line="478" tag="T">            `You know the stranger whom he gave the money.'</item>
  </tier>
  <tier id="c" type="odin-clean">
    <item id="c1" line="472" tag="L">a     mi      o n ti     saan-so</item>
    <item id="c2" line="473" tag="G">you know [he SR give stranger-SPEC:ANIM</item>
    <item id="c3" line="474" tag="B"/>
    <item id="c4" line="475" tag="L+LN">l gri    l a.                                 [Dagbani]</item>
    <item id="c5" line="476 477" tag="G+CN+CR">money] PTL                                      VO­cir</item>
    <item id="c7" line="478" tag="T">You know the stranger whom he gave the money.</item>
  </tier>
  <tier id="p" type="phrases" content="c">
    <item id="p0" content="c1[0:32]"/>
    <item id="p1" content="c4[0:55]"/>
  </tier>
  <tier id="g" type="glosses" content="c">
    <item id="g0" content="c2[0:39]" alignment="p1"/>
    <item id="g1" content="c5[0:54]" alignment="p2"/>
  </tier>
  <tier id="t" type="translations" content="c">
    <item id="t0" content="c7[0:45]" alignment="p2"/>
  </tier>
</igt>
<igt id="i143259">
  <metadata type="xigt-meta">
    <meta type="language" name="dagbani" iso-639-3="dag" tiers="phrases words morphemes"/>
    <meta type="language" name="English" iso-639-3="eng" tiers="translations"/>
    <meta type="odin-source" doc-id="2353" line-range="1007-1009" line-types="L+CN G T"/>
  </metadata>
  <tier id="o" type="odin-raw">
    <item id="o1" line="1007" tag="L+CN">        c.    A mi           [o n´ ti     saan-so         l´gri] la.         [circumnominal RC]</item>
    <item id="o2" line="1008" tag="G">              you know he SR give stranger-SPC/LIV money               PTL</item>
    <item id="o3" line="1009" tag="T">              `You know the stranger whom he gave the money.'</item>
  </tier>
  <tier id="c" type="odin-clean">
    <item id="c1" line="1007" tag="L+CN">A mi           [o n´ ti     saan-so         l´gri] la.         [circumnominal RC]</item>
    <item id="c2" line="1008" tag="G">you know he SR give stranger-SPC/LIV money               PTL</item>
    <item id="c3" line="1009" tag="T">You know the stranger whom he gave the money.</item>
  </tier>
  <tier id="p" type="phrases" content="c">
    <item id="p0" content="c1[0:81]"/>
  </tier>
  <tier id="g" type="glosses" content="c">
    <item id="g0" content="c2[0:60]" alignment="p1"/>
  </tier>
  <tier id="t" type="translations" content="c">
    <item id="t0" content="c3[0:45]" alignment="p1"/>
  </tier>
</igt>
</xigt-corpus>
