<?xml version="1.0" encoding="UTF-8"?>
<xigt-corpus>
<igt id="i12138">
  <metadata type="xigt-meta">
    <meta type="language" name="dakota" iso-639-3="dak" tiers="phrases words morphemes"/>
    <meta type="language" name="English" iso-639-3="eng" tiers="translations"/>
    <meta type="odin-source" doc-id="2499" line-range="8719-8721" line-types="L-T+CR L-T+CR G"/>
  </metadata>
  <tier id="o" type="odin-raw">
    <item id="o1" line="8719" tag="L-T+CR">  (38)   iye-ni-ma-</item>
    <item id="o2" line="8720" tag="L-T+CR">                   checa             `I resemble you'</item>
    <item id="o3" line="8721" tag="G">         V-2sg-1sg-V</item>
  </tier>
  <tier id="c" type="odin-clean">
    <item id="c1" line="8719 8720" tag="L-T+CR">iye-ni-ma-checa             `I resemble you</item>
    <item id="c3" line="8721" tag="G">V-2sg-1sg-V</item>
  </tier>
  <tier id="g" type="glosses" content="c">
    <item id="g0" content="c3[0:11]"/>
  </tier>
</igt>
<igt id="i12154">
  <metadata type="xigt-meta">
    <meta type="language" name="dakota" iso-639-3="dak" tiers="phrases words morphemes"/>
    <meta type="language" name="English" iso-639-3="eng" tiers="translations"/>
    <meta type="odin-source" doc-id="2499" line-range="10189-10191" line-types="L-T+CR L-T+CR M"/>
  </metadata>
  <tier id="o" type="odin-raw">
    <item id="o1" line="10189" tag="L-T+CR">  (43)   iye-ni-ma-</item>
    <item id="o2" line="10190" tag="L-T+CR">                   checa                 `I resemble you'</item>
    <item id="o3" line="10191" tag="M">         V-2sg-1sg-V</item>
  </tier>
  <tier id="c" type="odin-clean">
    <item id="c1" line="10189 10190" tag="L-T+CR">iye-ni-ma-checa                 `I resemble you</item>
    <item id="c3" line="10191" tag="M">V-2sg-1sg-V</item>
  </tier>
</igt>
<igt id="i64380">
  <metadata type="xigt-meta">
    <meta type="language" name="dakota" iso-639-3="dak" tiers="phrases words morphemes"/>
    <meta type="language" name="English" iso-639-3="eng" tiers="translations"/>
    <meta type="odin-source" doc-id="3067" line-range="794-795" line-types="M+LN+CN L-T+CN"/>
  </metadata>
  <tier id="o" type="odin-raw">
    <item id="o1" line="794" tag="M+LN+CN">  (27) Intransitive verbs        in Dakota</item>
    <item id="o2" line="795" tag="L-T+CN">       a. wa-niwa                  `I swim'                                                  (Active)</item>
  </tier>
  <tier id="c" type="odin-clean">
    <item id="c1" line="794" tag="M+LN+CN">Intransitive verbs        in Dakota</item>
    <item id="c2" line="795" tag="L-T+CN">wa-niwa                  `I swim'                                                  (Active)</item>
  </tier>
</igt>
<igt id="i64381">
  <metadata type="xigt-meta">
    <meta type="language" name="dakota" iso-639-3="dak" tiers="phrases words morphemes"/>
    <meta type="language" name="English" iso-639-3="eng" tiers="translations"/>
    <meta type="odin-source" doc-id="3067" line-range="796-796" line-types="L-T"/>
  </metadata>
  <tier id="o" type="odin-raw">
    <item id="o1" line="796" tag="L-T">           wa-niwa-pi              `we swim'</item>
  </tier>
  <tier id="c" type="odin-clean">
    <item id="c1" line="796" tag="L-T">wa-niwa-pi              `we swim</item>
  </tier>
</igt>
<igt id="i64382">
  <metadata type="xigt-meta">
    <meta type="language" name="dakota" iso-639-3="dak" tiers="phrases words morphemes"/>
    <meta type="language" name="English" iso-639-3="eng" tiers="translations"/>
    <meta type="odin-source" doc-id="3067" line-range="797-797" line-types="L-T+CN"/>
  </metadata>
  <tier id="o" type="odin-raw">
    <item id="o1" line="797" tag="L-T+CN">       b. ma-t'a                   `I die'                                                   (Inactive)</item>
  </tier>
  <tier id="c" type="odin-clean">
    <item id="c1" line="797" tag="L-T+CN">ma-t'a                   `I die'                                                   (Inactive)</item>
  </tier>
</igt>
<igt id="i64383">
  <metadata type="xigt-meta">
    <meta type="language" name="dakota" iso-639-3="dak" tiers="phrases words morphemes"/>
    <meta type="language" name="English" iso-639-3="eng" tiers="translations"/>
    <meta type="odin-source" doc-id="3067" line-range="798-798" line-types="L-T"/>
  </metadata>
  <tier id="o" type="odin-raw">
    <item id="o1" line="798" tag="L-T">           ma-t'a-pi               `we die'</item>
  </tier>
  <tier id="c" type="odin-clean">
    <item id="c1" line="798" tag="L-T">ma-t'a-pi               `we die</item>
  </tier>
</igt>
<igt id="i64384">
  <metadata type="xigt-meta">
    <meta type="language" name="dakota" iso-639-3="dak" tiers="phrases words morphemes"/>
    <meta type="language" name="English" iso-639-3="eng" tiers="translations"/>
    <meta type="odin-source" doc-id="3067" line-range="799-800" line-types="M+LN+CN L-T+CN"/>
  </metadata>
  <tier id="o" type="odin-raw">
    <item id="o1" line="799" tag="M+LN+CN">  (28) Transitive verbs in Dakota</item>
    <item id="o2" line="800" tag="L-T+CN">       a. wa-kte           `I killed him'                                                    (Active)</item>
  </tier>
  <tier id="c" type="odin-clean">
    <item id="c1" line="799" tag="M+LN+CN">Transitive verbs in Dakota</item>
    <item id="c2" line="800" tag="L-T+CN">wa-kte           `I killed him'                                                    (Active)</item>
  </tier>
</igt>
<igt id="i64385">
  <metadata type="xigt-meta">
    <meta type="language" name="dakota" iso-639-3="dak" tiers="phrases words morphemes"/>
    <meta type="language" name="English" iso-639-3="eng" tiers="translations"/>
    <meta type="odin-source" doc-id="3067" line-range="801-801" line-types="L-T"/>
  </metadata>
  <tier id="o" type="odin-raw">
    <item id="o1" line="801" tag="L-T">          wicha-wa-kte `I killed them'</item>
  </tier>
  <tier id="c" type="odin-clean">
    <item id="c1" line="801" tag="L-T">wicha-wa-kte `I killed them</item>
  </tier>
</igt>
<igt id="i64386">
  <metadata type="xigt-meta">
    <meta type="language" name="dakota" iso-639-3="dak" tiers="phrases words morphemes"/>
    <meta type="language" name="English" iso-639-3="eng" tiers="translations"/>
    <meta type="odin-source" doc-id="3067" line-range="802-802" line-types="L-T+CN"/>
  </metadata>
  <tier id="o" type="odin-raw">
    <item id="o1" line="802" tag="L-T+CN">       b. ma-kte           `he killed me'                                                    (Inactive)</item>
  </tier>
  <tier id="c" type="odin-clean">
    <item id="c1" line="802" tag="L-T+CN">ma-kte           `he killed me'                                                    (Inactive)</item>
  </tier>
</igt>
<igt id="i64387">
  <metadata type="xigt-meta">
    <meta type="language" name="dakota" iso-639-3="dak" tiers="phrases words morphemes"/>
    <meta type="language" name="English" iso-639-3="eng" tiers="translations"/>
    <meta type="odin-source" doc-id="3067" line-range="803-803" line-types="L-T+DB"/>
  </metadata>
  <tier id="o" type="odin-raw">
    <item id="o1" line="803" tag="L-T+DB">          ma-kte-pi        `they killed me'/`he killed us'</item>
  </tier>
  <tier id="c" type="odin-clean">
    <item id="c1" line="803" tag="L-T+DB">ma-kte-pi        `they killed me'/`he killed us</item>
  </tier>
</igt>
<igt id="i64388">
  <metadata type="xigt-meta">
    <meta type="language" name="dakota" iso-639-3="dak" tiers="phrases words morphemes"/>
    <meta type="language" name="English" iso-639-3="eng" tiers="translations"/>
    <meta type="odin-source" doc-id="3067" line-range="804-804" line-types="L-T+CN"/>
  </metadata>
  <tier id="o" type="odin-raw">
    <item id="o1" line="804" tag="L-T+CN">       c. ma-ya-kte        `you killed me'                                                   (Mixed)</item>
  </tier>
  <tier id="c" type="odin-clean">
    <item id="c1" line="804" tag="L-T+CN">ma-ya-kte        `you killed me'                                                   (Mixed)</item>
  </tier>
</igt>
<igt id="i64389">
  <metadata type="xigt-meta">
    <meta type="language" name="dakota" iso-639-3="dak" tiers="phrases words morphemes"/>
    <meta type="language" name="English" iso-639-3="eng" tiers="translations"/>
    <meta type="odin-source" doc-id="3067" line-range="805-805" line-types="L-T"/>
  </metadata>
  <tier id="o" type="odin-raw">
    <item id="o1" line="805" tag="L-T">          chi-kte          `I killed you'</item>
  </tier>
  <tier id="c" type="odin-clean">
    <item id="c1" line="805" tag="L-T">chi-kte          `I killed you</item>
  </tier>
</igt>
<igt id="i64390">
  <metadata type="xigt-meta">
    <meta type="language" name="dakota" iso-639-3="dak" tiers="phrases words morphemes"/>
    <meta type="language" name="English" iso-639-3="eng" tiers="translations"/>
    <meta type="odin-source" doc-id="3067" line-range="806-807" line-types="M+LN+CN L-T+CN"/>
  </metadata>
  <tier id="o" type="odin-raw">
    <item id="o1" line="806" tag="M+LN+CN">  (29) Ditransitive verbs        in Dakota</item>
    <item id="o2" line="807" tag="L-T+CN">       a. wa-k'u                  `I gave it to him'                                         (Active)</item>
  </tier>
  <tier id="c" type="odin-clean">
    <item id="c1" line="806" tag="M+LN+CN">Ditransitive verbs        in Dakota</item>
    <item id="c2" line="807" tag="L-T+CN">wa-k'u                  `I gave it to him'                                         (Active)</item>
  </tier>
</igt>
<igt id="i64391">
  <metadata type="xigt-meta">
    <meta type="language" name="dakota" iso-639-3="dak" tiers="phrases words morphemes"/>
    <meta type="language" name="English" iso-639-3="eng" tiers="translations"/>
    <meta type="odin-source" doc-id="3067" line-range="808-808" line-types="L-T"/>
  </metadata>
  <tier id="o" type="odin-raw">
    <item id="o1" line="808" tag="L-T">          wicha-wa-k'u            `I gave it to them'</item>
  </tier>
  <tier id="c" type="odin-clean">
    <item id="c1" line="808" tag="L-T">wicha-wa-k'u            `I gave it to them</item>
  </tier>
</igt>
<igt id="i64392">
  <metadata type="xigt-meta">
    <meta type="language" name="dakota" iso-639-3="dak" tiers="phrases words morphemes"/>
    <meta type="language" name="English" iso-639-3="eng" tiers="translations"/>
    <meta type="odin-source" doc-id="3067" line-range="809-809" line-types="L-T+CN"/>
  </metadata>
  <tier id="o" type="odin-raw">
    <item id="o1" line="809" tag="L-T+CN">       b. ma-k'u                  `he gave it to me'                                         (Inactive)</item>
  </tier>
  <tier id="c" type="odin-clean">
    <item id="c1" line="809" tag="L-T+CN">ma-k'u                  `he gave it to me'                                         (Inactive)</item>
  </tier>
</igt>
<igt id="i64393">
  <metadata type="xigt-meta">
    <meta type="language" name="dakota" iso-639-3="dak" tiers="phrases words morphemes"/>
    <meta type="language" name="English" iso-639-3="eng" tiers="translations"/>
    <meta type="odin-source" doc-id="3067" line-range="810-810" line-types="L-T+DB"/>
  </metadata>
  <tier id="o" type="odin-raw">
    <item id="o1" line="810" tag="L-T+DB">          ma-k'u-pi               `they gave it to me'/'he gave it to us'</item>
  </tier>
  <tier id="c" type="odin-clean">
    <item id="c1" line="810" tag="L-T+DB">ma-k'u-pi               `they gave it to me'/'he gave it to us</item>
  </tier>
</igt>
<igt id="i64394">
  <metadata type="xigt-meta">
    <meta type="language" name="dakota" iso-639-3="dak" tiers="phrases words morphemes"/>
    <meta type="language" name="English" iso-639-3="eng" tiers="translations"/>
    <meta type="odin-source" doc-id="3067" line-range="823-823" line-types="L-T+CN"/>
  </metadata>
  <tier id="o" type="odin-raw">
    <item id="o1" line="823" tag="L-T+CN">        c. ma-ya-k'u         `you gave it to me'                             (Mixed)</item>
  </tier>
  <tier id="c" type="odin-clean">
    <item id="c1" line="823" tag="L-T+CN">ma-ya-k'u         `you gave it to me'                             (Mixed)</item>
  </tier>
</igt>
<igt id="i64395">
  <metadata type="xigt-meta">
    <meta type="language" name="dakota" iso-639-3="dak" tiers="phrases words morphemes"/>
    <meta type="language" name="English" iso-639-3="eng" tiers="translations"/>
    <meta type="odin-source" doc-id="3067" line-range="824-824" line-types="L-T"/>
  </metadata>
  <tier id="o" type="odin-raw">
    <item id="o1" line="824" tag="L-T">           chi-k'u           `I gave it to you'</item>
  </tier>
  <tier id="c" type="odin-clean">
    <item id="c1" line="824" tag="L-T">chi-k'u           `I gave it to you</item>
  </tier>
</igt>
<igt id="i77598">
  <metadata type="xigt-meta">
    <meta type="language" name="dakota" iso-639-3="dak" tiers="phrases words morphemes"/>
    <meta type="language" name="English" iso-639-3="eng" tiers="translations"/>
    <meta type="odin-source" doc-id="133.txt" line-range="2084-2090" line-types="L B G B T B T+AC+AL"/>
  </metadata>
  <tier id="o" type="odin-raw">
    <item id="o1" line="2084" tag="L">  14)     un-kaska-pi</item>
    <item id="o2" line="2085" tag="B"></item>
    <item id="o3" line="2086" tag="G">          1-bind-PL</item>
    <item id="o4" line="2087" tag="B"></item>
    <item id="o5" line="2088" tag="T">          'He binds us.'</item>
    <item id="o6" line="2089" tag="B"></item>
    <item id="o7" line="2090" tag="T+AC+AL">          'They bind me.'             (Buechel 1939)</item>
  </tier>
  <tier id="c" type="odin-clean">
    <item id="c1" line="2084" tag="L">un-kaska-pi</item>
    <item id="c2" line="2085" tag="B"/>
    <item id="c3" line="2086" tag="G">1-bind-PL</item>
    <item id="c4" line="2087" tag="B"/>
    <item id="c5" line="2088" tag="T">He binds us.</item>
    <item id="c6" line="2089" tag="B"/>
    <item id="c7" line="2090" tag="T+AC+AL">They bind me.'             (Buechel 1939)</item>
  </tier>
  <tier id="p" type="phrases" content="c">
    <item id="p0" content="c1[0:11]"/>
  </tier>
  <tier id="g" type="glosses" content="c">
    <item id="g0" content="c3[0:9]" alignment="p1"/>
  </tier>
  <tier id="t" type="translations" content="c">
    <item id="t0" content="c5[0:12]" alignment="p1"/>
    <item id="t1" content="c7[0:41]" alignment="p1"/>
  </tier>
</igt>
<igt id="i77611">
  <metadata type="xigt-meta">
    <meta type="language" name="dakota" iso-639-3="dak" tiers="phrases words morphemes"/>
    <meta type="language" name="English" iso-639-3="eng" tiers="translations"/>
    <meta type="odin-source" doc-id="133.txt" line-range="3590-3596" line-types="L B G B T B T+AC+AL"/>
  </metadata>
  <tier id="o" type="odin-raw">
    <item id="o1" line="3590" tag="L">  64)      un-kaska-pi           Dakota</item>
    <item id="o2" line="3591" tag="B"></item>
    <item id="o3" line="3592" tag="G">           1-bind-PL</item>
    <item id="o4" line="3593" tag="B"></item>
    <item id="o5" line="3594" tag="T">           'He binds us.'</item>
    <item id="o6" line="3595" tag="B"></item>
    <item id="o7" line="3596" tag="T+AC+AL">           'They bind me.'        (Buechel 1939)</item>
  </tier>
  <tier id="c" type="odin-clean">
    <item id="c1" line="3590" tag="L">un-kaska-pi           Dakota</item>
    <item id="c2" line="3591" tag="B"/>
    <item id="c3" line="3592" tag="G">1-bind-PL</item>
    <item id="c4" line="3593" tag="B"/>
    <item id="c5" line="3594" tag="T">He binds us.</item>
    <item id="c6" line="3595" tag="B"/>
    <item id="c7" line="3596" tag="T+AC+AL">They bind me.'        (Buechel 1939)</item>
  </tier>
  <tier id="p" type="phrases" content="c">
    <item id="p0" content="c1[0:28]"/>
  </tier>
  <tier id="g" type="glosses" content="c">
    <item id="g0" content="c3[0:9]" alignment="p1"/>
  </tier>
  <tier id="t" type="translations" content="c">
    <item id="t0" content="c5[0:12]" alignment="p1"/>
    <item id="t1" content="c7[0:36]" alignment="p1"/>
  </tier>
</igt>
<igt id="i137187">
  <metadata type="xigt-meta">
    <meta type="language" name="dakota" iso-639-3="dak" tiers="phrases words morphemes"/>
    <meta type="language" name="English" iso-639-3="eng" tiers="translations"/>
    <meta type="odin-source" doc-id="3731" line-range="224-226" line-types="L G T+LN"/>
  </metadata>
  <tier id="o" type="odin-raw">
    <item id="o1" line="224" tag="L">  (2 8 )    Mastingcala king waste, tka singthela king sice</item>
    <item id="o2" line="225" tag="G">            rabbit       the go o d, but rattlesnake the bad</item>
    <item id="o3" line="226" tag="T+LN">            `The rabbit is better than the rattlesnake.'                           dakota</item>
  </tier>
  <tier id="c" type="odin-clean">
    <item id="c1" line="224" tag="L">(2 8 )    Mastingcala king waste, tka singthela king sice</item>
    <item id="c2" line="225" tag="G">rabbit       the go o d, but rattlesnake the bad</item>
    <item id="c3" line="226" tag="T+LN">The rabbit is better than the rattlesnake.'                           dakota</item>
  </tier>
  <tier id="p" type="phrases" content="c">
    <item id="p0" content="c1[0:57]"/>
  </tier>
  <tier id="g" type="glosses" content="c">
    <item id="g0" content="c2[0:48]" alignment="p1"/>
  </tier>
  <tier id="t" type="translations" content="c">
    <item id="t0" content="c3[0:76]" alignment="p1"/>
  </tier>
</igt>
<igt id="i137193">
  <metadata type="xigt-meta">
    <meta type="language" name="dakota" iso-639-3="dak" tiers="phrases words morphemes"/>
    <meta type="language" name="English" iso-639-3="eng" tiers="translations"/>
    <meta type="odin-source" doc-id="3731" line-range="268-270" line-types="L G T+LN"/>
  </metadata>
  <tier id="o" type="odin-raw">
    <item id="o1" line="268" tag="L">  (3 4 )    Hoksila king atku-ku isam hangska.</item>
    <item id="o2" line="269" tag="G">            boy     the father-his on tall</item>
    <item id="o3" line="270" tag="T+LN">            `The boy is taller than his father.'                                    dakota</item>
  </tier>
  <tier id="c" type="odin-clean">
    <item id="c1" line="268" tag="L">(3 4 )    Hoksila king atku-ku isam hangska.</item>
    <item id="c2" line="269" tag="G">boy     the father-his on tall</item>
    <item id="c3" line="270" tag="T+LN">The boy is taller than his father.'                                    dakota</item>
  </tier>
  <tier id="p" type="phrases" content="c">
    <item id="p0" content="c1[0:44]"/>
  </tier>
  <tier id="g" type="glosses" content="c">
    <item id="g0" content="c2[0:30]" alignment="p1"/>
  </tier>
  <tier id="t" type="translations" content="c">
    <item id="t0" content="c3[0:77]" alignment="p1"/>
  </tier>
</igt>
</xigt-corpus>
