<?xml version="1.0" encoding="UTF-8"?>
<xigt-corpus>
<igt id="i73270">
  <metadata type="xigt-meta">
    <meta type="language" name="nishi" iso-639-3="dap" tiers="phrases words morphemes"/>
    <meta type="language" name="English" iso-639-3="eng" tiers="translations"/>
    <meta type="odin-source" doc-id="990" line-range="496-498" line-types="L G T"/>
  </metadata>
  <tier id="o" type="odin-raw">
    <item id="o1" line="496" tag="L">  (36) så mindui sî</item>
    <item id="o2" line="497" tag="G">          here buffalo this</item>
    <item id="o3" line="498" tag="T">          `this buffalo'</item>
  </tier>
  <tier id="c" type="odin-clean">
    <item id="c1" line="496" tag="L">så mindui sî</item>
    <item id="c2" line="497" tag="G">here buffalo this</item>
    <item id="c3" line="498" tag="T">this buffalo</item>
  </tier>
  <tier id="p" type="phrases" content="c">
    <item id="p0" content="c1[0:12]"/>
  </tier>
  <tier id="g" type="glosses" content="c">
    <item id="g0" content="c2[0:17]" alignment="p1"/>
  </tier>
  <tier id="t" type="translations" content="c">
    <item id="t0" content="c3[0:12]" alignment="p1"/>
  </tier>
</igt>
<igt id="i93189">
  <metadata type="xigt-meta">
    <meta type="language" name="nishi" iso-639-3="dap" tiers="phrases words morphemes"/>
    <meta type="language" name="English" iso-639-3="eng" tiers="translations"/>
    <meta type="odin-source" doc-id="1358" line-range="525-526" line-types="M+AC+LN L-T"/>
  </metadata>
  <tier id="o" type="odin-raw">
    <item id="o1" line="525" tag="M+AC+LN">  (32) Nishi (Dafla) (DasGupta 1969):</item>
    <item id="o2" line="526" tag="L-T">       bing-ming-su                               `to speak or chat (among ourselves)'</item>
  </tier>
  <tier id="c" type="odin-clean">
    <item id="c1" line="525" tag="M+AC+LN">Nishi (Dafla) (DasGupta 1969):</item>
    <item id="c2" line="526" tag="L-T">bing-ming-su                               `to speak or chat (among ourselves)</item>
  </tier>
</igt>
<igt id="i93190">
  <metadata type="xigt-meta">
    <meta type="language" name="nishi" iso-639-3="dap" tiers="phrases words morphemes"/>
    <meta type="language" name="English" iso-639-3="eng" tiers="translations"/>
    <meta type="odin-source" doc-id="1358" line-range="527-527" line-types="L-T"/>
  </metadata>
  <tier id="o" type="odin-raw">
    <item id="o1" line="527" tag="L-T">       lak la(k)-su-to                            `wash hand'</item>
  </tier>
  <tier id="c" type="odin-clean">
    <item id="c1" line="527" tag="L-T">lak la(k)-su-to                            `wash hand</item>
  </tier>
</igt>
<igt id="i93191">
  <metadata type="xigt-meta">
    <meta type="language" name="nishi" iso-639-3="dap" tiers="phrases words morphemes"/>
    <meta type="language" name="English" iso-639-3="eng" tiers="translations"/>
    <meta type="odin-source" doc-id="1358" line-range="528-528" line-types="L-T"/>
  </metadata>
  <tier id="o" type="odin-raw">
    <item id="o1" line="528" tag="L-T">       ngo ang-karr-su-ta-ri-ne                   `I shall stroll about the house'</item>
  </tier>
  <tier id="c" type="odin-clean">
    <item id="c1" line="528" tag="L-T">ngo ang-karr-su-ta-ri-ne                   `I shall stroll about the house</item>
  </tier>
</igt>
<igt id="i93192">
  <metadata type="xigt-meta">
    <meta type="language" name="nishi" iso-639-3="dap" tiers="phrases words morphemes"/>
    <meta type="language" name="English" iso-639-3="eng" tiers="translations"/>
    <meta type="odin-source" doc-id="1358" line-range="529-529" line-types="L-T"/>
  </metadata>
  <tier id="o" type="odin-raw">
    <item id="o1" line="529" tag="L-T">       ngo-kam no-kam do-pa-su-laja               `Let us sit together'</item>
  </tier>
  <tier id="c" type="odin-clean">
    <item id="c1" line="529" tag="L-T">ngo-kam no-kam do-pa-su-laja               `Let us sit together</item>
  </tier>
</igt>
<igt id="i93193">
  <metadata type="xigt-meta">
    <meta type="language" name="nishi" iso-639-3="dap" tiers="phrases words morphemes"/>
    <meta type="language" name="English" iso-639-3="eng" tiers="translations"/>
    <meta type="odin-source" doc-id="1358" line-range="537-537" line-types="L-T+DB"/>
  </metadata>
  <tier id="o" type="odin-raw">
    <item id="o1" line="537" tag="L-T+DB">  (33) nyir-to                   `laugh'                  bing-to       `speak'</item>
  </tier>
  <tier id="c" type="odin-clean">
    <item id="c1" line="537" tag="L-T+DB">nyir-to                   `laugh'                  bing-to       `speak</item>
  </tier>
</igt>
<igt id="i93194">
  <metadata type="xigt-meta">
    <meta type="language" name="nishi" iso-639-3="dap" tiers="phrases words morphemes"/>
    <meta type="language" name="English" iso-639-3="eng" tiers="translations"/>
    <meta type="odin-source" doc-id="1358" line-range="538-538" line-types="L-T+DB"/>
  </metadata>
  <tier id="o" type="odin-raw">
    <item id="o1" line="538" tag="L-T+DB">       (coi coi) nyir-s-to       `smile'                  bing-s-to     `whisper'</item>
  </tier>
  <tier id="c" type="odin-clean">
    <item id="c1" line="538" tag="L-T+DB">(coi coi) nyir-s-to       `smile'                  bing-s-to     `whisper</item>
  </tier>
</igt>
<igt id="i115582">
  <metadata type="xigt-meta">
    <meta type="language" name="nishi" iso-639-3="dap" tiers="phrases words morphemes"/>
    <meta type="language" name="English" iso-639-3="eng" tiers="translations"/>
    <meta type="odin-source" doc-id="3380" line-range="1717-1721" line-types="M+LN B L G T+AC"/>
  </metadata>
  <tier id="o" type="odin-raw">
    <item id="o1" line="1717" tag="M+LN">  (64)   Nishi</item>
    <item id="o2" line="1718" tag="B"></item>
    <item id="o3" line="1719" tag="L">         a.    s?    nyem    s?</item>
    <item id="o4" line="1720" tag="G">               here woman this</item>
    <item id="o5" line="1721" tag="T+AC">               `this woman' (Hamilton 1900: 20)</item>
  </tier>
  <tier id="c" type="odin-clean">
    <item id="c1" line="1717" tag="M+LN">Nishi</item>
    <item id="c2" line="1718" tag="B"/>
    <item id="c3" line="1719" tag="L">s?    nyem    s?</item>
    <item id="c4" line="1720" tag="G">here woman this</item>
    <item id="c5" line="1721" tag="T+AC">this woman' (Hamilton 1900: 20)</item>
  </tier>
  <tier id="p" type="phrases" content="c">
    <item id="p0" content="c3[0:16]"/>
  </tier>
  <tier id="g" type="glosses" content="c">
    <item id="g0" content="c4[0:15]" alignment="p1"/>
  </tier>
  <tier id="t" type="translations" content="c">
    <item id="t0" content="c5[0:31]" alignment="p1"/>
  </tier>
</igt>
<igt id="i115583">
  <metadata type="xigt-meta">
    <meta type="language" name="nishi" iso-639-3="dap" tiers="phrases words morphemes"/>
    <meta type="language" name="English" iso-639-3="eng" tiers="translations"/>
    <meta type="odin-source" doc-id="3380" line-range="1723-1725" line-types="L G T+AC"/>
  </metadata>
  <tier id="o" type="odin-raw">
    <item id="o1" line="1723" tag="L">         b . h?    ny?ha</item>
    <item id="o2" line="1724" tag="G">             there man that</item>
    <item id="o3" line="1725" tag="T+AC">             `that man' (Hamilton 1900: 21)</item>
  </tier>
  <tier id="c" type="odin-clean">
    <item id="c1" line="1723" tag="L">b . h?    ny?ha</item>
    <item id="c2" line="1724" tag="G">there man that</item>
    <item id="c3" line="1725" tag="T+AC">that man' (Hamilton 1900: 21)</item>
  </tier>
  <tier id="p" type="phrases" content="c">
    <item id="p0" content="c1[0:15]"/>
  </tier>
  <tier id="g" type="glosses" content="c">
    <item id="g0" content="c2[0:14]" alignment="p1"/>
  </tier>
  <tier id="t" type="translations" content="c">
    <item id="t0" content="c3[0:29]" alignment="p1"/>
  </tier>
</igt>
</xigt-corpus>
