<?xml version="1.0" encoding="UTF-8"?>
<xigt-corpus>
<igt id="i1792">
  <metadata type="xigt-meta">
    <meta type="language" name="kubachi" iso-639-3="dar" tiers="phrases words morphemes"/>
    <meta type="language" name="English" iso-639-3="eng" tiers="translations"/>
    <meta type="odin-source" doc-id="560" line-range="1604-1607" line-types="M+AC+LN L G T+EX"/>
  </metadata>
  <tier id="o" type="odin-raw">
    <item id="o1" line="1604" tag="M+AC+LN">  (48) Kubachi Dargi (Nakh-Daghestanian; Magometov 1963:76)</item>
    <item id="o2" line="1605" tag="L">       a. b-e:n - ka - b-i«s«si-j</item>
    <item id="o3" line="1606" tag="G">              GENDER-in.down-GENDER-go-INF</item>
    <item id="o4" line="1607" tag="T+EX">            `insert, put in' (B gender)</item>
  </tier>
  <tier id="c" type="odin-clean">
    <item id="c1" line="1604" tag="M+AC+LN">Kubachi Dargi (Nakh-Daghestanian; Magometov 1963:76</item>
    <item id="c2" line="1605" tag="L">b-e:n-ka-b-i«s«si-j</item>
    <item id="c3" line="1606" tag="G">GENDER-in.down-GENDER-go-INF</item>
    <item id="c4" line="1607" tag="T+EX">insert, put in' (B gender)</item>
  </tier>
  <tier id="p" type="phrases" content="c">
    <item id="p0" content="c2[0:19]"/>
  </tier>
  <tier id="g" type="glosses" content="c">
    <item id="g0" content="c3[0:28]" alignment="p1"/>
  </tier>
  <tier id="t" type="translations" content="c">
    <item id="t0" content="c4[0:26]" alignment="p1"/>
  </tier>
</igt>
<igt id="i1793">
  <metadata type="xigt-meta">
    <meta type="language" name="kubachi" iso-639-3="dar" tiers="phrases words morphemes"/>
    <meta type="language" name="English" iso-639-3="eng" tiers="translations"/>
    <meta type="odin-source" doc-id="560" line-range="1608-1611" line-types="L G B T+EX"/>
  </metadata>
  <tier id="o" type="odin-raw">
    <item id="o1" line="1608" tag="L">         b. w-e:n - ka - w-i«s«si-j</item>
    <item id="o2" line="1609" tag="G">              GENDER-in.down-GENDER-go-INF</item>
    <item id="o3" line="1610" tag="B">                                       17</item>
    <item id="o4" line="1611" tag="T+EX">               `go in' (W gender)</item>
  </tier>
  <tier id="c" type="odin-clean">
    <item id="c1" line="1608" tag="L">w-e:n-ka-w-i«s«si-j</item>
    <item id="c2" line="1609" tag="G">GENDER-in.down-GENDER-go-INF</item>
    <item id="c3" line="1610" tag="B">17</item>
    <item id="c4" line="1611" tag="T+EX">go in' (W gender)</item>
  </tier>
  <tier id="p" type="phrases" content="c">
    <item id="p0" content="c1[0:19]"/>
  </tier>
  <tier id="g" type="glosses" content="c">
    <item id="g0" content="c2[0:28]" alignment="p1"/>
  </tier>
  <tier id="t" type="translations" content="c">
    <item id="t0" content="c4[0:17]" alignment="p1"/>
  </tier>
</igt>
<igt id="i6385">
  <metadata type="xigt-meta">
    <meta type="language" name="dargi" iso-639-3="dar" tiers="phrases words morphemes"/>
    <meta type="language" name="English" iso-639-3="eng" tiers="translations"/>
    <meta type="odin-source" doc-id="1703" line-range="139-141" line-types="L G T"/>
  </metadata>
  <tier id="o" type="odin-raw">
    <item id="o1" line="139" tag="L">  (7)      a.          x'o-ni   uzbi               arkul-ri</item>
    <item id="o2" line="140" tag="G">                       2SG-ERG brothers.ABSL bring.PAST-2                SG</item>
    <item id="o3" line="141" tag="T">                       `You brought the brothers.'</item>
  </tier>
  <tier id="c" type="odin-clean">
    <item id="c1" line="139" tag="L">x'o-ni   uzbi               arkul-ri</item>
    <item id="c2" line="140" tag="G">2SG-ERG brothers.ABSL bring.PAST-2                SG</item>
    <item id="c3" line="141" tag="T">You brought the brothers.</item>
  </tier>
  <tier id="p" type="phrases" content="c">
    <item id="p0" content="c1[0:36]"/>
  </tier>
  <tier id="g" type="glosses" content="c">
    <item id="g0" content="c2[0:52]" alignment="p1"/>
  </tier>
  <tier id="t" type="translations" content="c">
    <item id="t0" content="c3[0:25]" alignment="p1"/>
  </tier>
</igt>
<igt id="i6386">
  <metadata type="xigt-meta">
    <meta type="language" name="dargi" iso-639-3="dar" tiers="phrases words morphemes"/>
    <meta type="language" name="English" iso-639-3="eng" tiers="translations"/>
    <meta type="odin-source" doc-id="1703" line-range="142-144" line-types="L G T+DB"/>
  </metadata>
  <tier id="o" type="odin-raw">
    <item id="o1" line="142" tag="L">           b.          x'o      saj-ri           uzbi            arku-si</item>
    <item id="o2" line="143" tag="G">                       2SG.ABSL FM[COP-2SG] brothers.ABSL bring-PTCPL.SG</item>
    <item id="o3" line="144" tag="T+DB">                       `YOU brought the brothers.' `It was YOU that brought the brothers.'</item>
  </tier>
  <tier id="c" type="odin-clean">
    <item id="c1" line="142" tag="L">x'o      saj-ri           uzbi            arku-si</item>
    <item id="c2" line="143" tag="G">2SG.ABSL FM[COP-2SG] brothers.ABSL bring-PTCPL.SG</item>
    <item id="c3" line="144" tag="T+DB">YOU brought the brothers.' `It was YOU that brought the brothers.</item>
  </tier>
  <tier id="p" type="phrases" content="c">
    <item id="p0" content="c1[0:49]"/>
  </tier>
  <tier id="g" type="glosses" content="c">
    <item id="g0" content="c2[0:49]" alignment="p1"/>
  </tier>
  <tier id="t" type="translations" content="c">
    <item id="t0" content="c3[0:65]" alignment="p1"/>
  </tier>
</igt>
<igt id="i11974">
  <metadata type="xigt-meta">
    <meta type="language" name="dargwa" iso-639-3="dar" tiers="phrases words morphemes"/>
    <meta type="language" name="English" iso-639-3="eng" tiers="translations"/>
    <meta type="odin-source" doc-id="2499" line-range="1106-1108" line-types="L-T+CR L-T+CR G"/>
  </metadata>
  <tier id="o" type="odin-raw">
    <item id="o1" line="1106" tag="L-T+CR">  (12)           a.   w-¯</item>
    <item id="o2" line="1107" tag="L-T+CR">                        aq'a-d                               `I praise him'</item>
    <item id="o3" line="1108" tag="G">                      MASC-praise-S1</item>
  </tier>
  <tier id="c" type="odin-clean">
    <item id="c1" line="1106" tag="L-T+CR">w-¯</item>
    <item id="c3" line="1108" tag="G">MASC-praise-S1</item>
  </tier>
  <tier id="g" type="glosses" content="c">
    <item id="g0" content="c3[0:14]"/>
  </tier>
</igt>
<igt id="i11975">
  <metadata type="xigt-meta">
    <meta type="language" name="dargwa" iso-639-3="dar" tiers="phrases words morphemes"/>
    <meta type="language" name="English" iso-639-3="eng" tiers="translations"/>
    <meta type="odin-source" doc-id="2499" line-range="1109-1110" line-types="L-T G"/>
  </metadata>
  <tier id="o" type="odin-raw">
    <item id="o1" line="1109" tag="L-T">                 b.   li-w-da                                `I (masc.) am'</item>
    <item id="o2" line="1110" tag="G">                      be-MASC-S1s</item>
  </tier>
  <tier id="c" type="odin-clean">
    <item id="c1" line="1109" tag="L-T">li-w-da                                `I (masc.) am</item>
    <item id="c2" line="1110" tag="G">be-MASC-S1s</item>
  </tier>
  <tier id="g" type="glosses" content="c">
    <item id="g0" content="c2[0:11]"/>
  </tier>
</igt>
<igt id="i17874">
  <metadata type="xigt-meta">
    <meta type="language" name="dargi" iso-639-3="dar" tiers="phrases words morphemes"/>
    <meta type="language" name="English" iso-639-3="eng" tiers="translations"/>
    <meta type="odin-source" doc-id="1605" line-range="298-301" line-types="M+AC+LN L G T"/>
  </metadata>
  <tier id="o" type="odin-raw">
    <item id="o1" line="298" tag="M+AC+LN">  (16) Dargi (van den Berg°, ex. 15)</item>
    <item id="o2" line="299" tag="L">       Il nun-ni abit'=aq-un-ra              idzala-ra         Gaybik-ib.</item>
    <item id="o3" line="300" tag="G">       this I-ERG      remove=CAUS-AOR-1 disease(ABS)-and stop-AOR(3)</item>
    <item id="o4" line="301" tag="T">       'I had it (viz. the tooth) removed and the pain stopped.'</item>
  </tier>
  <tier id="c" type="odin-clean">
    <item id="c1" line="298" tag="M+AC+LN">Dargi (van den Berg°, ex. 15</item>
    <item id="c2" line="299" tag="L">Il nun-ni abit'=aq-un-ra              idzala-ra         Gaybik-ib.</item>
    <item id="c3" line="300" tag="G">this I-ERG      remove=CAUS-AOR-1 disease(ABS)-and stop-AOR(3)</item>
    <item id="c4" line="301" tag="T">I had it (viz. the tooth) removed and the pain stopped.</item>
  </tier>
  <tier id="p" type="phrases" content="c">
    <item id="p0" content="c2[0:66]"/>
  </tier>
  <tier id="g" type="glosses" content="c">
    <item id="g0" content="c3[0:62]" alignment="p1"/>
  </tier>
  <tier id="t" type="translations" content="c">
    <item id="t0" content="c4[0:55]" alignment="p1"/>
  </tier>
</igt>
<igt id="i17902">
  <metadata type="xigt-meta">
    <meta type="language" name="dargi" iso-639-3="dar" tiers="phrases words morphemes"/>
    <meta type="language" name="English" iso-639-3="eng" tiers="translations"/>
    <meta type="odin-source" doc-id="1605" line-range="783-787" line-types="M+AC+LN L G+CR G T+CR"/>
  </metadata>
  <tier id="o" type="odin-raw">
    <item id="o1" line="783" tag="M+AC+LN">  (34) Dargi (van   den Berg°, ex. 86a)</item>
    <item id="o2" line="784" tag="L">       Xunul-ra     say-ra       udzi         s adi-w arq'-uli        say.</item>
    <item id="o3" line="785" tag="G+CR">       wife-and     self.M-and brother(ABS) walk-M leave-G            b e. M</item>
    <item id="o4" line="786" tag="G">                                                                 ER</item>
    <item id="o5" line="787" tag="T+CR">       'My brothe   r went for a walk with his wife.'</item>
  </tier>
  <tier id="c" type="odin-clean">
    <item id="c1" line="783" tag="M+AC+LN">Dargi (van   den Berg°, ex. 86a</item>
    <item id="c2" line="784" tag="L">Xunul-ra     say-ra       udzi         s adi-w arq'-uli        say.</item>
    <item id="c3" line="785" tag="G+CR">wife-and     self.M-and brother(ABS) walk-M leave-G            b e. M</item>
    <item id="c4" line="786" tag="G">ER</item>
    <item id="c5" line="787" tag="T+CR">My brothe   r went for a walk with his wife.</item>
  </tier>
  <tier id="p" type="phrases" content="c">
    <item id="p0" content="c2[0:67]"/>
  </tier>
  <tier id="g" type="glosses" content="c">
    <item id="g0" content="c3[0:69]" alignment="p1"/>
    <item id="g1" content="c4[0:2]" alignment="p1"/>
  </tier>
  <tier id="t" type="translations" content="c">
    <item id="t0" content="c5[0:44]" alignment="p1"/>
  </tier>
</igt>
<igt id="i34133">
  <metadata type="xigt-meta">
    <meta type="language" name="dargwa" iso-639-3="dar" tiers="phrases words morphemes"/>
    <meta type="language" name="English" iso-639-3="eng" tiers="translations"/>
    <meta type="odin-source" doc-id="3154" line-range="621-625" line-types="L G+CR L G+CR T"/>
  </metadata>
  <tier id="o" type="odin-raw">
    <item id="o1" line="621" tag="L">   (25)    musa          caratajir cin-na      cin-ni       c'aIq'il</item>
    <item id="o2" line="622" tag="G+CR">           Musa-N O M than.others R E FL-G E N R E FL-E R G more</item>
    <item id="o3" line="623" tag="L">           gap'irq'aca-w</item>
    <item id="o4" line="624" tag="G+CR">           praise.P R E S-C L A S S1</item>
    <item id="o5" line="625" tag="T">           "Musa praises himself more than others (praise him)"</item>
  </tier>
  <tier id="c" type="odin-clean">
    <item id="c1" line="621" tag="L">musa          caratajir cin-na      cin-ni       c'aIq'il</item>
    <item id="c2" line="622" tag="G+CR">Musa-N O M than.others R E FL-G E N R E FL-E R G more</item>
    <item id="c3" line="623" tag="L">gap'irq'aca-w</item>
    <item id="c4" line="624" tag="G+CR">praise.P R E S-C L A S S1</item>
    <item id="c5" line="625" tag="T">Musa praises himself more than others (praise him)</item>
  </tier>
  <tier id="p" type="phrases" content="c">
    <item id="p0" content="c1[0:57]"/>
    <item id="p1" content="c3[0:13]"/>
  </tier>
  <tier id="g" type="glosses" content="c">
    <item id="g0" content="c2[0:53]" alignment="p1"/>
    <item id="g1" content="c4[0:25]" alignment="p2"/>
  </tier>
  <tier id="t" type="translations" content="c">
    <item id="t0" content="c5[0:50]" alignment="p2"/>
  </tier>
</igt>
<igt id="i34134">
  <metadata type="xigt-meta">
    <meta type="language" name="dargwa" iso-639-3="dar" tiers="phrases words morphemes"/>
    <meta type="language" name="English" iso-639-3="eng" tiers="translations"/>
    <meta type="odin-source" doc-id="3154" line-range="628-633" line-types="L+CR L+CR G+CR L G+CR T"/>
  </metadata>
  <tier id="o" type="odin-raw">
    <item id="o1" line="628" tag="L+CR">   (26)                caratajir cin-na        ca-w</item>
    <item id="o2" line="629" tag="L+CR">           musa-l</item>
    <item id="o3" line="630" tag="G+CR">           Musa-E R G than.others R E FL-G E N R E FL-N O M-C L A S S1</item>
    <item id="o4" line="631" tag="L">           c'aIq'il gap'irq'aca-w</item>
    <item id="o5" line="632" tag="G+CR">           more praise.P R E S-C L A S S1</item>
    <item id="o6" line="633" tag="T">           "Musa praises himself more than (he praises) others"</item>
  </tier>
  <tier id="c" type="odin-clean">
    <item id="c1" line="628 629" tag="L+CR">musa-l      caratajir cin-na        ca-w</item>
    <item id="c3" line="630" tag="G+CR">Musa-E R G than.others R E FL-G E N R E FL-N O M-C L A S S1</item>
    <item id="c4" line="631" tag="L">c'aIq'il gap'irq'aca-w</item>
    <item id="c5" line="632" tag="G+CR">more praise.P R E S-C L A S S1</item>
    <item id="c6" line="633" tag="T">Musa praises himself more than (he praises) others</item>
  </tier>
  <tier id="p" type="phrases" content="c">
    <item id="p0" content="c1[0:40]"/>
    <item id="p1" content="c4[0:22]"/>
  </tier>
  <tier id="g" type="glosses" content="c">
    <item id="g0" content="c3[0:59]" alignment="p1"/>
    <item id="g1" content="c5[0:30]" alignment="p2"/>
  </tier>
  <tier id="t" type="translations" content="c">
    <item id="t0" content="c6[0:50]" alignment="p2"/>
  </tier>
</igt>
<igt id="i59468">
  <metadata type="xigt-meta">
    <meta type="language" name="dargwa" iso-639-3="dar" tiers="phrases words morphemes"/>
    <meta type="language" name="English" iso-639-3="eng" tiers="translations"/>
    <meta type="odin-source" doc-id="3191" line-range="27763-27773" line-types="M+AC+LN B B B M B L G+CR L G+CR T"/>
  </metadata>
  <tier id="o" type="odin-raw">
    <item id="o1" line="27763" tag="M+AC+LN">   (30) Dargwa, (Kibrik, 1997, p. 300)</item>
    <item id="o2" line="27764" tag="B"></item>
    <item id="o3" line="27765" tag="B"></item>
    <item id="o4" line="27766" tag="B"></item>
    <item id="o5" line="27767" tag="M">                                            459</item>
    <item id="o6" line="27768" tag="B"></item>
    <item id="o7" line="27769" tag="L">           a. musa           caratajir cin-na      cin-ni      c'aIq'il</item>
    <item id="o8" line="27770" tag="G+CR">              Musa-N O M than.others R E FL-G E N R E FL-E R G more</item>
    <item id="o9" line="27771" tag="L">              gap'irq'aca-w.</item>
    <item id="o10" line="27772" tag="G+CR">              praise.P R E S-C L A S S1</item>
    <item id="o11" line="27773" tag="T">              "Musa praises himself more than others (praise him)."</item>
  </tier>
  <tier id="c" type="odin-clean">
    <item id="c1" line="27763" tag="M+AC+LN">Dargwa, (Kibrik, 1997, p. 300</item>
    <item id="c2" line="27764" tag="B"/>
    <item id="c3" line="27765" tag="B"/>
    <item id="c4" line="27766" tag="B"/>
    <item id="c5" line="27767" tag="M">459</item>
    <item id="c6" line="27768" tag="B"/>
    <item id="c7" line="27769" tag="L">musa           caratajir cin-na      cin-ni      c'aIq'il</item>
    <item id="c8" line="27770" tag="G+CR">Musa-N O M than.others R E FL-G E N R E FL-E R G more</item>
    <item id="c9" line="27771" tag="L">gap'irq'aca-w.</item>
    <item id="c10" line="27772" tag="G+CR">praise.P R E S-C L A S S1</item>
    <item id="c11" line="27773" tag="T">Musa praises himself more than others (praise him).</item>
  </tier>
  <tier id="p" type="phrases" content="c">
    <item id="p0" content="c7[0:57]"/>
    <item id="p1" content="c9[0:14]"/>
  </tier>
  <tier id="g" type="glosses" content="c">
    <item id="g0" content="c8[0:53]" alignment="p1"/>
    <item id="g1" content="c10[0:25]" alignment="p2"/>
  </tier>
  <tier id="t" type="translations" content="c">
    <item id="t0" content="c11[0:51]" alignment="p2"/>
  </tier>
</igt>
<igt id="i59469">
  <metadata type="xigt-meta">
    <meta type="language" name="dargwa" iso-639-3="dar" tiers="phrases words morphemes"/>
    <meta type="language" name="English" iso-639-3="eng" tiers="translations"/>
    <meta type="odin-source" doc-id="3191" line-range="27774-27778" line-types="L G+CR L G+CR T"/>
  </metadata>
  <tier id="o" type="odin-raw">
    <item id="o1" line="27774" tag="L">           b. musa-l        caratajir cin-na      ca-w                    c'aIq'il</item>
    <item id="o2" line="27775" tag="G+CR">              Musa-E R G than.others R E FL-G E N R E FL-N O M-C L A S S1 more</item>
    <item id="o3" line="27776" tag="L">              gap'irq'aca-w.</item>
    <item id="o4" line="27777" tag="G+CR">              praise.P R E S-C L A S S1</item>
    <item id="o5" line="27778" tag="T">              "Musa praises himself more than (he praises) others."</item>
  </tier>
  <tier id="c" type="odin-clean">
    <item id="c1" line="27774" tag="L">musa-l        caratajir cin-na      ca-w                    c'aIq'il</item>
    <item id="c2" line="27775" tag="G+CR">Musa-E R G than.others R E FL-G E N R E FL-N O M-C L A S S1 more</item>
    <item id="c3" line="27776" tag="L">gap'irq'aca-w.</item>
    <item id="c4" line="27777" tag="G+CR">praise.P R E S-C L A S S1</item>
    <item id="c5" line="27778" tag="T">Musa praises himself more than (he praises) others.</item>
  </tier>
  <tier id="p" type="phrases" content="c">
    <item id="p0" content="c1[0:68]"/>
    <item id="p1" content="c3[0:14]"/>
  </tier>
  <tier id="g" type="glosses" content="c">
    <item id="g0" content="c2[0:64]" alignment="p1"/>
    <item id="g1" content="c4[0:25]" alignment="p2"/>
  </tier>
  <tier id="t" type="translations" content="c">
    <item id="t0" content="c5[0:51]" alignment="p2"/>
  </tier>
</igt>
<igt id="i75638">
  <metadata type="xigt-meta">
    <meta type="language" name="kubachi" iso-639-3="dar" tiers="phrases words morphemes"/>
    <meta type="language" name="English" iso-639-3="eng" tiers="translations"/>
    <meta type="odin-source" doc-id="3695" line-range="1484-1487" line-types="M+AC+LN L G T"/>
  </metadata>
  <tier id="o" type="odin-raw">
    <item id="o1" line="1484" tag="M+AC+LN">  (40) Kubachi Dargi (Nakh-Daghestanian; Magometov 1963:76)</item>
    <item id="o2" line="1485" tag="L">       a. b-e:n - ka - b-iÇsÇsi-j</item>
    <item id="o3" line="1486" tag="G">              GENDER-in.down-GENDER-go-INF</item>
    <item id="o4" line="1487" tag="T">            `insert, put in' (B gender)</item>
  </tier>
  <tier id="c" type="odin-clean">
    <item id="c1" line="1484" tag="M+AC+LN">Kubachi Dargi (Nakh-Daghestanian; Magometov 1963:76</item>
    <item id="c2" line="1485" tag="L">b-e:n-ka-b-iÇsÇsi-j</item>
    <item id="c3" line="1486" tag="G">GENDER-in.down-GENDER-go-INF</item>
    <item id="c4" line="1487" tag="T">insert, put in' (B gender)</item>
  </tier>
  <tier id="p" type="phrases" content="c">
    <item id="p0" content="c2[0:19]"/>
  </tier>
  <tier id="g" type="glosses" content="c">
    <item id="g0" content="c3[0:28]" alignment="p1"/>
  </tier>
  <tier id="t" type="translations" content="c">
    <item id="t0" content="c4[0:26]" alignment="p1"/>
  </tier>
</igt>
<igt id="i75639">
  <metadata type="xigt-meta">
    <meta type="language" name="kubachi" iso-639-3="dar" tiers="phrases words morphemes"/>
    <meta type="language" name="English" iso-639-3="eng" tiers="translations"/>
    <meta type="odin-source" doc-id="3695" line-range="1488-1491" line-types="L G M T+EX"/>
  </metadata>
  <tier id="o" type="odin-raw">
    <item id="o1" line="1488" tag="L">         b. w-e:n - ka - w-iÇsÇsi-j</item>
    <item id="o2" line="1489" tag="G">              GENDER-in.down-GENDER-go-INF</item>
    <item id="o3" line="1490" tag="M">                                       18</item>
    <item id="o4" line="1491" tag="T+EX">               `go in' (W gender)</item>
  </tier>
  <tier id="c" type="odin-clean">
    <item id="c1" line="1488" tag="L">w-e:n-ka-w-iÇsÇsi-j</item>
    <item id="c2" line="1489" tag="G">GENDER-in.down-GENDER-go-INF</item>
    <item id="c3" line="1490" tag="M">18</item>
    <item id="c4" line="1491" tag="T+EX">go in' (W gender)</item>
  </tier>
  <tier id="p" type="phrases" content="c">
    <item id="p0" content="c1[0:19]"/>
  </tier>
  <tier id="g" type="glosses" content="c">
    <item id="g0" content="c2[0:28]" alignment="p1"/>
  </tier>
  <tier id="t" type="translations" content="c">
    <item id="t0" content="c4[0:17]" alignment="p1"/>
  </tier>
</igt>
<igt id="i82842">
  <metadata type="xigt-meta">
    <meta type="language" name="akusha" iso-639-3="dar" tiers="phrases words morphemes"/>
    <meta type="language" name="English" iso-639-3="eng" tiers="translations"/>
    <meta type="odin-source" doc-id="3629" line-range="35-38" line-types="L+AC+LN G+CR G+CR T"/>
  </metadata>
  <tier id="o" type="odin-raw">
    <item id="o1" line="35" tag="L+AC+LN">            b. ka ­ e ­       b­       ik ­       ib (Akusha Dargi ; van den Berg 2002)</item>
    <item id="o2" line="36" tag="G+CR">                                       light-verb AORIST3</item>
    <item id="o3" line="37" tag="G+CR">            down NEG          NEUT</item>
    <item id="o4" line="38" tag="T">            'it did not fall'</item>
  </tier>
  <tier id="c" type="odin-clean">
    <item id="c1" line="35" tag="L+AC+LN">ka ­ e ­       b­       ik ­       ib (Akusha Dargi ; van den Berg 2002)</item>
    <item id="c2" line="36 37" tag="G+CR">down NEG          NEUT     light-verb AORIST3</item>
    <item id="c4" line="38" tag="T">it did not fall</item>
  </tier>
  <tier id="p" type="phrases" content="c">
    <item id="p0" content="c1[0:72]"/>
  </tier>
  <tier id="g" type="glosses" content="c">
    <item id="g0" content="c2[0:45]" alignment="p1"/>
  </tier>
  <tier id="t" type="translations" content="c">
    <item id="t0" content="c4[0:15]" alignment="p1"/>
  </tier>
</igt>
<igt id="i142797">
  <metadata type="xigt-meta">
    <meta type="language" name="dargi" iso-639-3="dar" tiers="phrases words morphemes"/>
    <meta type="language" name="English" iso-639-3="eng" tiers="translations"/>
    <meta type="odin-source" doc-id="2355" line-range="15189-15191" line-types="L G+CR T"/>
  </metadata>
  <tier id="o" type="odin-raw">
    <item id="o1" line="15189" tag="L">  (7)      a.          x'o-ni   uzbi               arkul-ri</item>
    <item id="o2" line="15190" tag="G+CR">                       2SG-ERG brothers.ABSL bring.PAST-2                SG</item>
    <item id="o3" line="15191" tag="T">                       `You brought the brothers.'</item>
  </tier>
  <tier id="c" type="odin-clean">
    <item id="c1" line="15189" tag="L">x'o-ni   uzbi               arkul-ri</item>
    <item id="c2" line="15190" tag="G+CR">2SG-ERG brothers.ABSL bring.PAST-2                SG</item>
    <item id="c3" line="15191" tag="T">You brought the brothers.</item>
  </tier>
  <tier id="p" type="phrases" content="c">
    <item id="p0" content="c1[0:36]"/>
  </tier>
  <tier id="g" type="glosses" content="c">
    <item id="g0" content="c2[0:52]" alignment="p1"/>
  </tier>
  <tier id="t" type="translations" content="c">
    <item id="t0" content="c3[0:25]" alignment="p1"/>
  </tier>
</igt>
<igt id="i142798">
  <metadata type="xigt-meta">
    <meta type="language" name="dargi" iso-639-3="dar" tiers="phrases words morphemes"/>
    <meta type="language" name="English" iso-639-3="eng" tiers="translations"/>
    <meta type="odin-source" doc-id="2355" line-range="15192-15194" line-types="L G T+DB"/>
  </metadata>
  <tier id="o" type="odin-raw">
    <item id="o1" line="15192" tag="L">           b.          x'o      saj-ri           uzbi            arku-si</item>
    <item id="o2" line="15193" tag="G">                       2SG.ABSL FM[COP-2SG] brothers.ABSL bring-PTCPL.SG</item>
    <item id="o3" line="15194" tag="T+DB">                       `YOU brought the brothers.' `It was YOU that brought the brothers.'</item>
  </tier>
  <tier id="c" type="odin-clean">
    <item id="c1" line="15192" tag="L">x'o      saj-ri           uzbi            arku-si</item>
    <item id="c2" line="15193" tag="G">2SG.ABSL FM[COP-2SG] brothers.ABSL bring-PTCPL.SG</item>
    <item id="c3" line="15194" tag="T+DB">YOU brought the brothers.' `It was YOU that brought the brothers.</item>
  </tier>
  <tier id="p" type="phrases" content="c">
    <item id="p0" content="c1[0:49]"/>
  </tier>
  <tier id="g" type="glosses" content="c">
    <item id="g0" content="c2[0:49]" alignment="p1"/>
  </tier>
  <tier id="t" type="translations" content="c">
    <item id="t0" content="c3[0:65]" alignment="p1"/>
  </tier>
</igt>
<igt id="i157384">
  <metadata type="xigt-meta">
    <meta type="language" name="dargwa" iso-639-3="dar" tiers="phrases words morphemes"/>
    <meta type="language" name="English" iso-639-3="eng" tiers="translations"/>
    <meta type="odin-source" doc-id="2858" line-range="535-539" line-types="L G+CR L G+CR T"/>
  </metadata>
  <tier id="o" type="odin-raw">
    <item id="o1" line="535" tag="L">           a. musa           caratajir cin-na      cin-ni      c'aIq'il</item>
    <item id="o2" line="536" tag="G+CR">              Musa-N O M than.others R E FL-G E N R E FL-E R G more</item>
    <item id="o3" line="537" tag="L">              gap'irq'aca-w.</item>
    <item id="o4" line="538" tag="G+CR">              praise.P R E S-C L A S S1</item>
    <item id="o5" line="539" tag="T">              "Musa praises himself more than others (praise him)."</item>
  </tier>
  <tier id="c" type="odin-clean">
    <item id="c1" line="535" tag="L">musa           caratajir cin-na      cin-ni      c'aIq'il</item>
    <item id="c2" line="536" tag="G+CR">Musa-N O M than.others R E FL-G E N R E FL-E R G more</item>
    <item id="c3" line="537" tag="L">gap'irq'aca-w.</item>
    <item id="c4" line="538" tag="G+CR">praise.P R E S-C L A S S1</item>
    <item id="c5" line="539" tag="T">Musa praises himself more than others (praise him).</item>
  </tier>
  <tier id="p" type="phrases" content="c">
    <item id="p0" content="c1[0:57]"/>
    <item id="p1" content="c3[0:14]"/>
  </tier>
  <tier id="g" type="glosses" content="c">
    <item id="g0" content="c2[0:53]" alignment="p1"/>
    <item id="g1" content="c4[0:25]" alignment="p2"/>
  </tier>
  <tier id="t" type="translations" content="c">
    <item id="t0" content="c5[0:51]" alignment="p2"/>
  </tier>
</igt>
<igt id="i157385">
  <metadata type="xigt-meta">
    <meta type="language" name="dargwa" iso-639-3="dar" tiers="phrases words morphemes"/>
    <meta type="language" name="English" iso-639-3="eng" tiers="translations"/>
    <meta type="odin-source" doc-id="2858" line-range="540-544" line-types="L G+CR L G+CR T"/>
  </metadata>
  <tier id="o" type="odin-raw">
    <item id="o1" line="540" tag="L">           b. musa-l        caratajir cin-na      ca-w                    c'aIq'il</item>
    <item id="o2" line="541" tag="G+CR">              Musa-E R G than.others R E FL-G E N R E FL-N O M-C L A S S1 more</item>
    <item id="o3" line="542" tag="L">              gap'irq'aca-w.</item>
    <item id="o4" line="543" tag="G+CR">              praise.P R E S-C L A S S1</item>
    <item id="o5" line="544" tag="T">              "Musa praises himself more than (he praises) others."</item>
  </tier>
  <tier id="c" type="odin-clean">
    <item id="c1" line="540" tag="L">musa-l        caratajir cin-na      ca-w                    c'aIq'il</item>
    <item id="c2" line="541" tag="G+CR">Musa-E R G than.others R E FL-G E N R E FL-N O M-C L A S S1 more</item>
    <item id="c3" line="542" tag="L">gap'irq'aca-w.</item>
    <item id="c4" line="543" tag="G+CR">praise.P R E S-C L A S S1</item>
    <item id="c5" line="544" tag="T">Musa praises himself more than (he praises) others.</item>
  </tier>
  <tier id="p" type="phrases" content="c">
    <item id="p0" content="c1[0:68]"/>
    <item id="p1" content="c3[0:14]"/>
  </tier>
  <tier id="g" type="glosses" content="c">
    <item id="g0" content="c2[0:64]" alignment="p1"/>
    <item id="g1" content="c4[0:25]" alignment="p2"/>
  </tier>
  <tier id="t" type="translations" content="c">
    <item id="t0" content="c5[0:51]" alignment="p2"/>
  </tier>
</igt>
</xigt-corpus>
