<?xml version="1.0" encoding="UTF-8"?>
<xigt-corpus>
<igt id="i115562">
  <metadata type="xigt-meta">
    <meta type="language" name="deuri" iso-639-3="der" tiers="phrases words morphemes"/>
    <meta type="language" name="English" iso-639-3="eng" tiers="translations"/>
    <meta type="odin-source" doc-id="3380" line-range="1274-1277" line-types="M+LN L G T+AC"/>
  </metadata>
  <tier id="o" type="odin-raw">
    <item id="o1" line="1274" tag="M+LN">  (52)   a.   Deuri</item>
    <item id="o2" line="1275" tag="L">              shu áshi</item>
    <item id="o3" line="1276" tag="G">              high hill</item>
    <item id="o4" line="1277" tag="T+AC">              `a high hill' (Deuri 1895: 13)</item>
  </tier>
  <tier id="c" type="odin-clean">
    <item id="c1" line="1274" tag="M+LN">Deuri</item>
    <item id="c2" line="1275" tag="L">shu áshi</item>
    <item id="c3" line="1276" tag="G">high hill</item>
    <item id="c4" line="1277" tag="T+AC">a high hill' (Deuri 1895: 13)</item>
  </tier>
  <tier id="p" type="phrases" content="c">
    <item id="p0" content="c2[0:8]"/>
  </tier>
  <tier id="g" type="glosses" content="c">
    <item id="g0" content="c3[0:9]" alignment="p1"/>
  </tier>
  <tier id="t" type="translations" content="c">
    <item id="t0" content="c4[0:29]" alignment="p1"/>
  </tier>
</igt>
</xigt-corpus>
