<?xml version="1.0" encoding="UTF-8"?>
<xigt-corpus>
<igt id="i52310">
  <metadata type="xigt-meta">
    <meta type="language" name="thangu" iso-639-3="dhg" tiers="phrases words morphemes"/>
    <meta type="language" name="English" iso-639-3="eng" tiers="translations"/>
    <meta type="odin-source" doc-id="1228" line-range="1669-1672" line-types="L+LN L+CR G T"/>
  </metadata>
  <tier id="o" type="odin-raw">
    <item id="o1" line="1669" tag="L+LN">   (34)       a. Yulngu-Tu taykka-Na puyan (Thangu)</item>
    <item id="o2" line="1670" tag="L+CR">                  ¯</item>
    <item id="o3" line="1671" tag="G">                 man-ERG woman-ACC hit</item>
    <item id="o4" line="1672" tag="T">                  "Man hit woman"</item>
  </tier>
  <tier id="c" type="odin-clean">
    <item id="c1" line="1669" tag="L+LN">a. Yulngu-Tu taykka-Na puyan (Thangu</item>
    <item id="c3" line="1671" tag="G">man-ERG woman-ACC hit</item>
    <item id="c4" line="1672" tag="T">Man hit woman</item>
  </tier>
  <tier id="p" type="phrases" content="c">
    <item id="p0" content="c1[0:36]"/>
  </tier>
  <tier id="g" type="glosses" content="c">
    <item id="g0" content="c3[0:21]" alignment="p1"/>
  </tier>
  <tier id="t" type="translations" content="c">
    <item id="t0" content="c4[0:13]" alignment="p1"/>
  </tier>
</igt>
<igt id="i52311">
  <metadata type="xigt-meta">
    <meta type="language" name="thangu" iso-639-3="dhg" tiers="phrases words morphemes"/>
    <meta type="language" name="English" iso-639-3="eng" tiers="translations"/>
    <meta type="odin-source" doc-id="1228" line-range="1674-1677" line-types="L+LN+CR L+CR G T+AC"/>
  </metadata>
  <tier id="o" type="odin-raw">
    <item id="o1" line="1674" tag="L+LN+CR">                                rakkuny Tin (Thangu)</item>
    <item id="o2" line="1675" tag="L+CR">              b. cf: Taykka     .</item>
    <item id="o3" line="1676" tag="G">                     woman(NOM) died</item>
    <item id="o4" line="1677" tag="T+AC">                     "Woman died" (Schebeck 1976, cited in Woolford 1997:214)</item>
  </tier>
  <tier id="c" type="odin-clean">
    <item id="c1" line="1674" tag="L+LN+CR">rakkuny Tin (Thangu)</item>
    <item id="c3" line="1676" tag="G">woman(NOM) died</item>
    <item id="c4" line="1677" tag="T+AC">Woman died" (Schebeck 1976, cited in Woolford 1997:214)</item>
  </tier>
  <tier id="p" type="phrases" content="c">
    <item id="p0" content="c1[0:20]"/>
  </tier>
  <tier id="g" type="glosses" content="c">
    <item id="g0" content="c3[0:15]" alignment="p1"/>
  </tier>
  <tier id="t" type="translations" content="c">
    <item id="t0" content="c4[0:55]" alignment="p1"/>
  </tier>
</igt>
<igt id="i52778">
  <metadata type="xigt-meta">
    <meta type="language" name="thangu" iso-639-3="dhg" tiers="phrases words morphemes"/>
    <meta type="language" name="English" iso-639-3="eng" tiers="translations"/>
    <meta type="odin-source" doc-id="1227" line-range="5445-5447" line-types="L+LN G T"/>
  </metadata>
  <tier id="o" type="odin-raw">
    <item id="o1" line="5445" tag="L+LN">  (197)       a. Yulngu-Tu taykka-Na puyan (Thangu)</item>
    <item id="o2" line="5446" tag="G">                 man-ERG woman-ACC hit</item>
    <item id="o3" line="5447" tag="T">                   "Man hit woman"</item>
  </tier>
  <tier id="c" type="odin-clean">
    <item id="c1" line="5445" tag="L+LN">a. Yulngu-Tu taykka-Na puyan (Thangu</item>
    <item id="c2" line="5446" tag="G">man-ERG woman-ACC hit</item>
    <item id="c3" line="5447" tag="T">Man hit woman</item>
  </tier>
  <tier id="p" type="phrases" content="c">
    <item id="p0" content="c1[0:36]"/>
  </tier>
  <tier id="g" type="glosses" content="c">
    <item id="g0" content="c2[0:21]" alignment="p1"/>
  </tier>
  <tier id="t" type="translations" content="c">
    <item id="t0" content="c3[0:13]" alignment="p1"/>
  </tier>
</igt>
<igt id="i52779">
  <metadata type="xigt-meta">
    <meta type="language" name="thangu" iso-639-3="dhg" tiers="phrases words morphemes"/>
    <meta type="language" name="English" iso-639-3="eng" tiers="translations"/>
    <meta type="odin-source" doc-id="1227" line-range="5449-5452" line-types="L+LN+CR L+CR G T+AC"/>
  </metadata>
  <tier id="o" type="odin-raw">
    <item id="o1" line="5449" tag="L+LN+CR">                                rakkuny Tin (Thangu)</item>
    <item id="o2" line="5450" tag="L+CR">              b. cf: Taykka     .</item>
    <item id="o3" line="5451" tag="G">                     woman(NOM) died</item>
    <item id="o4" line="5452" tag="T+AC">                     "Woman died" (Schebeck 1976, cited in Woolford 1997:214)</item>
  </tier>
  <tier id="c" type="odin-clean">
    <item id="c1" line="5449" tag="L+LN+CR">rakkuny Tin (Thangu)</item>
    <item id="c3" line="5451" tag="G">woman(NOM) died</item>
    <item id="c4" line="5452" tag="T+AC">Woman died" (Schebeck 1976, cited in Woolford 1997:214)</item>
  </tier>
  <tier id="p" type="phrases" content="c">
    <item id="p0" content="c1[0:20]"/>
  </tier>
  <tier id="g" type="glosses" content="c">
    <item id="g0" content="c3[0:15]" alignment="p1"/>
  </tier>
  <tier id="t" type="translations" content="c">
    <item id="t0" content="c4[0:55]" alignment="p1"/>
  </tier>
</igt>
</xigt-corpus>
