<?xml version="1.0" encoding="UTF-8"?>
<xigt-corpus>
<igt id="i84771">
  <metadata type="xigt-meta">
    <meta type="language" name="tharrkari" iso-639-3="dhr" tiers="phrases words morphemes"/>
    <meta type="language" name="English" iso-639-3="eng" tiers="translations"/>
    <meta type="odin-source" doc-id="3640" line-range="680-682" line-types="L G T"/>
  </metadata>
  <tier id="o" type="odin-raw">
    <item id="o1" line="680" tag="L">  (18)     Ngunha yana-ca          yurnu-warri                      kutharra-arri           mura-arri.</item>
    <item id="o2" line="681" tag="G">           that.nom go-past        this.dat-comit.nom               two-comit.nom           son-comit.nom</item>
    <item id="o3" line="682" tag="T">           `The one with those two sons went.'</item>
  </tier>
  <tier id="c" type="odin-clean">
    <item id="c1" line="680" tag="L">Ngunha yana-ca          yurnu-warri                      kutharra-arri           mura-arri.</item>
    <item id="c2" line="681" tag="G">that.nom go-past        this.dat-comit.nom               two-comit.nom           son-comit.nom</item>
    <item id="c3" line="682" tag="T">The one with those two sons went.</item>
  </tier>
  <tier id="p" type="phrases" content="c">
    <item id="p0" content="c1[0:91]"/>
  </tier>
  <tier id="g" type="glosses" content="c">
    <item id="g0" content="c2[0:94]" alignment="p1"/>
  </tier>
  <tier id="t" type="translations" content="c">
    <item id="t0" content="c3[0:33]" alignment="p1"/>
  </tier>
</igt>
</xigt-corpus>
