<?xml version="1.0" encoding="UTF-8"?>
<xigt-corpus>
<igt id="i38032">
  <metadata type="xigt-meta">
    <meta type="language" name="diyari" iso-639-3="dif" tiers="phrases words morphemes"/>
    <meta type="language" name="English" iso-639-3="eng" tiers="translations"/>
    <meta type="odin-source" doc-id="1184" line-range="223-225" line-types="L G T"/>
  </metadata>
  <tier id="o" type="odin-raw">
    <item id="o1" line="223" tag="L">  (4)    a.      Karna     wapa- rna      warrayi, jukudu         nanda- lha.</item>
    <item id="o2" line="224" tag="G">                 man.ABS go- PART AUX               kangaroo.ABS kill- IMPLIC.SAME</item>
    <item id="o3" line="225" tag="T">                 `The man went to kill a kangaroo.'</item>
  </tier>
  <tier id="c" type="odin-clean">
    <item id="c1" line="223" tag="L">Karna     wapa-rna      warrayi, jukudu         nanda-lha.</item>
    <item id="c2" line="224" tag="G">man.ABS go-PART AUX               kangaroo.ABS kill-IMPLIC.SAME</item>
    <item id="c3" line="225" tag="T">The man went to kill a kangaroo.</item>
  </tier>
  <tier id="p" type="phrases" content="c">
    <item id="p0" content="c1[0:58]"/>
  </tier>
  <tier id="g" type="glosses" content="c">
    <item id="g0" content="c2[0:63]" alignment="p1"/>
  </tier>
  <tier id="t" type="translations" content="c">
    <item id="t0" content="c3[0:32]" alignment="p1"/>
  </tier>
</igt>
<igt id="i38033">
  <metadata type="xigt-meta">
    <meta type="language" name="diyari" iso-639-3="dif" tiers="phrases words morphemes"/>
    <meta type="language" name="English" iso-639-3="eng" tiers="translations"/>
    <meta type="odin-source" doc-id="1184" line-range="226-228" line-types="L G T"/>
  </metadata>
  <tier id="o" type="odin-raw">
    <item id="o1" line="226" tag="L">         b.      Karna- li    marda       matha- rna    warrayi, thalara kurda- rnanthu.</item>
    <item id="o2" line="227" tag="G">                 man- ERG stone.ABS bite- PART AUX rain.ABS fall- IMPLIC.DIFF</item>
    <item id="o3" line="228" tag="T">                 `The man bit the stone so the rain would fall.'</item>
  </tier>
  <tier id="c" type="odin-clean">
    <item id="c1" line="226" tag="L">Karna-li    marda       matha-rna    warrayi, thalara kurda-rnanthu.</item>
    <item id="c2" line="227" tag="G">man-ERG stone.ABS bite-PART AUX rain.ABS fall-IMPLIC.DIFF</item>
    <item id="c3" line="228" tag="T">The man bit the stone so the rain would fall.</item>
  </tier>
  <tier id="p" type="phrases" content="c">
    <item id="p0" content="c1[0:68]"/>
  </tier>
  <tier id="g" type="glosses" content="c">
    <item id="g0" content="c2[0:57]" alignment="p1"/>
  </tier>
  <tier id="t" type="translations" content="c">
    <item id="t0" content="c3[0:45]" alignment="p1"/>
  </tier>
</igt>
<igt id="i38143">
  <metadata type="xigt-meta">
    <meta type="language" name="diyari" iso-639-3="dif" tiers="phrases words morphemes"/>
    <meta type="language" name="English" iso-639-3="eng" tiers="translations"/>
    <meta type="odin-source" doc-id="1184" line-range="2781-2783" line-types="L G T"/>
  </metadata>
  <tier id="o" type="odin-raw">
    <item id="o1" line="2781" tag="L">  (57)   a.          Karna     wapa- rna      warrayi, jukudu          nanda- lha.</item>
    <item id="o2" line="2782" tag="G">                     man.ABS go- PART AUX               kangaroo.ABS kill- IMPLIC.SAME</item>
    <item id="o3" line="2783" tag="T">                     `The man went to kill a kangaroo.'</item>
  </tier>
  <tier id="c" type="odin-clean">
    <item id="c1" line="2781" tag="L">Karna     wapa-rna      warrayi, jukudu          nanda-lha.</item>
    <item id="c2" line="2782" tag="G">man.ABS go-PART AUX               kangaroo.ABS kill-IMPLIC.SAME</item>
    <item id="c3" line="2783" tag="T">The man went to kill a kangaroo.</item>
  </tier>
  <tier id="p" type="phrases" content="c">
    <item id="p0" content="c1[0:59]"/>
  </tier>
  <tier id="g" type="glosses" content="c">
    <item id="g0" content="c2[0:63]" alignment="p1"/>
  </tier>
  <tier id="t" type="translations" content="c">
    <item id="t0" content="c3[0:32]" alignment="p1"/>
  </tier>
</igt>
<igt id="i38144">
  <metadata type="xigt-meta">
    <meta type="language" name="diyari" iso-639-3="dif" tiers="phrases words morphemes"/>
    <meta type="language" name="English" iso-639-3="eng" tiers="translations"/>
    <meta type="odin-source" doc-id="1184" line-range="2784-2786" line-types="L G T"/>
  </metadata>
  <tier id="o" type="odin-raw">
    <item id="o1" line="2784" tag="L">         b.          Karna- li    marda       matha- rna     warrayi, thalara kurda- rnanthu.</item>
    <item id="o2" line="2785" tag="G">                     man- ERG stone.ABS bite- PART AUX rain.ABS fall- IMPLIC.DIFF</item>
    <item id="o3" line="2786" tag="T">                     `The man bit the stone so the rain would fall.'</item>
  </tier>
  <tier id="c" type="odin-clean">
    <item id="c1" line="2784" tag="L">Karna-li    marda       matha-rna     warrayi, thalara kurda-rnanthu.</item>
    <item id="c2" line="2785" tag="G">man-ERG stone.ABS bite-PART AUX rain.ABS fall-IMPLIC.DIFF</item>
    <item id="c3" line="2786" tag="T">The man bit the stone so the rain would fall.</item>
  </tier>
  <tier id="p" type="phrases" content="c">
    <item id="p0" content="c1[0:69]"/>
  </tier>
  <tier id="g" type="glosses" content="c">
    <item id="g0" content="c2[0:57]" alignment="p1"/>
  </tier>
  <tier id="t" type="translations" content="c">
    <item id="t0" content="c3[0:45]" alignment="p1"/>
  </tier>
</igt>
<igt id="i38145">
  <metadata type="xigt-meta">
    <meta type="language" name="diyari" iso-639-3="dif" tiers="phrases words morphemes"/>
    <meta type="language" name="English" iso-639-3="eng" tiers="translations"/>
    <meta type="odin-source" doc-id="1184" line-range="2799-2803" line-types="L G L G T"/>
  </metadata>
  <tier id="o" type="odin-raw">
    <item id="o1" line="2799" tag="L">  (58)   a.      Ngathu nganyja- yi,      ngalda       diyari yawada</item>
    <item id="o2" line="2800" tag="G">                 I.ERG want-       PRES we.DU.INCL.NOM Diyari language</item>
    <item id="o3" line="2801" tag="L">                 yathayatha- lha.</item>
    <item id="o4" line="2802" tag="G">                 speak-       IMPLIC.SAME</item>
    <item id="o5" line="2803" tag="T">                 `I want us to speak Diyari.'</item>
  </tier>
  <tier id="c" type="odin-clean">
    <item id="c1" line="2799" tag="L">Ngathu nganyja-yi,      ngalda       diyari yawada</item>
    <item id="c2" line="2800" tag="G">I.ERG want-PRES we.DU.INCL.NOM Diyari language</item>
    <item id="c3" line="2801" tag="L">yathayatha-lha.</item>
    <item id="c4" line="2802" tag="G">speak-IMPLIC.SAME</item>
    <item id="c5" line="2803" tag="T">I want us to speak Diyari.</item>
  </tier>
  <tier id="p" type="phrases" content="c">
    <item id="p0" content="c1[0:50]"/>
    <item id="p1" content="c3[0:15]"/>
  </tier>
  <tier id="g" type="glosses" content="c">
    <item id="g0" content="c2[0:46]" alignment="p1"/>
    <item id="g1" content="c4[0:17]" alignment="p2"/>
  </tier>
  <tier id="t" type="translations" content="c">
    <item id="t0" content="c5[0:26]" alignment="p2"/>
  </tier>
</igt>
<igt id="i38146">
  <metadata type="xigt-meta">
    <meta type="language" name="diyari" iso-639-3="dif" tiers="phrases words morphemes"/>
    <meta type="language" name="English" iso-639-3="eng" tiers="translations"/>
    <meta type="odin-source" doc-id="1184" line-range="2804-2808" line-types="L G L G T"/>
  </metadata>
  <tier id="o" type="odin-raw">
    <item id="o1" line="2804" tag="L">         b.      Yula            wapa- mayi, ngayana     nhayi- lha</item>
    <item id="o2" line="2805" tag="G">                 you.DU.NOM go- IMP we.PL.INCL.NOM see- IMPLIC.SAME</item>
    <item id="o3" line="2806" tag="L">                 nhanha.</item>
    <item id="o4" line="2807" tag="G">                 her.ACC</item>
    <item id="o5" line="2808" tag="T">                 `You two go, and we'll all see her.'</item>
  </tier>
  <tier id="c" type="odin-clean">
    <item id="c1" line="2804" tag="L">Yula            wapa-mayi, ngayana     nhayi-lha</item>
    <item id="c2" line="2805" tag="G">you.DU.NOM go-IMP we.PL.INCL.NOM see-IMPLIC.SAME</item>
    <item id="c3" line="2806" tag="L">nhanha.</item>
    <item id="c4" line="2807" tag="G">her.ACC</item>
    <item id="c5" line="2808" tag="T">You two go, and we'll all see her.</item>
  </tier>
  <tier id="p" type="phrases" content="c">
    <item id="p0" content="c1[0:48]"/>
    <item id="p1" content="c3[0:7]"/>
  </tier>
  <tier id="g" type="glosses" content="c">
    <item id="g0" content="c2[0:48]" alignment="p1"/>
    <item id="g1" content="c4[0:7]" alignment="p2"/>
  </tier>
  <tier id="t" type="translations" content="c">
    <item id="t0" content="c5[0:34]" alignment="p2"/>
  </tier>
</igt>
<igt id="i38950">
  <metadata type="xigt-meta">
    <meta type="language" name="diyari" iso-639-3="dif" tiers="phrases words morphemes"/>
    <meta type="language" name="English" iso-639-3="eng" tiers="translations"/>
    <meta type="odin-source" doc-id="1186" line-range="158-165" line-types="L M+CR B B B B G T"/>
  </metadata>
  <tier id="o" type="odin-raw">
    <item id="o1" line="158" tag="L">  (4)    a.      nulu              [ ana mara] nanda- na.</item>
    <item id="o2" line="159" tag="M+CR">                 "                   #   "        $         $       $</item>
    <item id="o3" line="160" tag="B"></item>
    <item id="o4" line="161" tag="B"></item>
    <item id="o5" line="162" tag="B"></item>
    <item id="o6" line="163" tag="B"></item>
    <item id="o7" line="164" tag="G">                 3sgERG.NFEM 1sgACC hand.ABS hit-     PART</item>
    <item id="o8" line="165" tag="T">                 `He hit my hand.'</item>
  </tier>
  <tier id="c" type="odin-clean">
    <item id="c1" line="158" tag="L">nulu              [ ana mara] nanda-na.</item>
    <item id="c2" line="159" tag="M+CR">#   "        $         $       $</item>
    <item id="c3" line="160" tag="B"/>
    <item id="c4" line="161" tag="B"/>
    <item id="c5" line="162" tag="B"/>
    <item id="c6" line="163" tag="B"/>
    <item id="c7" line="164" tag="G">3sgERG.NFEM 1sgACC hand.ABS hit-PART</item>
    <item id="c8" line="165" tag="T">He hit my hand.</item>
  </tier>
  <tier id="p" type="phrases" content="c">
    <item id="p0" content="c1[0:39]"/>
  </tier>
  <tier id="g" type="glosses" content="c">
    <item id="g0" content="c7[0:36]" alignment="p1"/>
  </tier>
  <tier id="t" type="translations" content="c">
    <item id="t0" content="c8[0:15]" alignment="p1"/>
  </tier>
</igt>
<igt id="i38951">
  <metadata type="xigt-meta">
    <meta type="language" name="diyari" iso-639-3="dif" tiers="phrases words morphemes"/>
    <meta type="language" name="English" iso-639-3="eng" tiers="translations"/>
    <meta type="odin-source" doc-id="1186" line-range="167-174" line-types="L M+CR B B B B G T"/>
  </metadata>
  <tier id="o" type="odin-raw">
    <item id="o1" line="167" tag="L">         b.      [yini      milki]    tanma- yi- l a.</item>
    <item id="o2" line="168" tag="M+CR">                                             %                  "</item>
    <item id="o3" line="169" tag="B"></item>
    <item id="o4" line="170" tag="B"></item>
    <item id="o5" line="171" tag="B"></item>
    <item id="o6" line="172" tag="B"></item>
    <item id="o7" line="173" tag="G">                  2sgNOM eye.ABS be.open- PRES- NEW.INFO</item>
    <item id="o8" line="174" tag="T">                 `Your eyes are open now.'</item>
  </tier>
  <tier id="c" type="odin-clean">
    <item id="c1" line="167" tag="L">[yini      milki]    tanma-yi-l a.</item>
    <item id="c2" line="168" tag="M+CR">%</item>
    <item id="c3" line="169" tag="B"/>
    <item id="c4" line="170" tag="B"/>
    <item id="c5" line="171" tag="B"/>
    <item id="c6" line="172" tag="B"/>
    <item id="c7" line="173" tag="G">2sgNOM eye.ABS be.open-PRES-NEW.INFO</item>
    <item id="c8" line="174" tag="T">Your eyes are open now.</item>
  </tier>
  <tier id="p" type="phrases" content="c">
    <item id="p0" content="c1[0:34]"/>
  </tier>
  <tier id="g" type="glosses" content="c">
    <item id="g0" content="c7[0:36]" alignment="p1"/>
  </tier>
  <tier id="t" type="translations" content="c">
    <item id="t0" content="c8[0:23]" alignment="p1"/>
  </tier>
</igt>
<igt id="i38952">
  <metadata type="xigt-meta">
    <meta type="language" name="diyari" iso-639-3="dif" tiers="phrases words morphemes"/>
    <meta type="language" name="English" iso-639-3="eng" tiers="translations"/>
    <meta type="odin-source" doc-id="1186" line-range="184-191" line-types="L M+CR B B B B G T"/>
  </metadata>
  <tier id="o" type="odin-raw">
    <item id="o1" line="184" tag="L">  (5)        a.            [nawu              kana] wapa- yi.</item>
    <item id="o2" line="185" tag="M+CR">                                   &amp;                         '</item>
    <item id="o3" line="186" tag="B"></item>
    <item id="o4" line="187" tag="B"></item>
    <item id="o5" line="188" tag="B"></item>
    <item id="o6" line="189" tag="B"></item>
    <item id="o7" line="190" tag="G">                            3sgNOM.NFEM person.ABS go-    PRES</item>
    <item id="o8" line="191" tag="T">                           `The man is going.'</item>
  </tier>
  <tier id="c" type="odin-clean">
    <item id="c1" line="184" tag="L">[nawu              kana] wapa-yi.</item>
    <item id="c2" line="185" tag="M+CR">&amp;</item>
    <item id="c3" line="186" tag="B"/>
    <item id="c4" line="187" tag="B"/>
    <item id="c5" line="188" tag="B"/>
    <item id="c6" line="189" tag="B"/>
    <item id="c7" line="190" tag="G">3sgNOM.NFEM person.ABS go-PRES</item>
    <item id="c8" line="191" tag="T">The man is going.</item>
  </tier>
  <tier id="p" type="phrases" content="c">
    <item id="p0" content="c1[0:33]"/>
  </tier>
  <tier id="g" type="glosses" content="c">
    <item id="g0" content="c7[0:30]" alignment="p1"/>
  </tier>
  <tier id="t" type="translations" content="c">
    <item id="t0" content="c8[0:17]" alignment="p1"/>
  </tier>
</igt>
<igt id="i38953">
  <metadata type="xigt-meta">
    <meta type="language" name="diyari" iso-639-3="dif" tiers="phrases words morphemes"/>
    <meta type="language" name="English" iso-639-3="eng" tiers="translations"/>
    <meta type="odin-source" doc-id="1186" line-range="193-202" line-types="L M+CR B B B B G L G T"/>
  </metadata>
  <tier id="o" type="odin-raw">
    <item id="o1" line="193" tag="L">             b.            nulu             pulana    [nina putu]   yi ki- na</item>
    <item id="o2" line="194" tag="M+CR">                               &amp;                                 &amp;       &amp;   &amp;                                            (         '</item>
    <item id="o3" line="195" tag="B"></item>
    <item id="o4" line="196" tag="B"></item>
    <item id="o5" line="197" tag="B"></item>
    <item id="o6" line="198" tag="B"></item>
    <item id="o7" line="199" tag="G">                           3sgERG.NFEM 3duACC 3sgACC.NFEM thing.ABS give- PART</item>
    <item id="o8" line="200" tag="L">                           wara- yi.</item>
    <item id="o9" line="201" tag="G">                           AUX- PRES</item>
    <item id="o10" line="202" tag="T">                           `He gave them that thing.'</item>
  </tier>
  <tier id="c" type="odin-clean">
    <item id="c1" line="193" tag="L">nulu             pulana    [nina putu]   yi ki-na</item>
    <item id="c2" line="194" tag="M+CR">&amp;                                 &amp;       &amp;   &amp;                                            (</item>
    <item id="c3" line="195" tag="B"/>
    <item id="c4" line="196" tag="B"/>
    <item id="c5" line="197" tag="B"/>
    <item id="c6" line="198" tag="B"/>
    <item id="c7" line="199" tag="G">3sgERG.NFEM 3duACC 3sgACC.NFEM thing.ABS give-PART</item>
    <item id="c8" line="200" tag="L">wara-yi.</item>
    <item id="c9" line="201" tag="G">AUX-PRES</item>
    <item id="c10" line="202" tag="T">He gave them that thing.</item>
  </tier>
  <tier id="p" type="phrases" content="c">
    <item id="p0" content="c1[0:49]"/>
    <item id="p1" content="c8[0:8]"/>
  </tier>
  <tier id="g" type="glosses" content="c">
    <item id="g0" content="c7[0:50]" alignment="p1"/>
    <item id="g1" content="c9[0:8]" alignment="p2"/>
  </tier>
  <tier id="t" type="translations" content="c">
    <item id="t0" content="c10[0:24]" alignment="p2"/>
  </tier>
</igt>
<igt id="i48599">
  <metadata type="xigt-meta">
    <meta type="language" name="diyari" iso-639-3="dif" tiers="phrases words morphemes"/>
    <meta type="language" name="English" iso-639-3="eng" tiers="translations"/>
    <meta type="odin-source" doc-id="3428" line-range="636-638" line-types="L G T"/>
  </metadata>
  <tier id="o" type="odin-raw">
    <item id="o1" line="636" tag="L">  (51) a. wila       ·       marapu          ama-yi ura-ni·</item>
    <item id="o2" line="637" tag="G">                 woman many.ABS sit-PRES camp-LOC</item>
    <item id="o3" line="638" tag="T">                 `there are many women in the camp'</item>
  </tier>
  <tier id="c" type="odin-clean">
    <item id="c1" line="636" tag="L">wila       ·       marapu          ama-yi ura-ni·</item>
    <item id="c2" line="637" tag="G">woman many.ABS sit-PRES camp-LOC</item>
    <item id="c3" line="638" tag="T">there are many women in the camp</item>
  </tier>
  <tier id="p" type="phrases" content="c">
    <item id="p0" content="c1[0:49]"/>
  </tier>
  <tier id="g" type="glosses" content="c">
    <item id="g0" content="c2[0:32]" alignment="p1"/>
  </tier>
  <tier id="t" type="translations" content="c">
    <item id="t0" content="c3[0:32]" alignment="p1"/>
  </tier>
</igt>
<igt id="i48600">
  <metadata type="xigt-meta">
    <meta type="language" name="diyari" iso-639-3="dif" tiers="phrases words morphemes"/>
    <meta type="language" name="English" iso-639-3="eng" tiers="translations"/>
    <meta type="odin-source" doc-id="3428" line-range="639-641" line-types="L G T"/>
  </metadata>
  <tier id="o" type="odin-raw">
    <item id="o1" line="639" tag="L">           b. apa pina         ª        pantu-ni· pada-yi</item>
    <item id="o2" line="640" tag="G">                 water big.ABS lake-LOC lie-PRES</item>
    <item id="o3" line="641" tag="T">                 `there is a lot of water in the lake'</item>
  </tier>
  <tier id="c" type="odin-clean">
    <item id="c1" line="639" tag="L">apa pina         ª        pantu-ni· pada-yi</item>
    <item id="c2" line="640" tag="G">water big.ABS lake-LOC lie-PRES</item>
    <item id="c3" line="641" tag="T">there is a lot of water in the lake</item>
  </tier>
  <tier id="p" type="phrases" content="c">
    <item id="p0" content="c1[0:43]"/>
  </tier>
  <tier id="g" type="glosses" content="c">
    <item id="g0" content="c2[0:31]" alignment="p1"/>
  </tier>
  <tier id="t" type="translations" content="c">
    <item id="t0" content="c3[0:35]" alignment="p1"/>
  </tier>
</igt>
<igt id="i49262">
  <metadata type="xigt-meta">
    <meta type="language" name="diyari" iso-639-3="dif" tiers="phrases words morphemes"/>
    <meta type="language" name="English" iso-639-3="eng" tiers="translations"/>
    <meta type="odin-source" doc-id="3426" line-range="183-185" line-types="L G T"/>
  </metadata>
  <tier id="o" type="odin-raw">
    <item id="o1" line="183" tag="L">  (12) a. pinti nawu            wakara-yi</item>
    <item id="o2" line="184" tag="G">          QUOT 3SG.NONF come-PRES</item>
    <item id="o3" line="185" tag="T">          `They say he is coming.'</item>
  </tier>
  <tier id="c" type="odin-clean">
    <item id="c1" line="183" tag="L">pinti nawu            wakara-yi</item>
    <item id="c2" line="184" tag="G">QUOT 3SG.NONF come-PRES</item>
    <item id="c3" line="185" tag="T">They say he is coming.</item>
  </tier>
  <tier id="p" type="phrases" content="c">
    <item id="p0" content="c1[0:31]"/>
  </tier>
  <tier id="g" type="glosses" content="c">
    <item id="g0" content="c2[0:23]" alignment="p1"/>
  </tier>
  <tier id="t" type="translations" content="c">
    <item id="t0" content="c3[0:22]" alignment="p1"/>
  </tier>
</igt>
<igt id="i49263">
  <metadata type="xigt-meta">
    <meta type="language" name="diyari" iso-639-3="dif" tiers="phrases words morphemes"/>
    <meta type="language" name="English" iso-639-3="eng" tiers="translations"/>
    <meta type="odin-source" doc-id="3426" line-range="186-188" line-types="L G T"/>
  </metadata>
  <tier id="o" type="odin-raw">
    <item id="o1" line="186" tag="L">       b. apa talara            wakara-la        ana-yi-ku</item>
    <item id="o2" line="187" tag="G">          water rain.ABS come-FUT                AUX-PRES-SENS</item>
    <item id="o3" line="188" tag="T">          `It looks/feels/smells like rain will come.'</item>
  </tier>
  <tier id="c" type="odin-clean">
    <item id="c1" line="186" tag="L">apa talara            wakara-la        ana-yi-ku</item>
    <item id="c2" line="187" tag="G">water rain.ABS come-FUT                AUX-PRES-SENS</item>
    <item id="c3" line="188" tag="T">It looks/feels/smells like rain will come.</item>
  </tier>
  <tier id="p" type="phrases" content="c">
    <item id="p0" content="c1[0:48]"/>
  </tier>
  <tier id="g" type="glosses" content="c">
    <item id="g0" content="c2[0:52]" alignment="p1"/>
  </tier>
  <tier id="t" type="translations" content="c">
    <item id="t0" content="c3[0:42]" alignment="p1"/>
  </tier>
</igt>
<igt id="i74174">
  <metadata type="xigt-meta">
    <meta type="language" name="diyari" iso-639-3="dif" tiers="phrases words morphemes"/>
    <meta type="language" name="English" iso-639-3="eng" tiers="translations"/>
    <meta type="odin-source" doc-id="989" line-range="655-657" line-types="L G T"/>
  </metadata>
  <tier id="o" type="odin-raw">
    <item id="o1" line="655" tag="L">  (51) a. wila    ·        marapu         ama-yi ura-ni·</item>
    <item id="o2" line="656" tag="G">               woman many,ABS sit-PRES camp-LOC</item>
    <item id="o3" line="657" tag="T">               `there are many women in the camp'</item>
  </tier>
  <tier id="c" type="odin-clean">
    <item id="c1" line="655" tag="L">wila    ·        marapu         ama-yi ura-ni·</item>
    <item id="c2" line="656" tag="G">woman many,ABS sit-PRES camp-LOC</item>
    <item id="c3" line="657" tag="T">there are many women in the camp</item>
  </tier>
  <tier id="p" type="phrases" content="c">
    <item id="p0" content="c1[0:46]"/>
  </tier>
  <tier id="g" type="glosses" content="c">
    <item id="g0" content="c2[0:32]" alignment="p1"/>
  </tier>
  <tier id="t" type="translations" content="c">
    <item id="t0" content="c3[0:32]" alignment="p1"/>
  </tier>
</igt>
<igt id="i74175">
  <metadata type="xigt-meta">
    <meta type="language" name="diyari" iso-639-3="dif" tiers="phrases words morphemes"/>
    <meta type="language" name="English" iso-639-3="eng" tiers="translations"/>
    <meta type="odin-source" doc-id="989" line-range="658-660" line-types="L G T"/>
  </metadata>
  <tier id="o" type="odin-raw">
    <item id="o1" line="658" tag="L">          b. apa pina        ª      pantu-ni· pada-yi</item>
    <item id="o2" line="659" tag="G">               water big,ABS lake-LOC lie-PRES</item>
    <item id="o3" line="660" tag="T">               `there is a lot of water in the lake'</item>
  </tier>
  <tier id="c" type="odin-clean">
    <item id="c1" line="658" tag="L">apa pina        ª      pantu-ni· pada-yi</item>
    <item id="c2" line="659" tag="G">water big,ABS lake-LOC lie-PRES</item>
    <item id="c3" line="660" tag="T">there is a lot of water in the lake</item>
  </tier>
  <tier id="p" type="phrases" content="c">
    <item id="p0" content="c1[0:40]"/>
  </tier>
  <tier id="g" type="glosses" content="c">
    <item id="g0" content="c2[0:31]" alignment="p1"/>
  </tier>
  <tier id="t" type="translations" content="c">
    <item id="t0" content="c3[0:35]" alignment="p1"/>
  </tier>
</igt>
<igt id="i87500">
  <metadata type="xigt-meta">
    <meta type="language" name="diyari" iso-639-3="dif" tiers="phrases words morphemes"/>
    <meta type="language" name="English" iso-639-3="eng" tiers="translations"/>
    <meta type="odin-source" doc-id="3275" line-range="75-77" line-types="L G T+AC"/>
  </metadata>
  <tier id="o" type="odin-raw">
    <item id="o1" line="75" tag="L">      (3) Kanku ya mankada-li wima          wangka-yi.</item>
    <item id="o2" line="76" tag="G">          boy    and girl-erg     song-abs sing-pres</item>
    <item id="o3" line="77" tag="T+AC">          `The boys and girls are singing a song.' (Diyari, Austin 1981: 231)</item>
  </tier>
  <tier id="c" type="odin-clean">
    <item id="c1" line="75" tag="L">Kanku ya mankada-li wima          wangka-yi.</item>
    <item id="c2" line="76" tag="G">boy    and girl-erg     song-abs sing-pres</item>
    <item id="c3" line="77" tag="T+AC">The boys and girls are singing a song.' (Diyari, Austin 1981: 231)</item>
  </tier>
  <tier id="p" type="phrases" content="c">
    <item id="p0" content="c1[0:44]"/>
  </tier>
  <tier id="g" type="glosses" content="c">
    <item id="g0" content="c2[0:42]" alignment="p1"/>
  </tier>
  <tier id="t" type="translations" content="c">
    <item id="t0" content="c3[0:66]" alignment="p1"/>
  </tier>
</igt>
<igt id="i87539">
  <metadata type="xigt-meta">
    <meta type="language" name="diyari" iso-639-3="dif" tiers="phrases words morphemes"/>
    <meta type="language" name="English" iso-639-3="eng" tiers="translations"/>
    <meta type="odin-source" doc-id="3275" line-range="482-485" line-types="L G T+AC C"/>
  </metadata>
  <tier id="o" type="odin-raw">
    <item id="o1" line="482" tag="L">   (44) pula mathari ya wilha          ngurra-nhi ngama-yi.</item>
    <item id="o2" line="483" tag="G">        3du.s man(abs) and woman(abs) camp-loc sit-pres</item>
    <item id="o3" line="484" tag="T+AC">        `The man and the woman are sitting in the camp.' (Diyari, Austin</item>
    <item id="o4" line="485" tag="C">        1981: 230)</item>
  </tier>
  <tier id="c" type="odin-clean">
    <item id="c1" line="482" tag="L">pula mathari ya wilha          ngurra-nhi ngama-yi.</item>
    <item id="c2" line="483" tag="G">3du.s man(abs) and woman(abs) camp-loc sit-pres</item>
    <item id="c3" line="484" tag="T+AC">The man and the woman are sitting in the camp.' (Diyari, Austin</item>
    <item id="c4" line="485" tag="C">230)</item>
  </tier>
  <tier id="p" type="phrases" content="c">
    <item id="p0" content="c1[0:51]"/>
  </tier>
  <tier id="g" type="glosses" content="c">
    <item id="g0" content="c2[0:47]" alignment="p1"/>
  </tier>
  <tier id="t" type="translations" content="c">
    <item id="t0" content="c3[0:63]" alignment="p1"/>
  </tier>
</igt>
<igt id="i87927">
  <metadata type="xigt-meta">
    <meta type="language" name="diyari" iso-639-3="dif" tiers="phrases words morphemes"/>
    <meta type="language" name="English" iso-639-3="eng" tiers="translations"/>
    <meta type="odin-source" doc-id="3273" line-range="186-186" line-types="L-T+DB"/>
  </metadata>
  <tier id="o" type="odin-raw">
    <item id="o1" line="186" tag="L-T+DB">      kuna-        `to defecate'          kuna-lka-          `to defecate on'</item>
  </tier>
  <tier id="c" type="odin-clean">
    <item id="c1" line="186" tag="L-T+DB">kuna-`to defecate'          kuna-lka-`to defecate on</item>
  </tier>
</igt>
<igt id="i87928">
  <metadata type="xigt-meta">
    <meta type="language" name="diyari" iso-639-3="dif" tiers="phrases words morphemes"/>
    <meta type="language" name="English" iso-639-3="eng" tiers="translations"/>
    <meta type="odin-source" doc-id="3273" line-range="187-187" line-types="L-T+DB"/>
  </metadata>
  <tier id="o" type="odin-raw">
    <item id="o1" line="187" tag="L-T+DB">      thika-       `to return'            thika-lka-         `to take back, return with'</item>
  </tier>
  <tier id="c" type="odin-clean">
    <item id="c1" line="187" tag="L-T+DB">thika-`to return'            thika-lka-`to take back, return with</item>
  </tier>
</igt>
<igt id="i87929">
  <metadata type="xigt-meta">
    <meta type="language" name="diyari" iso-639-3="dif" tiers="phrases words morphemes"/>
    <meta type="language" name="English" iso-639-3="eng" tiers="translations"/>
    <meta type="odin-source" doc-id="3273" line-range="188-188" line-types="L-T+DB"/>
  </metadata>
  <tier id="o" type="odin-raw">
    <item id="o1" line="188" tag="L-T+DB">      wapa-        `to go'                wapa-lka-          `to take, go with'</item>
  </tier>
  <tier id="c" type="odin-clean">
    <item id="c1" line="188" tag="L-T+DB">wapa-`to go'                wapa-lka-`to take, go with</item>
  </tier>
</igt>
<igt id="i87930">
  <metadata type="xigt-meta">
    <meta type="language" name="diyari" iso-639-3="dif" tiers="phrases words morphemes"/>
    <meta type="language" name="English" iso-639-3="eng" tiers="translations"/>
    <meta type="odin-source" doc-id="3273" line-range="203-205" line-types="L G T"/>
  </metadata>
  <tier id="o" type="odin-raw">
    <item id="o1" line="203" tag="L">  (1)    Karna             wapa-yi             wilha-nhi.</item>
    <item id="o2" line="204" tag="G">         man               go-pres             woman-loc</item>
    <item id="o3" line="205" tag="T">         `The man is going with the woman.'</item>
  </tier>
  <tier id="c" type="odin-clean">
    <item id="c1" line="203" tag="L">Karna             wapa-yi             wilha-nhi.</item>
    <item id="c2" line="204" tag="G">man               go-pres             woman-loc</item>
    <item id="c3" line="205" tag="T">The man is going with the woman.</item>
  </tier>
  <tier id="p" type="phrases" content="c">
    <item id="p0" content="c1[0:48]"/>
  </tier>
  <tier id="g" type="glosses" content="c">
    <item id="g0" content="c2[0:47]" alignment="p1"/>
  </tier>
  <tier id="t" type="translations" content="c">
    <item id="t0" content="c3[0:32]" alignment="p1"/>
  </tier>
</igt>
<igt id="i87931">
  <metadata type="xigt-meta">
    <meta type="language" name="diyari" iso-639-3="dif" tiers="phrases words morphemes"/>
    <meta type="language" name="English" iso-639-3="eng" tiers="translations"/>
    <meta type="odin-source" doc-id="3273" line-range="207-209" line-types="L G T"/>
  </metadata>
  <tier id="o" type="odin-raw">
    <item id="o1" line="207" tag="L">  (2)    Karna-li            wilha              wapa-lka-yi.</item>
    <item id="o2" line="208" tag="G">         man-erg             woman              go-tr-pres</item>
    <item id="o3" line="209" tag="T">         `The man takes the woman.'</item>
  </tier>
  <tier id="c" type="odin-clean">
    <item id="c1" line="207" tag="L">Karna-li            wilha              wapa-lka-yi.</item>
    <item id="c2" line="208" tag="G">man-erg             woman              go-tr-pres</item>
    <item id="c3" line="209" tag="T">The man takes the woman.</item>
  </tier>
  <tier id="p" type="phrases" content="c">
    <item id="p0" content="c1[0:51]"/>
  </tier>
  <tier id="g" type="glosses" content="c">
    <item id="g0" content="c2[0:49]" alignment="p1"/>
  </tier>
  <tier id="t" type="translations" content="c">
    <item id="t0" content="c3[0:24]" alignment="p1"/>
  </tier>
</igt>
<igt id="i87932">
  <metadata type="xigt-meta">
    <meta type="language" name="diyari" iso-639-3="dif" tiers="phrases words morphemes"/>
    <meta type="language" name="English" iso-639-3="eng" tiers="translations"/>
    <meta type="odin-source" doc-id="3273" line-range="215-215" line-types="L-T+DB"/>
  </metadata>
  <tier id="o" type="odin-raw">
    <item id="o1" line="215" tag="L-T+DB">        paki-            `to burst'             paki-ipa-              `to blow up, explode'</item>
  </tier>
  <tier id="c" type="odin-clean">
    <item id="c1" line="215" tag="L-T+DB">paki-`to burst'             paki-ipa-`to blow up, explode</item>
  </tier>
</igt>
<igt id="i87933">
  <metadata type="xigt-meta">
    <meta type="language" name="diyari" iso-639-3="dif" tiers="phrases words morphemes"/>
    <meta type="language" name="English" iso-639-3="eng" tiers="translations"/>
    <meta type="odin-source" doc-id="3273" line-range="216-216" line-types="L-T+DB"/>
  </metadata>
  <tier id="o" type="odin-raw">
    <item id="o1" line="216" tag="L-T+DB">        punthi-          `to separate'          punthi-ipa-            `to separate, divide'</item>
  </tier>
  <tier id="c" type="odin-clean">
    <item id="c1" line="216" tag="L-T+DB">punthi-`to separate'          punthi-ipa-`to separate, divide</item>
  </tier>
</igt>
<igt id="i87934">
  <metadata type="xigt-meta">
    <meta type="language" name="diyari" iso-639-3="dif" tiers="phrases words morphemes"/>
    <meta type="language" name="English" iso-639-3="eng" tiers="translations"/>
    <meta type="odin-source" doc-id="3273" line-range="217-217" line-types="L-T+DB"/>
  </metadata>
  <tier id="o" type="odin-raw">
    <item id="o1" line="217" tag="L-T+DB">        thuraRa-         `to lie'               thuraRa-ipa-           `to lay down'</item>
  </tier>
  <tier id="c" type="odin-clean">
    <item id="c1" line="217" tag="L-T+DB">thuraRa-`to lie'               thuraRa-ipa-`to lay down</item>
  </tier>
</igt>
<igt id="i87935">
  <metadata type="xigt-meta">
    <meta type="language" name="diyari" iso-639-3="dif" tiers="phrases words morphemes"/>
    <meta type="language" name="English" iso-639-3="eng" tiers="translations"/>
    <meta type="odin-source" doc-id="3273" line-range="221-223" line-types="L G T"/>
  </metadata>
  <tier id="o" type="odin-raw">
    <item id="o1" line="221" tag="L">  (3)    Kupa                punthi-rna                warrayi.</item>
    <item id="o2" line="222" tag="G">         child               separate- ptcple          aux</item>
    <item id="o3" line="223" tag="T">         `The children separated.'</item>
  </tier>
  <tier id="c" type="odin-clean">
    <item id="c1" line="221" tag="L">Kupa                punthi-rna                warrayi.</item>
    <item id="c2" line="222" tag="G">child               separate-ptcple          aux</item>
    <item id="c3" line="223" tag="T">The children separated.</item>
  </tier>
  <tier id="p" type="phrases" content="c">
    <item id="p0" content="c1[0:54]"/>
  </tier>
  <tier id="g" type="glosses" content="c">
    <item id="g0" content="c2[0:48]" alignment="p1"/>
  </tier>
  <tier id="t" type="translations" content="c">
    <item id="t0" content="c3[0:23]" alignment="p1"/>
  </tier>
</igt>
<igt id="i87936">
  <metadata type="xigt-meta">
    <meta type="language" name="diyari" iso-639-3="dif" tiers="phrases words morphemes"/>
    <meta type="language" name="English" iso-639-3="eng" tiers="translations"/>
    <meta type="odin-source" doc-id="3273" line-range="225-227" line-types="L G T"/>
  </metadata>
  <tier id="o" type="odin-raw">
    <item id="o1" line="225" tag="L">  (4)    Karna-li            kupa               punthi-ipa-rna              warrayi.</item>
    <item id="o2" line="226" tag="G">         man-erg             child              separate-tr-ptcple          aux</item>
    <item id="o3" line="227" tag="T">         `The man separated the children.'</item>
  </tier>
  <tier id="c" type="odin-clean">
    <item id="c1" line="225" tag="L">Karna-li            kupa               punthi-ipa-rna              warrayi.</item>
    <item id="c2" line="226" tag="G">man-erg             child              separate-tr-ptcple          aux</item>
    <item id="c3" line="227" tag="T">The man separated the children.</item>
  </tier>
  <tier id="p" type="phrases" content="c">
    <item id="p0" content="c1[0:75]"/>
  </tier>
  <tier id="g" type="glosses" content="c">
    <item id="g0" content="c2[0:70]" alignment="p1"/>
  </tier>
  <tier id="t" type="translations" content="c">
    <item id="t0" content="c3[0:31]" alignment="p1"/>
  </tier>
</igt>
<igt id="i87937">
  <metadata type="xigt-meta">
    <meta type="language" name="diyari" iso-639-3="dif" tiers="phrases words morphemes"/>
    <meta type="language" name="English" iso-639-3="eng" tiers="translations"/>
    <meta type="odin-source" doc-id="3273" line-range="248-248" line-types="L-T+DB"/>
  </metadata>
  <tier id="o" type="odin-raw">
    <item id="o1" line="248" tag="L-T+DB">        tharrka-       `to stand'           tharka-lka-            `to   stand with'</item>
  </tier>
  <tier id="c" type="odin-clean">
    <item id="c1" line="248" tag="L-T+DB">tharrka-`to stand'           tharka-lka-`to   stand with</item>
  </tier>
</igt>
<igt id="i87938">
  <metadata type="xigt-meta">
    <meta type="language" name="diyari" iso-639-3="dif" tiers="phrases words morphemes"/>
    <meta type="language" name="English" iso-639-3="eng" tiers="translations"/>
    <meta type="odin-source" doc-id="3273" line-range="249-249" line-types="L-T"/>
  </metadata>
  <tier id="o" type="odin-raw">
    <item id="o1" line="249" tag="L-T">                                            tharka-ipa-            `to   stand (it) up'</item>
  </tier>
  <tier id="c" type="odin-clean">
    <item id="c1" line="249" tag="L-T">tharka-ipa-`to   stand (it) up</item>
  </tier>
</igt>
<igt id="i87939">
  <metadata type="xigt-meta">
    <meta type="language" name="diyari" iso-639-3="dif" tiers="phrases words morphemes"/>
    <meta type="language" name="English" iso-639-3="eng" tiers="translations"/>
    <meta type="odin-source" doc-id="3273" line-range="250-250" line-types="L-T+DB"/>
  </metadata>
  <tier id="o" type="odin-raw">
    <item id="o1" line="250" tag="L-T+DB">        yirrji-        `to get up'          yirji-lka-             `to   get up with'</item>
  </tier>
  <tier id="c" type="odin-clean">
    <item id="c1" line="250" tag="L-T+DB">yirrji-`to get up'          yirji-lka-`to   get up with</item>
  </tier>
</igt>
<igt id="i87940">
  <metadata type="xigt-meta">
    <meta type="language" name="diyari" iso-639-3="dif" tiers="phrases words morphemes"/>
    <meta type="language" name="English" iso-639-3="eng" tiers="translations"/>
    <meta type="odin-source" doc-id="3273" line-range="251-251" line-types="L-T"/>
  </metadata>
  <tier id="o" type="odin-raw">
    <item id="o1" line="251" tag="L-T">                                            yirji-ipa-             `to   get (him) up, rouse'</item>
  </tier>
  <tier id="c" type="odin-clean">
    <item id="c1" line="251" tag="L-T">yirji-ipa-`to   get (him) up, rouse</item>
  </tier>
</igt>
<igt id="i87941">
  <metadata type="xigt-meta">
    <meta type="language" name="diyari" iso-639-3="dif" tiers="phrases words morphemes"/>
    <meta type="language" name="English" iso-639-3="eng" tiers="translations"/>
    <meta type="odin-source" doc-id="3273" line-range="255-257" line-types="L G T"/>
  </metadata>
  <tier id="o" type="odin-raw">
    <item id="o1" line="255" tag="L">  (5)     Pirta            tharka-yi.</item>
    <item id="o2" line="256" tag="G">          stick            stand- pres</item>
    <item id="o3" line="257" tag="T">          `The stick is standing.'</item>
  </tier>
  <tier id="c" type="odin-clean">
    <item id="c1" line="255" tag="L">Pirta            tharka-yi.</item>
    <item id="c2" line="256" tag="G">stick            stand-pres</item>
    <item id="c3" line="257" tag="T">The stick is standing.</item>
  </tier>
  <tier id="p" type="phrases" content="c">
    <item id="p0" content="c1[0:27]"/>
  </tier>
  <tier id="g" type="glosses" content="c">
    <item id="g0" content="c2[0:27]" alignment="p1"/>
  </tier>
  <tier id="t" type="translations" content="c">
    <item id="t0" content="c3[0:22]" alignment="p1"/>
  </tier>
</igt>
<igt id="i87942">
  <metadata type="xigt-meta">
    <meta type="language" name="diyari" iso-639-3="dif" tiers="phrases words morphemes"/>
    <meta type="language" name="English" iso-639-3="eng" tiers="translations"/>
    <meta type="odin-source" doc-id="3273" line-range="259-261" line-types="L G T"/>
  </metadata>
  <tier id="o" type="odin-raw">
    <item id="o1" line="259" tag="L">  (6)     Karna-li         pirta          tharka-lka-yi.</item>
    <item id="o2" line="260" tag="G">          man-erg          stick          stand-tr-pres</item>
    <item id="o3" line="261" tag="T">          `The man is standing with a stick.'</item>
  </tier>
  <tier id="c" type="odin-clean">
    <item id="c1" line="259" tag="L">Karna-li         pirta          tharka-lka-yi.</item>
    <item id="c2" line="260" tag="G">man-erg          stick          stand-tr-pres</item>
    <item id="c3" line="261" tag="T">The man is standing with a stick.</item>
  </tier>
  <tier id="p" type="phrases" content="c">
    <item id="p0" content="c1[0:46]"/>
  </tier>
  <tier id="g" type="glosses" content="c">
    <item id="g0" content="c2[0:45]" alignment="p1"/>
  </tier>
  <tier id="t" type="translations" content="c">
    <item id="t0" content="c3[0:33]" alignment="p1"/>
  </tier>
</igt>
<igt id="i87943">
  <metadata type="xigt-meta">
    <meta type="language" name="diyari" iso-639-3="dif" tiers="phrases words morphemes"/>
    <meta type="language" name="English" iso-639-3="eng" tiers="translations"/>
    <meta type="odin-source" doc-id="3273" line-range="263-265" line-types="L G T"/>
  </metadata>
  <tier id="o" type="odin-raw">
    <item id="o1" line="263" tag="L">  (7)     Karna-li         pirta          tharka-ipa-yi.</item>
    <item id="o2" line="264" tag="G">          man-erg          stick          stand-tr-pres</item>
    <item id="o3" line="265" tag="T">          `The man stands the stick up.'</item>
  </tier>
  <tier id="c" type="odin-clean">
    <item id="c1" line="263" tag="L">Karna-li         pirta          tharka-ipa-yi.</item>
    <item id="c2" line="264" tag="G">man-erg          stick          stand-tr-pres</item>
    <item id="c3" line="265" tag="T">The man stands the stick up.</item>
  </tier>
  <tier id="p" type="phrases" content="c">
    <item id="p0" content="c1[0:46]"/>
  </tier>
  <tier id="g" type="glosses" content="c">
    <item id="g0" content="c2[0:45]" alignment="p1"/>
  </tier>
  <tier id="t" type="translations" content="c">
    <item id="t0" content="c3[0:28]" alignment="p1"/>
  </tier>
</igt>
<igt id="i87944">
  <metadata type="xigt-meta">
    <meta type="language" name="diyari" iso-639-3="dif" tiers="phrases words morphemes"/>
    <meta type="language" name="English" iso-639-3="eng" tiers="translations"/>
    <meta type="odin-source" doc-id="3273" line-range="272-272" line-types="L-T+DB"/>
  </metadata>
  <tier id="o" type="odin-raw">
    <item id="o1" line="272" tag="L-T+DB">        palipali-          `to drown'              palipali-ma-              `to drown (him)'</item>
  </tier>
  <tier id="c" type="odin-clean">
    <item id="c1" line="272" tag="L-T+DB">palipali-`to drown'              palipali-ma-`to drown (him)</item>
  </tier>
</igt>
<igt id="i87945">
  <metadata type="xigt-meta">
    <meta type="language" name="diyari" iso-639-3="dif" tiers="phrases words morphemes"/>
    <meta type="language" name="English" iso-639-3="eng" tiers="translations"/>
    <meta type="odin-source" doc-id="3273" line-range="273-273" line-types="L-T+DB"/>
  </metadata>
  <tier id="o" type="odin-raw">
    <item id="o1" line="273" tag="L-T+DB">        panji-             `to happen'             panji-ma-                 `to make'</item>
  </tier>
  <tier id="c" type="odin-clean">
    <item id="c1" line="273" tag="L-T+DB">panji-`to happen'             panji-ma-`to make</item>
  </tier>
</igt>
<igt id="i87946">
  <metadata type="xigt-meta">
    <meta type="language" name="diyari" iso-639-3="dif" tiers="phrases words morphemes"/>
    <meta type="language" name="English" iso-639-3="eng" tiers="translations"/>
    <meta type="odin-source" doc-id="3273" line-range="274-274" line-types="L-T+DB"/>
  </metadata>
  <tier id="o" type="odin-raw">
    <item id="o1" line="274" tag="L-T+DB">        parni-             `to be odorous'         parni-ma-                 `to smell'</item>
  </tier>
  <tier id="c" type="odin-clean">
    <item id="c1" line="274" tag="L-T+DB">parni-`to be odorous'         parni-ma-`to smell</item>
  </tier>
</igt>
<igt id="i87947">
  <metadata type="xigt-meta">
    <meta type="language" name="diyari" iso-639-3="dif" tiers="phrases words morphemes"/>
    <meta type="language" name="English" iso-639-3="eng" tiers="translations"/>
    <meta type="odin-source" doc-id="3273" line-range="278-280" line-types="L G T"/>
  </metadata>
  <tier id="o" type="odin-raw">
    <item id="o1" line="278" tag="L">  (8)     Kupa         palipali-rna         warrayi.</item>
    <item id="o2" line="279" tag="G">          child        drown-ptcple         aux</item>
    <item id="o3" line="280" tag="T">          `The child drowned.'</item>
  </tier>
  <tier id="c" type="odin-clean">
    <item id="c1" line="278" tag="L">Kupa         palipali-rna         warrayi.</item>
    <item id="c2" line="279" tag="G">child        drown-ptcple         aux</item>
    <item id="c3" line="280" tag="T">The child drowned.</item>
  </tier>
  <tier id="p" type="phrases" content="c">
    <item id="p0" content="c1[0:42]"/>
  </tier>
  <tier id="g" type="glosses" content="c">
    <item id="g0" content="c2[0:37]" alignment="p1"/>
  </tier>
  <tier id="t" type="translations" content="c">
    <item id="t0" content="c3[0:18]" alignment="p1"/>
  </tier>
</igt>
<igt id="i87948">
  <metadata type="xigt-meta">
    <meta type="language" name="diyari" iso-639-3="dif" tiers="phrases words morphemes"/>
    <meta type="language" name="English" iso-639-3="eng" tiers="translations"/>
    <meta type="odin-source" doc-id="3273" line-range="282-284" line-types="L G T"/>
  </metadata>
  <tier id="o" type="odin-raw">
    <item id="o1" line="282" tag="L">  (9)     Karna-li         kupa          palipali-ma-rna          warrayi.</item>
    <item id="o2" line="283" tag="G">          man-erg          child         drown-tr-ptcple          aux</item>
    <item id="o3" line="284" tag="T">          `The man drowned the child.'</item>
  </tier>
  <tier id="c" type="odin-clean">
    <item id="c1" line="282" tag="L">Karna-li         kupa          palipali-ma-rna          warrayi.</item>
    <item id="c2" line="283" tag="G">man-erg          child         drown-tr-ptcple          aux</item>
    <item id="c3" line="284" tag="T">The man drowned the child.</item>
  </tier>
  <tier id="p" type="phrases" content="c">
    <item id="p0" content="c1[0:64]"/>
  </tier>
  <tier id="g" type="glosses" content="c">
    <item id="g0" content="c2[0:59]" alignment="p1"/>
  </tier>
  <tier id="t" type="translations" content="c">
    <item id="t0" content="c3[0:26]" alignment="p1"/>
  </tier>
</igt>
<igt id="i87949">
  <metadata type="xigt-meta">
    <meta type="language" name="diyari" iso-639-3="dif" tiers="phrases words morphemes"/>
    <meta type="language" name="English" iso-639-3="eng" tiers="translations"/>
    <meta type="odin-source" doc-id="3273" line-range="314-316" line-types="L G T"/>
  </metadata>
  <tier id="o" type="odin-raw">
    <item id="o1" line="314" tag="L">  (10) Karna-li            wilha            nandra-ipa-yi             (ngakarni).</item>
    <item id="o2" line="315" tag="G">       man-erg             woman            hit-alt-pres                I dat</item>
    <item id="o3" line="316" tag="T">        `The man hit the woman for me.'</item>
  </tier>
  <tier id="c" type="odin-clean">
    <item id="c1" line="314" tag="L">Karna-li            wilha            nandra-ipa-yi             (ngakarni).</item>
    <item id="c2" line="315" tag="G">man-erg             woman            hit-alt-pres                I dat</item>
    <item id="c3" line="316" tag="T">The man hit the woman for me.</item>
  </tier>
  <tier id="p" type="phrases" content="c">
    <item id="p0" content="c1[0:74]"/>
  </tier>
  <tier id="g" type="glosses" content="c">
    <item id="g0" content="c2[0:70]" alignment="p1"/>
  </tier>
  <tier id="t" type="translations" content="c">
    <item id="t0" content="c3[0:29]" alignment="p1"/>
  </tier>
</igt>
<igt id="i87950">
  <metadata type="xigt-meta">
    <meta type="language" name="diyari" iso-639-3="dif" tiers="phrases words morphemes"/>
    <meta type="language" name="English" iso-639-3="eng" tiers="translations"/>
    <meta type="odin-source" doc-id="3273" line-range="321-323" line-types="L G T"/>
  </metadata>
  <tier id="o" type="odin-raw">
    <item id="o1" line="321" tag="L">  (11) Kupa              tharka-ipa-ipa-mayi             (ngakarni).</item>
    <item id="o2" line="322" tag="G">       child             stand-tr-alt-imper:emph           I dat</item>
    <item id="o3" line="323" tag="T">        `Stand the child up for me.'</item>
  </tier>
  <tier id="c" type="odin-clean">
    <item id="c1" line="321" tag="L">Kupa              tharka-ipa-ipa-mayi             (ngakarni).</item>
    <item id="c2" line="322" tag="G">child             stand-tr-alt-imper:emph           I dat</item>
    <item id="c3" line="323" tag="T">Stand the child up for me.</item>
  </tier>
  <tier id="p" type="phrases" content="c">
    <item id="p0" content="c1[0:61]"/>
  </tier>
  <tier id="g" type="glosses" content="c">
    <item id="g0" content="c2[0:57]" alignment="p1"/>
  </tier>
  <tier id="t" type="translations" content="c">
    <item id="t0" content="c3[0:26]" alignment="p1"/>
  </tier>
</igt>
<igt id="i103158">
  <metadata type="xigt-meta">
    <meta type="language" name="diyari" iso-639-3="dif" tiers="phrases words morphemes"/>
    <meta type="language" name="English" iso-639-3="eng" tiers="translations"/>
    <meta type="odin-source" doc-id="1062" line-range="1787-1787" line-types="L-T+LN"/>
  </metadata>
  <tier id="o" type="odin-raw">
    <item id="o1" line="1787" tag="L-T+LN">                c.   Diyari:        mina           `what'/`so mething'</item>
  </tier>
  <tier id="c" type="odin-clean">
    <item id="c1" line="1787" tag="L-T+LN">       mina           `what'/`so mething</item>
  </tier>
</igt>
<igt id="i150210">
  <metadata type="xigt-meta">
    <meta type="language" name="diyari" iso-639-3="dif" tiers="phrases words morphemes"/>
    <meta type="language" name="English" iso-639-3="eng" tiers="translations"/>
    <meta type="odin-source" doc-id="3459" line-range="77-80" line-types="M+AC+LN L G T"/>
  </metadata>
  <tier id="o" type="odin-raw">
    <item id="o1" line="77" tag="M+AC+LN">  a. Diyari (Austin 1981)</item>
    <item id="o2" line="78" tag="L">      ngani muduwa-tadi-yi</item>
    <item id="o3" line="79" tag="G">      1SGS scratch-REFL-PRES</item>
    <item id="o4" line="80" tag="T">      `I scratch myself.'</item>
  </tier>
  <tier id="c" type="odin-clean">
    <item id="c1" line="77" tag="M+AC+LN">Diyari (Austin 1981)</item>
    <item id="c2" line="78" tag="L">ngani muduwa-tadi-yi</item>
    <item id="c3" line="79" tag="G">1SGS scratch-REFL-PRES</item>
    <item id="c4" line="80" tag="T">I scratch myself.</item>
  </tier>
  <tier id="p" type="phrases" content="c">
    <item id="p0" content="c2[0:20]"/>
  </tier>
  <tier id="g" type="glosses" content="c">
    <item id="g0" content="c3[0:22]" alignment="p1"/>
  </tier>
  <tier id="t" type="translations" content="c">
    <item id="t0" content="c4[0:17]" alignment="p1"/>
  </tier>
</igt>
<igt id="i150771">
  <metadata type="xigt-meta">
    <meta type="language" name="diyari" iso-639-3="dif" tiers="phrases words morphemes"/>
    <meta type="language" name="English" iso-639-3="eng" tiers="translations"/>
    <meta type="odin-source" doc-id="2398" line-range="2760-2762" line-types="L G+LN T"/>
  </metadata>
  <tier id="o" type="odin-raw">
    <item id="o1" line="2760" tag="L">  (64)   pula kaku-yali                  wapa-yi</item>
    <item id="o2" line="2761" tag="G+LN">  Diy    3duS elder.sister-INSTR         go-PRES</item>
    <item id="o3" line="2762" tag="T">         `The two sisters are going.'</item>
  </tier>
  <tier id="c" type="odin-clean">
    <item id="c1" line="2760" tag="L">pula kaku-yali                  wapa-yi</item>
    <item id="c2" line="2761" tag="G+LN">Diy    3duS elder.sister-INSTR         go-PRES</item>
    <item id="c3" line="2762" tag="T">The two sisters are going.</item>
  </tier>
  <tier id="p" type="phrases" content="c">
    <item id="p0" content="c1[0:39]"/>
  </tier>
  <tier id="g" type="glosses" content="c">
    <item id="g0" content="c2[0:46]" alignment="p1"/>
  </tier>
  <tier id="t" type="translations" content="c">
    <item id="t0" content="c3[0:26]" alignment="p1"/>
  </tier>
</igt>
<igt id="i150772">
  <metadata type="xigt-meta">
    <meta type="language" name="diyari" iso-639-3="dif" tiers="phrases words morphemes"/>
    <meta type="language" name="English" iso-639-3="eng" tiers="translations"/>
    <meta type="odin-source" doc-id="2398" line-range="2773-2775" line-types="L G+LN T"/>
  </metadata>
  <tier id="o" type="odin-raw">
    <item id="o1" line="2773" tag="L">  (65)   pula ngapiri-yali wapa-yi</item>
    <item id="o2" line="2774" tag="G+LN">  Diy    3duS father-INSTR go-PRES</item>
    <item id="o3" line="2775" tag="T">         `They (two) are going, (one is) father.'</item>
  </tier>
  <tier id="c" type="odin-clean">
    <item id="c1" line="2773" tag="L">pula ngapiri-yali wapa-yi</item>
    <item id="c2" line="2774" tag="G+LN">Diy    3duS father-INSTR go-PRES</item>
    <item id="c3" line="2775" tag="T">They (two) are going, (one is) father.</item>
  </tier>
  <tier id="p" type="phrases" content="c">
    <item id="p0" content="c1[0:25]"/>
  </tier>
  <tier id="g" type="glosses" content="c">
    <item id="g0" content="c2[0:32]" alignment="p1"/>
  </tier>
  <tier id="t" type="translations" content="c">
    <item id="t0" content="c3[0:38]" alignment="p1"/>
  </tier>
</igt>
</xigt-corpus>
