<?xml version="1.0" encoding="UTF-8"?>
<xigt-corpus>
<igt id="i15727">
  <metadata type="xigt-meta">
    <meta type="language" name="jamul tiipay" iso-639-3="dih" tiers="phrases words morphemes"/>
    <meta type="language" name="English" iso-639-3="eng" tiers="translations"/>
    <meta type="odin-source" doc-id="3544" line-range="216-219" line-types="M+AC+LN+CN L G+CR T"/>
  </metadata>
  <tier id="o" type="odin-raw">
    <item id="o1" line="216" tag="M+AC+LN+CN">  (10) Jamul Tiipay (and other Yuman languages) (Miller 2001)</item>
    <item id="o2" line="217" tag="L">       a. [nyech'ak kwe-cheyaw maw-pu] peya k-iny!</item>
    <item id="o3" line="218" tag="G+CR">         wo m a n    ACT .NML Z-sin g NEG-ART DEM IMP-give</item>
    <item id="o4" line="219" tag="T">         `Give this to the woman who isn't singing!'</item>
  </tier>
  <tier id="c" type="odin-clean">
    <item id="c1" line="216" tag="M+AC+LN+CN">Jamul Tiipay (and other Yuman languages) (Miller 2001</item>
    <item id="c2" line="217" tag="L">[nyech'ak kwe-cheyaw maw-pu] peya k-iny!</item>
    <item id="c3" line="218" tag="G+CR">wo m a n    ACT .NML Z-sin g NEG-ART DEM IMP-give</item>
    <item id="c4" line="219" tag="T">Give this to the woman who isn't singing!</item>
  </tier>
  <tier id="p" type="phrases" content="c">
    <item id="p0" content="c2[0:40]"/>
  </tier>
  <tier id="g" type="glosses" content="c">
    <item id="g0" content="c3[0:49]" alignment="p1"/>
  </tier>
  <tier id="t" type="translations" content="c">
    <item id="t0" content="c4[0:41]" alignment="p1"/>
  </tier>
</igt>
<igt id="i15728">
  <metadata type="xigt-meta">
    <meta type="language" name="jamul tiipay" iso-639-3="dih" tiers="phrases words morphemes"/>
    <meta type="language" name="English" iso-639-3="eng" tiers="translations"/>
    <meta type="odin-source" doc-id="3544" line-range="220-221" line-types="L+DB G-T"/>
  </metadata>
  <tier id="o" type="odin-raw">
    <item id="o1" line="220" tag="L+DB">      b. kwechcheyaaw &lt;        *kwe-ch-cheyaw</item>
    <item id="o2" line="221" tag="G-T">         `a singer'            ACT.NMLZ-DISTRIBUTIVE-sing</item>
  </tier>
  <tier id="c" type="odin-clean">
    <item id="c1" line="220" tag="L+DB">kwechcheyaaw &lt;        *kwe-ch-cheyaw</item>
    <item id="c2" line="221" tag="G-T">a singer'            ACT.NMLZ-DISTRIBUTIVE-sing</item>
  </tier>
  <tier id="p" type="phrases" content="c">
    <item id="p0" content="c1[0:36]"/>
  </tier>
</igt>
<igt id="i17827">
  <metadata type="xigt-meta">
    <meta type="language" name="diegueno" iso-639-3="dih" tiers="phrases words morphemes"/>
    <meta type="language" name="English" iso-639-3="eng" tiers="translations"/>
    <meta type="odin-source" doc-id="1597" line-range="60-62" line-types="L G T"/>
  </metadata>
  <tier id="o" type="odin-raw">
    <item id="o1" line="60" tag="L">         (8) a. t@nay       Pwa :Pwu :w</item>
    <item id="o2" line="61" tag="G">                yesterday house I       saw</item>
    <item id="o3" line="62" tag="T">                `I saw the house yesterday.'</item>
  </tier>
  <tier id="c" type="odin-clean">
    <item id="c1" line="60" tag="L">t@nay       Pwa :Pwu :w</item>
    <item id="c2" line="61" tag="G">yesterday house I       saw</item>
    <item id="c3" line="62" tag="T">I saw the house yesterday.</item>
  </tier>
  <tier id="p" type="phrases" content="c">
    <item id="p0" content="c1[0:23]"/>
  </tier>
  <tier id="g" type="glosses" content="c">
    <item id="g0" content="c2[0:27]" alignment="p1"/>
  </tier>
  <tier id="t" type="translations" content="c">
    <item id="t0" content="c3[0:26]" alignment="p1"/>
  </tier>
</igt>
<igt id="i17828">
  <metadata type="xigt-meta">
    <meta type="language" name="diegueno" iso-639-3="dih" tiers="phrases words morphemes"/>
    <meta type="language" name="English" iso-639-3="eng" tiers="translations"/>
    <meta type="odin-source" doc-id="1597" line-range="63-65" line-types="L G T"/>
  </metadata>
  <tier id="o" type="odin-raw">
    <item id="o1" line="63" tag="L">             b. Pwa :-pu-Ly                 Pciyawx</item>
    <item id="o2" line="64" tag="G">                house definite-locative I.will.sing</item>
    <item id="o3" line="65" tag="T">                `I will sing in the house</item>
  </tier>
  <tier id="c" type="odin-clean">
    <item id="c1" line="63" tag="L">Pwa :-pu-Ly                 Pciyawx</item>
    <item id="c2" line="64" tag="G">house definite-locative I.will.sing</item>
    <item id="c3" line="65" tag="T">I will sing in the house</item>
  </tier>
  <tier id="p" type="phrases" content="c">
    <item id="p0" content="c1[0:35]"/>
  </tier>
  <tier id="g" type="glosses" content="c">
    <item id="g0" content="c2[0:35]" alignment="p1"/>
  </tier>
  <tier id="t" type="translations" content="c">
    <item id="t0" content="c3[0:24]" alignment="p1"/>
  </tier>
</igt>
<igt id="i17829">
  <metadata type="xigt-meta">
    <meta type="language" name="diegueno" iso-639-3="dih" tiers="phrases words morphemes"/>
    <meta type="language" name="English" iso-639-3="eng" tiers="translations"/>
    <meta type="odin-source" doc-id="1597" line-range="66-69" line-types="L+CR L+CR G T"/>
  </metadata>
  <tier id="o" type="odin-raw">
    <item id="o1" line="66" tag="L+CR">                            Pwa :Pwu :w]-pu-Ly</item>
    <item id="o2" line="67" tag="L+CR">             c. [t@nay                                           Pciyawx</item>
    <item id="o3" line="68" tag="G">                yesterday house I       saw-definite-locative I.will.sing</item>
    <item id="o4" line="69" tag="T">                `I will sing in the house that I saw yesterday.'</item>
  </tier>
  <tier id="c" type="odin-clean">
    <item id="c1" line="66 67" tag="L+CR">[t@nay      Pwa :Pwu :w]-pu-Ly                   Pciyawx</item>
    <item id="c3" line="68" tag="G">yesterday house I       saw-definite-locative I.will.sing</item>
    <item id="c4" line="69" tag="T">I will sing in the house that I saw yesterday.</item>
  </tier>
  <tier id="p" type="phrases" content="c">
    <item id="p0" content="c1[0:56]"/>
  </tier>
  <tier id="g" type="glosses" content="c">
    <item id="g0" content="c3[0:57]" alignment="p1"/>
  </tier>
  <tier id="t" type="translations" content="c">
    <item id="t0" content="c4[0:46]" alignment="p1"/>
  </tier>
</igt>
<igt id="i33328">
  <metadata type="xigt-meta">
    <meta type="language" name="jamul tiipay" iso-639-3="dih" tiers="phrases words morphemes"/>
    <meta type="language" name="English" iso-639-3="eng" tiers="translations"/>
    <meta type="odin-source" doc-id="2056" line-range="472-475" line-types="M+AC+LN L G T"/>
  </metadata>
  <tier id="o" type="odin-raw">
    <item id="o1" line="472" tag="M+AC+LN">  (26) Jamul Tiipay (Yuman, USA, Miller 2001: 175, 177)</item>
    <item id="o2" line="473" tag="L">       a. maayiich-pe-m gaayiin         aakatt-chu</item>
    <item id="o3" line="474" tag="G">          what-DEM-INSTR chicken        cut-Q</item>
    <item id="o4" line="475" tag="T">          `What did he use to cut up the chicken?'</item>
  </tier>
  <tier id="c" type="odin-clean">
    <item id="c1" line="472" tag="M+AC+LN">Jamul Tiipay (Yuman, USA, Miller 2001: 175, 177</item>
    <item id="c2" line="473" tag="L">maayiich-pe-m gaayiin         aakatt-chu</item>
    <item id="c3" line="474" tag="G">what-DEM-INSTR chicken        cut-Q</item>
    <item id="c4" line="475" tag="T">What did he use to cut up the chicken?</item>
  </tier>
  <tier id="p" type="phrases" content="c">
    <item id="p0" content="c2[0:40]"/>
  </tier>
  <tier id="g" type="glosses" content="c">
    <item id="g0" content="c3[0:35]" alignment="p1"/>
  </tier>
  <tier id="t" type="translations" content="c">
    <item id="t0" content="c4[0:38]" alignment="p1"/>
  </tier>
</igt>
<igt id="i33329">
  <metadata type="xigt-meta">
    <meta type="language" name="jamul tiipay" iso-639-3="dih" tiers="phrases words morphemes"/>
    <meta type="language" name="English" iso-639-3="eng" tiers="translations"/>
    <meta type="odin-source" doc-id="2056" line-range="476-478" line-types="L G T"/>
  </metadata>
  <tier id="o" type="odin-raw">
    <item id="o1" line="476" tag="L">       b. me-ny-chaakeet-pu ma&lt;m&gt;wi-a</item>
    <item id="o2" line="477" tag="G">          2-ALIEN-jacket-DEM &lt;2&gt;do.what-Q</item>
    <item id="o3" line="478" tag="T">          `What did you do with your jacket?'</item>
  </tier>
  <tier id="c" type="odin-clean">
    <item id="c1" line="476" tag="L">me-ny-chaakeet-pu ma&lt;m&gt;wi-a</item>
    <item id="c2" line="477" tag="G">2-ALIEN-jacket-DEM &lt;2&gt;do.what-Q</item>
    <item id="c3" line="478" tag="T">What did you do with your jacket?</item>
  </tier>
  <tier id="p" type="phrases" content="c">
    <item id="p0" content="c1[0:27]"/>
  </tier>
  <tier id="g" type="glosses" content="c">
    <item id="g0" content="c2[0:31]" alignment="p1"/>
  </tier>
  <tier id="t" type="translations" content="c">
    <item id="t0" content="c3[0:33]" alignment="p1"/>
  </tier>
</igt>
<igt id="i33330">
  <metadata type="xigt-meta">
    <meta type="language" name="jamul tiipay" iso-639-3="dih" tiers="phrases words morphemes"/>
    <meta type="language" name="English" iso-639-3="eng" tiers="translations"/>
    <meta type="odin-source" doc-id="2056" line-range="479-481" line-types="L G T"/>
  </metadata>
  <tier id="o" type="odin-raw">
    <item id="o1" line="479" tag="L">       c. puu         keyaw     che*&lt;w&gt;i         t*waaniw-a</item>
    <item id="o2" line="480" tag="G">          that.one    behalf    &lt;3&gt;say.what be.together-Q</item>
    <item id="o3" line="481" tag="T">          `What did they say on his behalf?'</item>
  </tier>
  <tier id="c" type="odin-clean">
    <item id="c1" line="479" tag="L">puu         keyaw     che*&lt;w&gt;i         t*waaniw-a</item>
    <item id="c2" line="480" tag="G">that.one    behalf    &lt;3&gt;say.what be.together-Q</item>
    <item id="c3" line="481" tag="T">What did they say on his behalf?</item>
  </tier>
  <tier id="p" type="phrases" content="c">
    <item id="p0" content="c1[0:49]"/>
  </tier>
  <tier id="g" type="glosses" content="c">
    <item id="g0" content="c2[0:47]" alignment="p1"/>
  </tier>
  <tier id="t" type="translations" content="c">
    <item id="t0" content="c3[0:32]" alignment="p1"/>
  </tier>
</igt>
<igt id="i33428">
  <metadata type="xigt-meta">
    <meta type="language" name="jamul tiipay" iso-639-3="dih" tiers="phrases words morphemes"/>
    <meta type="language" name="English" iso-639-3="eng" tiers="translations"/>
    <meta type="odin-source" doc-id="3138" line-range="419-422" line-types="M+LN L G T"/>
  </metadata>
  <tier id="o" type="odin-raw">
    <item id="o1" line="419" tag="M+LN">                 (8) Jamul Tiipay</item>
    <item id="o2" line="420" tag="L">                     a. nye-wiiw.</item>
    <item id="o3" line="421" tag="G">                        1:2-see</item>
    <item id="o4" line="422" tag="T">                        `I saw you.'</item>
  </tier>
  <tier id="c" type="odin-clean">
    <item id="c1" line="419" tag="M+LN">Jamul Tiipay</item>
    <item id="c2" line="420" tag="L">nye-wiiw.</item>
    <item id="c3" line="421" tag="G">1:2-see</item>
    <item id="c4" line="422" tag="T">I saw you.</item>
  </tier>
  <tier id="p" type="phrases" content="c">
    <item id="p0" content="c2[0:9]"/>
  </tier>
  <tier id="g" type="glosses" content="c">
    <item id="g0" content="c3[0:7]" alignment="p1"/>
  </tier>
  <tier id="t" type="translations" content="c">
    <item id="t0" content="c4[0:10]" alignment="p1"/>
  </tier>
</igt>
<igt id="i33429">
  <metadata type="xigt-meta">
    <meta type="language" name="jamul tiipay" iso-639-3="dih" tiers="phrases words morphemes"/>
    <meta type="language" name="English" iso-639-3="eng" tiers="translations"/>
    <meta type="odin-source" doc-id="3138" line-range="423-425" line-types="L G T"/>
  </metadata>
  <tier id="o" type="odin-raw">
    <item id="o1" line="423" tag="L">                     b. xikay ny-iny-ma.</item>
    <item id="o2" line="424" tag="G">                        some 1:2-give-prom</item>
    <item id="o3" line="425" tag="T">                        `I'll give you some.'</item>
  </tier>
  <tier id="c" type="odin-clean">
    <item id="c1" line="423" tag="L">xikay ny-iny-ma.</item>
    <item id="c2" line="424" tag="G">some 1:2-give-prom</item>
    <item id="c3" line="425" tag="T">I'll give you some.</item>
  </tier>
  <tier id="p" type="phrases" content="c">
    <item id="p0" content="c1[0:16]"/>
  </tier>
  <tier id="g" type="glosses" content="c">
    <item id="g0" content="c2[0:18]" alignment="p1"/>
  </tier>
  <tier id="t" type="translations" content="c">
    <item id="t0" content="c3[0:19]" alignment="p1"/>
  </tier>
</igt>
<igt id="i33430">
  <metadata type="xigt-meta">
    <meta type="language" name="jamul tiipay" iso-639-3="dih" tiers="phrases words morphemes"/>
    <meta type="language" name="English" iso-639-3="eng" tiers="translations"/>
    <meta type="odin-source" doc-id="3138" line-range="426-429" line-types="L G T M+AC"/>
  </metadata>
  <tier id="o" type="odin-raw">
    <item id="o1" line="426" tag="L">                     c. nyaach maap Goodwill ny-iny-x.</item>
    <item id="o2" line="427" tag="G">                        I:sub you Goodwill 1:2-give-irr</item>
    <item id="o3" line="428" tag="T">                        `I'm going to give you to Goodwill.'</item>
    <item id="o4" line="429" tag="M+AC">                                                                  (Miller 2001: 141, 162)</item>
  </tier>
  <tier id="c" type="odin-clean">
    <item id="c1" line="426" tag="L">nyaach maap Goodwill ny-iny-x.</item>
    <item id="c2" line="427" tag="G">I:sub you Goodwill 1:2-give-irr</item>
    <item id="c3" line="428" tag="T">I'm going to give you to Goodwill.</item>
    <item id="c4" line="429" tag="M+AC">141, 162</item>
  </tier>
  <tier id="p" type="phrases" content="c">
    <item id="p0" content="c1[0:30]"/>
  </tier>
  <tier id="g" type="glosses" content="c">
    <item id="g0" content="c2[0:31]" alignment="p1"/>
  </tier>
  <tier id="t" type="translations" content="c">
    <item id="t0" content="c3[0:34]" alignment="p1"/>
  </tier>
</igt>
<igt id="i41686">
  <metadata type="xigt-meta">
    <meta type="language" name="jamul tiipay" iso-639-3="dih" tiers="phrases words morphemes"/>
    <meta type="language" name="English" iso-639-3="eng" tiers="translations"/>
    <meta type="odin-source" doc-id="3517" line-range="721-724" line-types="M+AC+LN L G T"/>
  </metadata>
  <tier id="o" type="odin-raw">
    <item id="o1" line="721" tag="M+AC+LN">  (32) Jamul Tiipay (Miller 2001:162)</item>
    <item id="o2" line="722" tag="L">     a. Xiikay ny-iny-ma.</item>
    <item id="o3" line="723" tag="G">       some     1&gt;2-give-FUT</item>
    <item id="o4" line="724" tag="T">       'I'll give you some.'</item>
  </tier>
  <tier id="c" type="odin-clean">
    <item id="c1" line="721" tag="M+AC+LN">Jamul Tiipay (Miller 2001:162</item>
    <item id="c2" line="722" tag="L">Xiikay ny-iny-ma.</item>
    <item id="c3" line="723" tag="G">some     1&gt;2-give-FUT</item>
    <item id="c4" line="724" tag="T">I'll give you some.</item>
  </tier>
  <tier id="p" type="phrases" content="c">
    <item id="p0" content="c2[0:17]"/>
  </tier>
  <tier id="g" type="glosses" content="c">
    <item id="g0" content="c3[0:21]" alignment="p1"/>
  </tier>
  <tier id="t" type="translations" content="c">
    <item id="t0" content="c4[0:19]" alignment="p1"/>
  </tier>
</igt>
<igt id="i41687">
  <metadata type="xigt-meta">
    <meta type="language" name="jamul tiipay" iso-639-3="dih" tiers="phrases words morphemes"/>
    <meta type="language" name="English" iso-639-3="eng" tiers="translations"/>
    <meta type="odin-source" doc-id="3517" line-range="726-728" line-types="L G T"/>
  </metadata>
  <tier id="o" type="odin-raw">
    <item id="o1" line="726" tag="L">    b. Nyaach maap Goodwill ny-iny-x.</item>
    <item id="o2" line="727" tag="G">       I.SBJ    you     Goodwill 1&gt;2-give-IRR</item>
    <item id="o3" line="728" tag="T">       'I'm going to give you to Goodwill.'</item>
  </tier>
  <tier id="c" type="odin-clean">
    <item id="c1" line="726" tag="L">Nyaach maap Goodwill ny-iny-x.</item>
    <item id="c2" line="727" tag="G">I.SBJ    you     Goodwill 1&gt;2-give-IRR</item>
    <item id="c3" line="728" tag="T">I'm going to give you to Goodwill.</item>
  </tier>
  <tier id="p" type="phrases" content="c">
    <item id="p0" content="c1[0:30]"/>
  </tier>
  <tier id="g" type="glosses" content="c">
    <item id="g0" content="c2[0:38]" alignment="p1"/>
  </tier>
  <tier id="t" type="translations" content="c">
    <item id="t0" content="c3[0:34]" alignment="p1"/>
  </tier>
</igt>
<igt id="i56293">
  <metadata type="xigt-meta">
    <meta type="language" name="diegueno" iso-639-3="dih" tiers="phrases words morphemes"/>
    <meta type="language" name="English" iso-639-3="eng" tiers="translations"/>
    <meta type="odin-source" doc-id="1274" line-range="10531-10538" line-types="M+AC+LN L G B L+CR L+CR G T"/>
  </metadata>
  <tier id="o" type="odin-raw">
    <item id="o1" line="10531" tag="M+AC+LN">  (i) Diegueño (Imperial Valley): Gorbet (1976: 63-64)</item>
    <item id="o2" line="10532" tag="L">          [[[Si:pac a:k(+ø)     wi:+m            tuc]]+pu</item>
    <item id="o3" line="10533" tag="G">              man bone(+OBJ) rock+COMIT hit + DEM</item>
    <item id="o4" line="10534" tag="B"></item>
    <item id="o5" line="10535" tag="L+CR">                         si:ny +c</item>
    <item id="o6" line="10536" tag="L+CR">         a:k] +pu+ø                     wyaw</item>
    <item id="o7" line="10537" tag="G">         bone+DEM+OBJ woman+SUBJ found</item>
    <item id="o8" line="10538" tag="T">                "the woman found the bone that the man hit with the rock"</item>
  </tier>
  <tier id="c" type="odin-clean">
    <item id="c1" line="10531" tag="M+AC+LN">Diegueño (Imperial Valley): Gorbet (1976: 63-64</item>
    <item id="c2" line="10532" tag="L">[[[Si:pac a:k(+ø)     wi:+m            tuc]]+pu</item>
    <item id="c3" line="10533" tag="G">man bone(+OBJ) rock+COMIT hit + DEM</item>
    <item id="c4" line="10534" tag="B"/>
    <item id="c5" line="10535 10536" tag="L+CR">a:k] +pu+ø     si:ny +c        wyaw</item>
    <item id="c7" line="10537" tag="G">bone+DEM+OBJ woman+SUBJ found</item>
    <item id="c8" line="10538" tag="T">the woman found the bone that the man hit with the rock</item>
  </tier>
  <tier id="p" type="phrases" content="c">
    <item id="p0" content="c2[0:47]"/>
    <item id="p1" content="c5[0:35]"/>
  </tier>
  <tier id="g" type="glosses" content="c">
    <item id="g0" content="c3[0:35]" alignment="p1"/>
    <item id="g1" content="c7[0:29]" alignment="p2"/>
  </tier>
  <tier id="t" type="translations" content="c">
    <item id="t0" content="c8[0:55]" alignment="p2"/>
  </tier>
</igt>
<igt id="i73434">
  <metadata type="xigt-meta">
    <meta type="language" name="diegueño" iso-639-3="dih" tiers="phrases words morphemes"/>
    <meta type="language" name="English" iso-639-3="eng" tiers="translations"/>
    <meta type="odin-source" doc-id="990" line-range="1892-1894" line-types="L G T"/>
  </metadata>
  <tier id="o" type="odin-raw">
    <item id="o1" line="1892" tag="L">  (168) a. ['ehatt gaat akewii]=ve=ch                     chepam</item>
    <item id="o2" line="1893" tag="G">                [dog        cat chase]=DEF=SUBJ get.away</item>
    <item id="o3" line="1894" tag="T">                `the cat that the dog chased got away'</item>
  </tier>
  <tier id="c" type="odin-clean">
    <item id="c1" line="1892" tag="L">['ehatt gaat akewii]=ve=ch                     chepam</item>
    <item id="c2" line="1893" tag="G">[dog        cat chase]=DEF=SUBJ get.away</item>
    <item id="c3" line="1894" tag="T">the cat that the dog chased got away</item>
  </tier>
  <tier id="p" type="phrases" content="c">
    <item id="p0" content="c1[0:53]"/>
  </tier>
  <tier id="g" type="glosses" content="c">
    <item id="g0" content="c2[0:40]" alignment="p1"/>
  </tier>
  <tier id="t" type="translations" content="c">
    <item id="t0" content="c3[0:36]" alignment="p1"/>
  </tier>
</igt>
<igt id="i73435">
  <metadata type="xigt-meta">
    <meta type="language" name="diegueño" iso-639-3="dih" tiers="phrases words morphemes"/>
    <meta type="language" name="English" iso-639-3="eng" tiers="translations"/>
    <meta type="odin-source" doc-id="990" line-range="1898-1900" line-types="L G T"/>
  </metadata>
  <tier id="o" type="odin-raw">
    <item id="o1" line="1898" tag="L">          b. ['ehatt gaat kw-akewii]=ve=ch                            nye-chuukuw</item>
    <item id="o2" line="1899" tag="G">                [dog cat REL.SUBJ-chase]=DEF=SUBJ                     1OBJ-bite</item>
    <item id="o3" line="1900" tag="T">                `the dog that chased the cat bit me'</item>
  </tier>
  <tier id="c" type="odin-clean">
    <item id="c1" line="1898" tag="L">['ehatt gaat kw-akewii]=ve=ch                            nye-chuukuw</item>
    <item id="c2" line="1899" tag="G">[dog cat REL.SUBJ-chase]=DEF=SUBJ                     1OBJ-bite</item>
    <item id="c3" line="1900" tag="T">the dog that chased the cat bit me</item>
  </tier>
  <tier id="p" type="phrases" content="c">
    <item id="p0" content="c1[0:68]"/>
  </tier>
  <tier id="g" type="glosses" content="c">
    <item id="g0" content="c2[0:63]" alignment="p1"/>
  </tier>
  <tier id="t" type="translations" content="c">
    <item id="t0" content="c3[0:34]" alignment="p1"/>
  </tier>
</igt>
<igt id="i73436">
  <metadata type="xigt-meta">
    <meta type="language" name="diegueño" iso-639-3="dih" tiers="phrases words morphemes"/>
    <meta type="language" name="English" iso-639-3="eng" tiers="translations"/>
    <meta type="odin-source" doc-id="990" line-range="1933-1935" line-types="L G T"/>
  </metadata>
  <tier id="o" type="odin-raw">
    <item id="o1" line="1933" tag="L">  (169) 'iikwich=ve=ch             [aq ku-nemshap]=vu                aakwal</item>
    <item id="o2" line="1934" tag="G">            man=DEF=SUBJ           [bone REL.SUBJ-white]=DEF lick</item>
    <item id="o3" line="1935" tag="T">            `the man licked the white bone'</item>
  </tier>
  <tier id="c" type="odin-clean">
    <item id="c1" line="1933" tag="L">'iikwich=ve=ch             [aq ku-nemshap]=vu                aakwal</item>
    <item id="c2" line="1934" tag="G">man=DEF=SUBJ           [bone REL.SUBJ-white]=DEF lick</item>
    <item id="c3" line="1935" tag="T">the man licked the white bone</item>
  </tier>
  <tier id="p" type="phrases" content="c">
    <item id="p0" content="c1[0:67]"/>
  </tier>
  <tier id="g" type="glosses" content="c">
    <item id="g0" content="c2[0:53]" alignment="p1"/>
  </tier>
  <tier id="t" type="translations" content="c">
    <item id="t0" content="c3[0:29]" alignment="p1"/>
  </tier>
</igt>
<igt id="i75624">
  <metadata type="xigt-meta">
    <meta type="language" name="diegueño" iso-639-3="dih" tiers="phrases words morphemes"/>
    <meta type="language" name="English" iso-639-3="eng" tiers="translations"/>
    <meta type="odin-source" doc-id="3695" line-range="1257-1260" line-types="M+AC+LN L G T"/>
  </metadata>
  <tier id="o" type="odin-raw">
    <item id="o1" line="1257" tag="M+AC+LN">  (31) Diegueño (Yuman, S. California; Langdon 1970:143)</item>
    <item id="o2" line="1258" tag="L">       a. Ö-útaly</item>
    <item id="o3" line="1259" tag="G">                 1SG-mother</item>
    <item id="o4" line="1260" tag="T">               `my mother'</item>
  </tier>
  <tier id="c" type="odin-clean">
    <item id="c1" line="1257" tag="M+AC+LN">Diegueño (Yuman, S. California; Langdon 1970:143</item>
    <item id="c2" line="1258" tag="L">Ö-útaly</item>
    <item id="c3" line="1259" tag="G">1SG-mother</item>
    <item id="c4" line="1260" tag="T">my mother</item>
  </tier>
  <tier id="p" type="phrases" content="c">
    <item id="p0" content="c2[0:7]"/>
  </tier>
  <tier id="g" type="glosses" content="c">
    <item id="g0" content="c3[0:10]" alignment="p1"/>
  </tier>
  <tier id="t" type="translations" content="c">
    <item id="t0" content="c4[0:9]" alignment="p1"/>
  </tier>
</igt>
<igt id="i75625">
  <metadata type="xigt-meta">
    <meta type="language" name="diegueño" iso-639-3="dih" tiers="phrases words morphemes"/>
    <meta type="language" name="English" iso-639-3="eng" tiers="translations"/>
    <meta type="odin-source" doc-id="3695" line-range="1261-1263" line-types="L G T"/>
  </metadata>
  <tier id="o" type="odin-raw">
    <item id="o1" line="1261" tag="L">            b. Öúny-ewaò</item>
    <item id="o2" line="1262" tag="G">                 1SG.ALIENABLE-house</item>
    <item id="o3" line="1263" tag="T">                 `my house'</item>
  </tier>
  <tier id="c" type="odin-clean">
    <item id="c1" line="1261" tag="L">Öúny-ewaò</item>
    <item id="c2" line="1262" tag="G">1SG.ALIENABLE-house</item>
    <item id="c3" line="1263" tag="T">my house</item>
  </tier>
  <tier id="p" type="phrases" content="c">
    <item id="p0" content="c1[0:9]"/>
  </tier>
  <tier id="g" type="glosses" content="c">
    <item id="g0" content="c2[0:19]" alignment="p1"/>
  </tier>
  <tier id="t" type="translations" content="c">
    <item id="t0" content="c3[0:8]" alignment="p1"/>
  </tier>
</igt>
<igt id="i93501">
  <metadata type="xigt-meta">
    <meta type="language" name="diegueño" iso-639-3="dih" tiers="phrases words morphemes"/>
    <meta type="language" name="English" iso-639-3="eng" tiers="translations"/>
    <meta type="odin-source" doc-id="1350" line-range="347-349" line-types="L G T"/>
  </metadata>
  <tier id="o" type="odin-raw">
    <item id="o1" line="347" tag="L">  (15)     i: pac `wu: w-pu-c</item>
    <item id="o2" line="348" tag="G">           man I.saw-DEM-SUBJ</item>
    <item id="o3" line="349" tag="T">           `The man that I saw'</item>
  </tier>
  <tier id="c" type="odin-clean">
    <item id="c1" line="347" tag="L">pac `wu: w-pu-c</item>
    <item id="c2" line="348" tag="G">man I.saw-DEM-SUBJ</item>
    <item id="c3" line="349" tag="T">The man that I saw</item>
  </tier>
  <tier id="p" type="phrases" content="c">
    <item id="p0" content="c1[0:15]"/>
  </tier>
  <tier id="g" type="glosses" content="c">
    <item id="g0" content="c2[0:18]" alignment="p1"/>
  </tier>
  <tier id="t" type="translations" content="c">
    <item id="t0" content="c3[0:18]" alignment="p1"/>
  </tier>
</igt>
</xigt-corpus>
