<?xml version="1.0" encoding="UTF-8"?>
<xigt-corpus>
<igt id="i49316">
  <metadata type="xigt-meta">
    <meta type="language" name="lower grand dani" iso-639-3="dni" tiers="phrases words morphemes"/>
    <meta type="language" name="English" iso-639-3="eng" tiers="translations"/>
    <meta type="odin-source" doc-id="3423" line-range="1099-1100" line-types="L T"/>
  </metadata>
  <tier id="o" type="odin-raw">
    <item id="o1" line="1099" tag="L">                 hyyky17</item>
    <item id="o2" line="1100" tag="T">  (47)   a.                             `I saw you.'</item>
  </tier>
  <tier id="c" type="odin-clean">
    <item id="c1" line="1099" tag="L">hyyky17</item>
    <item id="c2" line="1100" tag="T">`I saw you.</item>
  </tier>
  <tier id="p" type="phrases" content="c">
    <item id="p0" content="c1[0:7]"/>
  </tier>
  <tier id="t" type="translations" content="c">
    <item id="t0" content="c2[0:11]" alignment="p1"/>
  </tier>
</igt>
<igt id="i49317">
  <metadata type="xigt-meta">
    <meta type="language" name="lower grand dani" iso-639-3="dni" tiers="phrases words morphemes"/>
    <meta type="language" name="English" iso-639-3="eng" tiers="translations"/>
    <meta type="odin-source" doc-id="3423" line-range="1101-1102" line-types="L G-T"/>
  </metadata>
  <tier id="o" type="odin-raw">
    <item id="o1" line="1101" tag="L">         b.      neeken-a</item>
    <item id="o2" line="1102" tag="G-T">                 2/1:saw-Q              `Did you see me?'</item>
  </tier>
  <tier id="c" type="odin-clean">
    <item id="c1" line="1101" tag="L">neeken-a</item>
    <item id="c2" line="1102" tag="G-T">2/1:saw-Q              `Did you see me?</item>
  </tier>
  <tier id="p" type="phrases" content="c">
    <item id="p0" content="c1[0:8]"/>
  </tier>
</igt>
<igt id="i49318">
  <metadata type="xigt-meta">
    <meta type="language" name="lower grand dani" iso-639-3="dni" tiers="phrases words morphemes"/>
    <meta type="language" name="English" iso-639-3="eng" tiers="translations"/>
    <meta type="odin-source" doc-id="3423" line-range="1113-1115" line-types="L G T"/>
  </metadata>
  <tier id="o" type="odin-raw">
    <item id="o1" line="1113" tag="L">  (48)           a.      naik          tale-neeikhe.</item>
    <item id="o2" line="1114" tag="G">                         my:tooth      hollow:out-3/1:did</item>
    <item id="o3" line="1115" tag="T">                         `He dug (something) out of my tooth.</item>
  </tier>
  <tier id="c" type="odin-clean">
    <item id="c1" line="1113" tag="L">naik          tale-neeikhe.</item>
    <item id="c2" line="1114" tag="G">my:tooth      hollow:out-3/1:did</item>
    <item id="c3" line="1115" tag="T">He dug (something) out of my tooth.</item>
  </tier>
  <tier id="p" type="phrases" content="c">
    <item id="p0" content="c1[0:27]"/>
  </tier>
  <tier id="g" type="glosses" content="c">
    <item id="g0" content="c2[0:32]" alignment="p1"/>
  </tier>
  <tier id="t" type="translations" content="c">
    <item id="t0" content="c3[0:35]" alignment="p1"/>
  </tier>
</igt>
<igt id="i49319">
  <metadata type="xigt-meta">
    <meta type="language" name="lower grand dani" iso-639-3="dni" tiers="phrases words morphemes"/>
    <meta type="language" name="English" iso-639-3="eng" tiers="translations"/>
    <meta type="odin-source" doc-id="3423" line-range="1116-1118" line-types="L G T"/>
  </metadata>
  <tier id="o" type="odin-raw">
    <item id="o1" line="1116" tag="L">                 b.      hesi          juku-neeikhe</item>
    <item id="o2" line="1117" tag="G">                         mud:pigment color:change-3/1:did</item>
    <item id="o3" line="1118" tag="T">                         `He painted me with mud pigment.'</item>
  </tier>
  <tier id="c" type="odin-clean">
    <item id="c1" line="1116" tag="L">hesi          juku-neeikhe</item>
    <item id="c2" line="1117" tag="G">mud:pigment color:change-3/1:did</item>
    <item id="c3" line="1118" tag="T">He painted me with mud pigment.</item>
  </tier>
  <tier id="p" type="phrases" content="c">
    <item id="p0" content="c1[0:26]"/>
  </tier>
  <tier id="g" type="glosses" content="c">
    <item id="g0" content="c2[0:32]" alignment="p1"/>
  </tier>
  <tier id="t" type="translations" content="c">
    <item id="t0" content="c3[0:31]" alignment="p1"/>
  </tier>
</igt>
<igt id="i49320">
  <metadata type="xigt-meta">
    <meta type="language" name="lower grand dani" iso-639-3="dni" tiers="phrases words morphemes"/>
    <meta type="language" name="English" iso-639-3="eng" tiers="translations"/>
    <meta type="odin-source" doc-id="3423" line-range="1125-1127" line-types="L G T"/>
  </metadata>
  <tier id="o" type="odin-raw">
    <item id="o1" line="1125" tag="L">  (49)           a.      kwe hv'-neeikhe.</item>
    <item id="o2" line="1126" tag="G">                         door open-3/1:did</item>
    <item id="o3" line="1127" tag="T">                         `He opened the door for me.'</item>
  </tier>
  <tier id="c" type="odin-clean">
    <item id="c1" line="1125" tag="L">kwe hv'-neeikhe.</item>
    <item id="c2" line="1126" tag="G">door open-3/1:did</item>
    <item id="c3" line="1127" tag="T">He opened the door for me.</item>
  </tier>
  <tier id="p" type="phrases" content="c">
    <item id="p0" content="c1[0:16]"/>
  </tier>
  <tier id="g" type="glosses" content="c">
    <item id="g0" content="c2[0:17]" alignment="p1"/>
  </tier>
  <tier id="t" type="translations" content="c">
    <item id="t0" content="c3[0:26]" alignment="p1"/>
  </tier>
</igt>
<igt id="i49321">
  <metadata type="xigt-meta">
    <meta type="language" name="lower grand dani" iso-639-3="dni" tiers="phrases words morphemes"/>
    <meta type="language" name="English" iso-639-3="eng" tiers="translations"/>
    <meta type="odin-source" doc-id="3423" line-range="1128-1133" line-types="L G B M B T+AC"/>
  </metadata>
  <tier id="o" type="odin-raw">
    <item id="o1" line="1128" tag="L">                 b.      ettake        epe'-neeikhe</item>
    <item id="o2" line="1129" tag="G">                         his:name      think-3/1:did</item>
    <item id="o3" line="1130" tag="B"></item>
    <item id="o4" line="1131" tag="M">                                                                                          24</item>
    <item id="o5" line="1132" tag="B"></item>
    <item id="o6" line="1133" tag="T+AC">                          `He reminded me of his name.'               (Bromley 1981:111)</item>
  </tier>
  <tier id="c" type="odin-clean">
    <item id="c1" line="1128" tag="L">ettake        epe'-neeikhe</item>
    <item id="c2" line="1129" tag="G">his:name      think-3/1:did</item>
    <item id="c3" line="1130" tag="B"/>
    <item id="c4" line="1131" tag="M">24</item>
    <item id="c5" line="1132" tag="B"/>
    <item id="c6" line="1133" tag="T+AC">He reminded me of his name.'               (Bromley 1981:111)</item>
  </tier>
  <tier id="p" type="phrases" content="c">
    <item id="p0" content="c1[0:26]"/>
  </tier>
  <tier id="g" type="glosses" content="c">
    <item id="g0" content="c2[0:27]" alignment="p1"/>
  </tier>
  <tier id="t" type="translations" content="c">
    <item id="t0" content="c6[0:61]" alignment="p1"/>
  </tier>
</igt>
</xigt-corpus>
