<?xml version="1.0" encoding="UTF-8"?>
<xigt-corpus>
<igt id="i21486">
  <metadata type="xigt-meta">
    <meta type="language" name="doyayo" iso-639-3="dow" tiers="phrases words morphemes"/>
    <meta type="language" name="English" iso-639-3="eng" tiers="translations"/>
    <meta type="odin-source" doc-id="3227" line-range="652-652" line-types="L-T+DB"/>
  </metadata>
  <tier id="o" type="odin-raw">
    <item id="o1" line="652" tag="L-T+DB">  (43)    haa              `be sour'                                EE               `sing'</item>
  </tier>
  <tier id="c" type="odin-clean">
    <item id="c1" line="652" tag="L-T+DB">haa              `be sour'                                EE               `sing</item>
  </tier>
</igt>
<igt id="i21487">
  <metadata type="xigt-meta">
    <meta type="language" name="doyayo" iso-639-3="dow" tiers="phrases words morphemes"/>
    <meta type="language" name="English" iso-639-3="eng" tiers="translations"/>
    <meta type="odin-source" doc-id="3227" line-range="653-653" line-types="L-T+DB"/>
  </metadata>
  <tier id="o" type="odin-raw">
    <item id="o1" line="653" tag="L-T+DB">          haa-m            `(several things) are sour'              EE-m             `sing (many songs)'</item>
  </tier>
  <tier id="c" type="odin-clean">
    <item id="c1" line="653" tag="L-T+DB">haa-m            `(several things) are sour'              EE-m             `sing (many songs)</item>
  </tier>
</igt>
<igt id="i21488">
  <metadata type="xigt-meta">
    <meta type="language" name="doyayo" iso-639-3="dow" tiers="phrases words morphemes"/>
    <meta type="language" name="English" iso-639-3="eng" tiers="translations"/>
    <meta type="odin-source" doc-id="3227" line-range="654-654" line-types="L-T+DB"/>
  </metadata>
  <tier id="o" type="odin-raw">
    <item id="o1" line="654" tag="L-T+DB">          haa-m-z          `(several things) turned                 EE-m-l           `sing (many songs)</item>
  </tier>
  <tier id="c" type="odin-clean">
    <item id="c1" line="654" tag="L-T+DB">haa-m-z          `(several things) turned                 EE-m-l           `sing (many songs)</item>
  </tier>
</igt>
<igt id="i21489">
  <metadata type="xigt-meta">
    <meta type="language" name="doyayo" iso-639-3="dow" tiers="phrases words morphemes"/>
    <meta type="language" name="English" iso-639-3="eng" tiers="translations"/>
    <meta type="odin-source" doc-id="3227" line-range="655-655" line-types="L-T+DB"/>
  </metadata>
  <tier id="o" type="odin-raw">
    <item id="o1" line="655" tag="L-T+DB">          *haa-z-m         sour (rapidly)'                          *EE-l-m          (over a period of time)'</item>
  </tier>
  <tier id="c" type="odin-clean">
    <item id="c1" line="655" tag="L-T+DB">*haa-z-m         sour (rapidly)'                          *EE-l-m          (over a period of time)</item>
  </tier>
</igt>
<igt id="i21490">
  <metadata type="xigt-meta">
    <meta type="language" name="doyayo" iso-639-3="dow" tiers="phrases words morphemes"/>
    <meta type="language" name="English" iso-639-3="eng" tiers="translations"/>
    <meta type="odin-source" doc-id="3227" line-range="658-658" line-types="L-T+DB"/>
  </metadata>
  <tier id="o" type="odin-raw">
    <item id="o1" line="658" tag="L-T+DB">  (44)     tus             `spit out'                                kab              `catch'</item>
  </tier>
  <tier id="c" type="odin-clean">
    <item id="c1" line="658" tag="L-T+DB">tus             `spit out'                                kab              `catch</item>
  </tier>
</igt>
<igt id="i21491">
  <metadata type="xigt-meta">
    <meta type="language" name="doyayo" iso-639-3="dow" tiers="phrases words morphemes"/>
    <meta type="language" name="English" iso-639-3="eng" tiers="translations"/>
    <meta type="odin-source" doc-id="3227" line-range="659-659" line-types="L-T+DB"/>
  </metadata>
  <tier id="o" type="odin-raw">
    <item id="o1" line="659" tag="L-T+DB">           tu,m,s          `spit out (several things)'               ka,m,b           `catch many'</item>
  </tier>
  <tier id="c" type="odin-clean">
    <item id="c1" line="659" tag="L-T+DB">tu,m,s          `spit out (several things)'               ka,m,b           `catch many</item>
  </tier>
</igt>
</xigt-corpus>
