<?xml version="1.0" encoding="UTF-8"?>
<xigt-corpus>
<igt id="i38617">
  <metadata type="xigt-meta">
    <meta type="language" name="baagandji" iso-639-3="drl" tiers="phrases words morphemes"/>
    <meta type="language" name="English" iso-639-3="eng" tiers="translations"/>
    <meta type="odin-source" doc-id="1183" line-range="4885-4887" line-types="L G T"/>
  </metadata>
  <tier id="o" type="odin-raw">
    <item id="o1" line="4885" tag="L">          d.     dhiga-ia        ngaba         yabarra-miri.</item>
    <item id="o2" line="4886" tag="G">                 return-TOP 1SG:PRES           camp-ALL</item>
    <item id="o3" line="4887" tag="T">                 'I am returning to camp'. (Baagandji: Blake 1987)</item>
  </tier>
  <tier id="c" type="odin-clean">
    <item id="c1" line="4885" tag="L">dhiga-ia        ngaba         yabarra-miri.</item>
    <item id="c2" line="4886" tag="G">return-TOP 1SG:PRES           camp-ALL</item>
    <item id="c3" line="4887" tag="T">I am returning to camp'. (Baagandji: Blake 1987)</item>
  </tier>
  <tier id="p" type="phrases" content="c">
    <item id="p0" content="c1[0:43]"/>
  </tier>
  <tier id="g" type="glosses" content="c">
    <item id="g0" content="c2[0:38]" alignment="p1"/>
  </tier>
  <tier id="t" type="translations" content="c">
    <item id="t0" content="c3[0:48]" alignment="p1"/>
  </tier>
</igt>
<igt id="i41416">
  <metadata type="xigt-meta">
    <meta type="language" name="gurnu" iso-639-3="drl" tiers="phrases words morphemes"/>
    <meta type="language" name="English" iso-639-3="eng" tiers="translations"/>
    <meta type="odin-source" doc-id="3510" line-range="1094-1097" line-types="L+CR L+CR G+CR T+AC"/>
  </metadata>
  <tier id="o" type="odin-raw">
    <item id="o1" line="1094" tag="L+CR">   (69)   Dhiga-la gadi             gi:rra gidhi-nha          miri.</item>
    <item id="o2" line="1095" tag="L+CR">                                                                ~</item>
    <item id="o3" line="1096" tag="G+CR">          return-T O P 3.P L .F U T country this.F U T- G E N towards</item>
    <item id="o4" line="1097" tag="T+AC">          `They'll go back to their country.' (Wurm and Hercus 1976:41)</item>
  </tier>
  <tier id="c" type="odin-clean">
    <item id="c1" line="1094" tag="L+CR">Dhiga-la gadi             gi:rra gidhi-nha          miri.</item>
    <item id="c3" line="1096" tag="G+CR">return-T O P 3.P L .F U T country this.F U T-G E N towards</item>
    <item id="c4" line="1097" tag="T+AC">They'll go back to their country.' (Wurm and Hercus 1976:41)</item>
  </tier>
  <tier id="p" type="phrases" content="c">
    <item id="p0" content="c1[0:57]"/>
  </tier>
  <tier id="g" type="glosses" content="c">
    <item id="g0" content="c3[0:58]" alignment="p1"/>
  </tier>
  <tier id="t" type="translations" content="c">
    <item id="t0" content="c4[0:60]" alignment="p1"/>
  </tier>
</igt>
<igt id="i48223">
  <metadata type="xigt-meta">
    <meta type="language" name="gurnu" iso-639-3="drl" tiers="phrases words morphemes"/>
    <meta type="language" name="English" iso-639-3="eng" tiers="translations"/>
    <meta type="odin-source" doc-id="3425" line-range="1301-1304" line-types="L+CR L+CR G T+AC"/>
  </metadata>
  <tier id="o" type="odin-raw">
    <item id="o1" line="1301" tag="L+CR">        (67) Baridji-ri       dani gaba.</item>
    <item id="o2" line="1302" tag="L+CR">                                .</item>
    <item id="o3" line="1303" tag="G">              far.away-ALL go 1.SG.FUT</item>
    <item id="o4" line="1304" tag="T+AC">                 `I'll go a long way off.' (Wurm &amp; Hercus 1976:40)</item>
  </tier>
  <tier id="c" type="odin-clean">
    <item id="c1" line="1301" tag="L+CR">Baridji-ri       dani gaba.</item>
    <item id="c3" line="1303" tag="G">far.away-ALL go 1.SG.FUT</item>
    <item id="c4" line="1304" tag="T+AC">I'll go a long way off.' (Wurm &amp; Hercus 1976:40)</item>
  </tier>
  <tier id="p" type="phrases" content="c">
    <item id="p0" content="c1[0:27]"/>
  </tier>
  <tier id="g" type="glosses" content="c">
    <item id="g0" content="c3[0:24]" alignment="p1"/>
  </tier>
  <tier id="t" type="translations" content="c">
    <item id="t0" content="c4[0:48]" alignment="p1"/>
  </tier>
</igt>
<igt id="i48224">
  <metadata type="xigt-meta">
    <meta type="language" name="gurnu" iso-639-3="drl" tiers="phrases words morphemes"/>
    <meta type="language" name="English" iso-639-3="eng" tiers="translations"/>
    <meta type="odin-source" doc-id="3425" line-range="1305-1307" line-types="L G T+EX"/>
  </metadata>
  <tier id="o" type="odin-raw">
    <item id="o1" line="1305" tag="L">        (68) Bami adu.</item>
    <item id="o2" line="1306" tag="G">              see 1.SG.A.PRES</item>
    <item id="o3" line="1307" tag="T+EX">                 `I (can) see.' (ibid., 41)</item>
  </tier>
  <tier id="c" type="odin-clean">
    <item id="c1" line="1305" tag="L">Bami adu.</item>
    <item id="c2" line="1306" tag="G">see 1.SG.A.PRES</item>
    <item id="c3" line="1307" tag="T+EX">I (can) see.' (ibid., 41)</item>
  </tier>
  <tier id="p" type="phrases" content="c">
    <item id="p0" content="c1[0:9]"/>
  </tier>
  <tier id="g" type="glosses" content="c">
    <item id="g0" content="c2[0:15]" alignment="p1"/>
  </tier>
  <tier id="t" type="translations" content="c">
    <item id="t0" content="c3[0:25]" alignment="p1"/>
  </tier>
</igt>
<igt id="i48225">
  <metadata type="xigt-meta">
    <meta type="language" name="gurnu" iso-639-3="drl" tiers="phrases words morphemes"/>
    <meta type="language" name="English" iso-639-3="eng" tiers="translations"/>
    <meta type="odin-source" doc-id="3425" line-range="1308-1311" line-types="L G+CR G+CR T+EX"/>
  </metadata>
  <tier id="o" type="odin-raw">
    <item id="o1" line="1308" tag="L">        (69) Wilgawilga adi.</item>
    <item id="o2" line="1309" tag="G+CR">                            3.PL.PRES</item>
    <item id="o3" line="1310" tag="G+CR">              hungry</item>
    <item id="o4" line="1311" tag="T+EX">                 `They're hungry.' (ibid.)</item>
  </tier>
  <tier id="c" type="odin-clean">
    <item id="c1" line="1308" tag="L">Wilgawilga adi.</item>
    <item id="c2" line="1309 1310" tag="G+CR">hungry        3.PL.PRES</item>
    <item id="c4" line="1311" tag="T+EX">They're hungry.' (ibid.)</item>
  </tier>
  <tier id="p" type="phrases" content="c">
    <item id="p0" content="c1[0:15]"/>
  </tier>
  <tier id="g" type="glosses" content="c">
    <item id="g0" content="c2[0:23]" alignment="p1"/>
  </tier>
  <tier id="t" type="translations" content="c">
    <item id="t0" content="c4[0:24]" alignment="p1"/>
  </tier>
</igt>
<igt id="i48226">
  <metadata type="xigt-meta">
    <meta type="language" name="gurnu" iso-639-3="drl" tiers="phrases words morphemes"/>
    <meta type="language" name="English" iso-639-3="eng" tiers="translations"/>
    <meta type="odin-source" doc-id="3425" line-range="1312-1314" line-types="L G T+EX"/>
  </metadata>
  <tier id="o" type="odin-raw">
    <item id="o1" line="1312" tag="L">        (70) Gila diga-ri waba.</item>
    <item id="o2" line="1313" tag="G">              not rise-INC 1.SG.PAST</item>
    <item id="o3" line="1314" tag="T+EX">                 `I didn't get up.' (ibid.)</item>
  </tier>
  <tier id="c" type="odin-clean">
    <item id="c1" line="1312" tag="L">Gila diga-ri waba.</item>
    <item id="c2" line="1313" tag="G">not rise-INC 1.SG.PAST</item>
    <item id="c3" line="1314" tag="T+EX">I didn't get up.' (ibid.)</item>
  </tier>
  <tier id="p" type="phrases" content="c">
    <item id="p0" content="c1[0:18]"/>
  </tier>
  <tier id="g" type="glosses" content="c">
    <item id="g0" content="c2[0:22]" alignment="p1"/>
  </tier>
  <tier id="t" type="translations" content="c">
    <item id="t0" content="c3[0:25]" alignment="p1"/>
  </tier>
</igt>
<igt id="i48227">
  <metadata type="xigt-meta">
    <meta type="language" name="gurnu" iso-639-3="drl" tiers="phrases words morphemes"/>
    <meta type="language" name="English" iso-639-3="eng" tiers="translations"/>
    <meta type="odin-source" doc-id="3425" line-range="1315-1318" line-types="L+CR L+CR G T+EX"/>
  </metadata>
  <tier id="o" type="odin-raw">
    <item id="o1" line="1315" tag="L+CR">        (71) Wadu         ga:ndi balu-balu.</item>
    <item id="o2" line="1316" tag="L+CR">                                    .    .</item>
    <item id="o3" line="1317" tag="G">              3.SG.PAST carry small.child</item>
    <item id="o4" line="1318" tag="T+EX">                 `It was him that carried the small children.' (ibid., 42)</item>
  </tier>
  <tier id="c" type="odin-clean">
    <item id="c1" line="1315" tag="L+CR">Wadu         ga:ndi balu-balu.</item>
    <item id="c3" line="1317" tag="G">3.SG.PAST carry small.child</item>
    <item id="c4" line="1318" tag="T+EX">It was him that carried the small children.' (ibid., 42)</item>
  </tier>
  <tier id="p" type="phrases" content="c">
    <item id="p0" content="c1[0:30]"/>
  </tier>
  <tier id="g" type="glosses" content="c">
    <item id="g0" content="c3[0:27]" alignment="p1"/>
  </tier>
  <tier id="t" type="translations" content="c">
    <item id="t0" content="c4[0:56]" alignment="p1"/>
  </tier>
</igt>
<igt id="i48228">
  <metadata type="xigt-meta">
    <meta type="language" name="gurnu" iso-639-3="drl" tiers="phrases words morphemes"/>
    <meta type="language" name="English" iso-639-3="eng" tiers="translations"/>
    <meta type="odin-source" doc-id="3425" line-range="1342-1345" line-types="L+CR L+CR G T+AC"/>
  </metadata>
  <tier id="o" type="odin-raw">
    <item id="o1" line="1342" tag="L+CR">       (i) Wi:mbadja ulardji dua-malda-dji.</item>
    <item id="o2" line="1343" tag="L+CR">                           .</item>
    <item id="o3" line="1344" tag="G">            man         many bury-REFL-PAST</item>
    <item id="o4" line="1345" tag="T+AC">              `A lot of people buried themselves (in quicksand).' (Hercus 1982:203, ex. 550)</item>
  </tier>
  <tier id="c" type="odin-clean">
    <item id="c1" line="1342" tag="L+CR">Wi:mbadja ulardji dua-malda-dji.</item>
    <item id="c3" line="1344" tag="G">man         many bury-REFL-PAST</item>
    <item id="c4" line="1345" tag="T+AC">A lot of people buried themselves (in quicksand).' (Hercus 1982:203, ex. 550)</item>
  </tier>
  <tier id="p" type="phrases" content="c">
    <item id="p0" content="c1[0:32]"/>
  </tier>
  <tier id="g" type="glosses" content="c">
    <item id="g0" content="c3[0:31]" alignment="p1"/>
  </tier>
  <tier id="t" type="translations" content="c">
    <item id="t0" content="c4[0:77]" alignment="p1"/>
  </tier>
</igt>
<igt id="i48229">
  <metadata type="xigt-meta">
    <meta type="language" name="gurnu" iso-639-3="drl" tiers="phrases words morphemes"/>
    <meta type="language" name="English" iso-639-3="eng" tiers="translations"/>
    <meta type="odin-source" doc-id="3425" line-range="1360-1363" line-types="L+CR L+CR G T+AC"/>
  </metadata>
  <tier id="o" type="odin-raw">
    <item id="o1" line="1360" tag="L+CR">        (72) Diga-la gadi          gi:ra     gidi-na      miri.</item>
    <item id="o2" line="1361" tag="L+CR">                                                            ~</item>
    <item id="o3" line="1362" tag="G">             return-TOP 3.PL.FUT country this.FUT-GEN towards</item>
    <item id="o4" line="1363" tag="T+AC">                `They'll go back to their country.' (Wurm &amp; Hercus 1976:41)</item>
  </tier>
  <tier id="c" type="odin-clean">
    <item id="c1" line="1360" tag="L+CR">Diga-la gadi          gi:ra     gidi-na      miri.</item>
    <item id="c3" line="1362" tag="G">return-TOP 3.PL.FUT country this.FUT-GEN towards</item>
    <item id="c4" line="1363" tag="T+AC">They'll go back to their country.' (Wurm &amp; Hercus 1976:41)</item>
  </tier>
  <tier id="p" type="phrases" content="c">
    <item id="p0" content="c1[0:50]"/>
  </tier>
  <tier id="g" type="glosses" content="c">
    <item id="g0" content="c3[0:48]" alignment="p1"/>
  </tier>
  <tier id="t" type="translations" content="c">
    <item id="t0" content="c4[0:58]" alignment="p1"/>
  </tier>
</igt>
</xigt-corpus>
