<?xml version="1.0" encoding="UTF-8"?>
<xigt-corpus>
<igt id="i41098">
  <metadata type="xigt-meta">
    <meta type="language" name="rukai" iso-639-3="dru" tiers="phrases words morphemes"/>
    <meta type="language" name="English" iso-639-3="eng" tiers="translations"/>
    <meta type="odin-source" doc-id="3520" line-range="878-881" line-types="M+AC+LN L G T"/>
  </metadata>
  <tier id="o" type="odin-raw">
    <item id="o1" line="878" tag="M+AC+LN">           Rukai (Budai) (Zeitoun 2000a)</item>
    <item id="o2" line="879" tag="L">           (ii)      a.       kai ababayane/*ababayane kai</item>
    <item id="o3" line="880" tag="G">                              this woman woman this</item>
    <item id="o4" line="881" tag="T">                              `this woman'</item>
  </tier>
  <tier id="c" type="odin-clean">
    <item id="c1" line="878" tag="M+AC+LN">Rukai (Budai) (Zeitoun 2000a)</item>
    <item id="c2" line="879" tag="L">kai ababayane/*ababayane kai</item>
    <item id="c3" line="880" tag="G">this woman woman this</item>
    <item id="c4" line="881" tag="T">this woman</item>
  </tier>
  <tier id="p" type="phrases" content="c">
    <item id="p0" content="c2[0:28]"/>
  </tier>
  <tier id="g" type="glosses" content="c">
    <item id="g0" content="c3[0:21]" alignment="p1"/>
  </tier>
  <tier id="t" type="translations" content="c">
    <item id="t0" content="c4[0:10]" alignment="p1"/>
  </tier>
</igt>
<igt id="i41099">
  <metadata type="xigt-meta">
    <meta type="language" name="rukai" iso-639-3="dru" tiers="phrases words morphemes"/>
    <meta type="language" name="English" iso-639-3="eng" tiers="translations"/>
    <meta type="odin-source" doc-id="3520" line-range="882-884" line-types="L G T"/>
  </metadata>
  <tier id="o" type="odin-raw">
    <item id="o1" line="882" tag="L">                     b.       kai aagaane-li     kai urasi ay akanaane ki bazabaza.</item>
    <item id="o2" line="883" tag="G">                              this will-cook-my this taro AY will-eat KI guest</item>
    <item id="o3" line="884" tag="T">                              `This taro that I will cook is for the guest to eat.'</item>
  </tier>
  <tier id="c" type="odin-clean">
    <item id="c1" line="882" tag="L">kai aagaane-li     kai urasi ay akanaane ki bazabaza.</item>
    <item id="c2" line="883" tag="G">this will-cook-my this taro AY will-eat KI guest</item>
    <item id="c3" line="884" tag="T">This taro that I will cook is for the guest to eat.</item>
  </tier>
  <tier id="p" type="phrases" content="c">
    <item id="p0" content="c1[0:53]"/>
  </tier>
  <tier id="g" type="glosses" content="c">
    <item id="g0" content="c2[0:48]" alignment="p1"/>
  </tier>
  <tier id="t" type="translations" content="c">
    <item id="t0" content="c3[0:51]" alignment="p1"/>
  </tier>
</igt>
<igt id="i58950">
  <metadata type="xigt-meta">
    <meta type="language" name="rukai" iso-639-3="dru" tiers="phrases words morphemes"/>
    <meta type="language" name="English" iso-639-3="eng" tiers="translations"/>
    <meta type="odin-source" doc-id="3193" line-range="2896-2902" line-types="M+AC B L B G B T+CR"/>
  </metadata>
  <tier id="o" type="odin-raw">
    <item id="o1" line="2896" tag="M+AC">       (62)  Reid  (1999: 19), adopted from Zeitoun (1997:329)</item>
    <item id="o2" line="2897" tag="B"></item>
    <item id="o3" line="2898" tag="L">             amoañao                      mañavavo y          povañio.</item>
    <item id="o4" line="2899" tag="B"></item>
    <item id="o5" line="2900" tag="G">             willgo Nom.1 s               take  wild.p ig  backvillage</item>
    <item id="o6" line="2901" tag="B"></item>
    <item id="o7" line="2902" tag="T+CR">             `I will go  (and) take the wild p ig back home.'</item>
  </tier>
  <tier id="c" type="odin-clean">
    <item id="c1" line="2896" tag="M+AC">Reid  (1999: 19), adopted from Zeitoun (1997:329</item>
    <item id="c2" line="2897" tag="B"/>
    <item id="c3" line="2898" tag="L">amoañao                      mañavavo y          povañio.</item>
    <item id="c4" line="2899" tag="B"/>
    <item id="c5" line="2900" tag="G">willgo Nom.1 s               take  wild.p ig  backvillage</item>
    <item id="c6" line="2901" tag="B"/>
    <item id="c7" line="2902" tag="T+CR">I will go  (and) take the wild p ig back home.</item>
  </tier>
  <tier id="p" type="phrases" content="c">
    <item id="p0" content="c3[0:57]"/>
  </tier>
  <tier id="g" type="glosses" content="c">
    <item id="g0" content="c5[0:57]" alignment="p1"/>
  </tier>
  <tier id="t" type="translations" content="c">
    <item id="t0" content="c7[0:46]" alignment="p1"/>
  </tier>
</igt>
<igt id="i77872">
  <metadata type="xigt-meta">
    <meta type="language" name="rukai" iso-639-3="dru" tiers="phrases words morphemes"/>
    <meta type="language" name="English" iso-639-3="eng" tiers="translations"/>
    <meta type="odin-source" doc-id="2521" line-range="1573-1576" line-types="L G M+CN T"/>
  </metadata>
  <tier id="o" type="odin-raw">
    <item id="o1" line="1573" tag="L">  (100) a. wauul sa                         acilay kay            marudaª</item>
    <item id="o2" line="1574" tag="G">                  drank INDEF.ACC water this.nom old.man</item>
    <item id="o3" line="1575" tag="M+CN">                    V                   O                       S</item>
    <item id="o4" line="1576" tag="T">                  `this old man drank water'</item>
  </tier>
  <tier id="c" type="odin-clean">
    <item id="c1" line="1573" tag="L">wauul sa                         acilay kay            marudaª</item>
    <item id="c2" line="1574" tag="G">drank INDEF.ACC water this.nom old.man</item>
    <item id="c3" line="1575" tag="M+CN">V                   O                       S</item>
    <item id="c4" line="1576" tag="T">this old man drank water</item>
  </tier>
  <tier id="p" type="phrases" content="c">
    <item id="p0" content="c1[0:62]"/>
  </tier>
  <tier id="g" type="glosses" content="c">
    <item id="g0" content="c2[0:38]" alignment="p1"/>
  </tier>
  <tier id="t" type="translations" content="c">
    <item id="t0" content="c4[0:24]" alignment="p1"/>
  </tier>
</igt>
<igt id="i77873">
  <metadata type="xigt-meta">
    <meta type="language" name="rukai" iso-639-3="dru" tiers="phrases words morphemes"/>
    <meta type="language" name="English" iso-639-3="eng" tiers="translations"/>
    <meta type="odin-source" doc-id="2521" line-range="1577-1580" line-types="L G M+SY T"/>
  </metadata>
  <tier id="o" type="odin-raw">
    <item id="o1" line="1577" tag="L">           b. kayvay madaw daan   ª</item>
    <item id="o2" line="1578" tag="G">                  this        big      house</item>
    <item id="o3" line="1579" tag="M+SY">                               A        N</item>
    <item id="o4" line="1580" tag="T">                  `this big house'</item>
  </tier>
  <tier id="c" type="odin-clean">
    <item id="c1" line="1577" tag="L">kayvay madaw daan   ª</item>
    <item id="c2" line="1578" tag="G">this        big      house</item>
    <item id="c3" line="1579" tag="M+SY">A        N</item>
    <item id="c4" line="1580" tag="T">this big house</item>
  </tier>
  <tier id="p" type="phrases" content="c">
    <item id="p0" content="c1[0:21]"/>
  </tier>
  <tier id="g" type="glosses" content="c">
    <item id="g0" content="c2[0:26]" alignment="p1"/>
  </tier>
  <tier id="t" type="translations" content="c">
    <item id="t0" content="c4[0:14]" alignment="p1"/>
  </tier>
</igt>
<igt id="i113508">
  <metadata type="xigt-meta">
    <meta type="language" name="rukai" iso-639-3="dru" tiers="phrases words morphemes"/>
    <meta type="language" name="English" iso-639-3="eng" tiers="translations"/>
    <meta type="odin-source" doc-id="3382" line-range="1608-1611" line-types="L G M+CN T"/>
  </metadata>
  <tier id="o" type="odin-raw">
    <item id="o1" line="1608" tag="L">  (100) a. wauul sa                           acilay kay          maruda ?</item>
    <item id="o2" line="1609" tag="G">                  drank indef.acc             water this.nom old.man</item>
    <item id="o3" line="1610" tag="M+CN">                    V                      O                    S</item>
    <item id="o4" line="1611" tag="T">                  `this old man drank water'</item>
  </tier>
  <tier id="c" type="odin-clean">
    <item id="c1" line="1608" tag="L">wauul sa                           acilay kay          maruda ?</item>
    <item id="c2" line="1609" tag="G">drank indef.acc             water this.nom old.man</item>
    <item id="c3" line="1610" tag="M+CN">V                      O                    S</item>
    <item id="c4" line="1611" tag="T">this old man drank water</item>
  </tier>
  <tier id="p" type="phrases" content="c">
    <item id="p0" content="c1[0:63]"/>
  </tier>
  <tier id="g" type="glosses" content="c">
    <item id="g0" content="c2[0:50]" alignment="p1"/>
  </tier>
  <tier id="t" type="translations" content="c">
    <item id="t0" content="c4[0:24]" alignment="p1"/>
  </tier>
</igt>
<igt id="i114550">
  <metadata type="xigt-meta">
    <meta type="language" name="rukai" iso-639-3="dru" tiers="phrases words morphemes"/>
    <meta type="language" name="English" iso-639-3="eng" tiers="translations"/>
    <meta type="odin-source" doc-id="3384" line-range="649-652" line-types="M+AC+LN L G T"/>
  </metadata>
  <tier id="o" type="odin-raw">
    <item id="o1" line="649" tag="M+AC+LN">  (21) Rukai Labuan                               (Zeitoun 1997:134)</item>
    <item id="o2" line="650" tag="L">       a. nu-maka-twatuman-naku ka wakan-naku               ku aga</item>
    <item id="o3" line="651" tag="G">            when/if-finish-work-1S.Nom eat-1S.Nom           Obl rice</item>
    <item id="o4" line="652" tag="T">            "After/when I finish working, I (usually) eat."</item>
  </tier>
  <tier id="c" type="odin-clean">
    <item id="c1" line="649" tag="M+AC+LN">Rukai Labuan                               (Zeitoun 1997:134</item>
    <item id="c2" line="650" tag="L">nu-maka-twatuman-naku ka wakan-naku               ku aga</item>
    <item id="c3" line="651" tag="G">when/if-finish-work-1S.Nom eat-1S.Nom           Obl rice</item>
    <item id="c4" line="652" tag="T">After/when I finish working, I (usually) eat.</item>
  </tier>
  <tier id="p" type="phrases" content="c">
    <item id="p0" content="c2[0:56]"/>
  </tier>
  <tier id="g" type="glosses" content="c">
    <item id="g0" content="c3[0:56]" alignment="p1"/>
  </tier>
  <tier id="t" type="translations" content="c">
    <item id="t0" content="c4[0:45]" alignment="p1"/>
  </tier>
</igt>
<igt id="i144713">
  <metadata type="xigt-meta">
    <meta type="language" name="rukai" iso-639-3="dru" tiers="phrases words morphemes"/>
    <meta type="language" name="English" iso-639-3="eng" tiers="translations"/>
    <meta type="odin-source" doc-id="1590" line-range="238-241" line-types="M+AC+LN L G T"/>
  </metadata>
  <tier id="o" type="odin-raw">
    <item id="o1" line="238" tag="M+AC+LN">      (11)Budai Rukai (Yeh 1997:95)</item>
    <item id="o2" line="239" tag="L">        a. pakyadili ku ama ki ina                pa-lumay ki lavavalake</item>
    <item id="o3" line="240" tag="G">           force       Nom father Obl mother Cau-beat Obl child</item>
    <item id="o4" line="241" tag="T">           `Father forced Mother to beat the child.'7</item>
  </tier>
  <tier id="c" type="odin-clean">
    <item id="c1" line="238" tag="M+AC+LN">11)Budai Rukai (Yeh 1997:95</item>
    <item id="c2" line="239" tag="L">pakyadili ku ama ki ina                pa-lumay ki lavavalake</item>
    <item id="c3" line="240" tag="G">force       Nom father Obl mother Cau-beat Obl child</item>
    <item id="c4" line="241" tag="T">Father forced Mother to beat the child.'7</item>
  </tier>
  <tier id="p" type="phrases" content="c">
    <item id="p0" content="c2[0:61]"/>
  </tier>
  <tier id="g" type="glosses" content="c">
    <item id="g0" content="c3[0:52]" alignment="p1"/>
  </tier>
  <tier id="t" type="translations" content="c">
    <item id="t0" content="c4[0:41]" alignment="p1"/>
  </tier>
</igt>
<igt id="i149508">
  <metadata type="xigt-meta">
    <meta type="language" name="rukai" iso-639-3="dru" tiers="phrases words morphemes"/>
    <meta type="language" name="English" iso-639-3="eng" tiers="translations"/>
    <meta type="odin-source" doc-id="3447" line-range="509-512" line-types="M+AC+LN L G T"/>
  </metadata>
  <tier id="o" type="odin-raw">
    <item id="o1" line="509" tag="M+AC+LN">       (18) Tanan Rukai (Li 1973:215-218)</item>
    <item id="o2" line="510" tag="L">            a. haw'a, ka-Daw-a ka acilay!</item>
    <item id="o3" line="511" tag="G">               Excl.    get big      water</item>
    <item id="o4" line="512" tag="T">               `May the water get big!'</item>
  </tier>
  <tier id="c" type="odin-clean">
    <item id="c1" line="509" tag="M+AC+LN">Tanan Rukai (Li 1973:215-218</item>
    <item id="c2" line="510" tag="L">haw'a, ka-Daw-a ka acilay!</item>
    <item id="c3" line="511" tag="G">Excl.    get big      water</item>
    <item id="c4" line="512" tag="T">May the water get big!</item>
  </tier>
  <tier id="p" type="phrases" content="c">
    <item id="p0" content="c2[0:26]"/>
  </tier>
  <tier id="g" type="glosses" content="c">
    <item id="g0" content="c3[0:27]" alignment="p1"/>
  </tier>
  <tier id="t" type="translations" content="c">
    <item id="t0" content="c4[0:22]" alignment="p1"/>
  </tier>
</igt>
<igt id="i149509">
  <metadata type="xigt-meta">
    <meta type="language" name="rukai" iso-639-3="dru" tiers="phrases words morphemes"/>
    <meta type="language" name="English" iso-639-3="eng" tiers="translations"/>
    <meta type="odin-source" doc-id="3447" line-range="513-514" line-types="L T"/>
  </metadata>
  <tier id="o" type="odin-raw">
    <item id="o1" line="513" tag="L">            b. idi-a!</item>
    <item id="o2" line="514" tag="T">               `Stand up!'</item>
  </tier>
  <tier id="c" type="odin-clean">
    <item id="c1" line="513" tag="L">idi-a!</item>
    <item id="c2" line="514" tag="T">Stand up!</item>
  </tier>
  <tier id="p" type="phrases" content="c">
    <item id="p0" content="c1[0:6]"/>
  </tier>
  <tier id="t" type="translations" content="c">
    <item id="t0" content="c2[0:9]" alignment="p1"/>
  </tier>
</igt>
<igt id="i150228">
  <metadata type="xigt-meta">
    <meta type="language" name="rukai" iso-639-3="dru" tiers="phrases words morphemes"/>
    <meta type="language" name="English" iso-639-3="eng" tiers="translations"/>
    <meta type="odin-source" doc-id="3459" line-range="213-215" line-types="M+LN L G"/>
  </metadata>
  <tier id="o" type="odin-raw">
    <item id="o1" line="213" tag="M+LN">  e.   Rukai</item>
    <item id="o2" line="214" tag="L">       (i) la-ma-taka</item>
    <item id="o3" line="215" tag="G">             Pl-Rec-elder.brother/sister `brothers and sisters (to each other)'</item>
  </tier>
  <tier id="c" type="odin-clean">
    <item id="c1" line="213" tag="M+LN">Rukai</item>
    <item id="c2" line="214" tag="L">la-ma-taka</item>
    <item id="c3" line="215" tag="G">Pl-Rec-elder.brother/sister `brothers and sisters (to each other)</item>
  </tier>
  <tier id="p" type="phrases" content="c">
    <item id="p0" content="c2[0:10]"/>
  </tier>
  <tier id="g" type="glosses" content="c">
    <item id="g0" content="c3[0:65]" alignment="p1"/>
  </tier>
</igt>
<igt id="i150229">
  <metadata type="xigt-meta">
    <meta type="language" name="rukai" iso-639-3="dru" tiers="phrases words morphemes"/>
    <meta type="language" name="English" iso-639-3="eng" tiers="translations"/>
    <meta type="odin-source" doc-id="3459" line-range="216-217" line-types="L G"/>
  </metadata>
  <tier id="o" type="odin-raw">
    <item id="o1" line="216" tag="L">        (ii) la-ma-lala</item>
    <item id="o2" line="217" tag="G">             Pl-Rec-male.friend `friends (to each other)'</item>
  </tier>
  <tier id="c" type="odin-clean">
    <item id="c1" line="216" tag="L">la-ma-lala</item>
    <item id="c2" line="217" tag="G">Pl-Rec-male.friend `friends (to each other)</item>
  </tier>
  <tier id="p" type="phrases" content="c">
    <item id="p0" content="c1[0:10]"/>
  </tier>
  <tier id="g" type="glosses" content="c">
    <item id="g0" content="c2[0:43]" alignment="p1"/>
  </tier>
</igt>
<igt id="i150252">
  <metadata type="xigt-meta">
    <meta type="language" name="rukai" iso-639-3="dru" tiers="phrases words morphemes"/>
    <meta type="language" name="English" iso-639-3="eng" tiers="translations"/>
    <meta type="odin-source" doc-id="3459" line-range="434-437" line-types="M+LN L G T+AC"/>
  </metadata>
  <tier id="o" type="odin-raw">
    <item id="o1" line="434" tag="M+LN">  d. Rukai</item>
    <item id="o2" line="435" tag="L">       (i) ngi-a-pa-pa-pacay         ka takanaw</item>
    <item id="o3" line="436" tag="G">            Refl-Realis-Cau-Red-kill Nom Takanaw</item>
    <item id="o4" line="437" tag="T+AC">             `Takanaw killed himself.'     (Zeitoun 2000: 59)</item>
  </tier>
  <tier id="c" type="odin-clean">
    <item id="c1" line="434" tag="M+LN">Rukai</item>
    <item id="c2" line="435" tag="L">ngi-a-pa-pa-pacay         ka takanaw</item>
    <item id="c3" line="436" tag="G">Refl-Realis-Cau-Red-kill Nom Takanaw</item>
    <item id="c4" line="437" tag="T+AC">Takanaw killed himself.'     (Zeitoun 2000: 59)</item>
  </tier>
  <tier id="p" type="phrases" content="c">
    <item id="p0" content="c2[0:36]"/>
  </tier>
  <tier id="g" type="glosses" content="c">
    <item id="g0" content="c3[0:36]" alignment="p1"/>
  </tier>
  <tier id="t" type="translations" content="c">
    <item id="t0" content="c4[0:47]" alignment="p1"/>
  </tier>
</igt>
<igt id="i150253">
  <metadata type="xigt-meta">
    <meta type="language" name="rukai" iso-639-3="dru" tiers="phrases words morphemes"/>
    <meta type="language" name="English" iso-639-3="eng" tiers="translations"/>
    <meta type="odin-source" doc-id="3459" line-range="438-440" line-types="L G T"/>
  </metadata>
  <tier id="o" type="odin-raw">
    <item id="o1" line="438" tag="L">       (ii) kai saLabo     ngi-a-sa-syukai           ki      takanaw</item>
    <item id="o2" line="439" tag="G">             Nom saLabo Refl-Realis-Red-introduce Obl             takanaw</item>
    <item id="o3" line="440" tag="T">             `SaLabo introduced himself to Takanaw.'</item>
  </tier>
  <tier id="c" type="odin-clean">
    <item id="c1" line="438" tag="L">kai saLabo     ngi-a-sa-syukai           ki      takanaw</item>
    <item id="c2" line="439" tag="G">Nom saLabo Refl-Realis-Red-introduce Obl             takanaw</item>
    <item id="c3" line="440" tag="T">SaLabo introduced himself to Takanaw.</item>
  </tier>
  <tier id="p" type="phrases" content="c">
    <item id="p0" content="c1[0:56]"/>
  </tier>
  <tier id="g" type="glosses" content="c">
    <item id="g0" content="c2[0:60]" alignment="p1"/>
  </tier>
  <tier id="t" type="translations" content="c">
    <item id="t0" content="c3[0:37]" alignment="p1"/>
  </tier>
</igt>
<igt id="i150259">
  <metadata type="xigt-meta">
    <meta type="language" name="rukai" iso-639-3="dru" tiers="phrases words morphemes"/>
    <meta type="language" name="English" iso-639-3="eng" tiers="translations"/>
    <meta type="odin-source" doc-id="3459" line-range="487-490" line-types="M+LN L G T"/>
  </metadata>
  <tier id="o" type="odin-raw">
    <item id="o1" line="487" tag="M+LN">  c. Rukai</item>
    <item id="o2" line="488" tag="L">        ngi-a-ka-ka-cuake              kai      kisi</item>
    <item id="o3" line="489" tag="G">        Refl-realis-Red-state-break Nom         bowl</item>
    <item id="o4" line="490" tag="T">        `The bowl broke by itself (due to overheating).'</item>
  </tier>
  <tier id="c" type="odin-clean">
    <item id="c1" line="487" tag="M+LN">Rukai</item>
    <item id="c2" line="488" tag="L">ngi-a-ka-ka-cuake              kai      kisi</item>
    <item id="c3" line="489" tag="G">Refl-realis-Red-state-break Nom         bowl</item>
    <item id="c4" line="490" tag="T">The bowl broke by itself (due to overheating).</item>
  </tier>
  <tier id="p" type="phrases" content="c">
    <item id="p0" content="c2[0:44]"/>
  </tier>
  <tier id="g" type="glosses" content="c">
    <item id="g0" content="c3[0:44]" alignment="p1"/>
  </tier>
  <tier id="t" type="translations" content="c">
    <item id="t0" content="c4[0:46]" alignment="p1"/>
  </tier>
</igt>
<igt id="i150264">
  <metadata type="xigt-meta">
    <meta type="language" name="rukai" iso-639-3="dru" tiers="phrases words morphemes"/>
    <meta type="language" name="English" iso-639-3="eng" tiers="translations"/>
    <meta type="odin-source" doc-id="3459" line-range="517-520" line-types="M+LN L G T"/>
  </metadata>
  <tier id="o" type="odin-raw">
    <item id="o1" line="517" tag="M+LN">  c. Rukai</item>
    <item id="o2" line="518" tag="L">        ngi-a-e-elebe       ku    LawLawDu kai          takanaw</item>
    <item id="o3" line="519" tag="G">        Refl-realis-close    Acc    door        Nom Takanaw</item>
    <item id="o4" line="520" tag="T">        `Takanaw closed the door by himself (without somebody else's help).'</item>
  </tier>
  <tier id="c" type="odin-clean">
    <item id="c1" line="517" tag="M+LN">Rukai</item>
    <item id="c2" line="518" tag="L">ngi-a-e-elebe       ku    LawLawDu kai          takanaw</item>
    <item id="c3" line="519" tag="G">Refl-realis-close    Acc    door        Nom Takanaw</item>
    <item id="c4" line="520" tag="T">Takanaw closed the door by himself (without somebody else's help).</item>
  </tier>
  <tier id="p" type="phrases" content="c">
    <item id="p0" content="c2[0:55]"/>
  </tier>
  <tier id="g" type="glosses" content="c">
    <item id="g0" content="c3[0:51]" alignment="p1"/>
  </tier>
  <tier id="t" type="translations" content="c">
    <item id="t0" content="c4[0:66]" alignment="p1"/>
  </tier>
</igt>
<igt id="i150273">
  <metadata type="xigt-meta">
    <meta type="language" name="rukai" iso-639-3="dru" tiers="phrases words morphemes"/>
    <meta type="language" name="English" iso-639-3="eng" tiers="translations"/>
    <meta type="odin-source" doc-id="3459" line-range="677-680" line-types="M+LN L G T"/>
  </metadata>
  <tier id="o" type="odin-raw">
    <item id="o1" line="677" tag="M+LN">  e. Rukai</item>
    <item id="o2" line="678" tag="L">      kai zipulu    si muni         ma-La-Lumay</item>
    <item id="o3" line="679" tag="G">      Nom Zipulu and Muni           Rec-Red-hit</item>
    <item id="o4" line="680" tag="T">      `Zipulu and Muni hit each other.'</item>
  </tier>
  <tier id="c" type="odin-clean">
    <item id="c1" line="677" tag="M+LN">Rukai</item>
    <item id="c2" line="678" tag="L">kai zipulu    si muni         ma-La-Lumay</item>
    <item id="c3" line="679" tag="G">Nom Zipulu and Muni           Rec-Red-hit</item>
    <item id="c4" line="680" tag="T">Zipulu and Muni hit each other.</item>
  </tier>
  <tier id="p" type="phrases" content="c">
    <item id="p0" content="c2[0:41]"/>
  </tier>
  <tier id="g" type="glosses" content="c">
    <item id="g0" content="c3[0:41]" alignment="p1"/>
  </tier>
  <tier id="t" type="translations" content="c">
    <item id="t0" content="c4[0:31]" alignment="p1"/>
  </tier>
</igt>
</xigt-corpus>
