<?xml version="1.0" encoding="UTF-8"?>
<xigt-corpus>
<igt id="i22515">
  <metadata type="xigt-meta">
    <meta type="language" name="duala" iso-639-3="dua" tiers="phrases words morphemes"/>
    <meta type="language" name="English" iso-639-3="eng" tiers="translations"/>
    <meta type="odin-source" doc-id="3242" line-range="317-318" line-types="L G"/>
  </metadata>
  <tier id="o" type="odin-raw">
    <item id="o1" line="317" tag="L">  (16) a.     O bodi      nja      moni?</item>
    <item id="o2" line="318" tag="G">              you give    who      money</item>
  </tier>
  <tier id="c" type="odin-clean">
    <item id="c1" line="317" tag="L">O bodi      nja      moni?</item>
    <item id="c2" line="318" tag="G">you give    who      money</item>
  </tier>
  <tier id="p" type="phrases" content="c">
    <item id="p0" content="c1[0:26]"/>
  </tier>
  <tier id="g" type="glosses" content="c">
    <item id="g0" content="c2[0:26]" alignment="p1"/>
  </tier>
</igt>
<igt id="i22516">
  <metadata type="xigt-meta">
    <meta type="language" name="duala" iso-639-3="dua" tiers="phrases words morphemes"/>
    <meta type="language" name="English" iso-639-3="eng" tiers="translations"/>
    <meta type="odin-source" doc-id="3242" line-range="319-321" line-types="L G T"/>
  </metadata>
  <tier id="o" type="odin-raw">
    <item id="o1" line="319" tag="L">         b.   nja o bodi no moni?</item>
    <item id="o2" line="320" tag="G">              who you give PRT money</item>
    <item id="o3" line="321" tag="T">              'Who did you give the money to?'</item>
  </tier>
  <tier id="c" type="odin-clean">
    <item id="c1" line="319" tag="L">nja o bodi no moni?</item>
    <item id="c2" line="320" tag="G">who you give PRT money</item>
    <item id="c3" line="321" tag="T">Who did you give the money to?</item>
  </tier>
  <tier id="p" type="phrases" content="c">
    <item id="p0" content="c1[0:19]"/>
  </tier>
  <tier id="g" type="glosses" content="c">
    <item id="g0" content="c2[0:22]" alignment="p1"/>
  </tier>
  <tier id="t" type="translations" content="c">
    <item id="t0" content="c3[0:30]" alignment="p1"/>
  </tier>
</igt>
<igt id="i22517">
  <metadata type="xigt-meta">
    <meta type="language" name="duala" iso-639-3="dua" tiers="phrases words morphemes"/>
    <meta type="language" name="English" iso-639-3="eng" tiers="translations"/>
    <meta type="odin-source" doc-id="3242" line-range="329-330" line-types="L+SY G"/>
  </metadata>
  <tier id="o" type="odin-raw">
    <item id="o1" line="329" tag="L+SY">  (17) a.    [CP1 o   ta    o     pula   [CP2 na Kuo a keke [CP3           wanea muna-o nje]]]</item>
    <item id="o2" line="330" tag="G">                  you AUX you     want        that Kuo he try               bring child-his what</item>
  </tier>
  <tier id="c" type="odin-clean">
    <item id="c1" line="329" tag="L+SY">[CP1 o   ta    o     pula   [CP2 na Kuo a keke [CP3           wanea muna-o nje]]]</item>
    <item id="c2" line="330" tag="G">you AUX you     want        that Kuo he try               bring child-his what</item>
  </tier>
  <tier id="p" type="phrases" content="c">
    <item id="p0" content="c1[0:81]"/>
  </tier>
  <tier id="g" type="glosses" content="c">
    <item id="g0" content="c2[0:78]" alignment="p1"/>
  </tier>
</igt>
<igt id="i22518">
  <metadata type="xigt-meta">
    <meta type="language" name="duala" iso-639-3="dua" tiers="phrases words morphemes"/>
    <meta type="language" name="English" iso-639-3="eng" tiers="translations"/>
    <meta type="odin-source" doc-id="3242" line-range="331-333" line-types="L+SY G T"/>
  </metadata>
  <tier id="o" type="odin-raw">
    <item id="o1" line="331" tag="L+SY">        b.   [CP1 nje o ta         no     pula [CP2 na Kuo a keke        [CP3 wanea muna-o __ ]]]?</item>
    <item id="o2" line="332" tag="G">                  what you AUX    PRT    want       that Kuo he try            bring child-his</item>
    <item id="o3" line="333" tag="T">                  'What did you   want   Kuo to try to bring to his ch   ild?'</item>
  </tier>
  <tier id="c" type="odin-clean">
    <item id="c1" line="331" tag="L+SY">[CP1 nje o ta         no     pula [CP2 na Kuo a keke        [CP3 wanea muna-o __ ]]]?</item>
    <item id="c2" line="332" tag="G">what you AUX    PRT    want       that Kuo he try            bring child-his</item>
    <item id="c3" line="333" tag="T">What did you   want   Kuo to try to bring to his ch   ild?</item>
  </tier>
  <tier id="p" type="phrases" content="c">
    <item id="p0" content="c1[0:85]"/>
  </tier>
  <tier id="g" type="glosses" content="c">
    <item id="g0" content="c2[0:76]" alignment="p1"/>
  </tier>
  <tier id="t" type="translations" content="c">
    <item id="t0" content="c3[0:58]" alignment="p1"/>
  </tier>
</igt>
<igt id="i22519">
  <metadata type="xigt-meta">
    <meta type="language" name="duala" iso-639-3="dua" tiers="phrases words morphemes"/>
    <meta type="language" name="English" iso-639-3="eng" tiers="translations"/>
    <meta type="odin-source" doc-id="3242" line-range="335-336" line-types="L+SY G"/>
  </metadata>
  <tier id="o" type="odin-raw">
    <item id="o1" line="335" tag="L+SY">  (18) a.    *[CP1 o    ta o pula [CP2 (na) nje Kuo             a keke no [CP3 wanea muna-o __ ]]]?</item>
    <item id="o2" line="336" tag="G">                    you AUX you want    that what Kuo           he try PRT       bring child-his</item>
  </tier>
  <tier id="c" type="odin-clean">
    <item id="c1" line="335" tag="L+SY">*[CP1 o    ta o pula [CP2 (na) nje Kuo             a keke no [CP3 wanea muna-o __ ]]]?</item>
    <item id="c2" line="336" tag="G">you AUX you want    that what Kuo           he try PRT       bring child-his</item>
  </tier>
  <tier id="p" type="phrases" content="c">
    <item id="p0" content="c1[0:86]"/>
  </tier>
  <tier id="g" type="glosses" content="c">
    <item id="g0" content="c2[0:76]" alignment="p1"/>
  </tier>
</igt>
<igt id="i22520">
  <metadata type="xigt-meta">
    <meta type="language" name="duala" iso-639-3="dua" tiers="phrases words morphemes"/>
    <meta type="language" name="English" iso-639-3="eng" tiers="translations"/>
    <meta type="odin-source" doc-id="3242" line-range="337-338" line-types="L+SY G"/>
  </metadata>
  <tier id="o" type="odin-raw">
    <item id="o1" line="337" tag="L+SY">        b.   *[CP1 o ta o pula [CP2 (na) Kuo a keke             [CP3 nje wanea no muna-o __ ]]]?</item>
    <item id="o2" line="338" tag="G">                   you AUX you want   that Kuo he try                 what bring PRT child-his</item>
  </tier>
  <tier id="c" type="odin-clean">
    <item id="c1" line="337" tag="L+SY">*[CP1 o ta o pula [CP2 (na) Kuo a keke             [CP3 nje wanea no muna-o __ ]]]?</item>
    <item id="c2" line="338" tag="G">you AUX you want   that Kuo he try                 what bring PRT child-his</item>
  </tier>
  <tier id="p" type="phrases" content="c">
    <item id="p0" content="c1[0:83]"/>
  </tier>
  <tier id="g" type="glosses" content="c">
    <item id="g0" content="c2[0:75]" alignment="p1"/>
  </tier>
</igt>
<igt id="i22521">
  <metadata type="xigt-meta">
    <meta type="language" name="duala" iso-639-3="dua" tiers="phrases words morphemes"/>
    <meta type="language" name="English" iso-639-3="eng" tiers="translations"/>
    <meta type="odin-source" doc-id="3242" line-range="339-340" line-types="L+SY G"/>
  </metadata>
  <tier id="o" type="odin-raw">
    <item id="o1" line="339" tag="L+SY">        c.   *[CP1 o ta no pula [CP2 (na) nje Kuo               a keke [CP3 wanea muna-o __ ]]]?</item>
    <item id="o2" line="340" tag="G">                   you AUX PRT want    that what Kuo             he try      bring child-his</item>
  </tier>
  <tier id="c" type="odin-clean">
    <item id="c1" line="339" tag="L+SY">*[CP1 o ta no pula [CP2 (na) nje Kuo               a keke [CP3 wanea muna-o __ ]]]?</item>
    <item id="c2" line="340" tag="G">you AUX PRT want    that what Kuo             he try      bring child-his</item>
  </tier>
  <tier id="p" type="phrases" content="c">
    <item id="p0" content="c1[0:83]"/>
  </tier>
  <tier id="g" type="glosses" content="c">
    <item id="g0" content="c2[0:73]" alignment="p1"/>
  </tier>
</igt>
<igt id="i22522">
  <metadata type="xigt-meta">
    <meta type="language" name="duala" iso-639-3="dua" tiers="phrases words morphemes"/>
    <meta type="language" name="English" iso-639-3="eng" tiers="translations"/>
    <meta type="odin-source" doc-id="3242" line-range="345-346" line-types="L+SY G"/>
  </metadata>
  <tier id="o" type="odin-raw">
    <item id="o1" line="345" tag="L+SY">  (19) a.    *[CP Na si bi       [CP Kuo    a-andi nje]].</item>
    <item id="o2" line="346" tag="G">                   I not know        Kuo    he-buy what</item>
  </tier>
  <tier id="c" type="odin-clean">
    <item id="c1" line="345" tag="L+SY">*[CP Na si bi       [CP Kuo    a-andi nje]].</item>
    <item id="c2" line="346" tag="G">I not know        Kuo    he-buy what</item>
  </tier>
  <tier id="p" type="phrases" content="c">
    <item id="p0" content="c1[0:44]"/>
  </tier>
  <tier id="g" type="glosses" content="c">
    <item id="g0" content="c2[0:36]" alignment="p1"/>
  </tier>
</igt>
<igt id="i22523">
  <metadata type="xigt-meta">
    <meta type="language" name="duala" iso-639-3="dua" tiers="phrases words morphemes"/>
    <meta type="language" name="English" iso-639-3="eng" tiers="translations"/>
    <meta type="odin-source" doc-id="3242" line-range="347-349" line-types="L+SY G T+AC"/>
  </metadata>
  <tier id="o" type="odin-raw">
    <item id="o1" line="347" tag="L+SY">        b.    [CP Na si      bi [CP nje     Kuo a-andi no          ___ ]].</item>
    <item id="o2" line="348" tag="G">                   I not know what          Kuo he-buy PRT</item>
    <item id="o3" line="349" tag="T+AC">                  'I don't know what Kuo    bought. '                                  (Epée 1976:161)</item>
  </tier>
  <tier id="c" type="odin-clean">
    <item id="c1" line="347" tag="L+SY">[CP Na si      bi [CP nje     Kuo a-andi no          ___ ]].</item>
    <item id="c2" line="348" tag="G">I not know what          Kuo he-buy PRT</item>
    <item id="c3" line="349" tag="T+AC">I don't know what Kuo    bought. '                                  (Epée 1976:161)</item>
  </tier>
  <tier id="p" type="phrases" content="c">
    <item id="p0" content="c1[0:60]"/>
  </tier>
  <tier id="g" type="glosses" content="c">
    <item id="g0" content="c2[0:39]" alignment="p1"/>
  </tier>
  <tier id="t" type="translations" content="c">
    <item id="t0" content="c3[0:83]" alignment="p1"/>
  </tier>
</igt>
<igt id="i22524">
  <metadata type="xigt-meta">
    <meta type="language" name="duala" iso-639-3="dua" tiers="phrases words morphemes"/>
    <meta type="language" name="English" iso-639-3="eng" tiers="translations"/>
    <meta type="odin-source" doc-id="3242" line-range="354-355" line-types="L+SY G"/>
  </metadata>
  <tier id="o" type="odin-raw">
    <item id="o1" line="354" tag="L+SY">  (20) a.    [CP Ngi-buze [CP ukuthi      y-ini       uPeter a-yi-thengile-yo]].</item>
    <item id="o2" line="355" tag="G">                 1stSG-asked that         COP-what9 Peter1a RC1a-OC9-bought-RS</item>
  </tier>
  <tier id="c" type="odin-clean">
    <item id="c1" line="354" tag="L+SY">[CP Ngi-buze [CP ukuthi      y-ini       uPeter a-yi-thengile-yo]].</item>
    <item id="c2" line="355" tag="G">1stSG-asked that         COP-what9 Peter1a RC1a-OC9-bought-RS</item>
  </tier>
  <tier id="p" type="phrases" content="c">
    <item id="p0" content="c1[0:67]"/>
  </tier>
  <tier id="g" type="glosses" content="c">
    <item id="g0" content="c2[0:61]" alignment="p1"/>
  </tier>
</igt>
<igt id="i22525">
  <metadata type="xigt-meta">
    <meta type="language" name="duala" iso-639-3="dua" tiers="phrases words morphemes"/>
    <meta type="language" name="English" iso-639-3="eng" tiers="translations"/>
    <meta type="odin-source" doc-id="3242" line-range="356-358" line-types="L+SY G T"/>
  </metadata>
  <tier id="o" type="odin-raw">
    <item id="o1" line="356" tag="L+SY">        b.   [CP Ngi-buze [CP ukuthi       uPeter u-thenge-ni]].</item>
    <item id="o2" line="357" tag="G">                 1stSG-asked    that       Peter1a SP1a-bought-what9</item>
    <item id="o3" line="358" tag="T">                 'I asked what Peter bo   ught.'</item>
  </tier>
  <tier id="c" type="odin-clean">
    <item id="c1" line="356" tag="L+SY">[CP Ngi-buze [CP ukuthi       uPeter u-thenge-ni]].</item>
    <item id="c2" line="357" tag="G">1stSG-asked    that       Peter1a SP1a-bought-what9</item>
    <item id="c3" line="358" tag="T">I asked what Peter bo   ught.</item>
  </tier>
  <tier id="p" type="phrases" content="c">
    <item id="p0" content="c1[0:51]"/>
  </tier>
  <tier id="g" type="glosses" content="c">
    <item id="g0" content="c2[0:51]" alignment="p1"/>
  </tier>
  <tier id="t" type="translations" content="c">
    <item id="t0" content="c3[0:29]" alignment="p1"/>
  </tier>
</igt>
<igt id="i27074">
  <metadata type="xigt-meta">
    <meta type="language" name="duala" iso-639-3="dua" tiers="phrases words morphemes"/>
    <meta type="language" name="English" iso-639-3="eng" tiers="translations"/>
    <meta type="odin-source" doc-id="3861" line-range="8879-8883" line-types="L G L G T+LN"/>
  </metadata>
  <tier id="o" type="odin-raw">
    <item id="o1" line="8879" tag="L">   (16)   a.     O bodi nja moni</item>
    <item id="o2" line="8880" tag="G">                 you give who money</item>
    <item id="o3" line="8881" tag="L">          b.     nja o bodi no moni?</item>
    <item id="o4" line="8882" tag="G">                 who you give PRT money</item>
    <item id="o5" line="8883" tag="T+LN">                 `Who did you give the money to?' [Duala]</item>
  </tier>
  <tier id="c" type="odin-clean">
    <item id="c1" line="8879" tag="L">O bodi nja moni</item>
    <item id="c2" line="8880" tag="G">you give who money</item>
    <item id="c3" line="8881" tag="L">nja o bodi no moni?</item>
    <item id="c4" line="8882" tag="G">who you give PRT money</item>
    <item id="c5" line="8883" tag="T+LN">Who did you give the money to?' [Duala]</item>
  </tier>
  <tier id="p" type="phrases" content="c">
    <item id="p0" content="c1[0:15]"/>
    <item id="p1" content="c3[0:19]"/>
  </tier>
  <tier id="g" type="glosses" content="c">
    <item id="g0" content="c2[0:18]" alignment="p1"/>
    <item id="g1" content="c4[0:22]" alignment="p2"/>
  </tier>
  <tier id="t" type="translations" content="c">
    <item id="t0" content="c5[0:39]" alignment="p2"/>
  </tier>
</igt>
<igt id="i27075">
  <metadata type="xigt-meta">
    <meta type="language" name="duala" iso-639-3="dua" tiers="phrases words morphemes"/>
    <meta type="language" name="English" iso-639-3="eng" tiers="translations"/>
    <meta type="odin-source" doc-id="3861" line-range="8893-8897" line-types="L+CR+SY L+CR+SY G L G"/>
  </metadata>
  <tier id="o" type="odin-raw">
    <item id="o1" line="8893" tag="L+CR+SY">   (17)    a.    [C   o      ta    o pula [C        na Kuo a keke [C        wanea</item>
    <item id="o2" line="8894" tag="L+CR+SY">                       P1                      P2                      P3</item>
    <item id="o3" line="8895" tag="G">                      you    AU X you want          that Kuo he try         bring</item>
    <item id="o4" line="8896" tag="L">                 muna-o      nje]]]</item>
    <item id="o5" line="8897" tag="G">                 child-his   what</item>
  </tier>
  <tier id="c" type="odin-clean">
    <item id="c1" line="8893 8894" tag="L+CR+SY">[C   oP1    ta    o pula [C   P2   na Kuo a keke [C   P3   wanea</item>
    <item id="c3" line="8895" tag="G">you    AU X you want          that Kuo he try         bring</item>
    <item id="c4" line="8896" tag="L">muna-o      nje]]]</item>
    <item id="c5" line="8897" tag="G">child-his   what</item>
  </tier>
  <tier id="p" type="phrases" content="c">
    <item id="p0" content="c1[0:64]"/>
    <item id="p1" content="c4[0:18]"/>
  </tier>
  <tier id="g" type="glosses" content="c">
    <item id="g0" content="c3[0:59]" alignment="p1"/>
    <item id="g1" content="c5[0:16]" alignment="p2"/>
  </tier>
</igt>
<igt id="i27076">
  <metadata type="xigt-meta">
    <meta type="language" name="duala" iso-639-3="dua" tiers="phrases words morphemes"/>
    <meta type="language" name="English" iso-639-3="eng" tiers="translations"/>
    <meta type="odin-source" doc-id="3861" line-range="8898-8903" line-types="L+CR+SY L+CR+SY G L G T"/>
  </metadata>
  <tier id="o" type="odin-raw">
    <item id="o1" line="8898" tag="L+CR+SY">           b.    [C   nje     o ta     no pula [C          na Kuo a keke [          wanea</item>
    <item id="o2" line="8899" tag="L+CR+SY">                       P1                             P2                     CP 3</item>
    <item id="o3" line="8900" tag="G">                      what    you AU X PRT want            that Kuo he try          bring</item>
    <item id="o4" line="8901" tag="L">                 muna-o        ]]]?</item>
    <item id="o5" line="8902" tag="G">                 child-his</item>
    <item id="o6" line="8903" tag="T">                 `What did    you want Kuo to try to bring to his child?"</item>
  </tier>
  <tier id="c" type="odin-clean">
    <item id="c1" line="8898" tag="L+CR+SY">[C   nje     o ta     no pula [C          na Kuo a keke [          wanea</item>
    <item id="c3" line="8900" tag="G">what    you AU X PRT want            that Kuo he try          bring</item>
    <item id="c4" line="8901" tag="L">muna-o        ]]]?</item>
    <item id="c5" line="8902" tag="G">child-his</item>
    <item id="c6" line="8903" tag="T">What did    you want Kuo to try to bring to his child?</item>
  </tier>
  <tier id="p" type="phrases" content="c">
    <item id="p0" content="c1[0:72]"/>
    <item id="p1" content="c4[0:18]"/>
  </tier>
  <tier id="g" type="glosses" content="c">
    <item id="g0" content="c3[0:67]" alignment="p1"/>
    <item id="g1" content="c5[0:9]" alignment="p2"/>
  </tier>
  <tier id="t" type="translations" content="c">
    <item id="t0" content="c6[0:54]" alignment="p2"/>
  </tier>
</igt>
<igt id="i27077">
  <metadata type="xigt-meta">
    <meta type="language" name="duala" iso-639-3="dua" tiers="phrases words morphemes"/>
    <meta type="language" name="English" iso-639-3="eng" tiers="translations"/>
    <meta type="odin-source" doc-id="3861" line-range="8904-8908" line-types="L+CR+SY L+CR+SY G L G"/>
  </metadata>
  <tier id="o" type="odin-raw">
    <item id="o1" line="8904" tag="L+CR+SY">   (18)    a.   * [C  o ta     o pula [C            (na) nje Kuo a keke no [</item>
    <item id="o2" line="8905" tag="L+CR+SY">                       P1                      P2                                   CP 3</item>
    <item id="o3" line="8906" tag="G">                      you AU X you want             that what Kuo he try PRT</item>
    <item id="o4" line="8907" tag="L">                 wanea muna-o     ]]]?</item>
    <item id="o5" line="8908" tag="G">                 bring child-his</item>
  </tier>
  <tier id="c" type="odin-clean">
    <item id="c1" line="8904" tag="L+CR+SY">* [C  o ta     o pula [C            (na) nje Kuo a keke no [</item>
    <item id="c3" line="8906" tag="G">you AU X you want             that what Kuo he try PRT</item>
    <item id="c4" line="8907" tag="L">wanea muna-o     ]]]?</item>
    <item id="c5" line="8908" tag="G">bring child-his</item>
  </tier>
  <tier id="p" type="phrases" content="c">
    <item id="p0" content="c1[0:60]"/>
    <item id="p1" content="c4[0:21]"/>
  </tier>
  <tier id="g" type="glosses" content="c">
    <item id="g0" content="c3[0:54]" alignment="p1"/>
    <item id="g1" content="c5[0:15]" alignment="p2"/>
  </tier>
</igt>
<igt id="i27078">
  <metadata type="xigt-meta">
    <meta type="language" name="duala" iso-639-3="dua" tiers="phrases words morphemes"/>
    <meta type="language" name="English" iso-639-3="eng" tiers="translations"/>
    <meta type="odin-source" doc-id="3861" line-range="8909-8913" line-types="L+CR+SY L+CR+SY G+CR L G"/>
  </metadata>
  <tier id="o" type="odin-raw">
    <item id="o1" line="8909" tag="L+CR+SY">           b.   * [C o ta      o pula [C            (na) Kuo a keke [CP3 nje wanea</item>
    <item id="o2" line="8910" tag="L+CR+SY">                       P1                      P2</item>
    <item id="o3" line="8911" tag="G+CR">                     you AU X you want              that Kuo he try      what bring</item>
    <item id="o4" line="8912" tag="L">                 no muna-o      ]]]?</item>
    <item id="o5" line="8913" tag="G">                 PRT child-his</item>
  </tier>
  <tier id="c" type="odin-clean">
    <item id="c1" line="8909" tag="L+CR+SY">* [C o ta      o pula [C            (na) Kuo a keke [CP3 nje wanea</item>
    <item id="c3" line="8911" tag="G+CR">you AU X you want              that Kuo he try      what bring</item>
    <item id="c4" line="8912" tag="L">no muna-o      ]]]?</item>
    <item id="c5" line="8913" tag="G">PRT child-his</item>
  </tier>
  <tier id="p" type="phrases" content="c">
    <item id="p0" content="c1[0:66]"/>
    <item id="p1" content="c4[0:19]"/>
  </tier>
  <tier id="g" type="glosses" content="c">
    <item id="g0" content="c3[0:62]" alignment="p1"/>
    <item id="g1" content="c5[0:13]" alignment="p2"/>
  </tier>
</igt>
<igt id="i27079">
  <metadata type="xigt-meta">
    <meta type="language" name="duala" iso-639-3="dua" tiers="phrases words morphemes"/>
    <meta type="language" name="English" iso-639-3="eng" tiers="translations"/>
    <meta type="odin-source" doc-id="3861" line-range="8914-8919" line-types="L+CR+SY L+CR+SY G+CR L G M+LN"/>
  </metadata>
  <tier id="o" type="odin-raw">
    <item id="o1" line="8914" tag="L+CR+SY">           c.   * [CP1 o ta     no pula [           (na) nje Kuo a keke [           wanea</item>
    <item id="o2" line="8915" tag="L+CR+SY">                                             CP2                             CP3</item>
    <item id="o3" line="8916" tag="G+CR">                       you AU X PRT want            that what Kuo he try            bring</item>
    <item id="o4" line="8917" tag="L">                  muna-o    ]]]?</item>
    <item id="o5" line="8918" tag="G">                  child-his</item>
    <item id="o6" line="8919" tag="M+LN">                  [Duala]</item>
  </tier>
  <tier id="c" type="odin-clean">
    <item id="c1" line="8914 8915" tag="L+CR+SY">* [CP1 o ta     no pula [    CP2    (na) nje Kuo a keke [    CP3    wanea</item>
    <item id="c3" line="8916" tag="G+CR">you AU X PRT want            that what Kuo he try            bring</item>
    <item id="c4" line="8917" tag="L">muna-o    ]]]?</item>
    <item id="c5" line="8918" tag="G">child-his</item>
    <item id="c6" line="8919" tag="M+LN">[Duala]</item>
  </tier>
  <tier id="p" type="phrases" content="c">
    <item id="p0" content="c1[0:73]"/>
    <item id="p1" content="c4[0:14]"/>
  </tier>
  <tier id="g" type="glosses" content="c">
    <item id="g0" content="c3[0:66]" alignment="p1"/>
    <item id="g1" content="c5[0:9]" alignment="p2"/>
  </tier>
</igt>
<igt id="i27080">
  <metadata type="xigt-meta">
    <meta type="language" name="duala" iso-639-3="dua" tiers="phrases words morphemes"/>
    <meta type="language" name="English" iso-639-3="eng" tiers="translations"/>
    <meta type="odin-source" doc-id="3861" line-range="8922-8923" line-types="L+SY G"/>
  </metadata>
  <tier id="o" type="odin-raw">
    <item id="o1" line="8922" tag="L+SY">   (19)    a.   * [C P Na si bi   [C P Kuo a-andi nje]].</item>
    <item id="o2" line="8923" tag="G">                       I not know      Kuo he-buy what</item>
  </tier>
  <tier id="c" type="odin-clean">
    <item id="c1" line="8922" tag="L+SY">* [C P Na si bi   [C P Kuo a-andi nje]].</item>
    <item id="c2" line="8923" tag="G">I not know      Kuo he-buy what</item>
  </tier>
  <tier id="p" type="phrases" content="c">
    <item id="p0" content="c1[0:40]"/>
  </tier>
  <tier id="g" type="glosses" content="c">
    <item id="g0" content="c2[0:31]" alignment="p1"/>
  </tier>
</igt>
<igt id="i27081">
  <metadata type="xigt-meta">
    <meta type="language" name="duala" iso-639-3="dua" tiers="phrases words morphemes"/>
    <meta type="language" name="English" iso-639-3="eng" tiers="translations"/>
    <meta type="odin-source" doc-id="3861" line-range="8924-8927" line-types="L+SY G M T+AC+LN"/>
  </metadata>
  <tier id="o" type="odin-raw">
    <item id="o1" line="8924" tag="L+SY">           b.    [C P Na si bi   [C P nje Kuo a-andi no      ]].</item>
    <item id="o2" line="8925" tag="G">                      I not know      what Kuo he-buy PRT</item>
    <item id="o3" line="8926" tag="M">                                                            ´</item>
    <item id="o4" line="8927" tag="T+AC+LN">                 `I don't know what Kuo bought.' [Duala] (Epee 1976:161)</item>
  </tier>
  <tier id="c" type="odin-clean">
    <item id="c1" line="8924" tag="L+SY">[C P Na si bi   [C P nje Kuo a-andi no      ]].</item>
    <item id="c2" line="8925" tag="G">I not know      what Kuo he-buy PRT</item>
    <item id="c3" line="8926" tag="M">´</item>
    <item id="c4" line="8927" tag="T+AC+LN">I don't know what Kuo bought.' [Duala] (Epee 1976:161)</item>
  </tier>
  <tier id="p" type="phrases" content="c">
    <item id="p0" content="c1[0:47]"/>
  </tier>
  <tier id="g" type="glosses" content="c">
    <item id="g0" content="c2[0:35]" alignment="p1"/>
  </tier>
  <tier id="t" type="translations" content="c">
    <item id="t0" content="c4[0:54]" alignment="p1"/>
  </tier>
</igt>
<igt id="i155342">
  <metadata type="xigt-meta">
    <meta type="language" name="duala" iso-639-3="dua" tiers="phrases words morphemes"/>
    <meta type="language" name="English" iso-639-3="eng" tiers="translations"/>
    <meta type="odin-source" doc-id="3291" line-range="956-957" line-types="L G"/>
  </metadata>
  <tier id="o" type="odin-raw">
    <item id="o1" line="956" tag="L">  (40)   a. Kuo a po        (*no)    njika ponda ?</item>
    <item id="o2" line="957" tag="G">            K. he come        prtcl wh-time</item>
  </tier>
  <tier id="c" type="odin-clean">
    <item id="c1" line="956" tag="L">Kuo a po        (*no)    njika ponda ?</item>
    <item id="c2" line="957" tag="G">he come        prtcl wh-time</item>
  </tier>
  <tier id="p" type="phrases" content="c">
    <item id="p0" content="c1[0:38]"/>
  </tier>
  <tier id="g" type="glosses" content="c">
    <item id="g0" content="c2[0:28]" alignment="p1"/>
  </tier>
</igt>
<igt id="i155343">
  <metadata type="xigt-meta">
    <meta type="language" name="duala" iso-639-3="dua" tiers="phrases words morphemes"/>
    <meta type="language" name="English" iso-639-3="eng" tiers="translations"/>
    <meta type="odin-source" doc-id="3291" line-range="958-961" line-types="L+CR+SY L+CR G T+CR"/>
  </metadata>
  <tier id="o" type="odin-raw">
    <item id="o1" line="958" tag="L+CR+SY">                            Kuo a po *(no)         ti ?</item>
    <item id="o2" line="959" tag="L+CR">         b. Njika pondai</item>
    <item id="o3" line="960" tag="G">            wh-time         K. sp come prtcl</item>
    <item id="o4" line="961" tag="T+CR">            `At what tim   e will Kuo arrive?'</item>
  </tier>
  <tier id="c" type="odin-clean">
    <item id="c1" line="958 959" tag="L+CR+SY">Njika pondai    Kuo a po *(no)         ti ?</item>
    <item id="c3" line="960" tag="G">wh-time         K. sp come prtcl</item>
    <item id="c4" line="961" tag="T+CR">At what tim   e will Kuo arrive?</item>
  </tier>
  <tier id="p" type="phrases" content="c">
    <item id="p0" content="c1[0:43]"/>
  </tier>
  <tier id="g" type="glosses" content="c">
    <item id="g0" content="c3[0:32]" alignment="p1"/>
  </tier>
  <tier id="t" type="translations" content="c">
    <item id="t0" content="c4[0:32]" alignment="p1"/>
  </tier>
</igt>
<igt id="i155344">
  <metadata type="xigt-meta">
    <meta type="language" name="duala" iso-639-3="dua" tiers="phrases words morphemes"/>
    <meta type="language" name="English" iso-639-3="eng" tiers="translations"/>
    <meta type="odin-source" doc-id="3291" line-range="962-963" line-types="L G"/>
  </metadata>
  <tier id="o" type="odin-raw">
    <item id="o1" line="962" tag="L">  (41)   a. O bodi (*no)     nja     moni ?</item>
    <item id="o2" line="963" tag="G">            you give prtcl who       money</item>
  </tier>
  <tier id="c" type="odin-clean">
    <item id="c1" line="962" tag="L">O bodi (*no)     nja     moni ?</item>
    <item id="c2" line="963" tag="G">you give prtcl who       money</item>
  </tier>
  <tier id="p" type="phrases" content="c">
    <item id="p0" content="c1[0:31]"/>
  </tier>
  <tier id="g" type="glosses" content="c">
    <item id="g0" content="c2[0:30]" alignment="p1"/>
  </tier>
</igt>
<igt id="i155345">
  <metadata type="xigt-meta">
    <meta type="language" name="duala" iso-639-3="dua" tiers="phrases words morphemes"/>
    <meta type="language" name="English" iso-639-3="eng" tiers="translations"/>
    <meta type="odin-source" doc-id="3291" line-range="964-966" line-types="L+SY G T"/>
  </metadata>
  <tier id="o" type="odin-raw">
    <item id="o1" line="964" tag="L+SY">         b. Njai o bodi *(no)        ti moni ?</item>
    <item id="o2" line="965" tag="G">            who you give prtcl          money</item>
    <item id="o3" line="966" tag="T">            `Who did you give the    money to?'</item>
  </tier>
  <tier id="c" type="odin-clean">
    <item id="c1" line="964" tag="L+SY">Njai o bodi *(no)        ti moni ?</item>
    <item id="c2" line="965" tag="G">who you give prtcl          money</item>
    <item id="c3" line="966" tag="T">Who did you give the    money to?</item>
  </tier>
  <tier id="p" type="phrases" content="c">
    <item id="p0" content="c1[0:34]"/>
  </tier>
  <tier id="g" type="glosses" content="c">
    <item id="g0" content="c2[0:33]" alignment="p1"/>
  </tier>
  <tier id="t" type="translations" content="c">
    <item id="t0" content="c3[0:33]" alignment="p1"/>
  </tier>
</igt>
<igt id="i155346">
  <metadata type="xigt-meta">
    <meta type="language" name="duala" iso-639-3="dua" tiers="phrases words morphemes"/>
    <meta type="language" name="English" iso-639-3="eng" tiers="translations"/>
    <meta type="odin-source" doc-id="3291" line-range="976-978" line-types="L G T"/>
  </metadata>
  <tier id="o" type="odin-raw">
    <item id="o1" line="976" tag="L">  (42)   a. *Nje neni Kuo a bodi no ?</item>
    <item id="o2" line="977" tag="G">             what how K. he do</item>
    <item id="o3" line="978" tag="T">             `What how did Kuo?'</item>
  </tier>
  <tier id="c" type="odin-clean">
    <item id="c1" line="976" tag="L">*Nje neni Kuo a bodi no ?</item>
    <item id="c2" line="977" tag="G">what how K. he do</item>
    <item id="c3" line="978" tag="T">What how did Kuo?</item>
  </tier>
  <tier id="p" type="phrases" content="c">
    <item id="p0" content="c1[0:25]"/>
  </tier>
  <tier id="g" type="glosses" content="c">
    <item id="g0" content="c2[0:17]" alignment="p1"/>
  </tier>
  <tier id="t" type="translations" content="c">
    <item id="t0" content="c3[0:17]" alignment="p1"/>
  </tier>
</igt>
<igt id="i155347">
  <metadata type="xigt-meta">
    <meta type="language" name="duala" iso-639-3="dua" tiers="phrases words morphemes"/>
    <meta type="language" name="English" iso-639-3="eng" tiers="translations"/>
    <meta type="odin-source" doc-id="3291" line-range="979-981" line-types="L G T"/>
  </metadata>
  <tier id="o" type="odin-raw">
    <item id="o1" line="979" tag="L">         b. *Nja njika ponda mama a-alane no o don ?</item>
    <item id="o2" line="980" tag="G">             who wh-time     mother she-take   to market</item>
    <item id="o3" line="981" tag="T">             `Who when did mother take to the market?'</item>
  </tier>
  <tier id="c" type="odin-clean">
    <item id="c1" line="979" tag="L">*Nja njika ponda mama a-alane no o don ?</item>
    <item id="c2" line="980" tag="G">who wh-time     mother she-take   to market</item>
    <item id="c3" line="981" tag="T">Who when did mother take to the market?</item>
  </tier>
  <tier id="p" type="phrases" content="c">
    <item id="p0" content="c1[0:40]"/>
  </tier>
  <tier id="g" type="glosses" content="c">
    <item id="g0" content="c2[0:43]" alignment="p1"/>
  </tier>
  <tier id="t" type="translations" content="c">
    <item id="t0" content="c3[0:39]" alignment="p1"/>
  </tier>
</igt>
<igt id="i155348">
  <metadata type="xigt-meta">
    <meta type="language" name="duala" iso-639-3="dua" tiers="phrases words morphemes"/>
    <meta type="language" name="English" iso-639-3="eng" tiers="translations"/>
    <meta type="odin-source" doc-id="3291" line-range="982-983" line-types="L G"/>
  </metadata>
  <tier id="o" type="odin-raw">
    <item id="o1" line="982" tag="L">  (43)   a. Neni   Kuo a     bodi no nje ?</item>
    <item id="o2" line="983" tag="G">            how    K. he     do      what</item>
  </tier>
  <tier id="c" type="odin-clean">
    <item id="c1" line="982" tag="L">Neni   Kuo a     bodi no nje ?</item>
    <item id="c2" line="983" tag="G">how    K. he     do      what</item>
  </tier>
  <tier id="p" type="phrases" content="c">
    <item id="p0" content="c1[0:30]"/>
  </tier>
  <tier id="g" type="glosses" content="c">
    <item id="g0" content="c2[0:29]" alignment="p1"/>
  </tier>
</igt>
<igt id="i155349">
  <metadata type="xigt-meta">
    <meta type="language" name="duala" iso-639-3="dua" tiers="phrases words morphemes"/>
    <meta type="language" name="English" iso-639-3="eng" tiers="translations"/>
    <meta type="odin-source" doc-id="3291" line-range="984-985" line-types="L G"/>
  </metadata>
  <tier id="o" type="odin-raw">
    <item id="o1" line="984" tag="L">         b. Nja    mama     a-alane no o don      njika ponda ?</item>
    <item id="o2" line="985" tag="G">            who    mother   she-take    to market wh-time</item>
  </tier>
  <tier id="c" type="odin-clean">
    <item id="c1" line="984" tag="L">Nja    mama     a-alane no o don      njika ponda ?</item>
    <item id="c2" line="985" tag="G">who    mother   she-take    to market wh-time</item>
  </tier>
  <tier id="p" type="phrases" content="c">
    <item id="p0" content="c1[0:51]"/>
  </tier>
  <tier id="g" type="glosses" content="c">
    <item id="g0" content="c2[0:45]" alignment="p1"/>
  </tier>
</igt>
<igt id="i155350">
  <metadata type="xigt-meta">
    <meta type="language" name="duala" iso-639-3="dua" tiers="phrases words morphemes"/>
    <meta type="language" name="English" iso-639-3="eng" tiers="translations"/>
    <meta type="odin-source" doc-id="3291" line-range="994-996" line-types="L G T"/>
  </metadata>
  <tier id="o" type="odin-raw">
    <item id="o1" line="994" tag="L">  (44)   a. Wa pula na nja a ya           mba ?</item>
    <item id="o2" line="995" tag="G">             you want that who he come me</item>
    <item id="o3" line="996" tag="T">             `Who do you want to come, me?'</item>
  </tier>
  <tier id="c" type="odin-clean">
    <item id="c1" line="994" tag="L">Wa pula na nja a ya           mba ?</item>
    <item id="c2" line="995" tag="G">you want that who he come me</item>
    <item id="c3" line="996" tag="T">Who do you want to come, me?</item>
  </tier>
  <tier id="p" type="phrases" content="c">
    <item id="p0" content="c1[0:35]"/>
  </tier>
  <tier id="g" type="glosses" content="c">
    <item id="g0" content="c2[0:28]" alignment="p1"/>
  </tier>
  <tier id="t" type="translations" content="c">
    <item id="t0" content="c3[0:28]" alignment="p1"/>
  </tier>
</igt>
<igt id="i155351">
  <metadata type="xigt-meta">
    <meta type="language" name="duala" iso-639-3="dua" tiers="phrases words morphemes"/>
    <meta type="language" name="English" iso-639-3="eng" tiers="translations"/>
    <meta type="odin-source" doc-id="3291" line-range="997-998" line-types="L+SY G"/>
  </metadata>
  <tier id="o" type="odin-raw">
    <item id="o1" line="997" tag="L+SY">         b. [ Njai wa pula no [ na ti a ye        mba ]] ?</item>
    <item id="o2" line="998" tag="G">               who you want        that he come me</item>
  </tier>
  <tier id="c" type="odin-clean">
    <item id="c1" line="997" tag="L+SY">[ Njai wa pula no [ na ti a ye        mba ]] ?</item>
    <item id="c2" line="998" tag="G">who you want        that he come me</item>
  </tier>
  <tier id="p" type="phrases" content="c">
    <item id="p0" content="c1[0:46]"/>
  </tier>
  <tier id="g" type="glosses" content="c">
    <item id="g0" content="c2[0:35]" alignment="p1"/>
  </tier>
</igt>
<igt id="i155352">
  <metadata type="xigt-meta">
    <meta type="language" name="duala" iso-639-3="dua" tiers="phrases words morphemes"/>
    <meta type="language" name="English" iso-639-3="eng" tiers="translations"/>
    <meta type="odin-source" doc-id="3291" line-range="1000-1006" line-types="L+CR+SY L+CR+SY G+CR G+CR L+SY G T"/>
  </metadata>
  <tier id="o" type="odin-raw">
    <item id="o1" line="1000" tag="L+CR+SY">         d. moto [ CP1 nyenai na mongele no [ CP2 na o kwadi [                     na o</item>
    <item id="o2" line="1001" tag="L+CR+SY">                                                                          CP   3</item>
    <item id="o3" line="1002" tag="G+CR">                        who I think               that you say                     that you</item>
    <item id="o4" line="1003" tag="G+CR">             man</item>
    <item id="o5" line="1004" tag="L+SY">             wen ti ]]]</item>
    <item id="o6" line="1005" tag="G">             see</item>
    <item id="o7" line="1006" tag="T">             `the man who I think that you said that you saw'</item>
  </tier>
  <tier id="c" type="odin-clean">
    <item id="c1" line="1000 1001" tag="L+CR+SY">moto [ CP1 nyenai na mongele no [ CP2 na o kwadi [            CP   3   na o</item>
    <item id="c3" line="1002 1003" tag="G+CR">man        who I think               that you say                     that you</item>
    <item id="c5" line="1004" tag="L+SY">wen ti ]]]</item>
    <item id="c6" line="1005" tag="G">see</item>
    <item id="c7" line="1006" tag="T">the man who I think that you said that you saw</item>
  </tier>
  <tier id="p" type="phrases" content="c">
    <item id="p0" content="c1[0:75]"/>
    <item id="p1" content="c5[0:10]"/>
  </tier>
  <tier id="g" type="glosses" content="c">
    <item id="g0" content="c3[0:78]" alignment="p1"/>
    <item id="g1" content="c6[0:3]" alignment="p2"/>
  </tier>
  <tier id="t" type="translations" content="c">
    <item id="t0" content="c7[0:46]" alignment="p2"/>
  </tier>
</igt>
<igt id="i155353">
  <metadata type="xigt-meta">
    <meta type="language" name="duala" iso-639-3="dua" tiers="phrases words morphemes"/>
    <meta type="language" name="English" iso-639-3="eng" tiers="translations"/>
    <meta type="odin-source" doc-id="3291" line-range="1007-1011" line-types="L+CR L+CR G+CR G+CR T+CR"/>
  </metadata>
  <tier id="o" type="odin-raw">
    <item id="o1" line="1007" tag="L+CR">                             kwalane mba na o mende timba njika buna ?</item>
    <item id="o2" line="1008" tag="L+CR">  (45)   a. O ta o</item>
    <item id="o3" line="1009" tag="G+CR">                             tellPast me that you aux-fut return wh-day</item>
    <item id="o4" line="1010" tag="G+CR">             you aux you</item>
    <item id="o5" line="1011" tag="T+CR">             `When did yo    u tell me that you would return?'</item>
  </tier>
  <tier id="c" type="odin-clean">
    <item id="c1" line="1007 1008" tag="L+CR">O ta o           kwalane mba na o mende timba njika buna ?</item>
    <item id="c3" line="1009 1010" tag="G+CR">you aux you     tellPast me that you aux-fut return wh-day</item>
    <item id="c5" line="1011" tag="T+CR">When did yo    u tell me that you would return?</item>
  </tier>
  <tier id="p" type="phrases" content="c">
    <item id="p0" content="c1[0:58]"/>
  </tier>
  <tier id="g" type="glosses" content="c">
    <item id="g0" content="c3[0:58]" alignment="p1"/>
  </tier>
  <tier id="t" type="translations" content="c">
    <item id="t0" content="c5[0:47]" alignment="p1"/>
  </tier>
</igt>
<igt id="i155354">
  <metadata type="xigt-meta">
    <meta type="language" name="duala" iso-639-3="dua" tiers="phrases words morphemes"/>
    <meta type="language" name="English" iso-639-3="eng" tiers="translations"/>
    <meta type="odin-source" doc-id="3291" line-range="1012-1016" line-types="L+CR+SY L+CR+SY G L+SY G"/>
  </metadata>
  <tier id="o" type="odin-raw">
    <item id="o1" line="1012" tag="L+CR+SY">                             o ta no o-kwalane mba [ na o-mende</item>
    <item id="o2" line="1013" tag="L+CR+SY">         b. [ Njika bunai</item>
    <item id="o3" line="1014" tag="G">               wh-day        you aux      you-tellPast me   that youAux-Fut</item>
    <item id="o4" line="1015" tag="L+SY">             timba ti ]] ?</item>
    <item id="o5" line="1016" tag="G">             return</item>
  </tier>
  <tier id="c" type="odin-clean">
    <item id="c1" line="1012 1013" tag="L+CR+SY">[ Njika bunai    o ta no o-kwalane mba [ na o-mende</item>
    <item id="c3" line="1014" tag="G">wh-day        you aux      you-tellPast me   that youAux-Fut</item>
    <item id="c4" line="1015" tag="L+SY">timba ti ]] ?</item>
    <item id="c5" line="1016" tag="G">return</item>
  </tier>
  <tier id="p" type="phrases" content="c">
    <item id="p0" content="c1[0:51]"/>
    <item id="p1" content="c4[0:13]"/>
  </tier>
  <tier id="g" type="glosses" content="c">
    <item id="g0" content="c3[0:60]" alignment="p1"/>
    <item id="g1" content="c5[0:6]" alignment="p2"/>
  </tier>
</igt>
<igt id="i155355">
  <metadata type="xigt-meta">
    <meta type="language" name="duala" iso-639-3="dua" tiers="phrases words morphemes"/>
    <meta type="language" name="English" iso-639-3="eng" tiers="translations"/>
    <meta type="odin-source" doc-id="3291" line-range="1041-1043" line-types="L+SY G T+SY"/>
  </metadata>
  <tier id="o" type="odin-raw">
    <item id="o1" line="1041" tag="L+SY">  (46) *moto [ nyenaj na nyaka        no [ nja mutoi tj bai  ti ]]</item>
    <item id="o2" line="1042" tag="G">        man who       I am-astonished      who woman married</item>
    <item id="o3" line="1043" tag="T+SY">        (the man whoj I wonder which womani tj married ti )</item>
  </tier>
  <tier id="c" type="odin-clean">
    <item id="c1" line="1041" tag="L+SY">*moto [ nyenaj na nyaka        no [ nja mutoi tj bai  ti ]]</item>
    <item id="c2" line="1042" tag="G">man who       I am-astonished      who woman married</item>
    <item id="c3" line="1043" tag="T+SY">the man whoj I wonder which womani tj married ti</item>
  </tier>
  <tier id="p" type="phrases" content="c">
    <item id="p0" content="c1[0:59]"/>
  </tier>
  <tier id="g" type="glosses" content="c">
    <item id="g0" content="c2[0:52]" alignment="p1"/>
  </tier>
  <tier id="t" type="translations" content="c">
    <item id="t0" content="c3[0:48]" alignment="p1"/>
  </tier>
</igt>
<igt id="i155356">
  <metadata type="xigt-meta">
    <meta type="language" name="duala" iso-639-3="dua" tiers="phrases words morphemes"/>
    <meta type="language" name="English" iso-639-3="eng" tiers="translations"/>
    <meta type="odin-source" doc-id="3291" line-range="1051-1057" line-types="L+CR+SY L+CR+SY L+CR+SY G L+SY G T"/>
  </metadata>
  <tier id="o" type="odin-raw">
    <item id="o1" line="1051" tag="L+CR+SY">                     O ta           o pula [ CP2      na Kuo a keke [             wanea</item>
    <item id="o2" line="1052" tag="L+CR+SY">  (47)   a. [   CP                                                       CP</item>
    <item id="o3" line="1053" tag="L+CR+SY">                     1                                                        3</item>
    <item id="o4" line="1054" tag="G">                     you aux-past you want            that K. he try              bring</item>
    <item id="o5" line="1055" tag="L+SY">               muna-o nje ]]] ?</item>
    <item id="o6" line="1056" tag="G">               child-his what</item>
    <item id="o7" line="1057" tag="T">               `What did you want Kuo to try to        bring to his children?'</item>
  </tier>
  <tier id="c" type="odin-clean">
    <item id="c1" line="1051 1052" tag="L+CR+SY">[   CP   O ta           o pula [ CP2      na Kuo a keke [    CP       wanea</item>
    <item id="c4" line="1054" tag="G">you aux-past you want            that K. he try              bring</item>
    <item id="c5" line="1055" tag="L+SY">muna-o nje ]]] ?</item>
    <item id="c6" line="1056" tag="G">child-his what</item>
    <item id="c7" line="1057" tag="T">What did you want Kuo to try to        bring to his children?</item>
  </tier>
  <tier id="p" type="phrases" content="c">
    <item id="p0" content="c1[0:75]"/>
    <item id="p1" content="c5[0:16]"/>
  </tier>
  <tier id="g" type="glosses" content="c">
    <item id="g0" content="c4[0:66]" alignment="p1"/>
    <item id="g1" content="c6[0:14]" alignment="p2"/>
  </tier>
  <tier id="t" type="translations" content="c">
    <item id="t0" content="c7[0:61]" alignment="p2"/>
  </tier>
</igt>
<igt id="i155357">
  <metadata type="xigt-meta">
    <meta type="language" name="duala" iso-639-3="dua" tiers="phrases words morphemes"/>
    <meta type="language" name="English" iso-639-3="eng" tiers="translations"/>
    <meta type="odin-source" doc-id="3291" line-range="1058-1062" line-types="L+CR+SY L+CR G L+SY G"/>
  </metadata>
  <tier id="o" type="odin-raw">
    <item id="o1" line="1058" tag="L+CR+SY">               [ CP1 Njei o ta            no pula     [ CP2 na Kuo a keke [</item>
    <item id="o2" line="1059" tag="L+CR">         b.                                                                       CP   3</item>
    <item id="o3" line="1060" tag="G">                     what you aux-past       want           that K. he try</item>
    <item id="o4" line="1061" tag="L+SY">               wanea muna-o ti ]]] ?</item>
    <item id="o5" line="1062" tag="G">               bring child-his</item>
  </tier>
  <tier id="c" type="odin-clean">
    <item id="c1" line="1058 1059" tag="L+CR+SY">[ CP1 Njei o ta            no pula     [ CP2 na Kuo a keke [       CP   3</item>
    <item id="c3" line="1060" tag="G">what you aux-past       want           that K. he try</item>
    <item id="c4" line="1061" tag="L+SY">wanea muna-o ti ]]] ?</item>
    <item id="c5" line="1062" tag="G">bring child-his</item>
  </tier>
  <tier id="p" type="phrases" content="c">
    <item id="p0" content="c1[0:73]"/>
    <item id="p1" content="c4[0:21]"/>
  </tier>
  <tier id="g" type="glosses" content="c">
    <item id="g0" content="c3[0:53]" alignment="p1"/>
    <item id="g1" content="c5[0:15]" alignment="p2"/>
  </tier>
</igt>
<igt id="i155358">
  <metadata type="xigt-meta">
    <meta type="language" name="duala" iso-639-3="dua" tiers="phrases words morphemes"/>
    <meta type="language" name="English" iso-639-3="eng" tiers="translations"/>
    <meta type="odin-source" doc-id="3291" line-range="1063-1069" line-types="L+CR+SY L+CR+SY L+CR+SY G+CR G+CR L+SY G"/>
  </metadata>
  <tier id="o" type="odin-raw">
    <item id="o1" line="1063" tag="L+CR+SY">                                                      na njei Kuo a keke no [</item>
    <item id="o2" line="1064" tag="L+CR+SY">              *[ CP1 O ta           o pula [ CP2</item>
    <item id="o3" line="1065" tag="L+CR+SY">         c.                                                                                CP   3</item>
    <item id="o4" line="1066" tag="G+CR">                                                      that what K. he try</item>
    <item id="o5" line="1067" tag="G+CR">                     you aux-past you want</item>
    <item id="o6" line="1068" tag="L+SY">               wanea muna-o ti ]]] ?</item>
    <item id="o7" line="1069" tag="G">               bring child-his</item>
  </tier>
  <tier id="c" type="odin-clean">
    <item id="c1" line="1063 1064 1065" tag="L+CR+SY">*[ CP1 O ta           o pula [ CP2      na njei Kuo a keke no [              CP   3</item>
    <item id="c4" line="1066 1067" tag="G+CR">you aux-past you want            that what K. he try</item>
    <item id="c6" line="1068" tag="L+SY">wanea muna-o ti ]]] ?</item>
    <item id="c7" line="1069" tag="G">bring child-his</item>
  </tier>
  <tier id="p" type="phrases" content="c">
    <item id="p0" content="c1[0:83]"/>
    <item id="p1" content="c6[0:21]"/>
  </tier>
  <tier id="g" type="glosses" content="c">
    <item id="g0" content="c4[0:52]" alignment="p1"/>
    <item id="g1" content="c7[0:15]" alignment="p2"/>
  </tier>
</igt>
<igt id="i155359">
  <metadata type="xigt-meta">
    <meta type="language" name="duala" iso-639-3="dua" tiers="phrases words morphemes"/>
    <meta type="language" name="English" iso-639-3="eng" tiers="translations"/>
    <meta type="odin-source" doc-id="3291" line-range="1070-1075" line-types="L+CR+SY L+CR+SY G+CR G+CR L+SY G"/>
  </metadata>
  <tier id="o" type="odin-raw">
    <item id="o1" line="1070" tag="L+CR+SY">              *[ CP1 O ta           o pula [ CP2      na Kuo a keke [             njei</item>
    <item id="o2" line="1071" tag="L+CR+SY">         d.                                                              CP   3</item>
    <item id="o3" line="1072" tag="G+CR">                                                                                  what</item>
    <item id="o4" line="1073" tag="G+CR">                     you aux-past you want            that K. he try</item>
    <item id="o5" line="1074" tag="L+SY">               wanea no muna-o ti ]]] ?</item>
    <item id="o6" line="1075" tag="G">               bring      child-his</item>
  </tier>
  <tier id="c" type="odin-clean">
    <item id="c1" line="1070 1071" tag="L+CR+SY">*[ CP1 O ta           o pula [ CP2      na Kuo a keke [    CP   3   njei</item>
    <item id="c3" line="1072 1073" tag="G+CR">you aux-past you want            that K. he try              what</item>
    <item id="c5" line="1074" tag="L+SY">wanea no muna-o ti ]]] ?</item>
    <item id="c6" line="1075" tag="G">bring      child-his</item>
  </tier>
  <tier id="p" type="phrases" content="c">
    <item id="p0" content="c1[0:72]"/>
    <item id="p1" content="c5[0:24]"/>
  </tier>
  <tier id="g" type="glosses" content="c">
    <item id="g0" content="c3[0:65]" alignment="p1"/>
    <item id="g1" content="c6[0:20]" alignment="p2"/>
  </tier>
</igt>
<igt id="i155360">
  <metadata type="xigt-meta">
    <meta type="language" name="duala" iso-639-3="dua" tiers="phrases words morphemes"/>
    <meta type="language" name="English" iso-639-3="eng" tiers="translations"/>
    <meta type="odin-source" doc-id="3291" line-range="1076-1082" line-types="L+CR+SY L+CR+SY L+CR+SY G+CR G+CR L+SY G"/>
  </metadata>
  <tier id="o" type="odin-raw">
    <item id="o1" line="1076" tag="L+CR+SY">                                                      na njei Kuo a keke [</item>
    <item id="o2" line="1077" tag="L+CR+SY">              *[ CP1 O ta           (no) pula [ CP2</item>
    <item id="o3" line="1078" tag="L+CR+SY">         e.                                                                        CP      3</item>
    <item id="o4" line="1079" tag="G+CR">                                                      that what K. he try</item>
    <item id="o5" line="1080" tag="G+CR">                     you aux-past        want</item>
    <item id="o6" line="1081" tag="L+SY">               wanea muna-o ti ]]] ?</item>
    <item id="o7" line="1082" tag="G">               bring child-his</item>
  </tier>
  <tier id="c" type="odin-clean">
    <item id="c1" line="1076 1077 1078" tag="L+CR+SY">*[ CP1 O ta           (no) pula [ CP2   na njei Kuo a keke [         CP      3</item>
    <item id="c4" line="1079 1080" tag="G+CR">you aux-past        want         that what K. he try</item>
    <item id="c6" line="1081" tag="L+SY">wanea muna-o ti ]]] ?</item>
    <item id="c7" line="1082" tag="G">bring child-his</item>
  </tier>
  <tier id="p" type="phrases" content="c">
    <item id="p0" content="c1[0:78]"/>
    <item id="p1" content="c6[0:21]"/>
  </tier>
  <tier id="g" type="glosses" content="c">
    <item id="g0" content="c4[0:52]" alignment="p1"/>
    <item id="g1" content="c7[0:15]" alignment="p2"/>
  </tier>
</igt>
<igt id="i155392">
  <metadata type="xigt-meta">
    <meta type="language" name="duala" iso-639-3="dua" tiers="phrases words morphemes"/>
    <meta type="language" name="English" iso-639-3="eng" tiers="translations"/>
    <meta type="odin-source" doc-id="3291" line-range="1723-1724" line-types="L G"/>
  </metadata>
  <tier id="o" type="odin-raw">
    <item id="o1" line="1723" tag="L">  (69)    a. *O bodi no nja moni ?</item>
    <item id="o2" line="1724" tag="G">              you give q who money</item>
  </tier>
  <tier id="c" type="odin-clean">
    <item id="c1" line="1723" tag="L">*O bodi no nja moni ?</item>
    <item id="c2" line="1724" tag="G">you give q who money</item>
  </tier>
  <tier id="p" type="phrases" content="c">
    <item id="p0" content="c1[0:21]"/>
  </tier>
  <tier id="g" type="glosses" content="c">
    <item id="g0" content="c2[0:20]" alignment="p1"/>
  </tier>
</igt>
<igt id="i155393">
  <metadata type="xigt-meta">
    <meta type="language" name="duala" iso-639-3="dua" tiers="phrases words morphemes"/>
    <meta type="language" name="English" iso-639-3="eng" tiers="translations"/>
    <meta type="odin-source" doc-id="3291" line-range="1725-1728" line-types="L G+CR G+CR T"/>
  </metadata>
  <tier id="o" type="odin-raw">
    <item id="o1" line="1725" tag="L">          b. Njai o bodi no ti moni ?</item>
    <item id="o2" line="1726" tag="G+CR">                                 money</item>
    <item id="o3" line="1727" tag="G+CR">              who you give q</item>
    <item id="o4" line="1728" tag="T">              `Who did you give the money to?'</item>
  </tier>
  <tier id="c" type="odin-clean">
    <item id="c1" line="1725" tag="L">Njai o bodi no ti moni ?</item>
    <item id="c2" line="1726 1727" tag="G+CR">who you give q     money</item>
    <item id="c4" line="1728" tag="T">Who did you give the money to?</item>
  </tier>
  <tier id="p" type="phrases" content="c">
    <item id="p0" content="c1[0:24]"/>
  </tier>
  <tier id="g" type="glosses" content="c">
    <item id="g0" content="c2[0:24]" alignment="p1"/>
  </tier>
  <tier id="t" type="translations" content="c">
    <item id="t0" content="c4[0:30]" alignment="p1"/>
  </tier>
</igt>
<igt id="i155401">
  <metadata type="xigt-meta">
    <meta type="language" name="duala" iso-639-3="dua" tiers="phrases words morphemes"/>
    <meta type="language" name="English" iso-639-3="eng" tiers="translations"/>
    <meta type="odin-source" doc-id="3291" line-range="1787-1788" line-types="L G"/>
  </metadata>
  <tier id="o" type="odin-raw">
    <item id="o1" line="1787" tag="L">  (72)   a. *O bodi no      nja moni ?</item>
    <item id="o2" line="1788" tag="G">             you give prtcl who money</item>
  </tier>
  <tier id="c" type="odin-clean">
    <item id="c1" line="1787" tag="L">*O bodi no      nja moni ?</item>
    <item id="c2" line="1788" tag="G">you give prtcl who money</item>
  </tier>
  <tier id="p" type="phrases" content="c">
    <item id="p0" content="c1[0:26]"/>
  </tier>
  <tier id="g" type="glosses" content="c">
    <item id="g0" content="c2[0:24]" alignment="p1"/>
  </tier>
</igt>
<igt id="i155402">
  <metadata type="xigt-meta">
    <meta type="language" name="duala" iso-639-3="dua" tiers="phrases words morphemes"/>
    <meta type="language" name="English" iso-639-3="eng" tiers="translations"/>
    <meta type="odin-source" doc-id="3291" line-range="1789-1791" line-types="L G T"/>
  </metadata>
  <tier id="o" type="odin-raw">
    <item id="o1" line="1789" tag="L">         b. Nja o bodi no        moni ?</item>
    <item id="o2" line="1790" tag="G">             who you give prtcl money</item>
    <item id="o3" line="1791" tag="T">             `Who did you give the money to?'</item>
  </tier>
  <tier id="c" type="odin-clean">
    <item id="c1" line="1789" tag="L">Nja o bodi no        moni ?</item>
    <item id="c2" line="1790" tag="G">who you give prtcl money</item>
    <item id="c3" line="1791" tag="T">Who did you give the money to?</item>
  </tier>
  <tier id="p" type="phrases" content="c">
    <item id="p0" content="c1[0:27]"/>
  </tier>
  <tier id="g" type="glosses" content="c">
    <item id="g0" content="c2[0:24]" alignment="p1"/>
  </tier>
  <tier id="t" type="translations" content="c">
    <item id="t0" content="c3[0:30]" alignment="p1"/>
  </tier>
</igt>
<igt id="i155910">
  <metadata type="xigt-meta">
    <meta type="language" name="duala" iso-639-3="dua" tiers="phrases words morphemes"/>
    <meta type="language" name="English" iso-639-3="eng" tiers="translations"/>
    <meta type="odin-source" doc-id="3302" line-range="173-173" line-types="L-T+LN"/>
  </metadata>
  <tier id="o" type="odin-raw">
    <item id="o1" line="173" tag="L-T+LN">  (3)    a. Duala      wána                        `(to) bring', but</item>
  </tier>
  <tier id="c" type="odin-clean">
    <item id="c1" line="173" tag="L-T+LN">Duala      wána                        `(to) bring', but</item>
  </tier>
</igt>
<igt id="i155911">
  <metadata type="xigt-meta">
    <meta type="language" name="duala" iso-639-3="dua" tiers="phrases words morphemes"/>
    <meta type="language" name="English" iso-639-3="eng" tiers="translations"/>
    <meta type="odin-source" doc-id="3302" line-range="174-174" line-types="L-T"/>
  </metadata>
  <tier id="o" type="odin-raw">
    <item id="o1" line="174" tag="L-T">                       a ma-wáná mabato            `She brings clothes'</item>
  </tier>
  <tier id="c" type="odin-clean">
    <item id="c1" line="174" tag="L-T">a ma-wáná mabato            `She brings clothes</item>
  </tier>
</igt>
<igt id="i155912">
  <metadata type="xigt-meta">
    <meta type="language" name="duala" iso-639-3="dua" tiers="phrases words morphemes"/>
    <meta type="language" name="English" iso-639-3="eng" tiers="translations"/>
    <meta type="odin-source" doc-id="3302" line-range="175-175" line-types="L-T"/>
  </metadata>
  <tier id="o" type="odin-raw">
    <item id="o1" line="175" tag="L-T">         b.            bitó bá-manda               `Women buy', but</item>
  </tier>
  <tier id="c" type="odin-clean">
    <item id="c1" line="175" tag="L-T">bitó bá-manda               `Women buy', but</item>
  </tier>
</igt>
<igt id="i155913">
  <metadata type="xigt-meta">
    <meta type="language" name="duala" iso-639-3="dua" tiers="phrases words morphemes"/>
    <meta type="language" name="English" iso-639-3="eng" tiers="translations"/>
    <meta type="odin-source" doc-id="3302" line-range="176-176" line-types="L-T"/>
  </metadata>
  <tier id="o" type="odin-raw">
    <item id="o1" line="176" tag="L-T">                       bító bá-mandá mabato        `Women buy clothes'</item>
  </tier>
  <tier id="c" type="odin-clean">
    <item id="c1" line="176" tag="L-T">bító bá-mandá mabato        `Women buy clothes</item>
  </tier>
</igt>
</xigt-corpus>
