<?xml version="1.0" encoding="UTF-8"?>
<xigt-corpus>
<igt id="i41402">
  <metadata type="xigt-meta">
    <meta type="language" name="yag dii" iso-639-3="dur" tiers="phrases words morphemes"/>
    <meta type="language" name="English" iso-639-3="eng" tiers="translations"/>
    <meta type="odin-source" doc-id="3510" line-range="902-908" line-types="L+CR L+CR L+CR L+CR B G+CR T+AC"/>
  </metadata>
  <tier id="o" type="odin-raw">
    <item id="o1" line="902" tag="L+CR">                                l uu s ´ ' ´</item>
    <item id="o2" line="903" tag="L+CR">           Y´ gho      m´n</item>
    <item id="o3" line="904" tag="L+CR">                         i´</item>
    <item id="o4" line="905" tag="L+CR">   (61)          ´                ´´</item>
    <item id="o5" line="906" tag="B"></item>
    <item id="o6" line="907" tag="G+CR">           tomorrow 1S G .F U T leave P E R F</item>
    <item id="o7" line="908" tag="T+AC">           `I (have decided to) leave tomorrow' (Bohnoff 1986:108, 10)</item>
  </tier>
  <tier id="c" type="odin-clean">
    <item id="c1" line="902 903" tag="L+CR">Y´ gho      m´n    l uu s ´ ' ´</item>
    <item id="c5" line="906" tag="B"/>
    <item id="c6" line="907" tag="G+CR">tomorrow 1S G .F U T leave P E R F</item>
    <item id="c7" line="908" tag="T+AC">I (have decided to) leave tomorrow' (Bohnoff 1986:108, 10)</item>
  </tier>
  <tier id="p" type="phrases" content="c">
    <item id="p0" content="c1[0:31]"/>
  </tier>
  <tier id="g" type="glosses" content="c">
    <item id="g0" content="c6[0:34]" alignment="p1"/>
  </tier>
  <tier id="t" type="translations" content="c">
    <item id="t0" content="c7[0:58]" alignment="p1"/>
  </tier>
</igt>
<igt id="i41403">
  <metadata type="xigt-meta">
    <meta type="language" name="yag dii" iso-639-3="dur" tiers="phrases words morphemes"/>
    <meta type="language" name="English" iso-639-3="eng" tiers="translations"/>
    <meta type="odin-source" doc-id="3510" line-range="909-912" line-types="L+CR L+CR G+CR T"/>
  </metadata>
  <tier id="o" type="odin-raw">
    <item id="o1" line="909" tag="L+CR">           M´n laa kaal´</item>
    <item id="o2" line="910" tag="L+CR">   (62)       i´ ` `               £</item>
    <item id="o3" line="911" tag="G+CR">           1.F U T leave town-to</item>
    <item id="o4" line="912" tag="T">           `I will go to town' (ibid, 11)</item>
  </tier>
  <tier id="c" type="odin-clean">
    <item id="c1" line="909" tag="L+CR">M´n laa kaal´</item>
    <item id="c3" line="911" tag="G+CR">1.F U T leave town-to</item>
    <item id="c4" line="912" tag="T">I will go to town' (ibid, 11)</item>
  </tier>
  <tier id="p" type="phrases" content="c">
    <item id="p0" content="c1[0:13]"/>
  </tier>
  <tier id="g" type="glosses" content="c">
    <item id="g0" content="c3[0:21]" alignment="p1"/>
  </tier>
  <tier id="t" type="translations" content="c">
    <item id="t0" content="c4[0:29]" alignment="p1"/>
  </tier>
</igt>
<igt id="i41404">
  <metadata type="xigt-meta">
    <meta type="language" name="yag dii" iso-639-3="dur" tiers="phrases words morphemes"/>
    <meta type="language" name="English" iso-639-3="eng" tiers="translations"/>
    <meta type="odin-source" doc-id="3510" line-range="913-918" line-types="L+CR L+CR B G+CR G+CR T+AC"/>
  </metadata>
  <tier id="o" type="odin-raw">
    <item id="o1" line="913" tag="L+CR">               m´ n</item>
    <item id="o2" line="914" tag="L+CR">   (63)    Ba                laa t la?</item>
    <item id="o3" line="915" tag="B"></item>
    <item id="o4" line="916" tag="G+CR">               2S G .N F U T go where</item>
    <item id="o5" line="917" tag="G+CR">           PA S T</item>
    <item id="o6" line="918" tag="T+AC">           `Where were you (recent past)?' (ibid:109,12)</item>
  </tier>
  <tier id="c" type="odin-clean">
    <item id="c1" line="913 914" tag="L+CR">Ba  m´ n         laa t la?</item>
    <item id="c3" line="915" tag="B"/>
    <item id="c4" line="916" tag="G+CR">2S G .N F U T go where</item>
    <item id="c6" line="918" tag="T+AC">Where were you (recent past)?' (ibid:109,12)</item>
  </tier>
  <tier id="p" type="phrases" content="c">
    <item id="p0" content="c1[0:26]"/>
  </tier>
  <tier id="g" type="glosses" content="c">
    <item id="g0" content="c4[0:22]" alignment="p1"/>
  </tier>
  <tier id="t" type="translations" content="c">
    <item id="t0" content="c6[0:44]" alignment="p1"/>
  </tier>
</igt>
<igt id="i48230">
  <metadata type="xigt-meta">
    <meta type="language" name="yag dii" iso-639-3="dur" tiers="phrases words morphemes"/>
    <meta type="language" name="English" iso-639-3="eng" tiers="translations"/>
    <meta type="odin-source" doc-id="3425" line-range="1371-1377" line-types="L+CR L+CR L+CR L+CR L+CR G T+AC"/>
  </metadata>
  <tier id="o" type="odin-raw">
    <item id="o1" line="1371" tag="L+CR">        (73) Y:gho</item>
    <item id="o2" line="1372" tag="L+CR">               ´´                  luu sA'A.</item>
    <item id="o3" line="1373" tag="L+CR">                           ´´              ´´</item>
    <item id="o4" line="1374" tag="L+CR">                                    ´´</item>
    <item id="o5" line="1375" tag="L+CR">                        min</item>
    <item id="o6" line="1376" tag="G">             tomorrow 1.SG.FUT leave PERF</item>
    <item id="o7" line="1377" tag="T+AC">                `I (have decided to) leave tomorrow.' (Bohnhoff 1986:108, ex. 10)</item>
  </tier>
  <tier id="c" type="odin-clean">
    <item id="c1" line="1371 1373 1374 1375" tag="L+CR">Y:gho      min´´     ´´     ´´</item>
    <item id="c6" line="1376" tag="G">tomorrow 1.SG.FUT leave PERF</item>
    <item id="c7" line="1377" tag="T+AC">I (have decided to) leave tomorrow.' (Bohnhoff 1986:108, ex. 10)</item>
  </tier>
  <tier id="p" type="phrases" content="c">
    <item id="p0" content="c1[0:30]"/>
  </tier>
  <tier id="g" type="glosses" content="c">
    <item id="g0" content="c6[0:28]" alignment="p1"/>
  </tier>
  <tier id="t" type="translations" content="c">
    <item id="t0" content="c7[0:64]" alignment="p1"/>
  </tier>
</igt>
<igt id="i48231">
  <metadata type="xigt-meta">
    <meta type="language" name="yag dii" iso-639-3="dur" tiers="phrases words morphemes"/>
    <meta type="language" name="English" iso-639-3="eng" tiers="translations"/>
    <meta type="odin-source" doc-id="3425" line-range="1426-1429" line-types="L+CR L+CR G T+EX"/>
  </metadata>
  <tier id="o" type="odin-raw">
    <item id="o1" line="1426" tag="L+CR">                ´´      ``        ´</item>
    <item id="o2" line="1427" tag="L+CR">        (74) Min       laa kaali  -.</item>
    <item id="o3" line="1428" tag="G">             1.SG.FUT leave town.to</item>
    <item id="o4" line="1429" tag="T+EX">                `I will go to town.' (ibid., ex. 11)</item>
  </tier>
  <tier id="c" type="odin-clean">
    <item id="c1" line="1426" tag="L+CR">´´      ``        ´</item>
    <item id="c3" line="1428" tag="G">1.SG.FUT leave town.to</item>
    <item id="c4" line="1429" tag="T+EX">I will go to town.' (ibid., ex. 11)</item>
  </tier>
  <tier id="p" type="phrases" content="c">
    <item id="p0" content="c1[0:19]"/>
  </tier>
  <tier id="g" type="glosses" content="c">
    <item id="g0" content="c3[0:22]" alignment="p1"/>
  </tier>
  <tier id="t" type="translations" content="c">
    <item id="t0" content="c4[0:35]" alignment="p1"/>
  </tier>
</igt>
<igt id="i48232">
  <metadata type="xigt-meta">
    <meta type="language" name="yag dii" iso-639-3="dur" tiers="phrases words morphemes"/>
    <meta type="language" name="English" iso-639-3="eng" tiers="translations"/>
    <meta type="odin-source" doc-id="3425" line-range="1430-1432" line-types="L G T+EX"/>
  </metadata>
  <tier id="o" type="odin-raw">
    <item id="o1" line="1430" tag="L">        (75) Ba m:n  ´        laa tla?</item>
    <item id="o2" line="1431" tag="G">             PAST 2.SG.NFUT go where</item>
    <item id="o3" line="1432" tag="T+EX">                `Where were you (recent past)?' (ibid., 109, ex. 12)</item>
  </tier>
  <tier id="c" type="odin-clean">
    <item id="c1" line="1430" tag="L">Ba m:n  ´        laa tla?</item>
    <item id="c2" line="1431" tag="G">PAST 2.SG.NFUT go where</item>
    <item id="c3" line="1432" tag="T+EX">Where were you (recent past)?' (ibid., 109, ex. 12)</item>
  </tier>
  <tier id="p" type="phrases" content="c">
    <item id="p0" content="c1[0:25]"/>
  </tier>
  <tier id="g" type="glosses" content="c">
    <item id="g0" content="c2[0:23]" alignment="p1"/>
  </tier>
  <tier id="t" type="translations" content="c">
    <item id="t0" content="c3[0:51]" alignment="p1"/>
  </tier>
</igt>
<igt id="i48233">
  <metadata type="xigt-meta">
    <meta type="language" name="yag dii" iso-639-3="dur" tiers="phrases words morphemes"/>
    <meta type="language" name="English" iso-639-3="eng" tiers="translations"/>
    <meta type="odin-source" doc-id="3425" line-range="1447-1450" line-types="L+CR L+CR G T+AC"/>
  </metadata>
  <tier id="o" type="odin-raw">
    <item id="o1" line="1447" tag="L+CR">                ´          ``</item>
    <item id="o2" line="1448" tag="L+CR">        (76) Mii         moo moo . . .</item>
    <item id="o3" line="1449" tag="G">             1.SG.EMPH speak word</item>
    <item id="o4" line="1450" tag="T+AC">                `I am speaking . . .' (Bohnhoff 1986:111, ex. 25)</item>
  </tier>
  <tier id="c" type="odin-clean">
    <item id="c1" line="1447" tag="L+CR">´</item>
    <item id="c3" line="1449" tag="G">1.SG.EMPH speak word</item>
    <item id="c4" line="1450" tag="T+AC">I am speaking . . .' (Bohnhoff 1986:111, ex. 25)</item>
  </tier>
  <tier id="p" type="phrases" content="c">
    <item id="p0" content="c1[0:1]"/>
  </tier>
  <tier id="g" type="glosses" content="c">
    <item id="g0" content="c3[0:20]" alignment="p1"/>
  </tier>
  <tier id="t" type="translations" content="c">
    <item id="t0" content="c4[0:48]" alignment="p1"/>
  </tier>
</igt>
<igt id="i48234">
  <metadata type="xigt-meta">
    <meta type="language" name="yag dii" iso-639-3="dur" tiers="phrases words morphemes"/>
    <meta type="language" name="English" iso-639-3="eng" tiers="translations"/>
    <meta type="odin-source" doc-id="3425" line-range="1451-1455" line-types="L+CR L+CR L+CR G T+EX"/>
  </metadata>
  <tier id="o" type="odin-raw">
    <item id="o1" line="1451" tag="L+CR">                ´´            ``     ´</item>
    <item id="o2" line="1452" tag="L+CR">        (77) VAnno           laa kaali</item>
    <item id="o3" line="1453" tag="L+CR">                                     -.</item>
    <item id="o4" line="1454" tag="G">             3.PL.FUT.EMPH go town.to</item>
    <item id="o5" line="1455" tag="T+EX">                `They themselves will go to town.' (ibid., ex. 26)</item>
  </tier>
  <tier id="c" type="odin-clean">
    <item id="c1" line="1451 1453" tag="L+CR">´´            ``-.</item>
    <item id="c4" line="1454" tag="G">3.PL.FUT.EMPH go town.to</item>
    <item id="c5" line="1455" tag="T+EX">They themselves will go to town.' (ibid., ex. 26)</item>
  </tier>
  <tier id="p" type="phrases" content="c">
    <item id="p0" content="c1[0:18]"/>
  </tier>
  <tier id="g" type="glosses" content="c">
    <item id="g0" content="c4[0:24]" alignment="p1"/>
  </tier>
  <tier id="t" type="translations" content="c">
    <item id="t0" content="c5[0:49]" alignment="p1"/>
  </tier>
</igt>
</xigt-corpus>
