<?xml version="1.0" encoding="UTF-8"?>
<xigt-corpus>
<igt id="i12007">
  <metadata type="xigt-meta">
    <meta type="language" name="dumi" iso-639-3="dus" tiers="phrases words morphemes"/>
    <meta type="language" name="English" iso-639-3="eng" tiers="translations"/>
    <meta type="odin-source" doc-id="2499" line-range="2055-2057" line-types="L G T+EX"/>
  </metadata>
  <tier id="o" type="odin-raw">
    <item id="o1" line="2055" tag="L">  (41)    a.       ©¡ ¨§ ¦¥ ¤£ ¢¡</item>
    <item id="o2" line="2056" tag="G">               see-[+1-2+du]</item>
    <item id="o3" line="2057" tag="T+EX">               `we (two, excl.) saw you' (p. 107)</item>
  </tier>
  <tier id="c" type="odin-clean">
    <item id="c1" line="2055" tag="L">©¡ ¨§ ¦¥ ¤£ ¢¡</item>
    <item id="c2" line="2056" tag="G">see-[+1-2+du]</item>
    <item id="c3" line="2057" tag="T+EX">we (two, excl.) saw you' (p. 107)</item>
  </tier>
  <tier id="p" type="phrases" content="c">
    <item id="p0" content="c1[0:14]"/>
  </tier>
  <tier id="g" type="glosses" content="c">
    <item id="g0" content="c2[0:13]" alignment="p1"/>
  </tier>
  <tier id="t" type="translations" content="c">
    <item id="t0" content="c3[0:33]" alignment="p1"/>
  </tier>
</igt>
<igt id="i12008">
  <metadata type="xigt-meta">
    <meta type="language" name="dumi" iso-639-3="dus" tiers="phrases words morphemes"/>
    <meta type="language" name="English" iso-639-3="eng" tiers="translations"/>
    <meta type="odin-source" doc-id="2499" line-range="2060-2063" line-types="L+CR L+CR G T+EX"/>
  </metadata>
  <tier id="o" type="odin-raw">
    <item id="o1" line="2060" tag="L+CR">          b.   a-        -sti</item>
    <item id="o2" line="2061" tag="L+CR">                   " ¢ !§ ¥ £</item>
    <item id="o3" line="2062" tag="G">               D-see-[+3-2+du]</item>
    <item id="o4" line="2063" tag="T+EX">               `you (sg.) saw them (two)' (p. 107)</item>
  </tier>
  <tier id="c" type="odin-clean">
    <item id="c1" line="2060" tag="L+CR">a--sti</item>
    <item id="c3" line="2062" tag="G">D-see-[+3-2+du]</item>
    <item id="c4" line="2063" tag="T+EX">you (sg.) saw them (two)' (p. 107)</item>
  </tier>
  <tier id="p" type="phrases" content="c">
    <item id="p0" content="c1[0:6]"/>
  </tier>
  <tier id="g" type="glosses" content="c">
    <item id="g0" content="c3[0:15]" alignment="p1"/>
  </tier>
  <tier id="t" type="translations" content="c">
    <item id="t0" content="c4[0:34]" alignment="p1"/>
  </tier>
</igt>
<igt id="i12027">
  <metadata type="xigt-meta">
    <meta type="language" name="dumi" iso-639-3="dus" tiers="phrases words morphemes"/>
    <meta type="language" name="English" iso-639-3="eng" tiers="translations"/>
    <meta type="odin-source" doc-id="2499" line-range="2560-2562" line-types="L G T+EX"/>
  </metadata>
  <tier id="o" type="odin-raw">
    <item id="o1" line="2560" tag="L">  (62)   a.       ©¡ ¨§ ¦¥ ¤£ ¢¡</item>
    <item id="o2" line="2561" tag="G">              see-[+1-2+du]</item>
    <item id="o3" line="2562" tag="T+EX">              `we (two, excl.) saw you ' (p. 107)</item>
  </tier>
  <tier id="c" type="odin-clean">
    <item id="c1" line="2560" tag="L">©¡ ¨§ ¦¥ ¤£ ¢¡</item>
    <item id="c2" line="2561" tag="G">see-[+1-2+du]</item>
    <item id="c3" line="2562" tag="T+EX">we (two, excl.) saw you ' (p. 107)</item>
  </tier>
  <tier id="p" type="phrases" content="c">
    <item id="p0" content="c1[0:14]"/>
  </tier>
  <tier id="g" type="glosses" content="c">
    <item id="g0" content="c2[0:13]" alignment="p1"/>
  </tier>
  <tier id="t" type="translations" content="c">
    <item id="t0" content="c3[0:34]" alignment="p1"/>
  </tier>
</igt>
<igt id="i12028">
  <metadata type="xigt-meta">
    <meta type="language" name="dumi" iso-639-3="dus" tiers="phrases words morphemes"/>
    <meta type="language" name="English" iso-639-3="eng" tiers="translations"/>
    <meta type="odin-source" doc-id="2499" line-range="2565-2568" line-types="L+CR L+CR G T+EX"/>
  </metadata>
  <tier id="o" type="odin-raw">
    <item id="o1" line="2565" tag="L+CR">         b.   a-        -sti</item>
    <item id="o2" line="2566" tag="L+CR">                  " ¢ !§ ¥ £</item>
    <item id="o3" line="2567" tag="G">              D-see-[+3-2+du]</item>
    <item id="o4" line="2568" tag="T+EX">              `you (sg.) saw them (two)' (p. 107)</item>
  </tier>
  <tier id="c" type="odin-clean">
    <item id="c1" line="2565" tag="L+CR">a--sti</item>
    <item id="c3" line="2567" tag="G">D-see-[+3-2+du]</item>
    <item id="c4" line="2568" tag="T+EX">you (sg.) saw them (two)' (p. 107)</item>
  </tier>
  <tier id="p" type="phrases" content="c">
    <item id="p0" content="c1[0:6]"/>
  </tier>
  <tier id="g" type="glosses" content="c">
    <item id="g0" content="c3[0:15]" alignment="p1"/>
  </tier>
  <tier id="t" type="translations" content="c">
    <item id="t0" content="c4[0:34]" alignment="p1"/>
  </tier>
</igt>
<igt id="i12029">
  <metadata type="xigt-meta">
    <meta type="language" name="dumi" iso-639-3="dus" tiers="phrases words morphemes"/>
    <meta type="language" name="English" iso-639-3="eng" tiers="translations"/>
    <meta type="odin-source" doc-id="2499" line-range="2592-2594" line-types="L G T+EX"/>
  </metadata>
  <tier id="o" type="odin-raw">
    <item id="o1" line="2592" tag="L">  (63)    a.       ©¡ ¨§ ¦¥ ¤£ ¢¡</item>
    <item id="o2" line="2593" tag="G">               see-[+1-2+du]</item>
    <item id="o3" line="2594" tag="T+EX">               `we (two, excl.) saw you ' (p. 107)</item>
  </tier>
  <tier id="c" type="odin-clean">
    <item id="c1" line="2592" tag="L">©¡ ¨§ ¦¥ ¤£ ¢¡</item>
    <item id="c2" line="2593" tag="G">see-[+1-2+du]</item>
    <item id="c3" line="2594" tag="T+EX">we (two, excl.) saw you ' (p. 107)</item>
  </tier>
  <tier id="p" type="phrases" content="c">
    <item id="p0" content="c1[0:14]"/>
  </tier>
  <tier id="g" type="glosses" content="c">
    <item id="g0" content="c2[0:13]" alignment="p1"/>
  </tier>
  <tier id="t" type="translations" content="c">
    <item id="t0" content="c3[0:34]" alignment="p1"/>
  </tier>
</igt>
<igt id="i12030">
  <metadata type="xigt-meta">
    <meta type="language" name="dumi" iso-639-3="dus" tiers="phrases words morphemes"/>
    <meta type="language" name="English" iso-639-3="eng" tiers="translations"/>
    <meta type="odin-source" doc-id="2499" line-range="2599-2606" line-types="T+EX B B B B B L G"/>
  </metadata>
  <tier id="o" type="odin-raw">
    <item id="o1" line="2599" tag="T+EX">         b.                                       `I see them' (p. 107)</item>
    <item id="o2" line="2600" tag="B"></item>
    <item id="o3" line="2601" tag="B"></item>
    <item id="o4" line="2602" tag="B"></item>
    <item id="o5" line="2603" tag="B"></item>
    <item id="o6" line="2604" tag="B"></item>
    <item id="o7" line="2605" tag="L">                  ¡       ¢ ¨§ ¦¥ £</item>
    <item id="o8" line="2606" tag="G">                 see-NPast-1sg-[-1+pl]</item>
  </tier>
  <tier id="c" type="odin-clean">
    <item id="c1" line="2599" tag="T+EX">`I see them' (p. 107)</item>
    <item id="c2" line="2600" tag="B"/>
    <item id="c3" line="2601" tag="B"/>
    <item id="c4" line="2602" tag="B"/>
    <item id="c5" line="2603" tag="B"/>
    <item id="c6" line="2604" tag="B"/>
    <item id="c7" line="2605" tag="L">¡       ¢ ¨§ ¦¥ £</item>
    <item id="c8" line="2606" tag="G">see-NPast-1sg-[-1+pl]</item>
  </tier>
  <tier id="p" type="phrases" content="c">
    <item id="p0" content="c7[0:17]"/>
  </tier>
  <tier id="g" type="glosses" content="c">
    <item id="g0" content="c8[0:21]" alignment="p1"/>
  </tier>
  <tier id="t" type="translations" content="c">
    <item id="t0" content="c1[0:21]"/>
  </tier>
</igt>
<igt id="i12115">
  <metadata type="xigt-meta">
    <meta type="language" name="dumi" iso-639-3="dus" tiers="phrases words morphemes"/>
    <meta type="language" name="English" iso-639-3="eng" tiers="translations"/>
    <meta type="odin-source" doc-id="2499" line-range="8135-8137" line-types="L-T M G"/>
  </metadata>
  <tier id="o" type="odin-raw">
    <item id="o1" line="8135" tag="L-T">  (13)   a.   ph -t-a                           `we (exc.) get up'</item>
    <item id="o2" line="8136" tag="M">                  ¨ ¥</item>
    <item id="o3" line="8137" tag="G">              get:up-[+1+pl]-NPast-[-dual]</item>
  </tier>
  <tier id="c" type="odin-clean">
    <item id="c1" line="8135" tag="L-T">ph-t-a                           `we (exc.) get up</item>
    <item id="c2" line="8136" tag="M">¨ ¥</item>
    <item id="c3" line="8137" tag="G">get:up-[+1+pl]-NPast-[-dual]</item>
  </tier>
  <tier id="g" type="glosses" content="c">
    <item id="g0" content="c3[0:28]"/>
  </tier>
</igt>
<igt id="i12116">
  <metadata type="xigt-meta">
    <meta type="language" name="dumi" iso-639-3="dus" tiers="phrases words morphemes"/>
    <meta type="language" name="English" iso-639-3="eng" tiers="translations"/>
    <meta type="odin-source" doc-id="2499" line-range="8138-8145" line-types="L-T B B B B B B G"/>
  </metadata>
  <tier id="o" type="odin-raw">
    <item id="o1" line="8138" tag="L-T">         b.   ph k-t-                           `I get up'</item>
    <item id="o2" line="8139" tag="B"></item>
    <item id="o3" line="8140" tag="B"></item>
    <item id="o4" line="8141" tag="B"></item>
    <item id="o5" line="8142" tag="B"></item>
    <item id="o6" line="8143" tag="B"></item>
    <item id="o7" line="8144" tag="B"></item>
    <item id="o8" line="8145" tag="G">              get:up-NPast-[+1+sg]</item>
  </tier>
  <tier id="c" type="odin-clean">
    <item id="c1" line="8138" tag="L-T">ph k-t-`I get up</item>
    <item id="c2" line="8139" tag="B"/>
    <item id="c3" line="8140" tag="B"/>
    <item id="c4" line="8141" tag="B"/>
    <item id="c5" line="8142" tag="B"/>
    <item id="c6" line="8143" tag="B"/>
    <item id="c7" line="8144" tag="B"/>
    <item id="c8" line="8145" tag="G">get:up-NPast-[+1+sg]</item>
  </tier>
  <tier id="g" type="glosses" content="c">
    <item id="g0" content="c8[0:20]"/>
  </tier>
</igt>
<igt id="i12117">
  <metadata type="xigt-meta">
    <meta type="language" name="dumi" iso-639-3="dus" tiers="phrases words morphemes"/>
    <meta type="language" name="English" iso-639-3="eng" tiers="translations"/>
    <meta type="odin-source" doc-id="2499" line-range="8146-8148" line-types="L-T+EX B G"/>
  </metadata>
  <tier id="o" type="odin-raw">
    <item id="o1" line="8146" tag="L-T+EX">         c.   a-ph k-ini                        `you (pl.) arise' (p. 96)</item>
    <item id="o2" line="8147" tag="B"></item>
    <item id="o3" line="8148" tag="G">              D-get:up-[-1+pl]</item>
  </tier>
  <tier id="c" type="odin-clean">
    <item id="c1" line="8146" tag="L-T+EX">a-ph k-ini                        `you (pl.) arise' (p. 96)</item>
    <item id="c2" line="8147" tag="B"/>
    <item id="c3" line="8148" tag="G">D-get:up-[-1+pl]</item>
  </tier>
  <tier id="g" type="glosses" content="c">
    <item id="g0" content="c3[0:16]"/>
  </tier>
</igt>
<igt id="i12179">
  <metadata type="xigt-meta">
    <meta type="language" name="dumi" iso-639-3="dus" tiers="phrases words morphemes"/>
    <meta type="language" name="English" iso-639-3="eng" tiers="translations"/>
    <meta type="odin-source" doc-id="2499" line-range="11267-11268" line-types="L-T+EX G"/>
  </metadata>
  <tier id="o" type="odin-raw">
    <item id="o1" line="11267" tag="L-T+EX">  (90)     a.     a-luph-a             `he/they see(s) you (sg.)' (p. 110)</item>
    <item id="o2" line="11268" tag="G">                  AGR-see-AGR</item>
  </tier>
  <tier id="c" type="odin-clean">
    <item id="c1" line="11267" tag="L-T+EX">a.     a-luph-a             `he/they see(s) you (sg.)' (p. 110</item>
    <item id="c2" line="11268" tag="G">AGR-see-AGR</item>
  </tier>
  <tier id="g" type="glosses" content="c">
    <item id="g0" content="c2[0:11]"/>
  </tier>
</igt>
<igt id="i12180">
  <metadata type="xigt-meta">
    <meta type="language" name="dumi" iso-639-3="dus" tiers="phrases words morphemes"/>
    <meta type="language" name="English" iso-639-3="eng" tiers="translations"/>
    <meta type="odin-source" doc-id="2499" line-range="11269-11270" line-types="L-T+EX G"/>
  </metadata>
  <tier id="o" type="odin-raw">
    <item id="o1" line="11269" tag="L-T+EX">           b.     lop-N-na             `I see you (sg.)' (p. 109)</item>
    <item id="o2" line="11270" tag="G">                  see-AGR-AGR</item>
  </tier>
  <tier id="c" type="odin-clean">
    <item id="c1" line="11269" tag="L-T+EX">lop-N-na             `I see you (sg.)' (p. 109)</item>
    <item id="c2" line="11270" tag="G">see-AGR-AGR</item>
  </tier>
  <tier id="g" type="glosses" content="c">
    <item id="g0" content="c2[0:11]"/>
  </tier>
</igt>
<igt id="i12181">
  <metadata type="xigt-meta">
    <meta type="language" name="dumi" iso-639-3="dus" tiers="phrases words morphemes"/>
    <meta type="language" name="English" iso-639-3="eng" tiers="translations"/>
    <meta type="odin-source" doc-id="2499" line-range="11299-11301" line-types="L-T B G"/>
  </metadata>
  <tier id="o" type="odin-raw">
    <item id="o1" line="11299" tag="L-T">  (92)    a.   a-ph k-ini                  `you (pl.) arise'</item>
    <item id="o2" line="11300" tag="B"></item>
    <item id="o3" line="11301" tag="G">               ??-arise-[-1+pl]</item>
  </tier>
  <tier id="c" type="odin-clean">
    <item id="c1" line="11299" tag="L-T">a-ph k-ini                  `you (pl.) arise</item>
    <item id="c2" line="11300" tag="B"/>
    <item id="c3" line="11301" tag="G">??-arise-[-1+pl]</item>
  </tier>
  <tier id="g" type="glosses" content="c">
    <item id="g0" content="c3[0:16]"/>
  </tier>
</igt>
<igt id="i12182">
  <metadata type="xigt-meta">
    <meta type="language" name="dumi" iso-639-3="dus" tiers="phrases words morphemes"/>
    <meta type="language" name="English" iso-639-3="eng" tiers="translations"/>
    <meta type="odin-source" doc-id="2499" line-range="11302-11304" line-types="L-T+EX B G"/>
  </metadata>
  <tier id="o" type="odin-raw">
    <item id="o1" line="11302" tag="L-T+EX">               ham-ph k-a                  `they arise' (p. 97)</item>
    <item id="o2" line="11303" tag="B">          b.</item>
    <item id="o3" line="11304" tag="G">               ??-arise-[-1+du]</item>
  </tier>
  <tier id="c" type="odin-clean">
    <item id="c1" line="11302" tag="L-T+EX">ham-ph k-a                  `they arise' (p. 97)</item>
    <item id="c2" line="11303" tag="B">b.</item>
    <item id="c3" line="11304" tag="G">??-arise-[-1+du]</item>
  </tier>
  <tier id="g" type="glosses" content="c">
    <item id="g0" content="c3[0:16]"/>
  </tier>
</igt>
<igt id="i12183">
  <metadata type="xigt-meta">
    <meta type="language" name="dumi" iso-639-3="dus" tiers="phrases words morphemes"/>
    <meta type="language" name="English" iso-639-3="eng" tiers="translations"/>
    <meta type="odin-source" doc-id="2499" line-range="11483-11485" line-types="L-T+EX B G"/>
  </metadata>
  <tier id="o" type="odin-raw">
    <item id="o1" line="11483" tag="L-T+EX">  (99)    ph k-k -t-a                       `we (exc.) get up' (p. 96)</item>
    <item id="o2" line="11484" tag="B"></item>
    <item id="o3" line="11485" tag="G">          get:up-[+1+pl]-NPast-[-du]</item>
  </tier>
  <tier id="c" type="odin-clean">
    <item id="c1" line="11483" tag="L-T+EX">ph k-k-t-a                       `we (exc.) get up' (p. 96</item>
    <item id="c2" line="11484" tag="B"/>
    <item id="c3" line="11485" tag="G">get:up-[+1+pl]-NPast-[-du]</item>
  </tier>
  <tier id="g" type="glosses" content="c">
    <item id="g0" content="c3[0:26]"/>
  </tier>
</igt>
<igt id="i12188">
  <metadata type="xigt-meta">
    <meta type="language" name="dumi" iso-639-3="dus" tiers="phrases words morphemes"/>
    <meta type="language" name="English" iso-639-3="eng" tiers="translations"/>
    <meta type="odin-source" doc-id="2499" line-range="11619-11622" line-types="L+CR L+CR G T+AC"/>
  </metadata>
  <tier id="o" type="odin-raw">
    <item id="o1" line="11619" tag="L+CR">  (108)        -k-t-a</item>
    <item id="o2" line="11620" tag="L+CR">           £ ¡</item>
    <item id="o3" line="11621" tag="G">           talk-S1p-Npast-SNdu</item>
    <item id="o4" line="11622" tag="T+AC">           `We (exc.) talk' (Dumi; van Driem, 1993:97)</item>
  </tier>
  <tier id="c" type="odin-clean">
    <item id="c1" line="11619" tag="L+CR">-k-t-a</item>
    <item id="c3" line="11621" tag="G">talk-S1p-Npast-SNdu</item>
    <item id="c4" line="11622" tag="T+AC">We (exc.) talk' (Dumi; van Driem, 1993:97)</item>
  </tier>
  <tier id="p" type="phrases" content="c">
    <item id="p0" content="c1[0:6]"/>
  </tier>
  <tier id="g" type="glosses" content="c">
    <item id="g0" content="c3[0:19]" alignment="p1"/>
  </tier>
  <tier id="t" type="translations" content="c">
    <item id="t0" content="c4[0:42]" alignment="p1"/>
  </tier>
</igt>
<igt id="i12224">
  <metadata type="xigt-meta">
    <meta type="language" name="dumi" iso-639-3="dus" tiers="phrases words morphemes"/>
    <meta type="language" name="English" iso-639-3="eng" tiers="translations"/>
    <meta type="odin-source" doc-id="2499" line-range="12997-13000" line-types="L B G T+EX"/>
  </metadata>
  <tier id="o" type="odin-raw">
    <item id="o1" line="12997" tag="L">  (17)   a.   ph kh-</item>
    <item id="o2" line="12998" tag="B"></item>
    <item id="o3" line="12999" tag="G">              get:up-[+1-2+du]</item>
    <item id="o4" line="13000" tag="T+EX">              `we (two, exc.) got up' (p. 97)</item>
  </tier>
  <tier id="c" type="odin-clean">
    <item id="c1" line="12997" tag="L">ph kh-</item>
    <item id="c2" line="12998" tag="B"/>
    <item id="c3" line="12999" tag="G">get:up-[+1-2+du]</item>
    <item id="c4" line="13000" tag="T+EX">we (two, exc.) got up' (p. 97)</item>
  </tier>
  <tier id="p" type="phrases" content="c">
    <item id="p0" content="c1[0:6]"/>
  </tier>
  <tier id="g" type="glosses" content="c">
    <item id="g0" content="c3[0:16]" alignment="p1"/>
  </tier>
  <tier id="t" type="translations" content="c">
    <item id="t0" content="c4[0:30]" alignment="p1"/>
  </tier>
</igt>
<igt id="i12225">
  <metadata type="xigt-meta">
    <meta type="language" name="dumi" iso-639-3="dus" tiers="phrases words morphemes"/>
    <meta type="language" name="English" iso-639-3="eng" tiers="translations"/>
    <meta type="odin-source" doc-id="2499" line-range="13001-13003" line-types="L G T+EX"/>
  </metadata>
  <tier id="o" type="odin-raw">
    <item id="o1" line="13001" tag="L">         b.   a-ph kh-i</item>
    <item id="o2" line="13002" tag="G">              MS-get:up-[+du]</item>
    <item id="o3" line="13003" tag="T+EX">              `you (two) got up' (p. 97)</item>
  </tier>
  <tier id="c" type="odin-clean">
    <item id="c1" line="13001" tag="L">a-ph kh-i</item>
    <item id="c2" line="13002" tag="G">MS-get:up-[+du]</item>
    <item id="c3" line="13003" tag="T+EX">you (two) got up' (p. 97)</item>
  </tier>
  <tier id="p" type="phrases" content="c">
    <item id="p0" content="c1[0:9]"/>
  </tier>
  <tier id="g" type="glosses" content="c">
    <item id="g0" content="c2[0:15]" alignment="p1"/>
  </tier>
  <tier id="t" type="translations" content="c">
    <item id="t0" content="c3[0:25]" alignment="p1"/>
  </tier>
</igt>
<igt id="i12226">
  <metadata type="xigt-meta">
    <meta type="language" name="dumi" iso-639-3="dus" tiers="phrases words morphemes"/>
    <meta type="language" name="English" iso-639-3="eng" tiers="translations"/>
    <meta type="odin-source" doc-id="2499" line-range="13004-13007" line-types="L B G T+EX"/>
  </metadata>
  <tier id="o" type="odin-raw">
    <item id="o1" line="13004" tag="L">         c.   ph kh-a</item>
    <item id="o2" line="13005" tag="B"></item>
    <item id="o3" line="13006" tag="G">              get:up-[-du]</item>
    <item id="o4" line="13007" tag="T+EX">              `he got up' (p. 97)</item>
  </tier>
  <tier id="c" type="odin-clean">
    <item id="c1" line="13004" tag="L">ph kh-a</item>
    <item id="c2" line="13005" tag="B"/>
    <item id="c3" line="13006" tag="G">get:up-[-du]</item>
    <item id="c4" line="13007" tag="T+EX">he got up' (p. 97)</item>
  </tier>
  <tier id="p" type="phrases" content="c">
    <item id="p0" content="c1[0:7]"/>
  </tier>
  <tier id="g" type="glosses" content="c">
    <item id="g0" content="c3[0:12]" alignment="p1"/>
  </tier>
  <tier id="t" type="translations" content="c">
    <item id="t0" content="c4[0:18]" alignment="p1"/>
  </tier>
</igt>
<igt id="i12227">
  <metadata type="xigt-meta">
    <meta type="language" name="dumi" iso-639-3="dus" tiers="phrases words morphemes"/>
    <meta type="language" name="English" iso-639-3="eng" tiers="translations"/>
    <meta type="odin-source" doc-id="2499" line-range="13013-13015" line-types="L G T+EX"/>
  </metadata>
  <tier id="o" type="odin-raw">
    <item id="o1" line="13013" tag="L">                ! ©¡ ¨§ ¦¥ ¤£ ¢¡</item>
    <item id="o2" line="13014" tag="G">              see-[+1-2+du]</item>
    <item id="o3" line="13015" tag="T+EX">              `we (two,exc.) saw you (two)' (p. 107)</item>
  </tier>
  <tier id="c" type="odin-clean">
    <item id="c1" line="13013" tag="L">! ©¡ ¨§ ¦¥ ¤£ ¢¡</item>
    <item id="c2" line="13014" tag="G">see-[+1-2+du]</item>
    <item id="c3" line="13015" tag="T+EX">we (two,exc.) saw you (two)' (p. 107)</item>
  </tier>
  <tier id="p" type="phrases" content="c">
    <item id="p0" content="c1[0:16]"/>
  </tier>
  <tier id="g" type="glosses" content="c">
    <item id="g0" content="c2[0:13]" alignment="p1"/>
  </tier>
  <tier id="t" type="translations" content="c">
    <item id="t0" content="c3[0:37]" alignment="p1"/>
  </tier>
</igt>
<igt id="i12228">
  <metadata type="xigt-meta">
    <meta type="language" name="dumi" iso-639-3="dus" tiers="phrases words morphemes"/>
    <meta type="language" name="English" iso-639-3="eng" tiers="translations"/>
    <meta type="odin-source" doc-id="2499" line-range="13016-13019" line-types="L+CR L+CR G T+EX"/>
  </metadata>
  <tier id="o" type="odin-raw">
    <item id="o1" line="13016" tag="L+CR">         b.   a-        -</item>
    <item id="o2" line="13017" tag="L+CR">                    ! ©¡ ¨§ ¦¥ ¤£ ¢¡</item>
    <item id="o3" line="13018" tag="G">              MS-see-[+1-2+du]</item>
    <item id="o4" line="13019" tag="T+EX">              `you (two) saw us (two,exc.)' (p. 108)</item>
  </tier>
  <tier id="c" type="odin-clean">
    <item id="c1" line="13016" tag="L+CR">a--</item>
    <item id="c3" line="13018" tag="G">MS-see-[+1-2+du]</item>
    <item id="c4" line="13019" tag="T+EX">you (two) saw us (two,exc.)' (p. 108)</item>
  </tier>
  <tier id="p" type="phrases" content="c">
    <item id="p0" content="c1[0:3]"/>
  </tier>
  <tier id="g" type="glosses" content="c">
    <item id="g0" content="c3[0:16]" alignment="p1"/>
  </tier>
  <tier id="t" type="translations" content="c">
    <item id="t0" content="c4[0:37]" alignment="p1"/>
  </tier>
</igt>
<igt id="i12229">
  <metadata type="xigt-meta">
    <meta type="language" name="dumi" iso-639-3="dus" tiers="phrases words morphemes"/>
    <meta type="language" name="English" iso-639-3="eng" tiers="translations"/>
    <meta type="odin-source" doc-id="2499" line-range="13021-13023" line-types="L-T+CR+EX L-T+CR G"/>
  </metadata>
  <tier id="o" type="odin-raw">
    <item id="o1" line="13021" tag="L-T+CR+EX">                       -i                  `you (two) saw him' (p. 107)</item>
    <item id="o2" line="13022" tag="L-T+CR">  (19)   a.   a-   ! ¡ !§ ¥ ¤£ ¢¡</item>
    <item id="o3" line="13023" tag="G">              MS-see-[+du]</item>
  </tier>
  <tier id="c" type="odin-clean">
    <item id="c1" line="13021" tag="L-T+CR+EX">-i                  `you (two) saw him' (p. 107)</item>
    <item id="c3" line="13023" tag="G">MS-see-[+du]</item>
  </tier>
  <tier id="g" type="glosses" content="c">
    <item id="g0" content="c3[0:12]"/>
  </tier>
</igt>
<igt id="i12230">
  <metadata type="xigt-meta">
    <meta type="language" name="dumi" iso-639-3="dus" tiers="phrases words morphemes"/>
    <meta type="language" name="English" iso-639-3="eng" tiers="translations"/>
    <meta type="odin-source" doc-id="2499" line-range="13024-13026" line-types="L-T+CR+EX L-T+CR G"/>
  </metadata>
  <tier id="o" type="odin-raw">
    <item id="o1" line="13024" tag="L-T+CR+EX">         b.   a-       -i                  `he saw you (two)' (p. 108)</item>
    <item id="o2" line="13025" tag="L-T+CR">                   ! ©¡ ¨§ ¦¥ ¤£ ¢¡</item>
    <item id="o3" line="13026" tag="G">              MS-see-[+du]</item>
  </tier>
  <tier id="c" type="odin-clean">
    <item id="c1" line="13024" tag="L-T+CR+EX">a--i                  `he saw you (two)' (p. 108)</item>
    <item id="c3" line="13026" tag="G">MS-see-[+du]</item>
  </tier>
  <tier id="g" type="glosses" content="c">
    <item id="g0" content="c3[0:12]"/>
  </tier>
</igt>
<igt id="i12231">
  <metadata type="xigt-meta">
    <meta type="language" name="dumi" iso-639-3="dus" tiers="phrases words morphemes"/>
    <meta type="language" name="English" iso-639-3="eng" tiers="translations"/>
    <meta type="odin-source" doc-id="2499" line-range="13039-13041" line-types="L-T+EX B G"/>
  </metadata>
  <tier id="o" type="odin-raw">
    <item id="o1" line="13039" tag="L-T+EX">  (20)   ph k-k-a                      `we (exc.) got up' (p. 97)</item>
    <item id="o2" line="13040" tag="B"></item>
    <item id="o3" line="13041" tag="G">         get:up-[+pl]-[-du]</item>
  </tier>
  <tier id="c" type="odin-clean">
    <item id="c1" line="13039" tag="L-T+EX">ph k-k-a                      `we (exc.) got up' (p. 97</item>
    <item id="c2" line="13040" tag="B"/>
    <item id="c3" line="13041" tag="G">get:up-[+pl]-[-du]</item>
  </tier>
  <tier id="g" type="glosses" content="c">
    <item id="g0" content="c3[0:18]"/>
  </tier>
</igt>
<igt id="i12232">
  <metadata type="xigt-meta">
    <meta type="language" name="dumi" iso-639-3="dus" tiers="phrases words morphemes"/>
    <meta type="language" name="English" iso-639-3="eng" tiers="translations"/>
    <meta type="odin-source" doc-id="2499" line-range="13066-13068" line-types="L-T+CR+EX L-T+CR G"/>
  </metadata>
  <tier id="o" type="odin-raw">
    <item id="o1" line="13066" tag="L-T+CR+EX">  (23)      a-       -i                    `you (two) saw him' (p. 107)</item>
    <item id="o2" line="13067" tag="L-T+CR">              ! ¡ !§ ¥ ¤£ ¢¡</item>
    <item id="o3" line="13068" tag="G">            MS-see-[+du]</item>
  </tier>
  <tier id="c" type="odin-clean">
    <item id="c1" line="13066" tag="L-T+CR+EX">a--i                    `you (two) saw him' (p. 107</item>
    <item id="c3" line="13068" tag="G">MS-see-[+du]</item>
  </tier>
  <tier id="g" type="glosses" content="c">
    <item id="g0" content="c3[0:12]"/>
  </tier>
</igt>
<igt id="i12233">
  <metadata type="xigt-meta">
    <meta type="language" name="dumi" iso-639-3="dus" tiers="phrases words morphemes"/>
    <meta type="language" name="English" iso-639-3="eng" tiers="translations"/>
    <meta type="odin-source" doc-id="2499" line-range="13116-13123" line-types="L+CR B B B B L+CR G T+EX"/>
  </metadata>
  <tier id="o" type="odin-raw">
    <item id="o1" line="13116" tag="L+CR">  (26)        a.                -t- -n</item>
    <item id="o2" line="13117" tag="B"></item>
    <item id="o3" line="13118" tag="B"></item>
    <item id="o4" line="13119" tag="B"></item>
    <item id="o5" line="13120" tag="B"></item>
    <item id="o6" line="13121" tag="L+CR">                        ¢ ¨§ ¦¥ £</item>
    <item id="o7" line="13122" tag="G">                       see-NPast-[+1-pl]-[-1+pl]</item>
    <item id="o8" line="13123" tag="T+EX">                       `I see them' (p. 107)</item>
  </tier>
  <tier id="c" type="odin-clean">
    <item id="c1" line="13116" tag="L+CR">-t--n</item>
    <item id="c2" line="13117" tag="B"/>
    <item id="c3" line="13118" tag="B"/>
    <item id="c4" line="13119" tag="B"/>
    <item id="c5" line="13120" tag="B"/>
    <item id="c6" line="13121" tag="L+CR">¢ ¨§ ¦¥ £</item>
    <item id="c7" line="13122" tag="G">see-NPast-[+1-pl]-[-1+pl]</item>
    <item id="c8" line="13123" tag="T+EX">I see them' (p. 107)</item>
  </tier>
  <tier id="p" type="phrases" content="c">
    <item id="p0" content="c1[0:5]"/>
    <item id="p1" content="c6[0:9]"/>
  </tier>
  <tier id="g" type="glosses" content="c">
    <item id="g0" content="c7[0:25]" alignment="p2"/>
  </tier>
  <tier id="t" type="translations" content="c">
    <item id="t0" content="c8[0:20]" alignment="p2"/>
  </tier>
</igt>
<igt id="i12234">
  <metadata type="xigt-meta">
    <meta type="language" name="dumi" iso-639-3="dus" tiers="phrases words morphemes"/>
    <meta type="language" name="English" iso-639-3="eng" tiers="translations"/>
    <meta type="odin-source" doc-id="2499" line-range="13124-13131" line-types="L+CR B B B B L+CR G T+EX"/>
  </metadata>
  <tier id="o" type="odin-raw">
    <item id="o1" line="13124" tag="L+CR">              b.       a-       -t- -n</item>
    <item id="o2" line="13125" tag="B"></item>
    <item id="o3" line="13126" tag="B"></item>
    <item id="o4" line="13127" tag="B"></item>
    <item id="o5" line="13128" tag="B"></item>
    <item id="o6" line="13129" tag="L+CR">                           ©¡ ¨§ ¦¥ ¤£ ¢¡</item>
    <item id="o7" line="13130" tag="G">                       D-see-NPast-[+1-pl]-[-1+pl]</item>
    <item id="o8" line="13131" tag="T+EX">                       `They see me' (p. 107)</item>
  </tier>
  <tier id="c" type="odin-clean">
    <item id="c1" line="13124" tag="L+CR">a--t--n</item>
    <item id="c2" line="13125" tag="B"/>
    <item id="c3" line="13126" tag="B"/>
    <item id="c4" line="13127" tag="B"/>
    <item id="c5" line="13128" tag="B"/>
    <item id="c6" line="13129" tag="L+CR">©¡ ¨§ ¦¥ ¤£ ¢¡</item>
    <item id="c7" line="13130" tag="G">D-see-NPast-[+1-pl]-[-1+pl]</item>
    <item id="c8" line="13131" tag="T+EX">They see me' (p. 107)</item>
  </tier>
  <tier id="p" type="phrases" content="c">
    <item id="p0" content="c1[0:7]"/>
    <item id="p1" content="c6[0:14]"/>
  </tier>
  <tier id="g" type="glosses" content="c">
    <item id="g0" content="c7[0:27]" alignment="p2"/>
  </tier>
  <tier id="t" type="translations" content="c">
    <item id="t0" content="c8[0:21]" alignment="p2"/>
  </tier>
</igt>
<igt id="i12235">
  <metadata type="xigt-meta">
    <meta type="language" name="dumi" iso-639-3="dus" tiers="phrases words morphemes"/>
    <meta type="language" name="English" iso-639-3="eng" tiers="translations"/>
    <meta type="odin-source" doc-id="2499" line-range="13177-13178" line-types="L-T+EX G"/>
  </metadata>
  <tier id="o" type="odin-raw">
    <item id="o1" line="13177" tag="L-T+EX">  (28)       aluph-ini                             `you (sg.) catched them' (p. 109)</item>
    <item id="o2" line="13178" tag="G">             catch-[-1+pl]</item>
  </tier>
  <tier id="c" type="odin-clean">
    <item id="c1" line="13177" tag="L-T+EX">aluph-ini                             `you (sg.) catched them' (p. 109</item>
    <item id="c2" line="13178" tag="G">catch-[-1+pl]</item>
  </tier>
  <tier id="g" type="glosses" content="c">
    <item id="g0" content="c2[0:13]"/>
  </tier>
</igt>
<igt id="i12236">
  <metadata type="xigt-meta">
    <meta type="language" name="dumi" iso-639-3="dus" tiers="phrases words morphemes"/>
    <meta type="language" name="English" iso-639-3="eng" tiers="translations"/>
    <meta type="odin-source" doc-id="2499" line-range="13223-13226" line-types="L+CR L+CR G T+EX"/>
  </metadata>
  <tier id="o" type="odin-raw">
    <item id="o1" line="13223" tag="L+CR">  (30)      a.               -t-a</item>
    <item id="o2" line="13224" tag="L+CR">                      ¢ ¨§ ¦¥ £</item>
    <item id="o3" line="13225" tag="G">                     see-NPast-[-du]</item>
    <item id="o4" line="13226" tag="T+EX">                     `he sees him' (p. 107)</item>
  </tier>
  <tier id="c" type="odin-clean">
    <item id="c1" line="13223" tag="L+CR">-t-a</item>
    <item id="c3" line="13225" tag="G">see-NPast-[-du]</item>
    <item id="c4" line="13226" tag="T+EX">he sees him' (p. 107)</item>
  </tier>
  <tier id="p" type="phrases" content="c">
    <item id="p0" content="c1[0:4]"/>
  </tier>
  <tier id="g" type="glosses" content="c">
    <item id="g0" content="c3[0:15]" alignment="p1"/>
  </tier>
  <tier id="t" type="translations" content="c">
    <item id="t0" content="c4[0:21]" alignment="p1"/>
  </tier>
</igt>
<igt id="i12237">
  <metadata type="xigt-meta">
    <meta type="language" name="dumi" iso-639-3="dus" tiers="phrases words morphemes"/>
    <meta type="language" name="English" iso-639-3="eng" tiers="translations"/>
    <meta type="odin-source" doc-id="2499" line-range="13231-13234" line-types="L+CR L+CR G T+EX"/>
  </metadata>
  <tier id="o" type="odin-raw">
    <item id="o1" line="13231" tag="L+CR">          b.           -t-i</item>
    <item id="o2" line="13232" tag="L+CR">               " ¢ ¨§ ¦¥ £</item>
    <item id="o3" line="13233" tag="G">               see-NPast-[+du]</item>
    <item id="o4" line="13234" tag="T+EX">               `they (du.) see him/he sees them (du.)' (p. 107)</item>
  </tier>
  <tier id="c" type="odin-clean">
    <item id="c1" line="13231" tag="L+CR">-t-i</item>
    <item id="c3" line="13233" tag="G">see-NPast-[+du]</item>
    <item id="c4" line="13234" tag="T+EX">they (du.) see him/he sees them (du.)' (p. 107)</item>
  </tier>
  <tier id="p" type="phrases" content="c">
    <item id="p0" content="c1[0:4]"/>
  </tier>
  <tier id="g" type="glosses" content="c">
    <item id="g0" content="c3[0:15]" alignment="p1"/>
  </tier>
  <tier id="t" type="translations" content="c">
    <item id="t0" content="c4[0:47]" alignment="p1"/>
  </tier>
</igt>
<igt id="i12238">
  <metadata type="xigt-meta">
    <meta type="language" name="dumi" iso-639-3="dus" tiers="phrases words morphemes"/>
    <meta type="language" name="English" iso-639-3="eng" tiers="translations"/>
    <meta type="odin-source" doc-id="2499" line-range="13235-13239" line-types="L+CR L+CR G T T+AL+EX"/>
  </metadata>
  <tier id="o" type="odin-raw">
    <item id="o1" line="13235" tag="L+CR">          c.           -t-ini</item>
    <item id="o2" line="13236" tag="L+CR">                ¢ ¨§ ¦¥ £</item>
    <item id="o3" line="13237" tag="G">               see-NPast-[-1+pl]</item>
    <item id="o4" line="13238" tag="T">               `they (pl.) see him/them (du.)' or:</item>
    <item id="o5" line="13239" tag="T+AL+EX">               `he/they(du.) see(s) them (pl.)' (p. 107)</item>
  </tier>
  <tier id="c" type="odin-clean">
    <item id="c1" line="13235" tag="L+CR">-t-ini</item>
    <item id="c3" line="13237" tag="G">see-NPast-[-1+pl]</item>
    <item id="c4" line="13238" tag="T">they (pl.) see him/them (du.)' or:</item>
    <item id="c5" line="13239" tag="T+AL+EX">he/they(du.) see(s) them (pl.)' (p. 107)</item>
  </tier>
  <tier id="p" type="phrases" content="c">
    <item id="p0" content="c1[0:6]"/>
  </tier>
  <tier id="g" type="glosses" content="c">
    <item id="g0" content="c3[0:17]" alignment="p1"/>
  </tier>
  <tier id="t" type="translations" content="c">
    <item id="t0" content="c4[0:34]" alignment="p1"/>
    <item id="t1" content="c5[0:40]" alignment="p1"/>
  </tier>
</igt>
<igt id="i49258">
  <metadata type="xigt-meta">
    <meta type="language" name="dumi" iso-639-3="dus" tiers="phrases words morphemes"/>
    <meta type="language" name="English" iso-639-3="eng" tiers="translations"/>
    <meta type="odin-source" doc-id="3426" line-range="141-144" line-types="L+CR L+CR G T"/>
  </metadata>
  <tier id="o" type="odin-raw">
    <item id="o1" line="141" tag="L+CR">         m-a           mwo: dzi-t-</item>
    <item id="o2" line="142" tag="L+CR">  (9)</item>
    <item id="o3" line="143" tag="G">         he-ERG        what eat-NON.PRET-s23 QUOT</item>
    <item id="o4" line="144" tag="T">         `What did he/they/you cating?'</item>
  </tier>
  <tier id="c" type="odin-clean">
    <item id="c1" line="141 142" tag="L+CR">m-a           mwo: dzi-t-</item>
    <item id="c3" line="143" tag="G">he-ERG        what eat-NON.PRET-s23 QUOT</item>
    <item id="c4" line="144" tag="T">What did he/they/you cating?</item>
  </tier>
  <tier id="p" type="phrases" content="c">
    <item id="p0" content="c1[0:25]"/>
  </tier>
  <tier id="g" type="glosses" content="c">
    <item id="g0" content="c3[0:40]" alignment="p1"/>
  </tier>
  <tier id="t" type="translations" content="c">
    <item id="t0" content="c4[0:28]" alignment="p1"/>
  </tier>
</igt>
<igt id="i63159">
  <metadata type="xigt-meta">
    <meta type="language" name="dumi" iso-639-3="dus" tiers="phrases words morphemes"/>
    <meta type="language" name="English" iso-639-3="eng" tiers="translations"/>
    <meta type="odin-source" doc-id="2559" line-range="124-129" line-types="M+LN L G+CR G+CR T M+AC"/>
  </metadata>
  <tier id="o" type="odin-raw">
    <item id="o1" line="124" tag="M+LN">  (1)      Dumi (Tibeto-Burman):</item>
    <item id="o2" line="125" tag="L">           a.     an    im      -a     ma-                         lita      -mis     -t                 -a.</item>
    <item id="o3" line="126" tag="G+CR">                                -ERG NEG.PERF-                     tell      -do      - N O N PA ST      -2/3SG</item>
    <item id="o4" line="127" tag="G+CR">                 2 SG   3 SG</item>
    <item id="o5" line="128" tag="T">                 `He hasn't told you.'</item>
    <item id="o6" line="129" tag="M+AC">                 (Van Driem 1993: 240)</item>
  </tier>
  <tier id="c" type="odin-clean">
    <item id="c1" line="124" tag="M+LN">Dumi (Tibeto-Burman):</item>
    <item id="c2" line="125" tag="L">an    im-a     ma-lita-mis-t-a.</item>
    <item id="c3" line="126 127" tag="G+CR">2 SG   3 SG-ERG NEG.PERF-tell-do-N O N PA ST-2/3SG</item>
    <item id="c5" line="128" tag="T">He hasn't told you.</item>
    <item id="c6" line="129" tag="M+AC">Van Driem 1993: 240</item>
  </tier>
  <tier id="p" type="phrases" content="c">
    <item id="p0" content="c2[0:31]"/>
  </tier>
  <tier id="g" type="glosses" content="c">
    <item id="g0" content="c3[0:50]" alignment="p1"/>
  </tier>
  <tier id="t" type="translations" content="c">
    <item id="t0" content="c5[0:19]" alignment="p1"/>
  </tier>
</igt>
<igt id="i116874">
  <metadata type="xigt-meta">
    <meta type="language" name="dumi" iso-639-3="dus" tiers="phrases words morphemes"/>
    <meta type="language" name="English" iso-639-3="eng" tiers="translations"/>
    <meta type="odin-source" doc-id="3656" line-range="5962-5965" line-types="M+AC+LN L G T"/>
  </metadata>
  <tier id="o" type="odin-raw">
    <item id="o1" line="5962" tag="M+AC+LN">  Dumi (Sino-Tibetan, Tibeto-Burman; Driem 1993: 65)</item>
    <item id="o2" line="5963" tag="L">        an-a an dza b -n-t-a</item>
    <item id="o3" line="5964" tag="G">        I-ERG yous rice give-1s2-NPT-s23</item>
    <item id="o4" line="5965" tag="T">        `I give you rice'.</item>
  </tier>
  <tier id="c" type="odin-clean">
    <item id="c1" line="5962" tag="M+AC+LN">Dumi (Sino-Tibetan, Tibeto-Burman; Driem 1993: 65)</item>
    <item id="c2" line="5963" tag="L">an-a an dza b-n-t-a</item>
    <item id="c3" line="5964" tag="G">I-ERG yous rice give-1s2-NPT-s23</item>
    <item id="c4" line="5965" tag="T">I give you rice'.</item>
  </tier>
  <tier id="p" type="phrases" content="c">
    <item id="p0" content="c2[0:19]"/>
  </tier>
  <tier id="g" type="glosses" content="c">
    <item id="g0" content="c3[0:32]" alignment="p1"/>
  </tier>
  <tier id="t" type="translations" content="c">
    <item id="t0" content="c4[0:17]" alignment="p1"/>
  </tier>
</igt>
</xigt-corpus>
