<?xml version="1.0" encoding="UTF-8"?>
<xigt-corpus>
<igt id="i30574">
  <metadata type="xigt-meta">
    <meta type="language" name="efik" iso-639-3="efi" tiers="phrases words morphemes"/>
    <meta type="language" name="English" iso-639-3="eng" tiers="translations"/>
    <meta type="odin-source" doc-id="1482" line-range="655-659" line-types="M+AC+LN+CN L+CR L+CR G T"/>
  </metadata>
  <tier id="o" type="odin-raw">
    <item id="o1" line="655" tag="M+AC+LN+CN">  (19) Efik (Benue-Congo, Niger-Congo; Essien 1974:11, 14)</item>
    <item id="o2" line="656" tag="L+CR">         Árìt éyeÛ ídém</item>
    <item id="o3" line="657" tag="L+CR">  a</item>
    <item id="o4" line="658" tag="G">        (Arit has body)</item>
    <item id="o5" line="659" tag="T">        'Arit has a beautiful body'</item>
  </tier>
  <tier id="c" type="odin-clean">
    <item id="c1" line="655" tag="M+AC+LN+CN">Efik (Benue-Congo, Niger-Congo; Essien 1974:11, 14</item>
    <item id="c2" line="656 657" tag="L+CR">a      Árìt éyeÛ ídém</item>
    <item id="c4" line="658" tag="G">Arit has body</item>
    <item id="c5" line="659" tag="T">Arit has a beautiful body</item>
  </tier>
  <tier id="p" type="phrases" content="c">
    <item id="p0" content="c2[0:21]"/>
  </tier>
  <tier id="g" type="glosses" content="c">
    <item id="g0" content="c4[0:13]" alignment="p1"/>
  </tier>
  <tier id="t" type="translations" content="c">
    <item id="t0" content="c5[0:25]" alignment="p1"/>
  </tier>
</igt>
<igt id="i30575">
  <metadata type="xigt-meta">
    <meta type="language" name="efik" iso-639-3="efi" tiers="phrases words morphemes"/>
    <meta type="language" name="English" iso-639-3="eng" tiers="translations"/>
    <meta type="odin-source" doc-id="1482" line-range="661-666" line-types="L+CR L+CR B B G T"/>
  </metadata>
  <tier id="o" type="odin-raw">
    <item id="o1" line="661" tag="L+CR">                 óyòm n¤díwòt     ídém ésieÛ</item>
    <item id="o2" line="662" tag="L+CR">  b      Árìt</item>
    <item id="o3" line="663" tag="B"></item>
    <item id="o4" line="664" tag="B">                                                                                          13</item>
    <item id="o5" line="665" tag="G">        (Arit want kill            body   her)</item>
    <item id="o6" line="666" tag="T">        'Arit wants to kill herself'</item>
  </tier>
  <tier id="c" type="odin-clean">
    <item id="c1" line="661 662" tag="L+CR">b      Árìt  óyòm n¤díwòt     ídém ésieÛ</item>
    <item id="c3" line="663" tag="B"/>
    <item id="c4" line="664" tag="B">13</item>
    <item id="c5" line="665" tag="G">Arit want kill            body   her</item>
    <item id="c6" line="666" tag="T">Arit wants to kill herself</item>
  </tier>
  <tier id="p" type="phrases" content="c">
    <item id="p0" content="c1[0:40]"/>
  </tier>
  <tier id="g" type="glosses" content="c">
    <item id="g0" content="c5[0:36]" alignment="p1"/>
  </tier>
  <tier id="t" type="translations" content="c">
    <item id="t0" content="c6[0:26]" alignment="p1"/>
  </tier>
</igt>
</xigt-corpus>
