<?xml version="1.0" encoding="UTF-8"?>
<xigt-corpus>
<igt id="i122506">
  <metadata type="xigt-meta">
    <meta type="language" name="old egyptian" iso-639-3="egy" tiers="phrases words morphemes"/>
    <meta type="language" name="English" iso-639-3="eng" tiers="translations"/>
    <meta type="odin-source" doc-id="4050" line-range="845-851" line-types="L+CR L+CR G L+CR L+CR G T"/>
  </metadata>
  <tier id="o" type="odin-raw">
    <item id="o1" line="845" tag="L+CR">          M x §t                           r¨ [f§-      §              m §¨t</item>
    <item id="o2" line="846" tag="L+CR">  (36)               t   w        n(j)t                        (-w)- t</item>
    <item id="o3" line="847" tag="G">          scale.FS t     his.FSG of.FSG Re carry- IMPF- PASS- PRTC.FSG justice</item>
    <item id="o4" line="848" tag="L+CR">                          r¨ nb]</item>
    <item id="o5" line="849" tag="L+CR">          jm - s</item>
    <item id="o6" line="850" tag="G">          in- 3FSG        day every</item>
    <item id="o7" line="851" tag="T">          `this scale    of Re in which justice is carried every day'</item>
  </tier>
  <tier id="c" type="odin-clean">
    <item id="c1" line="845 846" tag="L+CR">M x §t    t   w        n(j)t     r¨ [f§-§  (-w)-t     m §¨t</item>
    <item id="c3" line="847" tag="G">scale.FS t     his.FSG of.FSG Re carry-IMPF-PASS-PRTC.FSG justice</item>
    <item id="c4" line="848 849" tag="L+CR">jm-s          r¨ nb]</item>
    <item id="c6" line="850" tag="G">in-3FSG        day every</item>
    <item id="c7" line="851" tag="T">this scale    of Re in which justice is carried every day</item>
  </tier>
  <tier id="p" type="phrases" content="c">
    <item id="p0" content="c1[0:59]"/>
    <item id="p1" content="c4[0:20]"/>
  </tier>
  <tier id="g" type="glosses" content="c">
    <item id="g0" content="c3[0:65]" alignment="p1"/>
    <item id="g1" content="c6[0:24]" alignment="p2"/>
  </tier>
  <tier id="t" type="translations" content="c">
    <item id="t0" content="c7[0:57]" alignment="p2"/>
  </tier>
</igt>
</xigt-corpus>
