<?xml version="1.0" encoding="UTF-8"?>
<xigt-corpus>
<igt id="i33459">
  <metadata type="xigt-meta">
    <meta type="language" name="ekari" iso-639-3="ekg" tiers="phrases words morphemes"/>
    <meta type="language" name="English" iso-639-3="eng" tiers="translations"/>
    <meta type="odin-source" doc-id="3138" line-range="911-914" line-types="M+LN L G T"/>
  </metadata>
  <tier id="o" type="odin-raw">
    <item id="o1" line="911" tag="M+LN">                 (21) Ekari</item>
    <item id="o2" line="912" tag="L">                      a. mee wedaba nemouga ne-epeemegai.</item>
    <item id="o3" line="913" tag="G">                         people many behind     1pl-follow</item>
    <item id="o4" line="914" tag="T">                         `Many people followed us.'</item>
  </tier>
  <tier id="c" type="odin-clean">
    <item id="c1" line="911" tag="M+LN">Ekari</item>
    <item id="c2" line="912" tag="L">mee wedaba nemouga ne-epeemegai.</item>
    <item id="c3" line="913" tag="G">people many behind     1pl-follow</item>
    <item id="c4" line="914" tag="T">Many people followed us.</item>
  </tier>
  <tier id="p" type="phrases" content="c">
    <item id="p0" content="c2[0:32]"/>
  </tier>
  <tier id="g" type="glosses" content="c">
    <item id="g0" content="c3[0:33]" alignment="p1"/>
  </tier>
  <tier id="t" type="translations" content="c">
    <item id="t0" content="c4[0:24]" alignment="p1"/>
  </tier>
</igt>
<igt id="i33460">
  <metadata type="xigt-meta">
    <meta type="language" name="ekari" iso-639-3="ekg" tiers="phrases words morphemes"/>
    <meta type="language" name="English" iso-639-3="eng" tiers="translations"/>
    <meta type="odin-source" doc-id="3138" line-range="915-917" line-types="L G T+AC"/>
  </metadata>
  <tier id="o" type="odin-raw">
    <item id="o1" line="915" tag="L">                      b. niya-e-dokai</item>
    <item id="o2" line="916" tag="G">                         1pl-3sg-carry</item>
    <item id="o3" line="917" tag="T+AC">                         `Carry him for us.'               (Doble 1987: 90, 84)</item>
  </tier>
  <tier id="c" type="odin-clean">
    <item id="c1" line="915" tag="L">niya-e-dokai</item>
    <item id="c2" line="916" tag="G">1pl-3sg-carry</item>
    <item id="c3" line="917" tag="T+AC">Carry him for us.'               (Doble 1987: 90, 84)</item>
  </tier>
  <tier id="p" type="phrases" content="c">
    <item id="p0" content="c1[0:12]"/>
  </tier>
  <tier id="g" type="glosses" content="c">
    <item id="g0" content="c2[0:13]" alignment="p1"/>
  </tier>
  <tier id="t" type="translations" content="c">
    <item id="t0" content="c3[0:53]" alignment="p1"/>
  </tier>
</igt>
</xigt-corpus>
