<?xml version="1.0" encoding="UTF-8"?>
<xigt-corpus>
<igt id="i35428">
  <metadata type="xigt-meta">
    <meta type="language" name="yatye" iso-639-3="ekr" tiers="phrases words morphemes"/>
    <meta type="language" name="English" iso-639-3="eng" tiers="translations"/>
    <meta type="odin-source" doc-id="575" line-range="618-622" line-types="L+CR L+CR+SY M+CR+SY G T+AC"/>
  </metadata>
  <tier id="o" type="odin-raw">
    <item id="o1" line="618" tag="L+CR">   (18) KØku sØ nyØnu Ø</item>
    <item id="o2" line="619" tag="L+CR+SY">          `´ ´        ´^ ´      da.</item>
    <item id="o3" line="620" tag="M+CR+SY">                                  `</item>
    <item id="o4" line="621" tag="G">        Koku take woman DEF marry</item>
    <item id="o5" line="622" tag="T+AC">        `Koku married the woman.' (413, from Da Cruz, 1994: 50)</item>
  </tier>
  <tier id="c" type="odin-clean">
    <item id="c1" line="618" tag="L+CR">KØku sØ nyØnu Ø</item>
    <item id="c3" line="620" tag="M+CR+SY"></item>
    <item id="c4" line="621" tag="G">Koku take woman DEF marry</item>
    <item id="c5" line="622" tag="T+AC">Koku married the woman.' (413, from Da Cruz, 1994: 50)</item>
  </tier>
  <tier id="p" type="phrases" content="c">
    <item id="p0" content="c1[0:15]"/>
  </tier>
  <tier id="g" type="glosses" content="c">
    <item id="g0" content="c4[0:25]" alignment="p1"/>
  </tier>
  <tier id="t" type="translations" content="c">
    <item id="t0" content="c5[0:54]" alignment="p1"/>
  </tier>
</igt>
<igt id="i35429">
  <metadata type="xigt-meta">
    <meta type="language" name="yatye" iso-639-3="ekr" tiers="phrases words morphemes"/>
    <meta type="language" name="English" iso-639-3="eng" tiers="translations"/>
    <meta type="odin-source" doc-id="575" line-range="629-632" line-types="L+CR M+CR+SY G T+AC"/>
  </metadata>
  <tier id="o" type="odin-raw">
    <item id="o1" line="629" tag="L+CR">   (19) KØku     sØ xØntØn tØn hwe.</item>
    <item id="o2" line="630" tag="M+CR+SY">          `´       ´    ´`      `         `</item>
    <item id="o3" line="631" tag="G">        Koku     take friend GEN be-small</item>
    <item id="o4" line="632" tag="T+AC">        "Koku     humiliated his friend." (p. 412 from Da Cruz, 1994, p. 47)</item>
  </tier>
  <tier id="c" type="odin-clean">
    <item id="c1" line="629" tag="L+CR">KØku     sØ xØntØn tØn hwe.</item>
    <item id="c2" line="630" tag="M+CR+SY">´       ´    ´`</item>
    <item id="c3" line="631" tag="G">Koku     take friend GEN be-small</item>
    <item id="c4" line="632" tag="T+AC">Koku     humiliated his friend." (p. 412 from Da Cruz, 1994, p. 47)</item>
  </tier>
  <tier id="p" type="phrases" content="c">
    <item id="p0" content="c1[0:27]"/>
  </tier>
  <tier id="g" type="glosses" content="c">
    <item id="g0" content="c3[0:33]" alignment="p1"/>
  </tier>
  <tier id="t" type="translations" content="c">
    <item id="t0" content="c4[0:67]" alignment="p1"/>
  </tier>
</igt>
<igt id="i35430">
  <metadata type="xigt-meta">
    <meta type="language" name="yatye" iso-639-3="ekr" tiers="phrases words morphemes"/>
    <meta type="language" name="English" iso-639-3="eng" tiers="translations"/>
    <meta type="odin-source" doc-id="575" line-range="633-637" line-types="L+CR L+CR+SY M+CR+SY G T+AC"/>
  </metadata>
  <tier id="o" type="odin-raw">
    <item id="o1" line="633" tag="L+CR">   (20) KØku     sØ gbe y` j</item>
    <item id="o2" line="634" tag="L+CR+SY">          `´       ´           i i.</item>
    <item id="o3" line="635" tag="M+CR+SY">                         `</item>
    <item id="o4" line="636" tag="G">        Koku     take voice go up</item>
    <item id="o5" line="637" tag="T+AC">        `Koku    raised his voice.' (Da Cruz, 1994: 46)</item>
  </tier>
  <tier id="c" type="odin-clean">
    <item id="c1" line="633" tag="L+CR">KØku     sØ gbe y` j</item>
    <item id="c3" line="635" tag="M+CR+SY"></item>
    <item id="c4" line="636" tag="G">Koku     take voice go up</item>
    <item id="c5" line="637" tag="T+AC">Koku    raised his voice.' (Da Cruz, 1994: 46)</item>
  </tier>
  <tier id="p" type="phrases" content="c">
    <item id="p0" content="c1[0:20]"/>
  </tier>
  <tier id="g" type="glosses" content="c">
    <item id="g0" content="c4[0:25]" alignment="p1"/>
  </tier>
  <tier id="t" type="translations" content="c">
    <item id="t0" content="c5[0:46]" alignment="p1"/>
  </tier>
</igt>
</xigt-corpus>
