<?xml version="1.0" encoding="UTF-8"?>
<xigt-corpus>
<igt id="i89501">
  <metadata type="xigt-meta">
    <meta type="language" name="maninka" iso-639-3="emk" tiers="phrases words morphemes"/>
    <meta type="language" name="English" iso-639-3="eng" tiers="translations"/>
    <meta type="odin-source" doc-id="647" line-range="463-467" line-types="M+AC+LN L+CR L+CR G T"/>
  </metadata>
  <tier id="o" type="odin-raw">
    <item id="o1" line="463" tag="M+AC+LN">  Maninka (Friedländer 1992: 51)</item>
    <item id="o2" line="464" tag="L+CR">                                     O</item>
    <item id="o3" line="465" tag="L+CR">  (19)      Kamori yé       wàá d´</item>
    <item id="o4" line="466" tag="G">            Kamori COP bush Pp_in</item>
    <item id="o5" line="467" tag="T">            `Kamori is in the bush.'</item>
  </tier>
  <tier id="c" type="odin-clean">
    <item id="c1" line="463" tag="M+AC+LN">Maninka (Friedländer 1992: 51)</item>
    <item id="c2" line="464" tag="L+CR">O</item>
    <item id="c4" line="466" tag="G">Kamori COP bush Pp_in</item>
    <item id="c5" line="467" tag="T">Kamori is in the bush.</item>
  </tier>
  <tier id="p" type="phrases" content="c">
    <item id="p0" content="c2[0:1]"/>
  </tier>
  <tier id="g" type="glosses" content="c">
    <item id="g0" content="c4[0:21]" alignment="p1"/>
  </tier>
  <tier id="t" type="translations" content="c">
    <item id="t0" content="c5[0:22]" alignment="p1"/>
  </tier>
</igt>
<igt id="i89502">
  <metadata type="xigt-meta">
    <meta type="language" name="maninka" iso-639-3="emk" tiers="phrases words morphemes"/>
    <meta type="language" name="English" iso-639-3="eng" tiers="translations"/>
    <meta type="odin-source" doc-id="647" line-range="468-472" line-types="L+CR L+CR L+CR G T"/>
  </metadata>
  <tier id="o" type="odin-raw">
    <item id="o1" line="468" tag="L+CR">                                 O</item>
    <item id="o2" line="469" tag="L+CR">            ´</item>
    <item id="o3" line="470" tag="L+CR">  (20)      n    yé màló d´ mun-na</item>
    <item id="o4" line="471" tag="G">            1ps IPF rice eat-IPF</item>
    <item id="o5" line="472" tag="T">            `I am eating rice/I (usually) eat rice.'</item>
  </tier>
  <tier id="c" type="odin-clean">
    <item id="c1" line="468 469" tag="L+CR">´                   O</item>
    <item id="c4" line="471" tag="G">1ps IPF rice eat-IPF</item>
    <item id="c5" line="472" tag="T">I am eating rice/I (usually) eat rice.</item>
  </tier>
  <tier id="p" type="phrases" content="c">
    <item id="p0" content="c1[0:21]"/>
  </tier>
  <tier id="g" type="glosses" content="c">
    <item id="g0" content="c4[0:20]" alignment="p1"/>
  </tier>
  <tier id="t" type="translations" content="c">
    <item id="t0" content="c5[0:38]" alignment="p1"/>
  </tier>
</igt>
<igt id="i89511">
  <metadata type="xigt-meta">
    <meta type="language" name="maninka" iso-639-3="emk" tiers="phrases words morphemes"/>
    <meta type="language" name="English" iso-639-3="eng" tiers="translations"/>
    <meta type="odin-source" doc-id="647" line-range="672-676" line-types="M+AC+LN L+CR L+CR G T"/>
  </metadata>
  <tier id="o" type="odin-raw">
    <item id="o1" line="672" tag="M+AC+LN">  Maninka (Friedländer 1992: 76, 81)</item>
    <item id="o2" line="673" tag="L+CR">                           EE O</item>
    <item id="o3" line="674" tag="L+CR">  (29)      Fode ka j´ d´ mun</item>
    <item id="o4" line="675" tag="G">            Fode PFV fish eat</item>
    <item id="o5" line="676" tag="T">            `Fode ate fish.'</item>
  </tier>
  <tier id="c" type="odin-clean">
    <item id="c1" line="672" tag="M+AC+LN">Maninka (Friedländer 1992: 76, 81)</item>
    <item id="c2" line="673" tag="L+CR">EE O</item>
    <item id="c4" line="675" tag="G">Fode PFV fish eat</item>
    <item id="c5" line="676" tag="T">Fode ate fish.</item>
  </tier>
  <tier id="p" type="phrases" content="c">
    <item id="p0" content="c2[0:4]"/>
  </tier>
  <tier id="g" type="glosses" content="c">
    <item id="g0" content="c4[0:17]" alignment="p1"/>
  </tier>
  <tier id="t" type="translations" content="c">
    <item id="t0" content="c5[0:14]" alignment="p1"/>
  </tier>
</igt>
<igt id="i89512">
  <metadata type="xigt-meta">
    <meta type="language" name="maninka" iso-639-3="emk" tiers="phrases words morphemes"/>
    <meta type="language" name="English" iso-639-3="eng" tiers="translations"/>
    <meta type="odin-source" doc-id="647" line-range="677-680" line-types="L+CR L+CR G T"/>
  </metadata>
  <tier id="o" type="odin-raw">
    <item id="o1" line="677" tag="L+CR">              OO</item>
    <item id="o2" line="678" tag="L+CR">  (30)      m`     síyaman nà.da         à   báda</item>
    <item id="o3" line="679" tag="G">            person many      come.PFV 3ps Pp_at.home</item>
    <item id="o4" line="680" tag="T">            `Many people came to her place.'</item>
  </tier>
  <tier id="c" type="odin-clean">
    <item id="c1" line="677 678" tag="L+CR">m`OO   síyaman nà.da         à   báda</item>
    <item id="c3" line="679" tag="G">person many      come.PFV 3ps Pp_at.home</item>
    <item id="c4" line="680" tag="T">Many people came to her place.</item>
  </tier>
  <tier id="p" type="phrases" content="c">
    <item id="p0" content="c1[0:37]"/>
  </tier>
  <tier id="g" type="glosses" content="c">
    <item id="g0" content="c3[0:40]" alignment="p1"/>
  </tier>
  <tier id="t" type="translations" content="c">
    <item id="t0" content="c4[0:30]" alignment="p1"/>
  </tier>
</igt>
</xigt-corpus>
