<?xml version="1.0" encoding="UTF-8"?>
<xigt-corpus>
<igt id="i98699">
  <metadata type="xigt-meta">
    <meta type="language" name="romagnolo" iso-639-3="eml" tiers="phrases words morphemes"/>
    <meta type="language" name="English" iso-639-3="eng" tiers="translations"/>
    <meta type="odin-source" doc-id="2886" line-range="196-199" line-types="M+LN+EX L G T"/>
  </metadata>
  <tier id="o" type="odin-raw">
    <item id="o1" line="196" tag="M+LN+EX">  Romagnolo (spoken in Central Italy)</item>
    <item id="o2" line="197" tag="L">  18) Chi che t'è        vest?</item>
    <item id="o3" line="198" tag="G">      who that you-have seen</item>
    <item id="o4" line="199" tag="T">      `Who have you seen?'</item>
  </tier>
  <tier id="c" type="odin-clean">
    <item id="c1" line="196" tag="M+LN+EX">Romagnolo (spoken in Central Italy)</item>
    <item id="c2" line="197" tag="L">Chi che t'è        vest?</item>
    <item id="c3" line="198" tag="G">who that you-have seen</item>
    <item id="c4" line="199" tag="T">Who have you seen?</item>
  </tier>
  <tier id="p" type="phrases" content="c">
    <item id="p0" content="c2[0:24]"/>
  </tier>
  <tier id="g" type="glosses" content="c">
    <item id="g0" content="c3[0:22]" alignment="p1"/>
  </tier>
  <tier id="t" type="translations" content="c">
    <item id="t0" content="c4[0:18]" alignment="p1"/>
  </tier>
</igt>
</xigt-corpus>
