<?xml version="1.0" encoding="UTF-8"?>
<xigt-corpus>
<igt id="i80485">
  <metadata type="xigt-meta">
    <meta type="language" name="eshtehardi" iso-639-3="esh" tiers="phrases words morphemes"/>
    <meta type="language" name="English" iso-639-3="eng" tiers="translations"/>
    <meta type="odin-source" doc-id="1687" line-range="26-30" line-types="M+LN L+CR L+CR G T"/>
  </metadata>
  <tier id="o" type="odin-raw">
    <item id="o1" line="26" tag="M+LN">       (5)      Eshtehardi (Iranian, Iran):</item>
    <item id="o2" line="27" tag="L+CR">             a. Asb        ar¯</item>
    <item id="o3" line="28" tag="L+CR">                              asi-es</item>
    <item id="o4" line="29" tag="G">                horse.masc galloped-masc he-erg</item>
    <item id="o5" line="30" tag="T">                `He galloped a horse.'</item>
  </tier>
  <tier id="c" type="odin-clean">
    <item id="c1" line="26" tag="M+LN">Eshtehardi (Iranian, Iran):</item>
    <item id="c2" line="27" tag="L+CR">Asb        ar¯</item>
    <item id="c4" line="29" tag="G">horse.masc galloped-masc he-erg</item>
    <item id="c5" line="30" tag="T">He galloped a horse.</item>
  </tier>
  <tier id="p" type="phrases" content="c">
    <item id="p0" content="c2[0:14]"/>
  </tier>
  <tier id="g" type="glosses" content="c">
    <item id="g0" content="c4[0:31]" alignment="p1"/>
  </tier>
  <tier id="t" type="translations" content="c">
    <item id="t0" content="c5[0:20]" alignment="p1"/>
  </tier>
</igt>
<igt id="i80486">
  <metadata type="xigt-meta">
    <meta type="language" name="eshtehardi" iso-639-3="esh" tiers="phrases words morphemes"/>
    <meta type="language" name="English" iso-639-3="eng" tiers="translations"/>
    <meta type="odin-source" doc-id="1687" line-range="31-34" line-types="L+CR L+CR G T"/>
  </metadata>
  <tier id="o" type="odin-raw">
    <item id="o1" line="31" tag="L+CR">             b. M¯adiuna ar¯</item>
    <item id="o2" line="32" tag="L+CR">                            asia-s</item>
    <item id="o3" line="33" tag="G">                mare.fem galloped-fem he-erg</item>
    <item id="o4" line="34" tag="T">                `He galloped a mare.'</item>
  </tier>
  <tier id="c" type="odin-clean">
    <item id="c1" line="31" tag="L+CR">M¯adiuna ar¯</item>
    <item id="c3" line="33" tag="G">mare.fem galloped-fem he-erg</item>
    <item id="c4" line="34" tag="T">He galloped a mare.</item>
  </tier>
  <tier id="p" type="phrases" content="c">
    <item id="p0" content="c1[0:12]"/>
  </tier>
  <tier id="g" type="glosses" content="c">
    <item id="g0" content="c3[0:28]" alignment="p1"/>
  </tier>
  <tier id="t" type="translations" content="c">
    <item id="t0" content="c4[0:19]" alignment="p1"/>
  </tier>
</igt>
</xigt-corpus>
