<?xml version="1.0" encoding="UTF-8"?>
<xigt-corpus>
<igt id="i18136">
  <metadata type="xigt-meta">
    <meta type="language" name="yup'ik" iso-639-3="esu" tiers="phrases words morphemes"/>
    <meta type="language" name="English" iso-639-3="eng" tiers="translations"/>
    <meta type="odin-source" doc-id="2912" line-range="118-120" line-types="L+LN G T"/>
  </metadata>
  <tier id="o" type="odin-raw">
    <item id="o1" line="118" tag="L+LN">  (2) a.   angute-t kiputa-a-t                                              (Yup'ik)</item>
    <item id="o2" line="119" tag="G">           man-Erg (Pl) buy-OM-SM</item>
    <item id="o3" line="120" tag="T">           "the men bought it"</item>
  </tier>
  <tier id="c" type="odin-clean">
    <item id="c1" line="118" tag="L+LN">a.   angute-t kiputa-a-t                                              (Yup'ik</item>
    <item id="c2" line="119" tag="G">man-Erg (Pl) buy-OM-SM</item>
    <item id="c3" line="120" tag="T">the men bought it</item>
  </tier>
  <tier id="p" type="phrases" content="c">
    <item id="p0" content="c1[0:77]"/>
  </tier>
  <tier id="g" type="glosses" content="c">
    <item id="g0" content="c2[0:22]" alignment="p1"/>
  </tier>
  <tier id="t" type="translations" content="c">
    <item id="t0" content="c3[0:17]" alignment="p1"/>
  </tier>
</igt>
<igt id="i18137">
  <metadata type="xigt-meta">
    <meta type="language" name="yup'ik" iso-639-3="esu" tiers="phrases words morphemes"/>
    <meta type="language" name="English" iso-639-3="eng" tiers="translations"/>
    <meta type="odin-source" doc-id="2912" line-range="121-123" line-types="L G T"/>
  </metadata>
  <tier id="o" type="odin-raw">
    <item id="o1" line="121" tag="L">        b. angute-t kuiga-t</item>
    <item id="o2" line="122" tag="G">           the man-Erg (Pl) river-SM</item>
    <item id="o3" line="123" tag="T">           "the men's river"</item>
  </tier>
  <tier id="c" type="odin-clean">
    <item id="c1" line="121" tag="L">angute-t kuiga-t</item>
    <item id="c2" line="122" tag="G">the man-Erg (Pl) river-SM</item>
    <item id="c3" line="123" tag="T">the men's river</item>
  </tier>
  <tier id="p" type="phrases" content="c">
    <item id="p0" content="c1[0:16]"/>
  </tier>
  <tier id="g" type="glosses" content="c">
    <item id="g0" content="c2[0:25]" alignment="p1"/>
  </tier>
  <tier id="t" type="translations" content="c">
    <item id="t0" content="c3[0:15]" alignment="p1"/>
  </tier>
</igt>
<igt id="i20340">
  <metadata type="xigt-meta">
    <meta type="language" name="central yu'ik eskimo" iso-639-3="esu" tiers="phrases words morphemes"/>
    <meta type="language" name="English" iso-639-3="eng" tiers="translations"/>
    <meta type="odin-source" doc-id="496" line-range="57-59" line-types="L G T"/>
  </metadata>
  <tier id="o" type="odin-raw">
    <item id="o1" line="57" tag="L">  (73) a. Tengmiaq ayag-tuq.</item>
    <item id="o2" line="58" tag="G">           bird.ABS      go.away-IND.3.SG</item>
    <item id="o3" line="59" tag="T">           `The bird went away.'</item>
  </tier>
  <tier id="c" type="odin-clean">
    <item id="c1" line="57" tag="L">Tengmiaq ayag-tuq.</item>
    <item id="c2" line="58" tag="G">bird.ABS      go.away-IND.3.SG</item>
    <item id="c3" line="59" tag="T">The bird went away.</item>
  </tier>
  <tier id="p" type="phrases" content="c">
    <item id="p0" content="c1[0:18]"/>
  </tier>
  <tier id="g" type="glosses" content="c">
    <item id="g0" content="c2[0:30]" alignment="p1"/>
  </tier>
  <tier id="t" type="translations" content="c">
    <item id="t0" content="c3[0:19]" alignment="p1"/>
  </tier>
</igt>
<igt id="i20341">
  <metadata type="xigt-meta">
    <meta type="language" name="central yu'ik eskimo" iso-639-3="esu" tiers="phrases words morphemes"/>
    <meta type="language" name="English" iso-639-3="eng" tiers="translations"/>
    <meta type="odin-source" doc-id="496" line-range="61-63" line-types="L G T"/>
  </metadata>
  <tier id="o" type="odin-raw">
    <item id="o1" line="61" tag="L">        b. Tan'gurraa-m tengmiaq          ivar-a-a.</item>
    <item id="o2" line="62" tag="G">           boy-ERG/RLS      bird.ABS      seek-IND-A.3.SG.O.3.SG</item>
    <item id="o3" line="63" tag="T">           `The boy looked for the bird.'</item>
  </tier>
  <tier id="c" type="odin-clean">
    <item id="c1" line="61" tag="L">Tan'gurraa-m tengmiaq          ivar-a-a.</item>
    <item id="c2" line="62" tag="G">boy-ERG/RLS      bird.ABS      seek-IND-A.3.SG.O.3.SG</item>
    <item id="c3" line="63" tag="T">The boy looked for the bird.</item>
  </tier>
  <tier id="p" type="phrases" content="c">
    <item id="p0" content="c1[0:40]"/>
  </tier>
  <tier id="g" type="glosses" content="c">
    <item id="g0" content="c2[0:53]" alignment="p1"/>
  </tier>
  <tier id="t" type="translations" content="c">
    <item id="t0" content="c3[0:28]" alignment="p1"/>
  </tier>
</igt>
<igt id="i20342">
  <metadata type="xigt-meta">
    <meta type="language" name="central yu'ik eskimo" iso-639-3="esu" tiers="phrases words morphemes"/>
    <meta type="language" name="English" iso-639-3="eng" tiers="translations"/>
    <meta type="odin-source" doc-id="496" line-range="65-67" line-types="L G T"/>
  </metadata>
  <tier id="o" type="odin-raw">
    <item id="o1" line="65" tag="L">        c. Uyura-m-a               tengmiaq     ayag-cit-a-a.</item>
    <item id="o2" line="66" tag="G">           brother-ERG/RLS-1.SG bird.ABS        go.away-let-IND-A.3.SG.O.3.SG</item>
    <item id="o3" line="67" tag="T">           `My younger brother made/let the boy go away.'</item>
  </tier>
  <tier id="c" type="odin-clean">
    <item id="c1" line="65" tag="L">Uyura-m-a               tengmiaq     ayag-cit-a-a.</item>
    <item id="c2" line="66" tag="G">brother-ERG/RLS-1.SG bird.ABS        go.away-let-IND-A.3.SG.O.3.SG</item>
    <item id="c3" line="67" tag="T">My younger brother made/let the boy go away.</item>
  </tier>
  <tier id="p" type="phrases" content="c">
    <item id="p0" content="c1[0:50]"/>
  </tier>
  <tier id="g" type="glosses" content="c">
    <item id="g0" content="c2[0:66]" alignment="p1"/>
  </tier>
  <tier id="t" type="translations" content="c">
    <item id="t0" content="c3[0:44]" alignment="p1"/>
  </tier>
</igt>
<igt id="i20343">
  <metadata type="xigt-meta">
    <meta type="language" name="central yu'ik eskimo" iso-639-3="esu" tiers="phrases words morphemes"/>
    <meta type="language" name="English" iso-639-3="eng" tiers="translations"/>
    <meta type="odin-source" doc-id="496" line-range="69-71" line-types="L G T+AC"/>
  </metadata>
  <tier id="o" type="odin-raw">
    <item id="o1" line="69" tag="L">        d. Uyura-m-a               tengmiaq     tan'gurrar-mun      ivar-cit-a-a.</item>
    <item id="o2" line="70" tag="G">           brother-ERG/RLS-1.SG bird.ABS        boy-TMP             seek-let-IND-A.3.SG.O.3.SG</item>
    <item id="o3" line="71" tag="T+AC">           `My younger brother made/let the boy look for the bird.' (Woodbury 1985: 272-274)</item>
  </tier>
  <tier id="c" type="odin-clean">
    <item id="c1" line="69" tag="L">Uyura-m-a               tengmiaq     tan'gurrar-mun      ivar-cit-a-a.</item>
    <item id="c2" line="70" tag="G">brother-ERG/RLS-1.SG bird.ABS        boy-TMP             seek-let-IND-A.3.SG.O.3.SG</item>
    <item id="c3" line="71" tag="T+AC">My younger brother made/let the boy look for the bird.' (Woodbury 1985: 272-274)</item>
  </tier>
  <tier id="p" type="phrases" content="c">
    <item id="p0" content="c1[0:70]"/>
  </tier>
  <tier id="g" type="glosses" content="c">
    <item id="g0" content="c2[0:83]" alignment="p1"/>
  </tier>
  <tier id="t" type="translations" content="c">
    <item id="t0" content="c3[0:80]" alignment="p1"/>
  </tier>
</igt>
<igt id="i30245">
  <metadata type="xigt-meta">
    <meta type="language" name="yupik" iso-639-3="esu" tiers="phrases words morphemes"/>
    <meta type="language" name="English" iso-639-3="eng" tiers="translations"/>
    <meta type="odin-source" doc-id="36.txt" line-range="168-180" line-types="L L-G L-G L-G L-G L-G L-G B L-G L-G L-G L-G T"/>
  </metadata>
  <tier id="o" type="odin-raw">
    <item id="o1" line="168" tag="L">  a) anisaxtuxtyfkagatapixnakakjagaka</item>
    <item id="o2" line="169" tag="L-G">  ani-     `snow'</item>
    <item id="o3" line="170" tag="L-G">  -sax- movement behind something</item>
    <item id="o4" line="171" tag="L-G">  -tux- iterative</item>
    <item id="o5" line="172" tag="L-G">  -tyfka- causative</item>
    <item id="o6" line="173" tag="L-G">  -gata- transitivity</item>
    <item id="o7" line="174" tag="L-G">  -pix- intensificator</item>
    <item id="o8" line="175" tag="B"></item>
    <item id="o9" line="176" tag="L-G">  -nanak-     intentional perfective</item>
    <item id="o10" line="177" tag="L-G">  -ja-   intentional completion</item>
    <item id="o11" line="178" tag="L-G">  -ga-   tense (past-present)</item>
    <item id="o12" line="179" tag="L-G">  -ka    1st person (subject), 3rd person (object)</item>
    <item id="o13" line="180" tag="T">  "It came to that I wanted to force him to keep on going and bringing snow for good."</item>
  </tier>
  <tier id="c" type="odin-clean">
    <item id="c1" line="168" tag="L">anisaxtuxtyfkagatapixnakakjagaka</item>
    <item id="c2" line="169" tag="L-G">ani-`snow</item>
    <item id="c3" line="170" tag="L-G">-sax-movement behind something</item>
    <item id="c4" line="171" tag="L-G">-tux-iterative</item>
    <item id="c5" line="172" tag="L-G">-tyfka-causative</item>
    <item id="c6" line="173" tag="L-G">-gata-transitivity</item>
    <item id="c7" line="174" tag="L-G">-pix-intensificator</item>
    <item id="c8" line="175" tag="B"/>
    <item id="c9" line="176" tag="L-G">-nanak-intentional perfective</item>
    <item id="c10" line="177" tag="L-G">-ja-intentional completion</item>
    <item id="c11" line="178" tag="L-G">-ga-tense (past-present)</item>
    <item id="c12" line="179" tag="L-G">-ka    1st person (subject), 3rd person (object)</item>
    <item id="c13" line="180" tag="T">It came to that I wanted to force him to keep on going and bringing snow for good.</item>
  </tier>
  <tier id="p" type="phrases" content="c">
    <item id="p0" content="c1[0:32]"/>
  </tier>
  <tier id="t" type="translations" content="c">
    <item id="t0" content="c13[0:82]" alignment="p1"/>
  </tier>
</igt>
<igt id="i60453">
  <metadata type="xigt-meta">
    <meta type="language" name="yupik" iso-639-3="esu" tiers="phrases words morphemes"/>
    <meta type="language" name="English" iso-639-3="eng" tiers="translations"/>
    <meta type="odin-source" doc-id="3030" line-range="316-317" line-types="L G"/>
  </metadata>
  <tier id="o" type="odin-raw">
    <item id="o1" line="316" tag="L">  (20)    a.        Arnaq           yurartuq.</item>
    <item id="o2" line="317" tag="G">                    woman-ABS       dances</item>
  </tier>
  <tier id="c" type="odin-clean">
    <item id="c1" line="316" tag="L">Arnaq           yurartuq.</item>
    <item id="c2" line="317" tag="G">woman-ABS       dances</item>
  </tier>
  <tier id="p" type="phrases" content="c">
    <item id="p0" content="c1[0:25]"/>
  </tier>
  <tier id="g" type="glosses" content="c">
    <item id="g0" content="c2[0:22]" alignment="p1"/>
  </tier>
</igt>
<igt id="i60454">
  <metadata type="xigt-meta">
    <meta type="language" name="yupik" iso-639-3="esu" tiers="phrases words morphemes"/>
    <meta type="language" name="English" iso-639-3="eng" tiers="translations"/>
    <meta type="odin-source" doc-id="3030" line-range="318-320" line-types="L G T+DB"/>
  </metadata>
  <tier id="o" type="odin-raw">
    <item id="o1" line="318" tag="L">          b.        Angutem         tangrraa     arnaq.</item>
    <item id="o2" line="319" tag="G">                    man-ERG         sees         woman-ABS</item>
    <item id="o3" line="320" tag="T+DB">                    `The man sees   the woman' (NOT: `The woman sees the man.')</item>
  </tier>
  <tier id="c" type="odin-clean">
    <item id="c1" line="318" tag="L">Angutem         tangrraa     arnaq.</item>
    <item id="c2" line="319" tag="G">man-ERG         sees         woman-ABS</item>
    <item id="c3" line="320" tag="T+DB">The man sees   the woman' (NOT: `The woman sees the man.')</item>
  </tier>
  <tier id="p" type="phrases" content="c">
    <item id="p0" content="c1[0:35]"/>
  </tier>
  <tier id="g" type="glosses" content="c">
    <item id="g0" content="c2[0:38]" alignment="p1"/>
  </tier>
  <tier id="t" type="translations" content="c">
    <item id="t0" content="c3[0:58]" alignment="p1"/>
  </tier>
</igt>
<igt id="i75607">
  <metadata type="xigt-meta">
    <meta type="language" name="eskimo" iso-639-3="esu" tiers="phrases words morphemes"/>
    <meta type="language" name="English" iso-639-3="eng" tiers="translations"/>
    <meta type="odin-source" doc-id="3695" line-range="1038-1041" line-types="M+AC+LN L G T"/>
  </metadata>
  <tier id="o" type="odin-raw">
    <item id="o1" line="1038" tag="M+AC+LN">  (19) Yup'ik Eskimo (Eskimo-Aleut; Alaska; Mithun 1999)</item>
    <item id="o2" line="1039" tag="L">       kai-pia-llru-llini-u-k</item>
    <item id="o3" line="1040" tag="G">        be.hungry-really-PT-apparently-IND-3DU</item>
    <item id="o4" line="1041" tag="T">        `The two of them were apparently really hungry.'</item>
  </tier>
  <tier id="c" type="odin-clean">
    <item id="c1" line="1038" tag="M+AC+LN">Yup'ik Eskimo (Eskimo-Aleut; Alaska; Mithun 1999</item>
    <item id="c2" line="1039" tag="L">kai-pia-llru-llini-u-k</item>
    <item id="c3" line="1040" tag="G">be.hungry-really-PT-apparently-IND-3DU</item>
    <item id="c4" line="1041" tag="T">The two of them were apparently really hungry.</item>
  </tier>
  <tier id="p" type="phrases" content="c">
    <item id="p0" content="c2[0:22]"/>
  </tier>
  <tier id="g" type="glosses" content="c">
    <item id="g0" content="c3[0:38]" alignment="p1"/>
  </tier>
  <tier id="t" type="translations" content="c">
    <item id="t0" content="c4[0:46]" alignment="p1"/>
  </tier>
</igt>
<igt id="i75732">
  <metadata type="xigt-meta">
    <meta type="language" name="central yup'ik eskimo" iso-639-3="esu" tiers="phrases words morphemes"/>
    <meta type="language" name="English" iso-639-3="eng" tiers="translations"/>
    <meta type="odin-source" doc-id="3695" line-range="3594-3597" line-types="M+AC+LN L G T"/>
  </metadata>
  <tier id="o" type="odin-raw">
    <item id="o1" line="3594" tag="M+AC+LN">  (89) Central Yup'ik Eskimo (Eskimo-Aleut; Alaska; Reed et al. 1977)</item>
    <item id="o2" line="3595" tag="L">       a. angun        aterte-ller-mini                 alinge-llru-uq. [289]</item>
    <item id="o3" line="3596" tag="G">                 man:SG.ABS drift.with.the.current-WHEN-3SG.S.REFL be.afraid-PT-3SG.S</item>
    <item id="o4" line="3597" tag="T">               `When the man drifted with the current, he was afraid.'</item>
  </tier>
  <tier id="c" type="odin-clean">
    <item id="c1" line="3594" tag="M+AC+LN">Central Yup'ik Eskimo (Eskimo-Aleut; Alaska; Reed et al. 1977</item>
    <item id="c2" line="3595" tag="L">angun        aterte-ller-mini                 alinge-llru-uq. [289]</item>
    <item id="c3" line="3596" tag="G">man:SG.ABS drift.with.the.current-WHEN-3SG.S.REFL be.afraid-PT-3SG.S</item>
    <item id="c4" line="3597" tag="T">When the man drifted with the current, he was afraid.</item>
  </tier>
  <tier id="p" type="phrases" content="c">
    <item id="p0" content="c2[0:67]"/>
  </tier>
  <tier id="g" type="glosses" content="c">
    <item id="g0" content="c3[0:68]" alignment="p1"/>
  </tier>
  <tier id="t" type="translations" content="c">
    <item id="t0" content="c4[0:53]" alignment="p1"/>
  </tier>
</igt>
<igt id="i75733">
  <metadata type="xigt-meta">
    <meta type="language" name="central yup'ik eskimo" iso-639-3="esu" tiers="phrases words morphemes"/>
    <meta type="language" name="English" iso-639-3="eng" tiers="translations"/>
    <meta type="odin-source" doc-id="3695" line-range="3598-3601" line-types="L+CR L+CR G T"/>
  </metadata>
  <tier id="o" type="odin-raw">
    <item id="o1" line="3598" tag="L+CR">            b. tang-ller-miniu                            angun        aya-llru-uq. [288]</item>
    <item id="o2" line="3599" tag="L+CR">                                           tuntuvak</item>
    <item id="o3" line="3600" tag="G">                 see-WHEN-3SG.A.REFL:3SG.P moose:SG.ABS man:SG.ABS                      go.away-PT-3SG.S</item>
    <item id="o4" line="3601" tag="T">                 `When he saw the moose, the man went away.'</item>
  </tier>
  <tier id="c" type="odin-clean">
    <item id="c1" line="3598 3599" tag="L+CR">tang-ller-miniu             tuntuvak       angun        aya-llru-uq. [288]</item>
    <item id="c3" line="3600" tag="G">see-WHEN-3SG.A.REFL:3SG.P moose:SG.ABS man:SG.ABS                      go.away-PT-3SG.S</item>
    <item id="c4" line="3601" tag="T">When he saw the moose, the man went away.</item>
  </tier>
  <tier id="p" type="phrases" content="c">
    <item id="p0" content="c1[0:74]"/>
  </tier>
  <tier id="g" type="glosses" content="c">
    <item id="g0" content="c3[0:87]" alignment="p1"/>
  </tier>
  <tier id="t" type="translations" content="c">
    <item id="t0" content="c4[0:41]" alignment="p1"/>
  </tier>
</igt>
<igt id="i75734">
  <metadata type="xigt-meta">
    <meta type="language" name="central yup'ik eskimo" iso-639-3="esu" tiers="phrases words morphemes"/>
    <meta type="language" name="English" iso-639-3="eng" tiers="translations"/>
    <meta type="odin-source" doc-id="3695" line-range="3602-3605" line-types="L+CR L+CR G T"/>
  </metadata>
  <tier id="o" type="odin-raw">
    <item id="o1" line="3602" tag="L+CR">                 angute-m   tange-llr-ani              tuntuvak    aya-llru-uq. [288]</item>
    <item id="o2" line="3603" tag="L+CR">            c.</item>
    <item id="o3" line="3604" tag="G">                 man-SG.ERG see-WHEN-3SG.A:3SG.P.REFL moose:SG.ABS go.away-PT-3SG.S</item>
    <item id="o4" line="3605" tag="T">                 `When the man saw the moose, it went away.'</item>
  </tier>
  <tier id="c" type="odin-clean">
    <item id="c1" line="3602 3603" tag="L+CR">angute-m   tange-llr-ani              tuntuvak    aya-llru-uq. [288]</item>
    <item id="c3" line="3604" tag="G">man-SG.ERG see-WHEN-3SG.A:3SG.P.REFL moose:SG.ABS go.away-PT-3SG.S</item>
    <item id="c4" line="3605" tag="T">When the man saw the moose, it went away.</item>
  </tier>
  <tier id="p" type="phrases" content="c">
    <item id="p0" content="c1[0:68]"/>
  </tier>
  <tier id="g" type="glosses" content="c">
    <item id="g0" content="c3[0:66]" alignment="p1"/>
  </tier>
  <tier id="t" type="translations" content="c">
    <item id="t0" content="c4[0:41]" alignment="p1"/>
  </tier>
</igt>
<igt id="i96976">
  <metadata type="xigt-meta">
    <meta type="language" name="yup'ik eskimo" iso-639-3="esu" tiers="phrases words morphemes"/>
    <meta type="language" name="English" iso-639-3="eng" tiers="translations"/>
    <meta type="odin-source" doc-id="2586" line-range="1992-1995" line-types="M+AC+LN L G T"/>
  </metadata>
  <tier id="o" type="odin-raw">
    <item id="o1" line="1992" tag="M+AC+LN">          Yup-ik (Benua 1995:33)</item>
    <item id="o2" line="1993" tag="L">  (103)a. Lucy-m        Mary-q          utaqallrua.</item>
    <item id="o3" line="1994" tag="G">          Lucy-Erg      Mary-Abs        wait.for.Past.Ind.3s.3s</item>
    <item id="o4" line="1995" tag="T">          "Lucy waited for Mary."</item>
  </tier>
  <tier id="c" type="odin-clean">
    <item id="c1" line="1992" tag="M+AC+LN">Yup-ik (Benua 1995:33)</item>
    <item id="c2" line="1993" tag="L">Lucy-m        Mary-q          utaqallrua.</item>
    <item id="c3" line="1994" tag="G">Lucy-Erg      Mary-Abs        wait.for.Past.Ind.3s.3s</item>
    <item id="c4" line="1995" tag="T">Lucy waited for Mary.</item>
  </tier>
  <tier id="p" type="phrases" content="c">
    <item id="p0" content="c2[0:41]"/>
  </tier>
  <tier id="g" type="glosses" content="c">
    <item id="g0" content="c3[0:53]" alignment="p1"/>
  </tier>
  <tier id="t" type="translations" content="c">
    <item id="t0" content="c4[0:21]" alignment="p1"/>
  </tier>
</igt>
<igt id="i96977">
  <metadata type="xigt-meta">
    <meta type="language" name="yup'ik eskimo" iso-639-3="esu" tiers="phrases words morphemes"/>
    <meta type="language" name="English" iso-639-3="eng" tiers="translations"/>
    <meta type="odin-source" doc-id="2586" line-range="1996-2002" line-types="L G B B M B T"/>
  </metadata>
  <tier id="o" type="odin-raw">
    <item id="o1" line="1996" tag="L">  b.      Lucy-q        Mary-mek        utaqallruuq.</item>
    <item id="o2" line="1997" tag="G">          Lucy-Abs      Mary-Obl        wait.for.Past.Ind.3s</item>
    <item id="o3" line="1998" tag="B"></item>
    <item id="o4" line="1999" tag="B"></item>
    <item id="o5" line="2000" tag="M">                                              38</item>
    <item id="o6" line="2001" tag="B"></item>
    <item id="o7" line="2002" tag="T">          "Lucy waited for Mary."</item>
  </tier>
  <tier id="c" type="odin-clean">
    <item id="c1" line="1996" tag="L">Lucy-q        Mary-mek        utaqallruuq.</item>
    <item id="c2" line="1997" tag="G">Lucy-Abs      Mary-Obl        wait.for.Past.Ind.3s</item>
    <item id="c3" line="1998" tag="B"/>
    <item id="c4" line="1999" tag="B"/>
    <item id="c5" line="2000" tag="M">38</item>
    <item id="c6" line="2001" tag="B"/>
    <item id="c7" line="2002" tag="T">Lucy waited for Mary.</item>
  </tier>
  <tier id="p" type="phrases" content="c">
    <item id="p0" content="c1[0:42]"/>
  </tier>
  <tier id="g" type="glosses" content="c">
    <item id="g0" content="c2[0:50]" alignment="p1"/>
  </tier>
  <tier id="t" type="translations" content="c">
    <item id="t0" content="c7[0:21]" alignment="p1"/>
  </tier>
</igt>
<igt id="i118615">
  <metadata type="xigt-meta">
    <meta type="language" name="eskimo" iso-639-3="esu" tiers="phrases words morphemes"/>
    <meta type="language" name="English" iso-639-3="eng" tiers="translations"/>
    <meta type="odin-source" doc-id="3661" line-range="131-133" line-types="L+LN+EX G+AC T"/>
  </metadata>
  <tier id="o" type="odin-raw">
    <item id="o1" line="131" tag="L+LN+EX">  (16) (a) Doris-aq          ayallrruuq                           Yup'ik Eskimo (data from</item>
    <item id="o2" line="132" tag="G+AC">            Doris-ABS        traveled                                     Payne 1997:135)</item>
    <item id="o3" line="133" tag="T">            "Doris traveled."</item>
  </tier>
  <tier id="c" type="odin-clean">
    <item id="c1" line="131" tag="L+LN+EX">(a) Doris-aq          ayallrruuq                           Yup'ik Eskimo (data from</item>
    <item id="c2" line="132" tag="G+AC">Doris-ABS        traveled                                     Payne 1997:135)</item>
    <item id="c3" line="133" tag="T">Doris traveled.</item>
  </tier>
  <tier id="p" type="phrases" content="c">
    <item id="p0" content="c1[0:83]"/>
  </tier>
  <tier id="g" type="glosses" content="c">
    <item id="g0" content="c2[0:77]" alignment="p1"/>
  </tier>
  <tier id="t" type="translations" content="c">
    <item id="t0" content="c3[0:15]" alignment="p1"/>
  </tier>
</igt>
<igt id="i118616">
  <metadata type="xigt-meta">
    <meta type="language" name="eskimo" iso-639-3="esu" tiers="phrases words morphemes"/>
    <meta type="language" name="English" iso-639-3="eng" tiers="translations"/>
    <meta type="odin-source" doc-id="3661" line-range="134-136" line-types="L G T"/>
  </metadata>
  <tier id="o" type="odin-raw">
    <item id="o1" line="134" tag="L">        (b) Tom-am           Doris-aq     cingallrua</item>
    <item id="o2" line="135" tag="G">            Tom-ERG          Doris-ABS    greeted</item>
    <item id="o3" line="136" tag="T">            "Tom greeted Doris."</item>
  </tier>
  <tier id="c" type="odin-clean">
    <item id="c1" line="134" tag="L">Tom-am           Doris-aq     cingallrua</item>
    <item id="c2" line="135" tag="G">Tom-ERG          Doris-ABS    greeted</item>
    <item id="c3" line="136" tag="T">Tom greeted Doris.</item>
  </tier>
  <tier id="p" type="phrases" content="c">
    <item id="p0" content="c1[0:40]"/>
  </tier>
  <tier id="g" type="glosses" content="c">
    <item id="g0" content="c2[0:37]" alignment="p1"/>
  </tier>
  <tier id="t" type="translations" content="c">
    <item id="t0" content="c3[0:18]" alignment="p1"/>
  </tier>
</igt>
<igt id="i118622">
  <metadata type="xigt-meta">
    <meta type="language" name="eskimo" iso-639-3="esu" tiers="phrases words morphemes"/>
    <meta type="language" name="English" iso-639-3="eng" tiers="translations"/>
    <meta type="odin-source" doc-id="3661" line-range="168-170" line-types="L G T"/>
  </metadata>
  <tier id="o" type="odin-raw">
    <item id="o1" line="168" tag="L">  (19) (a) Ayallruu-nga</item>
    <item id="o2" line="169" tag="G">            traveled-1sg</item>
    <item id="o3" line="170" tag="T">            "I traveled."</item>
  </tier>
  <tier id="c" type="odin-clean">
    <item id="c1" line="168" tag="L">(a) Ayallruu-nga</item>
    <item id="c2" line="169" tag="G">traveled-1sg</item>
    <item id="c3" line="170" tag="T">I traveled.</item>
  </tier>
  <tier id="p" type="phrases" content="c">
    <item id="p0" content="c1[0:16]"/>
  </tier>
  <tier id="g" type="glosses" content="c">
    <item id="g0" content="c2[0:12]" alignment="p1"/>
  </tier>
  <tier id="t" type="translations" content="c">
    <item id="t0" content="c3[0:11]" alignment="p1"/>
  </tier>
</igt>
<igt id="i118623">
  <metadata type="xigt-meta">
    <meta type="language" name="eskimo" iso-639-3="esu" tiers="phrases words morphemes"/>
    <meta type="language" name="English" iso-639-3="eng" tiers="translations"/>
    <meta type="odin-source" doc-id="3661" line-range="171-173" line-types="L G T"/>
  </metadata>
  <tier id="o" type="odin-raw">
    <item id="o1" line="171" tag="L">        (b) Ayallruu-q</item>
    <item id="o2" line="172" tag="G">            traveled-3sg</item>
    <item id="o3" line="173" tag="T">            "He traveled."</item>
  </tier>
  <tier id="c" type="odin-clean">
    <item id="c1" line="171" tag="L">Ayallruu-q</item>
    <item id="c2" line="172" tag="G">traveled-3sg</item>
    <item id="c3" line="173" tag="T">He traveled.</item>
  </tier>
  <tier id="p" type="phrases" content="c">
    <item id="p0" content="c1[0:10]"/>
  </tier>
  <tier id="g" type="glosses" content="c">
    <item id="g0" content="c2[0:12]" alignment="p1"/>
  </tier>
  <tier id="t" type="translations" content="c">
    <item id="t0" content="c3[0:12]" alignment="p1"/>
  </tier>
</igt>
<igt id="i118624">
  <metadata type="xigt-meta">
    <meta type="language" name="eskimo" iso-639-3="esu" tiers="phrases words morphemes"/>
    <meta type="language" name="English" iso-639-3="eng" tiers="translations"/>
    <meta type="odin-source" doc-id="3661" line-range="174-176" line-types="L G T"/>
  </metadata>
  <tier id="o" type="odin-raw">
    <item id="o1" line="174" tag="L">        (c) Cingallru-a-nga</item>
    <item id="o2" line="175" tag="G">            greeted-3sg-1sg</item>
    <item id="o3" line="176" tag="T">            "He greeted me."</item>
  </tier>
  <tier id="c" type="odin-clean">
    <item id="c1" line="174" tag="L">Cingallru-a-nga</item>
    <item id="c2" line="175" tag="G">greeted-3sg-1sg</item>
    <item id="c3" line="176" tag="T">He greeted me.</item>
  </tier>
  <tier id="p" type="phrases" content="c">
    <item id="p0" content="c1[0:15]"/>
  </tier>
  <tier id="g" type="glosses" content="c">
    <item id="g0" content="c2[0:15]" alignment="p1"/>
  </tier>
  <tier id="t" type="translations" content="c">
    <item id="t0" content="c3[0:14]" alignment="p1"/>
  </tier>
</igt>
<igt id="i123556">
  <metadata type="xigt-meta">
    <meta type="language" name="yup'ik" iso-639-3="esu" tiers="phrases words morphemes"/>
    <meta type="language" name="English" iso-639-3="eng" tiers="translations"/>
    <meta type="odin-source" doc-id="4052" line-range="38-41" line-types="L G M T+LN"/>
  </metadata>
  <tier id="o" type="odin-raw">
    <item id="o1" line="38" tag="L">  Arnaq           yurar-tuq</item>
    <item id="o2" line="39" tag="G">  woman-ABS dance-IND.3SG</item>
    <item id="o3" line="40" tag="M">      S</item>
    <item id="o4" line="41" tag="T+LN">  `The woman dances.'            Yup'ik</item>
  </tier>
  <tier id="c" type="odin-clean">
    <item id="c1" line="38" tag="L">Arnaq           yurar-tuq</item>
    <item id="c2" line="39" tag="G">woman-ABS dance-IND.3SG</item>
    <item id="c3" line="40" tag="M">S</item>
    <item id="c4" line="41" tag="T+LN">The woman dances.'            Yup'ik</item>
  </tier>
  <tier id="p" type="phrases" content="c">
    <item id="p0" content="c1[0:25]"/>
  </tier>
  <tier id="g" type="glosses" content="c">
    <item id="g0" content="c2[0:23]" alignment="p1"/>
  </tier>
  <tier id="t" type="translations" content="c">
    <item id="t0" content="c4[0:36]" alignment="p1"/>
  </tier>
</igt>
<igt id="i123557">
  <metadata type="xigt-meta">
    <meta type="language" name="yup'ik" iso-639-3="esu" tiers="phrases words morphemes"/>
    <meta type="language" name="English" iso-639-3="eng" tiers="translations"/>
    <meta type="odin-source" doc-id="4052" line-range="44-47" line-types="L G M T"/>
  </metadata>
  <tier id="o" type="odin-raw">
    <item id="o1" line="44" tag="L">                   Angutem tangrr-aa                arnaq</item>
    <item id="o2" line="45" tag="G">                   man-ERG see-IND.3SG.3SG woman-ABS</item>
    <item id="o3" line="46" tag="M">                     A                             P</item>
    <item id="o4" line="47" tag="T">                   `The man sees the woman.'</item>
  </tier>
  <tier id="c" type="odin-clean">
    <item id="c1" line="44" tag="L">Angutem tangrr-aa                arnaq</item>
    <item id="c2" line="45" tag="G">man-ERG see-IND.3SG.3SG woman-ABS</item>
    <item id="c3" line="46" tag="M">A                             P</item>
    <item id="c4" line="47" tag="T">The man sees the woman.</item>
  </tier>
  <tier id="p" type="phrases" content="c">
    <item id="p0" content="c1[0:38]"/>
  </tier>
  <tier id="g" type="glosses" content="c">
    <item id="g0" content="c2[0:33]" alignment="p1"/>
  </tier>
  <tier id="t" type="translations" content="c">
    <item id="t0" content="c4[0:23]" alignment="p1"/>
  </tier>
</igt>
<igt id="i124976">
  <metadata type="xigt-meta">
    <meta type="language" name="yup'ik" iso-639-3="esu" tiers="phrases words morphemes"/>
    <meta type="language" name="English" iso-639-3="eng" tiers="translations"/>
    <meta type="odin-source" doc-id="4037" line-range="2079-2082" line-types="L G M T+LN"/>
  </metadata>
  <tier id="o" type="odin-raw">
    <item id="o1" line="2079" tag="L">  Arnaq           yurar-tuq</item>
    <item id="o2" line="2080" tag="G">  woman-ABS dance-IND.3SG</item>
    <item id="o3" line="2081" tag="M">      S</item>
    <item id="o4" line="2082" tag="T+LN">  `The woman dances.'            Yup'ik</item>
  </tier>
  <tier id="c" type="odin-clean">
    <item id="c1" line="2079" tag="L">Arnaq           yurar-tuq</item>
    <item id="c2" line="2080" tag="G">woman-ABS dance-IND.3SG</item>
    <item id="c3" line="2081" tag="M">S</item>
    <item id="c4" line="2082" tag="T+LN">The woman dances.'            Yup'ik</item>
  </tier>
  <tier id="p" type="phrases" content="c">
    <item id="p0" content="c1[0:25]"/>
  </tier>
  <tier id="g" type="glosses" content="c">
    <item id="g0" content="c2[0:23]" alignment="p1"/>
  </tier>
  <tier id="t" type="translations" content="c">
    <item id="t0" content="c4[0:36]" alignment="p1"/>
  </tier>
</igt>
<igt id="i124977">
  <metadata type="xigt-meta">
    <meta type="language" name="yup'ik" iso-639-3="esu" tiers="phrases words morphemes"/>
    <meta type="language" name="English" iso-639-3="eng" tiers="translations"/>
    <meta type="odin-source" doc-id="4037" line-range="2085-2088" line-types="L G M T"/>
  </metadata>
  <tier id="o" type="odin-raw">
    <item id="o1" line="2085" tag="L">                   Angutem tangrr-aa                arnaq</item>
    <item id="o2" line="2086" tag="G">                   man-ERG see-IND.3SG.3SG woman-ABS</item>
    <item id="o3" line="2087" tag="M">                     A                             P</item>
    <item id="o4" line="2088" tag="T">                   `The man sees the woman.'</item>
  </tier>
  <tier id="c" type="odin-clean">
    <item id="c1" line="2085" tag="L">Angutem tangrr-aa                arnaq</item>
    <item id="c2" line="2086" tag="G">man-ERG see-IND.3SG.3SG woman-ABS</item>
    <item id="c3" line="2087" tag="M">A                             P</item>
    <item id="c4" line="2088" tag="T">The man sees the woman.</item>
  </tier>
  <tier id="p" type="phrases" content="c">
    <item id="p0" content="c1[0:38]"/>
  </tier>
  <tier id="g" type="glosses" content="c">
    <item id="g0" content="c2[0:33]" alignment="p1"/>
  </tier>
  <tier id="t" type="translations" content="c">
    <item id="t0" content="c4[0:23]" alignment="p1"/>
  </tier>
</igt>
<igt id="i127741">
  <metadata type="xigt-meta">
    <meta type="language" name="yupik" iso-639-3="esu" tiers="phrases words morphemes"/>
    <meta type="language" name="English" iso-639-3="eng" tiers="translations"/>
    <meta type="odin-source" doc-id="433" line-range="17-19" line-types="L+LN G T"/>
  </metadata>
  <tier id="o" type="odin-raw">
    <item id="o1" line="17" tag="L+LN">  (1)      a.       Angutem          tangrr-aa            arnaq. [Yup'ik]</item>
    <item id="o2" line="18" tag="G">                    man.ERG          sees                 woman.ABS</item>
    <item id="o3" line="19" tag="T">                    "The man sees the woman."</item>
  </tier>
  <tier id="c" type="odin-clean">
    <item id="c1" line="17" tag="L+LN">Angutem          tangrr-aa            arnaq. [Yup'ik]</item>
    <item id="c2" line="18" tag="G">man.ERG          sees                 woman.ABS</item>
    <item id="c3" line="19" tag="T">The man sees the woman.</item>
  </tier>
  <tier id="p" type="phrases" content="c">
    <item id="p0" content="c1[0:53]"/>
  </tier>
  <tier id="g" type="glosses" content="c">
    <item id="g0" content="c2[0:47]" alignment="p1"/>
  </tier>
  <tier id="t" type="translations" content="c">
    <item id="t0" content="c3[0:23]" alignment="p1"/>
  </tier>
</igt>
<igt id="i127742">
  <metadata type="xigt-meta">
    <meta type="language" name="yupik" iso-639-3="esu" tiers="phrases words morphemes"/>
    <meta type="language" name="English" iso-639-3="eng" tiers="translations"/>
    <meta type="odin-source" doc-id="433" line-range="20-22" line-types="L G T"/>
  </metadata>
  <tier id="o" type="odin-raw">
    <item id="o1" line="20" tag="L">           b.       Arnaq            yruar-tuq.</item>
    <item id="o2" line="21" tag="G">                    woman.ABS        dances</item>
    <item id="o3" line="22" tag="T">                    "The woman dances."</item>
  </tier>
  <tier id="c" type="odin-clean">
    <item id="c1" line="20" tag="L">Arnaq            yruar-tuq.</item>
    <item id="c2" line="21" tag="G">woman.ABS        dances</item>
    <item id="c3" line="22" tag="T">The woman dances.</item>
  </tier>
  <tier id="p" type="phrases" content="c">
    <item id="p0" content="c1[0:27]"/>
  </tier>
  <tier id="g" type="glosses" content="c">
    <item id="g0" content="c2[0:23]" alignment="p1"/>
  </tier>
  <tier id="t" type="translations" content="c">
    <item id="t0" content="c3[0:17]" alignment="p1"/>
  </tier>
</igt>
<igt id="i129370">
  <metadata type="xigt-meta">
    <meta type="language" name="central yup'ik eskimo" iso-639-3="esu" tiers="phrases words morphemes"/>
    <meta type="language" name="English" iso-639-3="eng" tiers="translations"/>
    <meta type="odin-source" doc-id="3979" line-range="316-319" line-types="M+AC+LN L G T"/>
  </metadata>
  <tier id="o" type="odin-raw">
    <item id="o1" line="316" tag="M+AC+LN">  (5) Central Yup'ik Eskimo (Eskimo-Aleutan; Alaska; Reed 1977)</item>
    <item id="o2" line="317" tag="L">      a. angute-m tamar-a-a             nutek.</item>
    <item id="o3" line="318" tag="G">         man-sERG loose-TR-3s&gt;3s        gun.sABS</item>
    <item id="o4" line="319" tag="T">         `The man loses the gun.'</item>
  </tier>
  <tier id="c" type="odin-clean">
    <item id="c1" line="316" tag="M+AC+LN">Central Yup'ik Eskimo (Eskimo-Aleutan; Alaska; Reed 1977</item>
    <item id="c2" line="317" tag="L">angute-m tamar-a-a             nutek.</item>
    <item id="c3" line="318" tag="G">man-sERG loose-TR-3s&gt;3s        gun.sABS</item>
    <item id="c4" line="319" tag="T">The man loses the gun.</item>
  </tier>
  <tier id="p" type="phrases" content="c">
    <item id="p0" content="c2[0:37]"/>
  </tier>
  <tier id="g" type="glosses" content="c">
    <item id="g0" content="c3[0:39]" alignment="p1"/>
  </tier>
  <tier id="t" type="translations" content="c">
    <item id="t0" content="c4[0:22]" alignment="p1"/>
  </tier>
</igt>
<igt id="i129371">
  <metadata type="xigt-meta">
    <meta type="language" name="central yup'ik eskimo" iso-639-3="esu" tiers="phrases words morphemes"/>
    <meta type="language" name="English" iso-639-3="eng" tiers="translations"/>
    <meta type="odin-source" doc-id="3979" line-range="320-322" line-types="L G T"/>
  </metadata>
  <tier id="o" type="odin-raw">
    <item id="o1" line="320" tag="L">      b. angun      tamar-i-u-q            nuteg-mek.</item>
    <item id="o2" line="321" tag="G">         man.sABS loose-ANT IP-INTR-3sS gun-sABL</item>
    <item id="o3" line="322" tag="T">         `The man loses a gun.'</item>
  </tier>
  <tier id="c" type="odin-clean">
    <item id="c1" line="320" tag="L">angun      tamar-i-u-q            nuteg-mek.</item>
    <item id="c2" line="321" tag="G">man.sABS loose-ANT IP-INTR-3sS gun-sABL</item>
    <item id="c3" line="322" tag="T">The man loses a gun.</item>
  </tier>
  <tier id="p" type="phrases" content="c">
    <item id="p0" content="c1[0:44]"/>
  </tier>
  <tier id="g" type="glosses" content="c">
    <item id="g0" content="c2[0:39]" alignment="p1"/>
  </tier>
  <tier id="t" type="translations" content="c">
    <item id="t0" content="c3[0:20]" alignment="p1"/>
  </tier>
</igt>
<igt id="i129424">
  <metadata type="xigt-meta">
    <meta type="language" name="central yup'ik eskimo" iso-639-3="esu" tiers="phrases words morphemes"/>
    <meta type="language" name="English" iso-639-3="eng" tiers="translations"/>
    <meta type="odin-source" doc-id="3979" line-range="1172-1175" line-types="M+AC+LN L G+CR T"/>
  </metadata>
  <tier id="o" type="odin-raw">
    <item id="o1" line="1172" tag="M+AC+LN">  (33) Central Yup'ik Eskimo (Eskimo-Aleut; Alaska; Reed 1977)</item>
    <item id="o2" line="1173" tag="L">       a. angute-m tange-llr-ani                    tuntuvak      aya-llr-uuq.</item>
    <item id="o3" line="1174" tag="G+CR">          man-ERG      see-WHEN-3sA&gt;3sO .{O}={S ,A} moose.NO M go.away-PST-INTR-3s</item>
    <item id="o4" line="1175" tag="T">          `When the man saw himi, the moosei went away.'</item>
  </tier>
  <tier id="c" type="odin-clean">
    <item id="c1" line="1172" tag="M+AC+LN">Central Yup'ik Eskimo (Eskimo-Aleut; Alaska; Reed 1977</item>
    <item id="c2" line="1173" tag="L">angute-m tange-llr-ani                    tuntuvak      aya-llr-uuq.</item>
    <item id="c3" line="1174" tag="G+CR">man-ERG      see-WHEN-3sA&gt;3sO .{O}={S ,A} moose.NO M go.away-PST-INTR-3s</item>
    <item id="c4" line="1175" tag="T">When the man saw himi, the moosei went away.</item>
  </tier>
  <tier id="p" type="phrases" content="c">
    <item id="p0" content="c2[0:68]"/>
  </tier>
  <tier id="g" type="glosses" content="c">
    <item id="g0" content="c3[0:72]" alignment="p1"/>
  </tier>
  <tier id="t" type="translations" content="c">
    <item id="t0" content="c4[0:44]" alignment="p1"/>
  </tier>
</igt>
<igt id="i129425">
  <metadata type="xigt-meta">
    <meta type="language" name="central yup'ik eskimo" iso-639-3="esu" tiers="phrases words morphemes"/>
    <meta type="language" name="English" iso-639-3="eng" tiers="translations"/>
    <meta type="odin-source" doc-id="3979" line-range="1176-1178" line-types="L G+CR T"/>
  </metadata>
  <tier id="o" type="odin-raw">
    <item id="o1" line="1176" tag="L">       b. tang-ller-miniu               tuntuvak      angun       aya-llr-uuq.</item>
    <item id="o2" line="1177" tag="G+CR">          see-WHEN-3sA&gt;3sO .{A}={S,A} moose.NO M man.NO M go.away-PST-INTR.3s</item>
    <item id="o3" line="1178" tag="T">          `When hei saw the moose, the mani went away.'</item>
  </tier>
  <tier id="c" type="odin-clean">
    <item id="c1" line="1176" tag="L">tang-ller-miniu               tuntuvak      angun       aya-llr-uuq.</item>
    <item id="c2" line="1177" tag="G+CR">see-WHEN-3sA&gt;3sO .{A}={S,A} moose.NO M man.NO M go.away-PST-INTR.3s</item>
    <item id="c3" line="1178" tag="T">When hei saw the moose, the mani went away.</item>
  </tier>
  <tier id="p" type="phrases" content="c">
    <item id="p0" content="c1[0:68]"/>
  </tier>
  <tier id="g" type="glosses" content="c">
    <item id="g0" content="c2[0:67]" alignment="p1"/>
  </tier>
  <tier id="t" type="translations" content="c">
    <item id="t0" content="c3[0:43]" alignment="p1"/>
  </tier>
</igt>
<igt id="i154562">
  <metadata type="xigt-meta">
    <meta type="language" name="central alaskan yup'ik" iso-639-3="esu" tiers="phrases words morphemes"/>
    <meta type="language" name="English" iso-639-3="eng" tiers="translations"/>
    <meta type="odin-source" doc-id="520" line-range="1346-1349" line-types="M+LN L G T"/>
  </metadata>
  <tier id="o" type="odin-raw">
    <item id="o1" line="1346" tag="M+LN">  (7)    Central Alaskan Yup'ik</item>
    <item id="o2" line="1347" tag="L">         a.     Arna-m        mikelnguq      nunur-aa</item>
    <item id="o3" line="1348" tag="G">                woman-ERG child(ABS) scold-3sERG.3sABS</item>
    <item id="o4" line="1349" tag="T">                `the woman is scolding the child'</item>
  </tier>
  <tier id="c" type="odin-clean">
    <item id="c1" line="1346" tag="M+LN">Central Alaskan Yup'ik</item>
    <item id="c2" line="1347" tag="L">Arna-m        mikelnguq      nunur-aa</item>
    <item id="c3" line="1348" tag="G">woman-ERG child(ABS) scold-3sERG.3sABS</item>
    <item id="c4" line="1349" tag="T">the woman is scolding the child</item>
  </tier>
  <tier id="p" type="phrases" content="c">
    <item id="p0" content="c2[0:37]"/>
  </tier>
  <tier id="g" type="glosses" content="c">
    <item id="g0" content="c3[0:38]" alignment="p1"/>
  </tier>
  <tier id="t" type="translations" content="c">
    <item id="t0" content="c4[0:31]" alignment="p1"/>
  </tier>
</igt>
<igt id="i154563">
  <metadata type="xigt-meta">
    <meta type="language" name="central alaskan yup'ik" iso-639-3="esu" tiers="phrases words morphemes"/>
    <meta type="language" name="English" iso-639-3="eng" tiers="translations"/>
    <meta type="odin-source" doc-id="520" line-range="1351-1354" line-types="L G T M+AC"/>
  </metadata>
  <tier id="o" type="odin-raw">
    <item id="o1" line="1351" tag="L">         b.      Arnaq         ner'uq</item>
    <item id="o2" line="1352" tag="G">                 woman(ABS) eat.3sABS</item>
    <item id="o3" line="1353" tag="T">                 `the woman is eating'</item>
    <item id="o4" line="1354" tag="M+AC">                                                                  (Jacobson (1995:119,31))</item>
  </tier>
  <tier id="c" type="odin-clean">
    <item id="c1" line="1351" tag="L">Arnaq         ner'uq</item>
    <item id="c2" line="1352" tag="G">woman(ABS) eat.3sABS</item>
    <item id="c3" line="1353" tag="T">the woman is eating</item>
    <item id="c4" line="1354" tag="M+AC">Jacobson (1995:119,31)</item>
  </tier>
  <tier id="p" type="phrases" content="c">
    <item id="p0" content="c1[0:20]"/>
  </tier>
  <tier id="g" type="glosses" content="c">
    <item id="g0" content="c2[0:20]" alignment="p1"/>
  </tier>
  <tier id="t" type="translations" content="c">
    <item id="t0" content="c3[0:19]" alignment="p1"/>
  </tier>
</igt>
<igt id="i154584">
  <metadata type="xigt-meta">
    <meta type="language" name="central alaskan yup'ik" iso-639-3="esu" tiers="phrases words morphemes"/>
    <meta type="language" name="English" iso-639-3="eng" tiers="translations"/>
    <meta type="odin-source" doc-id="520" line-range="1647-1650" line-types="M+LN L G T+AC"/>
  </metadata>
  <tier id="o" type="odin-raw">
    <item id="o1" line="1647" tag="M+LN">  (20)     Alaskan Yup'ik</item>
    <item id="o2" line="1648" tag="L">           Caanaq        Mary-mek       tangellruuq</item>
    <item id="o3" line="1649" tag="G">           John (ABS) Mary-MOD          see.past.ind.3sABS</item>
    <item id="o4" line="1650" tag="T+AC">           `John saw Mary'                                                 (Benua (1995:32))</item>
  </tier>
  <tier id="c" type="odin-clean">
    <item id="c1" line="1647" tag="M+LN">Alaskan Yup'ik</item>
    <item id="c2" line="1648" tag="L">Caanaq        Mary-mek       tangellruuq</item>
    <item id="c3" line="1649" tag="G">John (ABS) Mary-MOD          see.past.ind.3sABS</item>
    <item id="c4" line="1650" tag="T+AC">John saw Mary'                                                 (Benua (1995:32))</item>
  </tier>
  <tier id="p" type="phrases" content="c">
    <item id="p0" content="c2[0:40]"/>
  </tier>
  <tier id="g" type="glosses" content="c">
    <item id="g0" content="c3[0:47]" alignment="p1"/>
  </tier>
  <tier id="t" type="translations" content="c">
    <item id="t0" content="c4[0:80]" alignment="p1"/>
  </tier>
</igt>
<igt id="i158006">
  <metadata type="xigt-meta">
    <meta type="language" name="central yupik" iso-639-3="esu" tiers="phrases words morphemes"/>
    <meta type="language" name="English" iso-639-3="eng" tiers="translations"/>
    <meta type="odin-source" doc-id="2836" line-range="70-74" line-types="M+LN B L G T"/>
  </metadata>
  <tier id="o" type="odin-raw">
    <item id="o1" line="70" tag="M+LN">  Yupik:</item>
    <item id="o2" line="71" tag="B"></item>
    <item id="o3" line="72" tag="L">      (8) angute-m kiputa-a-0</item>
    <item id="o4" line="73" tag="G">          man-ERG buy-OM-SM</item>
    <item id="o5" line="74" tag="T">          "the man bought it"</item>
  </tier>
  <tier id="c" type="odin-clean">
    <item id="c1" line="70" tag="M+LN">Yupik:</item>
    <item id="c2" line="71" tag="B"/>
    <item id="c3" line="72" tag="L">angute-m kiputa-a-0</item>
    <item id="c4" line="73" tag="G">man-ERG buy-OM-SM</item>
    <item id="c5" line="74" tag="T">the man bought it</item>
  </tier>
  <tier id="p" type="phrases" content="c">
    <item id="p0" content="c3[0:19]"/>
  </tier>
  <tier id="g" type="glosses" content="c">
    <item id="g0" content="c4[0:17]" alignment="p1"/>
  </tier>
  <tier id="t" type="translations" content="c">
    <item id="t0" content="c5[0:17]" alignment="p1"/>
  </tier>
</igt>
<igt id="i158007">
  <metadata type="xigt-meta">
    <meta type="language" name="central yupik" iso-639-3="esu" tiers="phrases words morphemes"/>
    <meta type="language" name="English" iso-639-3="eng" tiers="translations"/>
    <meta type="odin-source" doc-id="2836" line-range="75-77" line-types="L G T"/>
  </metadata>
  <tier id="o" type="odin-raw">
    <item id="o1" line="75" tag="L">      (9) angute-m kuiga-0</item>
    <item id="o2" line="76" tag="G">          man-ERG river-SM</item>
    <item id="o3" line="77" tag="T">          "the man's river"</item>
  </tier>
  <tier id="c" type="odin-clean">
    <item id="c1" line="75" tag="L">angute-m kuiga-0</item>
    <item id="c2" line="76" tag="G">man-ERG river-SM</item>
    <item id="c3" line="77" tag="T">the man's river</item>
  </tier>
  <tier id="p" type="phrases" content="c">
    <item id="p0" content="c1[0:16]"/>
  </tier>
  <tier id="g" type="glosses" content="c">
    <item id="g0" content="c2[0:16]" alignment="p1"/>
  </tier>
  <tier id="t" type="translations" content="c">
    <item id="t0" content="c3[0:15]" alignment="p1"/>
  </tier>
</igt>
</xigt-corpus>
