<?xml version="1.0" encoding="UTF-8"?>
<xigt-corpus>
<igt id="i11531">
  <metadata type="xigt-meta">
    <meta type="language" name="yupik" iso-639-3="esu:ess" tiers="phrases words morphemes"/>
    <meta type="language" name="English" iso-639-3="eng" tiers="translations"/>
    <meta type="odin-source" doc-id="2488" line-range="2699-2702" line-types="L G M+SY T+AC"/>
  </metadata>
  <tier id="o" type="odin-raw">
    <item id="o1" line="2699" tag="L">      (1) a. Arnaq     yurar-tuq</item>
    <item id="o2" line="2700" tag="G">             woman-ABS dance-IND.3SG</item>
    <item id="o3" line="2701" tag="M+SY">               S</item>
    <item id="o4" line="2702" tag="T+AC">             `The woman dances.' (Bok-Bennema, 1991)</item>
  </tier>
  <tier id="c" type="odin-clean">
    <item id="c1" line="2699" tag="L">Arnaq     yurar-tuq</item>
    <item id="c2" line="2700" tag="G">woman-ABS dance-IND.3SG</item>
    <item id="c3" line="2701" tag="M+SY">S</item>
    <item id="c4" line="2702" tag="T+AC">The woman dances.' (Bok-Bennema, 1991)</item>
  </tier>
  <tier id="p" type="phrases" content="c">
    <item id="p0" content="c1[0:19]"/>
  </tier>
  <tier id="g" type="glosses" content="c">
    <item id="g0" content="c2[0:23]" alignment="p1"/>
  </tier>
  <tier id="t" type="translations" content="c">
    <item id="t0" content="c4[0:38]" alignment="p1"/>
  </tier>
</igt>
<igt id="i11532">
  <metadata type="xigt-meta">
    <meta type="language" name="yupik" iso-639-3="esu:ess" tiers="phrases words morphemes"/>
    <meta type="language" name="English" iso-639-3="eng" tiers="translations"/>
    <meta type="odin-source" doc-id="2488" line-range="2703-2706" line-types="L G M+SY T"/>
  </metadata>
  <tier id="o" type="odin-raw">
    <item id="o1" line="2703" tag="L">          b. Angutem tangrr-aa       arnaq</item>
    <item id="o2" line="2704" tag="G">             man-ERG see-IND.3SG.3SG woman-ABS</item>
    <item id="o3" line="2705" tag="M+SY">               A                               P</item>
    <item id="o4" line="2706" tag="T">             `The man sees the woman.'</item>
  </tier>
  <tier id="c" type="odin-clean">
    <item id="c1" line="2703" tag="L">Angutem tangrr-aa       arnaq</item>
    <item id="c2" line="2704" tag="G">man-ERG see-IND.3SG.3SG woman-ABS</item>
    <item id="c3" line="2705" tag="M+SY">A                               P</item>
    <item id="c4" line="2706" tag="T">The man sees the woman.</item>
  </tier>
  <tier id="p" type="phrases" content="c">
    <item id="p0" content="c1[0:29]"/>
  </tier>
  <tier id="g" type="glosses" content="c">
    <item id="g0" content="c2[0:33]" alignment="p1"/>
  </tier>
  <tier id="t" type="translations" content="c">
    <item id="t0" content="c4[0:23]" alignment="p1"/>
  </tier>
</igt>
<igt id="i37956">
  <metadata type="xigt-meta">
    <meta type="language" name="yup'ik" iso-639-3="esu:ess" tiers="phrases words morphemes"/>
    <meta type="language" name="English" iso-639-3="eng" tiers="translations"/>
    <meta type="odin-source" doc-id="1196" line-range="68-71" line-types="L G M T+AC"/>
  </metadata>
  <tier id="o" type="odin-raw">
    <item id="o1" line="68" tag="L">            (8) Arnaq      yurar-tuq</item>
    <item id="o2" line="69" tag="G">                 woman-ABS dance-IND.3SG</item>
    <item id="o3" line="70" tag="M">                  S</item>
    <item id="o4" line="71" tag="T+AC">               `The woman dances.'                         Yup'ik   (Bok-Bennema, 1991)</item>
  </tier>
  <tier id="c" type="odin-clean">
    <item id="c1" line="68" tag="L">Arnaq      yurar-tuq</item>
    <item id="c2" line="69" tag="G">woman-ABS dance-IND.3SG</item>
    <item id="c3" line="70" tag="M">S</item>
    <item id="c4" line="71" tag="T+AC">The woman dances.'                         Yup'ik   (Bok-Bennema, 1991)</item>
  </tier>
  <tier id="p" type="phrases" content="c">
    <item id="p0" content="c1[0:20]"/>
  </tier>
  <tier id="g" type="glosses" content="c">
    <item id="g0" content="c2[0:23]" alignment="p1"/>
  </tier>
  <tier id="t" type="translations" content="c">
    <item id="t0" content="c4[0:71]" alignment="p1"/>
  </tier>
</igt>
<igt id="i37957">
  <metadata type="xigt-meta">
    <meta type="language" name="yup'ik" iso-639-3="esu:ess" tiers="phrases words morphemes"/>
    <meta type="language" name="English" iso-639-3="eng" tiers="translations"/>
    <meta type="odin-source" doc-id="1196" line-range="72-75" line-types="L G M T"/>
  </metadata>
  <tier id="o" type="odin-raw">
    <item id="o1" line="72" tag="L">            (9) Angutem tangrr-aa        arnaq</item>
    <item id="o2" line="73" tag="G">                 man-ERG see-IND.3SG.3SG woman-ABS</item>
    <item id="o3" line="74" tag="M">                  A                        P</item>
    <item id="o4" line="75" tag="T">               `The man sees the woman.'</item>
  </tier>
  <tier id="c" type="odin-clean">
    <item id="c1" line="72" tag="L">Angutem tangrr-aa        arnaq</item>
    <item id="c2" line="73" tag="G">man-ERG see-IND.3SG.3SG woman-ABS</item>
    <item id="c3" line="74" tag="M">A                        P</item>
    <item id="c4" line="75" tag="T">The man sees the woman.</item>
  </tier>
  <tier id="p" type="phrases" content="c">
    <item id="p0" content="c1[0:30]"/>
  </tier>
  <tier id="g" type="glosses" content="c">
    <item id="g0" content="c2[0:33]" alignment="p1"/>
  </tier>
  <tier id="t" type="translations" content="c">
    <item id="t0" content="c4[0:23]" alignment="p1"/>
  </tier>
</igt>
<igt id="i37972">
  <metadata type="xigt-meta">
    <meta type="language" name="yupik" iso-639-3="esu:ess" tiers="phrases words morphemes"/>
    <meta type="language" name="English" iso-639-3="eng" tiers="translations"/>
    <meta type="odin-source" doc-id="1195" line-range="16-19" line-types="L G M T+AC+LN"/>
  </metadata>
  <tier id="o" type="odin-raw">
    <item id="o1" line="16" tag="L">      (1) a. Arnaq     yurar-tuq</item>
    <item id="o2" line="17" tag="G">             woman-ABS dance-IND.3SG</item>
    <item id="o3" line="18" tag="M">               S</item>
    <item id="o4" line="19" tag="T+AC+LN">            `The woman dances.' Yup'ik (Bok-Bennema, 1991)</item>
  </tier>
  <tier id="c" type="odin-clean">
    <item id="c1" line="16" tag="L">Arnaq     yurar-tuq</item>
    <item id="c2" line="17" tag="G">woman-ABS dance-IND.3SG</item>
    <item id="c3" line="18" tag="M">S</item>
    <item id="c4" line="19" tag="T+AC+LN">The woman dances.' Yup'ik (Bok-Bennema, 1991)</item>
  </tier>
  <tier id="p" type="phrases" content="c">
    <item id="p0" content="c1[0:19]"/>
  </tier>
  <tier id="g" type="glosses" content="c">
    <item id="g0" content="c2[0:23]" alignment="p1"/>
  </tier>
  <tier id="t" type="translations" content="c">
    <item id="t0" content="c4[0:45]" alignment="p1"/>
  </tier>
</igt>
<igt id="i37973">
  <metadata type="xigt-meta">
    <meta type="language" name="yupik" iso-639-3="esu:ess" tiers="phrases words morphemes"/>
    <meta type="language" name="English" iso-639-3="eng" tiers="translations"/>
    <meta type="odin-source" doc-id="1195" line-range="21-24" line-types="L G M T"/>
  </metadata>
  <tier id="o" type="odin-raw">
    <item id="o1" line="21" tag="L">         b. Angutem tangrr-aa       arnaq</item>
    <item id="o2" line="22" tag="G">            man-ERG see-IND.3SG.3SG woman-ABS</item>
    <item id="o3" line="23" tag="M">               A                             P</item>
    <item id="o4" line="24" tag="T">            `The man sees the woman.'</item>
  </tier>
  <tier id="c" type="odin-clean">
    <item id="c1" line="21" tag="L">Angutem tangrr-aa       arnaq</item>
    <item id="c2" line="22" tag="G">man-ERG see-IND.3SG.3SG woman-ABS</item>
    <item id="c3" line="23" tag="M">A                             P</item>
    <item id="c4" line="24" tag="T">The man sees the woman.</item>
  </tier>
  <tier id="p" type="phrases" content="c">
    <item id="p0" content="c1[0:29]"/>
  </tier>
  <tier id="g" type="glosses" content="c">
    <item id="g0" content="c2[0:33]" alignment="p1"/>
  </tier>
  <tier id="t" type="translations" content="c">
    <item id="t0" content="c4[0:23]" alignment="p1"/>
  </tier>
</igt>
<igt id="i39046">
  <metadata type="xigt-meta">
    <meta type="language" name="yup'ik" iso-639-3="esu:ess" tiers="phrases words morphemes"/>
    <meta type="language" name="English" iso-639-3="eng" tiers="translations"/>
    <meta type="odin-source" doc-id="1194" line-range="17-22" line-types="M+AC B L G M T+AC"/>
  </metadata>
  <tier id="o" type="odin-raw">
    <item id="o1" line="17" tag="M+AC">       Morphological Ergativity:</item>
    <item id="o2" line="18" tag="B"></item>
    <item id="o3" line="19" tag="L">      (1) a. Arnaq     yurar-tuq</item>
    <item id="o4" line="20" tag="G">             woman-ABS dance-IND.3SG</item>
    <item id="o5" line="21" tag="M">                  S</item>
    <item id="o6" line="22" tag="T+AC">                `The woman dances.' Yup'ik (Bok-Bennema, 1991)</item>
  </tier>
  <tier id="c" type="odin-clean">
    <item id="c1" line="17" tag="M+AC">Morphological Ergativity:</item>
    <item id="c2" line="18" tag="B"/>
    <item id="c3" line="19" tag="L">Arnaq     yurar-tuq</item>
    <item id="c4" line="20" tag="G">woman-ABS dance-IND.3SG</item>
    <item id="c5" line="21" tag="M">S</item>
    <item id="c6" line="22" tag="T+AC">The woman dances.' Yup'ik (Bok-Bennema, 1991)</item>
  </tier>
  <tier id="p" type="phrases" content="c">
    <item id="p0" content="c3[0:19]"/>
  </tier>
  <tier id="g" type="glosses" content="c">
    <item id="g0" content="c4[0:23]" alignment="p1"/>
  </tier>
  <tier id="t" type="translations" content="c">
    <item id="t0" content="c6[0:45]" alignment="p1"/>
  </tier>
</igt>
<igt id="i39047">
  <metadata type="xigt-meta">
    <meta type="language" name="yup'ik" iso-639-3="esu:ess" tiers="phrases words morphemes"/>
    <meta type="language" name="English" iso-639-3="eng" tiers="translations"/>
    <meta type="odin-source" doc-id="1194" line-range="24-27" line-types="L G M T"/>
  </metadata>
  <tier id="o" type="odin-raw">
    <item id="o1" line="24" tag="L">              b. Angutem tangrr-aa       arnaq</item>
    <item id="o2" line="25" tag="G">                 man-ERG see-IND.3SG.3SG woman-ABS</item>
    <item id="o3" line="26" tag="M">                  A                                      P</item>
    <item id="o4" line="27" tag="T">                `The man sees the woman.'</item>
  </tier>
  <tier id="c" type="odin-clean">
    <item id="c1" line="24" tag="L">Angutem tangrr-aa       arnaq</item>
    <item id="c2" line="25" tag="G">man-ERG see-IND.3SG.3SG woman-ABS</item>
    <item id="c3" line="26" tag="M">A                                      P</item>
    <item id="c4" line="27" tag="T">The man sees the woman.</item>
  </tier>
  <tier id="p" type="phrases" content="c">
    <item id="p0" content="c1[0:29]"/>
  </tier>
  <tier id="g" type="glosses" content="c">
    <item id="g0" content="c2[0:33]" alignment="p1"/>
  </tier>
  <tier id="t" type="translations" content="c">
    <item id="t0" content="c4[0:23]" alignment="p1"/>
  </tier>
</igt>
</xigt-corpus>
