<?xml version="1.0" encoding="UTF-8"?>
<xigt-corpus>
<igt id="i99093">
  <metadata type="xigt-meta">
    <meta type="language" name="yup'ik" iso-639-3="esu:ess:ems" tiers="phrases words morphemes"/>
    <meta type="language" name="English" iso-639-3="eng" tiers="translations"/>
    <meta type="odin-source" doc-id="2864" line-range="225-228" line-types="L G M+SY T+AC+LN"/>
  </metadata>
  <tier id="o" type="odin-raw">
    <item id="o1" line="225" tag="L">   (10) a. Arnaq     yurar-tuq</item>
    <item id="o2" line="226" tag="G">           woman-ABS dance-IND.3SG</item>
    <item id="o3" line="227" tag="M+SY">                 S</item>
    <item id="o4" line="228" tag="T+AC+LN">              `The woman dances.' Yup'ik (Bok-Bennema, 1991)</item>
  </tier>
  <tier id="c" type="odin-clean">
    <item id="c1" line="225" tag="L">Arnaq     yurar-tuq</item>
    <item id="c2" line="226" tag="G">woman-ABS dance-IND.3SG</item>
    <item id="c3" line="227" tag="M+SY">S</item>
    <item id="c4" line="228" tag="T+AC+LN">The woman dances.' Yup'ik (Bok-Bennema, 1991)</item>
  </tier>
  <tier id="p" type="phrases" content="c">
    <item id="p0" content="c1[0:19]"/>
  </tier>
  <tier id="g" type="glosses" content="c">
    <item id="g0" content="c2[0:23]" alignment="p1"/>
  </tier>
  <tier id="t" type="translations" content="c">
    <item id="t0" content="c4[0:45]" alignment="p1"/>
  </tier>
</igt>
</xigt-corpus>
