<?xml version="1.0" encoding="UTF-8"?>
<xigt-corpus>
<igt id="i109994">
  <metadata type="xigt-meta">
    <meta type="language" name="ejagham" iso-639-3="etu" tiers="phrases words morphemes"/>
    <meta type="language" name="English" iso-639-3="eng" tiers="translations"/>
    <meta type="odin-source" doc-id="3360" line-range="127-130" line-types="L G+CR G+CR T+AC"/>
  </metadata>
  <tier id="o" type="odin-raw">
    <item id="o1" line="127" tag="L">  (8)    a-mege      `  i-cokud          a-bae</item>
    <item id="o2" line="128" tag="G+CR">                  GEN NC-orange seed NC-two</item>
    <item id="o3" line="129" tag="G+CR">         NC-CL</item>
    <item id="o4" line="130" tag="T+AC">         `two orange seeds' Watters (1981)</item>
  </tier>
  <tier id="c" type="odin-clean">
    <item id="c1" line="127" tag="L">a-mege      `  i-cokud          a-bae</item>
    <item id="c2" line="128 129" tag="G+CR">NC-CL    GEN NC-orange seed NC-two</item>
    <item id="c4" line="130" tag="T+AC">two orange seeds' Watters (1981)</item>
  </tier>
  <tier id="p" type="phrases" content="c">
    <item id="p0" content="c1[0:37]"/>
  </tier>
  <tier id="g" type="glosses" content="c">
    <item id="g0" content="c2[0:34]" alignment="p1"/>
  </tier>
  <tier id="t" type="translations" content="c">
    <item id="t0" content="c4[0:32]" alignment="p1"/>
  </tier>
</igt>
<igt id="i110240">
  <metadata type="xigt-meta">
    <meta type="language" name="ejagham" iso-639-3="etu" tiers="phrases words morphemes"/>
    <meta type="language" name="English" iso-639-3="eng" tiers="translations"/>
    <meta type="odin-source" doc-id="3359" line-range="104-107" line-types="L G+CR G+CR T+AC"/>
  </metadata>
  <tier id="o" type="odin-raw">
    <item id="o1" line="104" tag="L">  (9)       a-mege        ` i-cokud         a-bae</item>
    <item id="o2" line="105" tag="G+CR">                     GEN NC-orange seed NC-two</item>
    <item id="o3" line="106" tag="G+CR">            NC-CL</item>
    <item id="o4" line="107" tag="T+AC">            `two orange seeds' Watters (1981)</item>
  </tier>
  <tier id="c" type="odin-clean">
    <item id="c1" line="104" tag="L">a-mege        ` i-cokud         a-bae</item>
    <item id="c2" line="105 106" tag="G+CR">NC-CL    GEN NC-orange seed NC-two</item>
    <item id="c4" line="107" tag="T+AC">two orange seeds' Watters (1981)</item>
  </tier>
  <tier id="p" type="phrases" content="c">
    <item id="p0" content="c1[0:37]"/>
  </tier>
  <tier id="g" type="glosses" content="c">
    <item id="g0" content="c2[0:34]" alignment="p1"/>
  </tier>
  <tier id="t" type="translations" content="c">
    <item id="t0" content="c4[0:32]" alignment="p1"/>
  </tier>
</igt>
</xigt-corpus>
