<?xml version="1.0" encoding="UTF-8"?>
<xigt-corpus>
<igt id="i49268">
  <metadata type="xigt-meta">
    <meta type="language" name="fasu" iso-639-3="faa" tiers="phrases words morphemes"/>
    <meta type="language" name="English" iso-639-3="eng" tiers="translations"/>
    <meta type="odin-source" doc-id="3423" line-range="194-196" line-types="L G T"/>
  </metadata>
  <tier id="o" type="odin-raw">
    <item id="o1" line="194" tag="L">  (5)     a.     a-pe-re</item>
    <item id="o2" line="195" tag="G">                 VIS-come-VIS</item>
    <item id="o3" line="196" tag="T">                 `I see it coming.'</item>
  </tier>
  <tier id="c" type="odin-clean">
    <item id="c1" line="194" tag="L">a-pe-re</item>
    <item id="c2" line="195" tag="G">VIS-come-VIS</item>
    <item id="c3" line="196" tag="T">I see it coming.</item>
  </tier>
  <tier id="p" type="phrases" content="c">
    <item id="p0" content="c1[0:7]"/>
  </tier>
  <tier id="g" type="glosses" content="c">
    <item id="g0" content="c2[0:12]" alignment="p1"/>
  </tier>
  <tier id="t" type="translations" content="c">
    <item id="t0" content="c3[0:16]" alignment="p1"/>
  </tier>
</igt>
<igt id="i49269">
  <metadata type="xigt-meta">
    <meta type="language" name="fasu" iso-639-3="faa" tiers="phrases words morphemes"/>
    <meta type="language" name="English" iso-639-3="eng" tiers="translations"/>
    <meta type="odin-source" doc-id="3423" line-range="200-202" line-types="L G T"/>
  </metadata>
  <tier id="o" type="odin-raw">
    <item id="o1" line="200" tag="L">         b.      pe-ra-rakae</item>
    <item id="o2" line="201" tag="G">                 come-CUST-AUD</item>
    <item id="o3" line="202" tag="T">                 `I hear it coming.'</item>
  </tier>
  <tier id="c" type="odin-clean">
    <item id="c1" line="200" tag="L">pe-ra-rakae</item>
    <item id="c2" line="201" tag="G">come-CUST-AUD</item>
    <item id="c3" line="202" tag="T">I hear it coming.</item>
  </tier>
  <tier id="p" type="phrases" content="c">
    <item id="p0" content="c1[0:11]"/>
  </tier>
  <tier id="g" type="glosses" content="c">
    <item id="g0" content="c2[0:13]" alignment="p1"/>
  </tier>
  <tier id="t" type="translations" content="c">
    <item id="t0" content="c3[0:17]" alignment="p1"/>
  </tier>
</igt>
<igt id="i49270">
  <metadata type="xigt-meta">
    <meta type="language" name="fasu" iso-639-3="faa" tiers="phrases words morphemes"/>
    <meta type="language" name="English" iso-639-3="eng" tiers="translations"/>
    <meta type="odin-source" doc-id="3423" line-range="203-205" line-types="L G T"/>
  </metadata>
  <tier id="o" type="odin-raw">
    <item id="o1" line="203" tag="L">         c.      pe-sa-rakae</item>
    <item id="o2" line="204" tag="G">                 come-PAST-QUOT</item>
    <item id="o3" line="205" tag="T">                 `I heard someone say that he came.'</item>
  </tier>
  <tier id="c" type="odin-clean">
    <item id="c1" line="203" tag="L">pe-sa-rakae</item>
    <item id="c2" line="204" tag="G">come-PAST-QUOT</item>
    <item id="c3" line="205" tag="T">I heard someone say that he came.</item>
  </tier>
  <tier id="p" type="phrases" content="c">
    <item id="p0" content="c1[0:11]"/>
  </tier>
  <tier id="g" type="glosses" content="c">
    <item id="g0" content="c2[0:14]" alignment="p1"/>
  </tier>
  <tier id="t" type="translations" content="c">
    <item id="t0" content="c3[0:33]" alignment="p1"/>
  </tier>
</igt>
<igt id="i136245">
  <metadata type="xigt-meta">
    <meta type="language" name="fasu" iso-639-3="faa" tiers="phrases words morphemes"/>
    <meta type="language" name="English" iso-639-3="eng" tiers="translations"/>
    <meta type="odin-source" doc-id="3750" line-range="37-39" line-types="L G T"/>
  </metadata>
  <tier id="o" type="odin-raw">
    <item id="o1" line="37" tag="L">  (1)    a-pe-re</item>
    <item id="o2" line="38" tag="G">         VIS-come-VIS</item>
    <item id="o3" line="39" tag="T">         `[I see] it coming.'</item>
  </tier>
  <tier id="c" type="odin-clean">
    <item id="c1" line="37" tag="L">a-pe-re</item>
    <item id="c2" line="38" tag="G">VIS-come-VIS</item>
    <item id="c3" line="39" tag="T">[I see] it coming.</item>
  </tier>
  <tier id="p" type="phrases" content="c">
    <item id="p0" content="c1[0:7]"/>
  </tier>
  <tier id="g" type="glosses" content="c">
    <item id="g0" content="c2[0:12]" alignment="p1"/>
  </tier>
  <tier id="t" type="translations" content="c">
    <item id="t0" content="c3[0:18]" alignment="p1"/>
  </tier>
</igt>
</xigt-corpus>
