<?xml version="1.0" encoding="UTF-8"?>
<xigt-corpus>
<igt id="i116579">
  <metadata type="xigt-meta">
    <meta type="language" name="fa d'ambu" iso-639-3="fab" tiers="phrases words morphemes"/>
    <meta type="language" name="English" iso-639-3="eng" tiers="translations"/>
    <meta type="odin-source" doc-id="3648" line-range="113-117" line-types="M+AC+LN L G+CR G+CR T"/>
  </metadata>
  <tier id="o" type="odin-raw">
    <item id="o1" line="113" tag="M+AC+LN">  Fa d'Ambu (Post to appear, cited after Bruyn et al. 1999:330)</item>
    <item id="o2" line="114" tag="L">  (6) Malía da     pe-d'eli      tabaku.</item>
    <item id="o3" line="115" tag="G+CR">         Maria give              father-3                 tobacco</item>
    <item id="o4" line="116" tag="G+CR">                                             SG</item>
    <item id="o5" line="117" tag="T">         'Maria gives (the) tobacco to her father.'</item>
  </tier>
  <tier id="c" type="odin-clean">
    <item id="c1" line="113" tag="M+AC+LN">Fa d'Ambu (Post to appear, cited after Bruyn et al. 1999:330)</item>
    <item id="c2" line="114" tag="L">Malía da     pe-d'eli      tabaku.</item>
    <item id="c3" line="115 116" tag="G+CR">Maria give              father-3    SG           tobacco</item>
    <item id="c5" line="117" tag="T">Maria gives (the) tobacco to her father.</item>
  </tier>
  <tier id="p" type="phrases" content="c">
    <item id="p0" content="c2[0:34]"/>
  </tier>
  <tier id="g" type="glosses" content="c">
    <item id="g0" content="c3[0:56]" alignment="p1"/>
  </tier>
  <tier id="t" type="translations" content="c">
    <item id="t0" content="c5[0:40]" alignment="p1"/>
  </tier>
</igt>
<igt id="i116590">
  <metadata type="xigt-meta">
    <meta type="language" name="fa d'ambu" iso-639-3="fab" tiers="phrases words morphemes"/>
    <meta type="language" name="English" iso-639-3="eng" tiers="translations"/>
    <meta type="odin-source" doc-id="3648" line-range="197-201" line-types="M+AC+LN L G+CR G+CR T"/>
  </metadata>
  <tier id="o" type="odin-raw">
    <item id="o1" line="197" tag="M+AC+LN">  Fa d'Ambu (cited after Bruyn et al. 1999:331)</item>
    <item id="o2" line="198" tag="L">  (17) Amu da        wan kuzu da           bo.</item>
    <item id="o3" line="199" tag="G+CR">         1             give         ART         thing       give         2</item>
    <item id="o4" line="200" tag="G+CR">             SG                                                              SG</item>
    <item id="o5" line="201" tag="T">         'I gave you something.'</item>
  </tier>
  <tier id="c" type="odin-clean">
    <item id="c1" line="197" tag="M+AC+LN">Fa d'Ambu (cited after Bruyn et al. 1999:331)</item>
    <item id="c2" line="198" tag="L">Amu da        wan kuzu da           bo.</item>
    <item id="c3" line="199 200" tag="G+CR">1   SG        give         ART         thing       give         2   SG</item>
    <item id="c5" line="201" tag="T">I gave you something.</item>
  </tier>
  <tier id="p" type="phrases" content="c">
    <item id="p0" content="c2[0:39]"/>
  </tier>
  <tier id="g" type="glosses" content="c">
    <item id="g0" content="c3[0:70]" alignment="p1"/>
  </tier>
  <tier id="t" type="translations" content="c">
    <item id="t0" content="c5[0:21]" alignment="p1"/>
  </tier>
</igt>
</xigt-corpus>
