<?xml version="1.0" encoding="UTF-8"?>
<xigt-corpus>
<igt id="i136502">
  <metadata type="xigt-meta">
    <meta type="language" name="ram" iso-639-3="fal" tiers="phrases words morphemes"/>
    <meta type="language" name="English" iso-639-3="eng" tiers="translations"/>
    <meta type="odin-source" doc-id="3743" line-range="9031-9035" line-types="L+CR L+CR L+CR G T+LN"/>
  </metadata>
  <tier id="o" type="odin-raw">
    <item id="o1" line="9031" tag="L+CR">                      par-ia       nai janda</item>
    <item id="o2" line="9032" tag="L+CR">  (11) ram=to</item>
    <item id="o3" line="9033" tag="L+CR">            ~            .</item>
    <item id="o4" line="9034" tag="G">       Ram.M.Sg=??? read.Past.M.Sg not go.Pres.M.Sg</item>
    <item id="o5" line="9035" tag="T+LN">       `Ram cannot read.'                                                             Punjabi</item>
  </tier>
  <tier id="c" type="odin-clean">
    <item id="c1" line="9031 9032" tag="L+CR">ram=to         par-ia       nai janda</item>
    <item id="c4" line="9034" tag="G">Ram.M.Sg=??? read.Past.M.Sg not go.Pres.M.Sg</item>
    <item id="c5" line="9035" tag="T+LN">Ram cannot read.'                                                             Punjabi</item>
  </tier>
  <tier id="p" type="phrases" content="c">
    <item id="p0" content="c1[0:37]"/>
  </tier>
  <tier id="g" type="glosses" content="c">
    <item id="g0" content="c4[0:44]" alignment="p1"/>
  </tier>
  <tier id="t" type="translations" content="c">
    <item id="t0" content="c5[0:85]" alignment="p1"/>
  </tier>
</igt>
</xigt-corpus>
