<?xml version="1.0" encoding="UTF-8"?>
<xigt-corpus>
<igt id="i73239">
  <metadata type="xigt-meta">
    <meta type="language" name="futunaaniwa" iso-639-3="fut" tiers="phrases words morphemes"/>
    <meta type="language" name="English" iso-639-3="eng" tiers="translations"/>
    <meta type="odin-source" doc-id="990" line-range="224-227" line-types="L+CR L+CR G T"/>
  </metadata>
  <tier id="o" type="odin-raw">
    <item id="o1" line="224" tag="L+CR">                               tukia [ta fatu]</item>
    <item id="o2" line="225" tag="L+CR">  (13) a. na-n</item>
    <item id="o3" line="226" tag="G">                PAST-1SG hit            [SPEC rock]</item>
    <item id="o4" line="227" tag="T">                `I hit against a rock'</item>
  </tier>
  <tier id="c" type="odin-clean">
    <item id="c1" line="224 225" tag="L+CR">na-n                 tukia [ta fatu]</item>
    <item id="c3" line="226" tag="G">PAST-1SG hit            [SPEC rock]</item>
    <item id="c4" line="227" tag="T">I hit against a rock</item>
  </tier>
  <tier id="p" type="phrases" content="c">
    <item id="p0" content="c1[0:36]"/>
  </tier>
  <tier id="g" type="glosses" content="c">
    <item id="g0" content="c3[0:35]" alignment="p1"/>
  </tier>
  <tier id="t" type="translations" content="c">
    <item id="t0" content="c4[0:20]" alignment="p1"/>
  </tier>
</igt>
<igt id="i73240">
  <metadata type="xigt-meta">
    <meta type="language" name="futunaaniwa" iso-639-3="fut" tiers="phrases words morphemes"/>
    <meta type="language" name="English" iso-639-3="eng" tiers="translations"/>
    <meta type="odin-source" doc-id="990" line-range="228-231" line-types="L+CR L+CR G T"/>
  </metadata>
  <tier id="o" type="odin-raw">
    <item id="o1" line="228" tag="L+CR">                                        kaseroitia ma [sa</item>
    <item id="o2" line="229" tag="L+CR">           b. a         roroveka                                          ika] aratu</item>
    <item id="o3" line="230" tag="G">                ART Roroveka            catch          NEG [NONSPEC fish] tomorrow</item>
    <item id="o4" line="231" tag="T">                `Roroveka won't get any fish tomorrow'</item>
  </tier>
  <tier id="c" type="odin-clean">
    <item id="c1" line="228 229" tag="L+CR">a         roroveka        kaseroitia ma [sa                 ika] aratu</item>
    <item id="c3" line="230" tag="G">ART Roroveka            catch          NEG [NONSPEC fish] tomorrow</item>
    <item id="c4" line="231" tag="T">Roroveka won't get any fish tomorrow</item>
  </tier>
  <tier id="p" type="phrases" content="c">
    <item id="p0" content="c1[0:70]"/>
  </tier>
  <tier id="g" type="glosses" content="c">
    <item id="g0" content="c3[0:66]" alignment="p1"/>
  </tier>
  <tier id="t" type="translations" content="c">
    <item id="t0" content="c4[0:36]" alignment="p1"/>
  </tier>
</igt>
</xigt-corpus>
