<?xml version="1.0" encoding="UTF-8"?>
<xigt-corpus>
<igt id="i25967">
  <metadata type="xigt-meta">
    <meta type="language" name="fula" iso-639-3="fuv:fub:fuq:fuh:fuc" tiers="phrases words morphemes"/>
    <meta type="language" name="English" iso-639-3="eng" tiers="translations"/>
    <meta type="odin-source" doc-id="3878" line-range="10595-10610" line-types="M+AC+LN+CN L+CR L+CR B B B B M B B B B G+CR G+CN+CR B T"/>
  </metadata>
  <tier id="o" type="odin-raw">
    <item id="o1" line="10595" tag="M+AC+LN+CN">  (181)   Fule middles (Klaiman 1991:26)</item>
    <item id="o2" line="10596" tag="L+CR">          a. 'o orn -ii                     mo gapalewol</item>
    <item id="o3" line="10597" tag="L+CR">                 ¡</item>
    <item id="o4" line="10598" tag="B"></item>
    <item id="o5" line="10599" tag="B"></item>
    <item id="o6" line="10600" tag="B"></item>
    <item id="o7" line="10601" tag="B"></item>
    <item id="o8" line="10602" tag="M">                                                   ¢</item>
    <item id="o9" line="10603" tag="B"></item>
    <item id="o10" line="10604" tag="B"></item>
    <item id="o11" line="10605" tag="B"></item>
    <item id="o12" line="10606" tag="B"></item>
    <item id="o13" line="10607" tag="G+CR">             he dress past                  him gown</item>
    <item id="o14" line="10608" tag="G+CN+CR">                                   ACTIVE</item>
    <item id="o15" line="10609" tag="B"></item>
    <item id="o16" line="10610" tag="T">              `He dressed him in a gown.'</item>
  </tier>
  <tier id="c" type="odin-clean">
    <item id="c1" line="10595" tag="M+AC+LN+CN">Fule middles (Klaiman 1991:26</item>
    <item id="c2" line="10596" tag="L+CR">'o orn-ii                     mo gapalewol</item>
    <item id="c4" line="10598" tag="B"/>
    <item id="c5" line="10599" tag="B"/>
    <item id="c6" line="10600" tag="B"/>
    <item id="c7" line="10601" tag="B"/>
    <item id="c8" line="10602" tag="M">¢</item>
    <item id="c9" line="10603" tag="B"/>
    <item id="c10" line="10604" tag="B"/>
    <item id="c11" line="10605" tag="B"/>
    <item id="c12" line="10606" tag="B"/>
    <item id="c13" line="10607 10608" tag="G+CR+CN">he dress past         ACTIVE   him gown</item>
    <item id="c15" line="10609" tag="B"/>
    <item id="c16" line="10610" tag="T">He dressed him in a gown.</item>
  </tier>
  <tier id="p" type="phrases" content="c">
    <item id="p0" content="c2[0:42]"/>
  </tier>
  <tier id="g" type="glosses" content="c">
    <item id="g0" content="c13[0:39]" alignment="p1"/>
  </tier>
  <tier id="t" type="translations" content="c">
    <item id="t0" content="c16[0:25]" alignment="p1"/>
  </tier>
</igt>
<igt id="i25968">
  <metadata type="xigt-meta">
    <meta type="language" name="fula" iso-639-3="fuv:fub:fuq:fuh:fuc" tiers="phrases words morphemes"/>
    <meta type="language" name="English" iso-639-3="eng" tiers="translations"/>
    <meta type="odin-source" doc-id="3878" line-range="10611-10625" line-types="L+CR L+CR B B B B M B B B B G+CR G+CR B T"/>
  </metadata>
  <tier id="o" type="odin-raw">
    <item id="o1" line="10611" tag="L+CR">          b. 'o orn -ake                    mo gapalewol</item>
    <item id="o2" line="10612" tag="L+CR">                 ¡</item>
    <item id="o3" line="10613" tag="B"></item>
    <item id="o4" line="10614" tag="B"></item>
    <item id="o5" line="10615" tag="B"></item>
    <item id="o6" line="10616" tag="B"></item>
    <item id="o7" line="10617" tag="M">                                                       ¢</item>
    <item id="o8" line="10618" tag="B"></item>
    <item id="o9" line="10619" tag="B"></item>
    <item id="o10" line="10620" tag="B"></item>
    <item id="o11" line="10621" tag="B"></item>
    <item id="o12" line="10622" tag="G+CR">             he dress past                  him gown</item>
    <item id="o13" line="10623" tag="G+CR">                                   MIDDLE</item>
    <item id="o14" line="10624" tag="B"></item>
    <item id="o15" line="10625" tag="T">              `He dressed him in a gown.'</item>
  </tier>
  <tier id="c" type="odin-clean">
    <item id="c1" line="10611" tag="L+CR">'o orn-ake                    mo gapalewol</item>
    <item id="c3" line="10613" tag="B"/>
    <item id="c4" line="10614" tag="B"/>
    <item id="c5" line="10615" tag="B"/>
    <item id="c6" line="10616" tag="B"/>
    <item id="c7" line="10617" tag="M">¢</item>
    <item id="c8" line="10618" tag="B"/>
    <item id="c9" line="10619" tag="B"/>
    <item id="c10" line="10620" tag="B"/>
    <item id="c11" line="10621" tag="B"/>
    <item id="c12" line="10622 10623" tag="G+CR">he dress past         MIDDLE   him gown</item>
    <item id="c14" line="10624" tag="B"/>
    <item id="c15" line="10625" tag="T">He dressed him in a gown.</item>
  </tier>
  <tier id="p" type="phrases" content="c">
    <item id="p0" content="c1[0:42]"/>
  </tier>
  <tier id="g" type="glosses" content="c">
    <item id="g0" content="c12[0:39]" alignment="p1"/>
  </tier>
  <tier id="t" type="translations" content="c">
    <item id="t0" content="c15[0:25]" alignment="p1"/>
  </tier>
</igt>
<igt id="i25969">
  <metadata type="xigt-meta">
    <meta type="language" name="fula" iso-639-3="fuv:fub:fuq:fuh:fuc" tiers="phrases words morphemes"/>
    <meta type="language" name="English" iso-639-3="eng" tiers="translations"/>
    <meta type="odin-source" doc-id="3878" line-range="10626-10640" line-types="L+CR L+CR B B B B M B B B B G M+CN B T"/>
  </metadata>
  <tier id="o" type="odin-raw">
    <item id="o1" line="10626" tag="L+CR">          c. 'o orn -aama                     mo gapalewol</item>
    <item id="o2" line="10627" tag="L+CR">                 ¡</item>
    <item id="o3" line="10628" tag="B"></item>
    <item id="o4" line="10629" tag="B"></item>
    <item id="o5" line="10630" tag="B"></item>
    <item id="o6" line="10631" tag="B"></item>
    <item id="o7" line="10632" tag="M">                                                               ¢</item>
    <item id="o8" line="10633" tag="B"></item>
    <item id="o9" line="10634" tag="B"></item>
    <item id="o10" line="10635" tag="B"></item>
    <item id="o11" line="10636" tag="B"></item>
    <item id="o12" line="10637" tag="G">             he dress past                    him gown</item>
    <item id="o13" line="10638" tag="M+CN">                                    PASSIVE</item>
    <item id="o14" line="10639" tag="B"></item>
    <item id="o15" line="10640" tag="T">              `He dressed him in a gown.'</item>
  </tier>
  <tier id="c" type="odin-clean">
    <item id="c1" line="10626" tag="L+CR">'o orn-aama                     mo gapalewol</item>
    <item id="c3" line="10628" tag="B"/>
    <item id="c4" line="10629" tag="B"/>
    <item id="c5" line="10630" tag="B"/>
    <item id="c6" line="10631" tag="B"/>
    <item id="c7" line="10632" tag="M">¢</item>
    <item id="c8" line="10633" tag="B"/>
    <item id="c9" line="10634" tag="B"/>
    <item id="c10" line="10635" tag="B"/>
    <item id="c11" line="10636" tag="B"/>
    <item id="c12" line="10637" tag="G">he dress past                    him gown</item>
    <item id="c13" line="10638" tag="M+CN">PASSIVE</item>
    <item id="c14" line="10639" tag="B"/>
    <item id="c15" line="10640" tag="T">He dressed him in a gown.</item>
  </tier>
  <tier id="p" type="phrases" content="c">
    <item id="p0" content="c1[0:44]"/>
  </tier>
  <tier id="g" type="glosses" content="c">
    <item id="g0" content="c12[0:41]" alignment="p1"/>
  </tier>
  <tier id="t" type="translations" content="c">
    <item id="t0" content="c15[0:25]" alignment="p1"/>
  </tier>
</igt>
<igt id="i25970">
  <metadata type="xigt-meta">
    <meta type="language" name="fula" iso-639-3="fuv:fub:fuq:fuh:fuc" tiers="phrases words morphemes"/>
    <meta type="language" name="English" iso-639-3="eng" tiers="translations"/>
    <meta type="odin-source" doc-id="3878" line-range="10714-10722" line-types="M+AC+LN+CN L B B B B B G T"/>
  </metadata>
  <tier id="o" type="odin-raw">
    <item id="o1" line="10714" tag="M+AC+LN+CN">  (183)    Active-only verbs in Fula (Klaiman 1991:56)</item>
    <item id="o2" line="10715" tag="L">            a. 'o hol l -ii         mo      um</item>
    <item id="o3" line="10716" tag="B"></item>
    <item id="o4" line="10717" tag="B"></item>
    <item id="o5" line="10718" tag="B"></item>
    <item id="o6" line="10719" tag="B"></item>
    <item id="o7" line="10720" tag="B"></item>
    <item id="o8" line="10721" tag="G">               he show General Past ACTIVE him it</item>
    <item id="o9" line="10722" tag="T">               `He showed it to him.'</item>
  </tier>
  <tier id="c" type="odin-clean">
    <item id="c1" line="10714" tag="M+AC+LN+CN">Active-only verbs in Fula (Klaiman 1991:56</item>
    <item id="c2" line="10715" tag="L">'o hol l-ii         mo      um</item>
    <item id="c3" line="10716" tag="B"/>
    <item id="c4" line="10717" tag="B"/>
    <item id="c5" line="10718" tag="B"/>
    <item id="c6" line="10719" tag="B"/>
    <item id="c7" line="10720" tag="B"/>
    <item id="c8" line="10721" tag="G">he show General Past ACTIVE him it</item>
    <item id="c9" line="10722" tag="T">He showed it to him.</item>
  </tier>
  <tier id="p" type="phrases" content="c">
    <item id="p0" content="c2[0:30]"/>
  </tier>
  <tier id="g" type="glosses" content="c">
    <item id="g0" content="c8[0:34]" alignment="p1"/>
  </tier>
  <tier id="t" type="translations" content="c">
    <item id="t0" content="c9[0:20]" alignment="p1"/>
  </tier>
</igt>
<igt id="i25971">
  <metadata type="xigt-meta">
    <meta type="language" name="fula" iso-639-3="fuv:fub:fuq:fuh:fuc" tiers="phrases words morphemes"/>
    <meta type="language" name="English" iso-639-3="eng" tiers="translations"/>
    <meta type="odin-source" doc-id="3878" line-range="10723-10725" line-types="L G T"/>
  </metadata>
  <tier id="o" type="odin-raw">
    <item id="o1" line="10723" tag="L">            b. 'o nodd -ii          mo</item>
    <item id="o2" line="10724" tag="G">               he call General Past ACTIVE him</item>
    <item id="o3" line="10725" tag="T">               `He called him.'</item>
  </tier>
  <tier id="c" type="odin-clean">
    <item id="c1" line="10723" tag="L">'o nodd-ii          mo</item>
    <item id="c2" line="10724" tag="G">he call General Past ACTIVE him</item>
    <item id="c3" line="10725" tag="T">He called him.</item>
  </tier>
  <tier id="p" type="phrases" content="c">
    <item id="p0" content="c1[0:22]"/>
  </tier>
  <tier id="g" type="glosses" content="c">
    <item id="g0" content="c2[0:31]" alignment="p1"/>
  </tier>
  <tier id="t" type="translations" content="c">
    <item id="t0" content="c3[0:14]" alignment="p1"/>
  </tier>
</igt>
<igt id="i25972">
  <metadata type="xigt-meta">
    <meta type="language" name="fula" iso-639-3="fuv:fub:fuq:fuh:fuc" tiers="phrases words morphemes"/>
    <meta type="language" name="English" iso-639-3="eng" tiers="translations"/>
    <meta type="odin-source" doc-id="3878" line-range="10726-10729" line-types="L G+CN B T"/>
  </metadata>
  <tier id="o" type="odin-raw">
    <item id="o1" line="10726" tag="L">            c. 'o maay -ii</item>
    <item id="o2" line="10727" tag="G+CN">               he die General Past      ACTIVE</item>
    <item id="o3" line="10728" tag="B"></item>
    <item id="o4" line="10729" tag="T">               `He died.'</item>
  </tier>
  <tier id="c" type="odin-clean">
    <item id="c1" line="10726" tag="L">'o maay-ii</item>
    <item id="c2" line="10727" tag="G+CN">he die General Past      ACTIVE</item>
    <item id="c3" line="10728" tag="B"/>
    <item id="c4" line="10729" tag="T">He died.</item>
  </tier>
  <tier id="p" type="phrases" content="c">
    <item id="p0" content="c1[0:10]"/>
  </tier>
  <tier id="g" type="glosses" content="c">
    <item id="g0" content="c2[0:31]" alignment="p1"/>
  </tier>
  <tier id="t" type="translations" content="c">
    <item id="t0" content="c4[0:8]" alignment="p1"/>
  </tier>
</igt>
<igt id="i25973">
  <metadata type="xigt-meta">
    <meta type="language" name="fula" iso-639-3="fuv:fub:fuq:fuh:fuc" tiers="phrases words morphemes"/>
    <meta type="language" name="English" iso-639-3="eng" tiers="translations"/>
    <meta type="odin-source" doc-id="3878" line-range="10731-10734" line-types="M+AC+LN+CN L G T"/>
  </metadata>
  <tier id="o" type="odin-raw">
    <item id="o1" line="10731" tag="M+AC+LN+CN">  (184)    Middle-only verbs in Fula (Klaiman 1991:56)</item>
    <item id="o2" line="10732" tag="L">            a. 'o ug    -ake         mo     nde</item>
    <item id="o3" line="10733" tag="G">               he throw General Past MIDDLE him it</item>
    <item id="o4" line="10734" tag="T">               `He showed it to him.'</item>
  </tier>
  <tier id="c" type="odin-clean">
    <item id="c1" line="10731" tag="M+AC+LN+CN">Middle-only verbs in Fula (Klaiman 1991:56</item>
    <item id="c2" line="10732" tag="L">'o ug-ake         mo     nde</item>
    <item id="c3" line="10733" tag="G">he throw General Past MIDDLE him it</item>
    <item id="c4" line="10734" tag="T">He showed it to him.</item>
  </tier>
  <tier id="p" type="phrases" content="c">
    <item id="p0" content="c2[0:28]"/>
  </tier>
  <tier id="g" type="glosses" content="c">
    <item id="g0" content="c3[0:35]" alignment="p1"/>
  </tier>
  <tier id="t" type="translations" content="c">
    <item id="t0" content="c4[0:20]" alignment="p1"/>
  </tier>
</igt>
<igt id="i25974">
  <metadata type="xigt-meta">
    <meta type="language" name="fula" iso-639-3="fuv:fub:fuq:fuh:fuc" tiers="phrases words morphemes"/>
    <meta type="language" name="English" iso-639-3="eng" tiers="translations"/>
    <meta type="odin-source" doc-id="3878" line-range="10735-10737" line-types="L G T"/>
  </metadata>
  <tier id="o" type="odin-raw">
    <item id="o1" line="10735" tag="L">            b. 'o sal    -ake         nde</item>
    <item id="o2" line="10736" tag="G">               he refuse General Past MIDDLE it</item>
    <item id="o3" line="10737" tag="T">               `He refused it.'</item>
  </tier>
  <tier id="c" type="odin-clean">
    <item id="c1" line="10735" tag="L">'o sal-ake         nde</item>
    <item id="c2" line="10736" tag="G">he refuse General Past MIDDLE it</item>
    <item id="c3" line="10737" tag="T">He refused it.</item>
  </tier>
  <tier id="p" type="phrases" content="c">
    <item id="p0" content="c1[0:22]"/>
  </tier>
  <tier id="g" type="glosses" content="c">
    <item id="g0" content="c2[0:32]" alignment="p1"/>
  </tier>
  <tier id="t" type="translations" content="c">
    <item id="t0" content="c3[0:14]" alignment="p1"/>
  </tier>
</igt>
<igt id="i25975">
  <metadata type="xigt-meta">
    <meta type="language" name="fula" iso-639-3="fuv:fub:fuq:fuh:fuc" tiers="phrases words morphemes"/>
    <meta type="language" name="English" iso-639-3="eng" tiers="translations"/>
    <meta type="odin-source" doc-id="3878" line-range="10738-10741" line-types="L G+CN B T+CR"/>
  </metadata>
  <tier id="o" type="odin-raw">
    <item id="o1" line="10738" tag="L">            c. 'o dar -ake</item>
    <item id="o2" line="10739" tag="G+CN">               he stop General Past    MIDDLE</item>
    <item id="o3" line="10740" tag="B"></item>
    <item id="o4" line="10741" tag="T+CR">               `He stopp ed.'</item>
  </tier>
  <tier id="c" type="odin-clean">
    <item id="c1" line="10738" tag="L">'o dar-ake</item>
    <item id="c2" line="10739" tag="G+CN">he stop General Past    MIDDLE</item>
    <item id="c3" line="10740" tag="B"/>
    <item id="c4" line="10741" tag="T+CR">He stopp ed.</item>
  </tier>
  <tier id="p" type="phrases" content="c">
    <item id="p0" content="c1[0:10]"/>
  </tier>
  <tier id="g" type="glosses" content="c">
    <item id="g0" content="c2[0:30]" alignment="p1"/>
  </tier>
  <tier id="t" type="translations" content="c">
    <item id="t0" content="c4[0:12]" alignment="p1"/>
  </tier>
</igt>
<igt id="i91737">
  <metadata type="xigt-meta">
    <meta type="language" name="fula" iso-639-3="fuv:fub:fuq:fuh:fuc" tiers="phrases words morphemes"/>
    <meta type="language" name="English" iso-639-3="eng" tiers="translations"/>
    <meta type="odin-source" doc-id="3766" line-range="2806-2809" line-types="M+AC+LN L G T"/>
  </metadata>
  <tier id="o" type="odin-raw">
    <item id="o1" line="2806" tag="M+AC+LN">  (52) Fula (Ar nott    1970: 150)</item>
    <item id="o2" line="2807" tag="L">       a. Walaa         mo mi-'annd-aa     'innde muu um.</item>
    <item id="o3" line="2808" tag="G">            NEG -EX      REL 1SG -know-NEG name his</item>
    <item id="o4" line="2809" tag="T">           `There is    no one whose name I don't know.'</item>
  </tier>
  <tier id="c" type="odin-clean">
    <item id="c1" line="2806" tag="M+AC+LN">Fula (Ar nott    1970: 150</item>
    <item id="c2" line="2807" tag="L">Walaa         mo mi-'annd-aa     'innde muu um.</item>
    <item id="c3" line="2808" tag="G">NEG-EX      REL 1SG-know-NEG name his</item>
    <item id="c4" line="2809" tag="T">There is    no one whose name I don't know.</item>
  </tier>
  <tier id="p" type="phrases" content="c">
    <item id="p0" content="c2[0:47]"/>
  </tier>
  <tier id="g" type="glosses" content="c">
    <item id="g0" content="c3[0:37]" alignment="p1"/>
  </tier>
  <tier id="t" type="translations" content="c">
    <item id="t0" content="c4[0:43]" alignment="p1"/>
  </tier>
</igt>
<igt id="i91738">
  <metadata type="xigt-meta">
    <meta type="language" name="fula" iso-639-3="fuv:fub:fuq:fuh:fuc" tiers="phrases words morphemes"/>
    <meta type="language" name="English" iso-639-3="eng" tiers="translations"/>
    <meta type="odin-source" doc-id="3766" line-range="2811-2813" line-types="L G T+EX"/>
  </metadata>
  <tier id="o" type="odin-raw">
    <item id="o1" line="2811" tag="L">        b.    Ndaa go o mo sood-áayi nagge.</item>
    <item id="o2" line="2812" tag="G">              EX    some REL buy-PNEG cow</item>
    <item id="o3" line="2813" tag="T+EX">             `There is someone who has not bought a cow.' (292)</item>
  </tier>
  <tier id="c" type="odin-clean">
    <item id="c1" line="2811" tag="L">Ndaa go o mo sood-áayi nagge.</item>
    <item id="c2" line="2812" tag="G">EX    some REL buy-PNEG cow</item>
    <item id="c3" line="2813" tag="T+EX">There is someone who has not bought a cow.' (292)</item>
  </tier>
  <tier id="p" type="phrases" content="c">
    <item id="p0" content="c1[0:29]"/>
  </tier>
  <tier id="g" type="glosses" content="c">
    <item id="g0" content="c2[0:27]" alignment="p1"/>
  </tier>
  <tier id="t" type="translations" content="c">
    <item id="t0" content="c3[0:49]" alignment="p1"/>
  </tier>
</igt>
<igt id="i91744">
  <metadata type="xigt-meta">
    <meta type="language" name="fula" iso-639-3="fuv:fub:fuq:fuh:fuc" tiers="phrases words morphemes"/>
    <meta type="language" name="English" iso-639-3="eng" tiers="translations"/>
    <meta type="odin-source" doc-id="3766" line-range="3149-3154" line-types="M+AC+LN L G L G T"/>
  </metadata>
  <tier id="o" type="odin-raw">
    <item id="o1" line="3149" tag="M+AC+LN">  (3) Fula (Ar nott 1970: 292)</item>
    <item id="o2" line="3150" tag="L">       Tò 'a-wadd-áayi       sheede,</item>
    <item id="o3" line="3151" tag="G">       if 2SG -br ing-PNEG money</item>
    <item id="o4" line="3152" tag="L">       'a-he -átaa        ko    nyaam-aa.</item>
    <item id="o5" line="3153" tag="G">       2SG -get-FU TNEG thing eat</item>
    <item id="o6" line="3154" tag="T">      `If you haven't brought any money, you won't get anything to eat.'</item>
  </tier>
  <tier id="c" type="odin-clean">
    <item id="c1" line="3149" tag="M+AC+LN">Fula (Ar nott 1970: 292</item>
    <item id="c2" line="3150" tag="L">Tò 'a-wadd-áayi       sheede,</item>
    <item id="c3" line="3151" tag="G">if 2SG-br ing-PNEG money</item>
    <item id="c4" line="3152" tag="L">a-he-átaa        ko    nyaam-aa.</item>
    <item id="c5" line="3153" tag="G">2SG-get-FU TNEG thing eat</item>
    <item id="c6" line="3154" tag="T">If you haven't brought any money, you won't get anything to eat.</item>
  </tier>
  <tier id="p" type="phrases" content="c">
    <item id="p0" content="c2[0:29]"/>
    <item id="p1" content="c4[0:32]"/>
  </tier>
  <tier id="g" type="glosses" content="c">
    <item id="g0" content="c3[0:24]" alignment="p1"/>
    <item id="g1" content="c5[0:25]" alignment="p2"/>
  </tier>
  <tier id="t" type="translations" content="c">
    <item id="t0" content="c6[0:64]" alignment="p2"/>
  </tier>
</igt>
<igt id="i91788">
  <metadata type="xigt-meta">
    <meta type="language" name="fula" iso-639-3="fuv:fub:fuq:fuh:fuc" tiers="phrases words morphemes"/>
    <meta type="language" name="English" iso-639-3="eng" tiers="translations"/>
    <meta type="odin-source" doc-id="3766" line-range="3919-3923" line-types="M+AC+LN+CR L G+CR G+CR T"/>
  </metadata>
  <tier id="o" type="odin-raw">
    <item id="o1" line="3919" tag="M+AC+LN+CR">  (vi)    Fula (Ar nott 1970: 296)</item>
    <item id="o2" line="3920" tag="L">           e uu e         na? 'aa'aa, e- uu - aa.</item>
    <item id="o3" line="3921" tag="G+CR">          3 numerous Q No                     numerous-NEG</item>
    <item id="o4" line="3922" tag="G+CR">                                     3-</item>
    <item id="o5" line="3923" tag="T">         `Are they numerous? No, they are not numerous.'</item>
  </tier>
  <tier id="c" type="odin-clean">
    <item id="c1" line="3919" tag="M+AC+LN+CR">Fula (Ar nott 1970: 296</item>
    <item id="c2" line="3920" tag="L">e uu e         na? 'aa'aa, e-uu-aa.</item>
    <item id="c3" line="3921 3922" tag="G+CR">3 numerous Q No            3-numerous-NEG</item>
    <item id="c5" line="3923" tag="T">Are they numerous? No, they are not numerous.</item>
  </tier>
  <tier id="p" type="phrases" content="c">
    <item id="p0" content="c2[0:35]"/>
  </tier>
  <tier id="g" type="glosses" content="c">
    <item id="g0" content="c3[0:41]" alignment="p1"/>
  </tier>
  <tier id="t" type="translations" content="c">
    <item id="t0" content="c5[0:45]" alignment="p1"/>
  </tier>
</igt>
</xigt-corpus>
