<?xml version="1.0" encoding="UTF-8"?>
<xigt-corpus>
<igt id="i47704">
  <metadata type="xigt-meta">
    <meta type="language" name="oromo" iso-639-3="gax:orm" tiers="phrases words morphemes"/>
    <meta type="language" name="English" iso-639-3="eng" tiers="translations"/>
    <meta type="odin-source" doc-id="3421" line-range="1335-1339" line-types="M+CN B L G+CR T"/>
  </metadata>
  <tier id="o" type="odin-raw">
    <item id="o1" line="1335" tag="M+CN">  (42) non-agentive intransitive</item>
    <item id="o2" line="1336" tag="B"></item>
    <item id="o3" line="1337" tag="L">          Terfaa-n muka gog-s-e</item>
    <item id="o4" line="1338" tag="G+CR">          Terfa-NOM wood be dry-CS-PST .3         SG.M.</item>
    <item id="o5" line="1339" tag="T">          `Terfa dried the wood.'</item>
  </tier>
  <tier id="c" type="odin-clean">
    <item id="c1" line="1335" tag="M+CN">non-agentive intransitive</item>
    <item id="c2" line="1336" tag="B"/>
    <item id="c3" line="1337" tag="L">Terfaa-n muka gog-s-e</item>
    <item id="c4" line="1338" tag="G+CR">Terfa-NOM wood be dry-CS-PST .3         SG.M.</item>
    <item id="c5" line="1339" tag="T">Terfa dried the wood.</item>
  </tier>
  <tier id="p" type="phrases" content="c">
    <item id="p0" content="c3[0:21]"/>
  </tier>
  <tier id="g" type="glosses" content="c">
    <item id="g0" content="c4[0:45]" alignment="p1"/>
  </tier>
  <tier id="t" type="translations" content="c">
    <item id="t0" content="c5[0:21]" alignment="p1"/>
  </tier>
</igt>
<igt id="i47705">
  <metadata type="xigt-meta">
    <meta type="language" name="oromo" iso-639-3="gax:orm" tiers="phrases words morphemes"/>
    <meta type="language" name="English" iso-639-3="eng" tiers="translations"/>
    <meta type="odin-source" doc-id="3421" line-range="1341-1345" line-types="M+CN B L G+CR T"/>
  </metadata>
  <tier id="o" type="odin-raw">
    <item id="o1" line="1341" tag="M+CN">  (43) agentive intransitive</item>
    <item id="o2" line="1342" tag="B"></item>
    <item id="o3" line="1343" tag="L">          Terfaa-n Gamteessaa fiig-sis-e</item>
    <item id="o4" line="1344" tag="G+CR">          Terfa-NOM Gamtesa       run-CS-PST .3      SG .M.</item>
    <item id="o5" line="1345" tag="T">          `Terfa made Gamtesa run.'</item>
  </tier>
  <tier id="c" type="odin-clean">
    <item id="c1" line="1341" tag="M+CN">agentive intransitive</item>
    <item id="c2" line="1342" tag="B"/>
    <item id="c3" line="1343" tag="L">Terfaa-n Gamteessaa fiig-sis-e</item>
    <item id="c4" line="1344" tag="G+CR">Terfa-NOM Gamtesa       run-CS-PST .3      SG .M.</item>
    <item id="c5" line="1345" tag="T">Terfa made Gamtesa run.</item>
  </tier>
  <tier id="p" type="phrases" content="c">
    <item id="p0" content="c3[0:30]"/>
  </tier>
  <tier id="g" type="glosses" content="c">
    <item id="g0" content="c4[0:49]" alignment="p1"/>
  </tier>
  <tier id="t" type="translations" content="c">
    <item id="t0" content="c5[0:23]" alignment="p1"/>
  </tier>
</igt>
<igt id="i47706">
  <metadata type="xigt-meta">
    <meta type="language" name="oromo" iso-639-3="gax:orm" tiers="phrases words morphemes"/>
    <meta type="language" name="English" iso-639-3="eng" tiers="translations"/>
    <meta type="odin-source" doc-id="3421" line-range="1347-1352" line-types="M+CN B L+CR L+CR G+CR T"/>
  </metadata>
  <tier id="o" type="odin-raw">
    <item id="o1" line="1347" tag="M+CN">  (44) transitive</item>
    <item id="o2" line="1348" tag="B"></item>
    <item id="o3" line="1349" tag="L+CR">                                                    a ug-siis-e</item>
    <item id="o4" line="1350" tag="L+CR">          Terfaa-n Gamteessaa annan</item>
    <item id="o5" line="1351" tag="G+CR">          Terfa-NOM Gamtesa       milk              drink-CS-PST.3 SG .M</item>
    <item id="o6" line="1352" tag="T">          `Terfa made Gamtesa drink milk.'</item>
  </tier>
  <tier id="c" type="odin-clean">
    <item id="c1" line="1347" tag="M+CN">transitive</item>
    <item id="c2" line="1348" tag="B"/>
    <item id="c3" line="1349 1350" tag="L+CR">Terfaa-n Gamteessaa annan                 a ug-siis-e</item>
    <item id="c5" line="1351" tag="G+CR">Terfa-NOM Gamtesa       milk              drink-CS-PST.3 SG .M</item>
    <item id="c6" line="1352" tag="T">Terfa made Gamtesa drink milk.</item>
  </tier>
  <tier id="p" type="phrases" content="c">
    <item id="p0" content="c3[0:53]"/>
  </tier>
  <tier id="g" type="glosses" content="c">
    <item id="g0" content="c5[0:62]" alignment="p1"/>
  </tier>
  <tier id="t" type="translations" content="c">
    <item id="t0" content="c6[0:30]" alignment="p1"/>
  </tier>
</igt>
<igt id="i47707">
  <metadata type="xigt-meta">
    <meta type="language" name="oromo" iso-639-3="gax:orm" tiers="phrases words morphemes"/>
    <meta type="language" name="English" iso-639-3="eng" tiers="translations"/>
    <meta type="odin-source" doc-id="3421" line-range="1364-1367" line-types="L G+CR G+CR T"/>
  </metadata>
  <tier id="o" type="odin-raw">
    <item id="o1" line="1364" tag="L">  (45) Terfaa-n Toltuu muka gog-s-iis-e26</item>
    <item id="o2" line="1365" tag="G+CR">       Terfa-NOM Toltu wood be dry-CS-CS-                               .3        .</item>
    <item id="o3" line="1366" tag="G+CR">                                                                  PST     SG .M</item>
    <item id="o4" line="1367" tag="T">       `Terfa made Toltu dry the wood.'</item>
  </tier>
  <tier id="c" type="odin-clean">
    <item id="c1" line="1364" tag="L">Terfaa-n Toltuu muka gog-s-iis-e26</item>
    <item id="c2" line="1365 1366" tag="G+CR">Terfa-NOM Toltu wood be dry-CS-CS-PST   .3SG .M   .</item>
    <item id="c4" line="1367" tag="T">Terfa made Toltu dry the wood.</item>
  </tier>
  <tier id="p" type="phrases" content="c">
    <item id="p0" content="c1[0:34]"/>
  </tier>
  <tier id="g" type="glosses" content="c">
    <item id="g0" content="c2[0:51]" alignment="p1"/>
  </tier>
  <tier id="t" type="translations" content="c">
    <item id="t0" content="c4[0:30]" alignment="p1"/>
  </tier>
</igt>
<igt id="i47708">
  <metadata type="xigt-meta">
    <meta type="language" name="oromo" iso-639-3="gax:orm" tiers="phrases words morphemes"/>
    <meta type="language" name="English" iso-639-3="eng" tiers="translations"/>
    <meta type="odin-source" doc-id="3421" line-range="1369-1371" line-types="L G+CR T"/>
  </metadata>
  <tier id="o" type="odin-raw">
    <item id="o1" line="1369" tag="L">  (46) Terfaa-n Gamteessaa Toltuu fiig-sis-iis-e</item>
    <item id="o2" line="1370" tag="G+CR">       Terfa-NOM Gamtesa      Toltu run-CS-CS-PST .3                           SG .M.</item>
    <item id="o3" line="1371" tag="T">       `Terfa made Gamtesa make Toltu run.'</item>
  </tier>
  <tier id="c" type="odin-clean">
    <item id="c1" line="1369" tag="L">Terfaa-n Gamteessaa Toltuu fiig-sis-iis-e</item>
    <item id="c2" line="1370" tag="G+CR">Terfa-NOM Gamtesa      Toltu run-CS-CS-PST .3                           SG .M.</item>
    <item id="c3" line="1371" tag="T">Terfa made Gamtesa make Toltu run.</item>
  </tier>
  <tier id="p" type="phrases" content="c">
    <item id="p0" content="c1[0:41]"/>
  </tier>
  <tier id="g" type="glosses" content="c">
    <item id="g0" content="c2[0:78]" alignment="p1"/>
  </tier>
  <tier id="t" type="translations" content="c">
    <item id="t0" content="c3[0:34]" alignment="p1"/>
  </tier>
</igt>
<igt id="i47709">
  <metadata type="xigt-meta">
    <meta type="language" name="oromo" iso-639-3="gax:orm" tiers="phrases words morphemes"/>
    <meta type="language" name="English" iso-639-3="eng" tiers="translations"/>
    <meta type="odin-source" doc-id="3421" line-range="1373-1376" line-types="L+CR L+CR G+CR T"/>
  </metadata>
  <tier id="o" type="odin-raw">
    <item id="o1" line="1373" tag="L+CR">                                                   a ug-siis-is-e</item>
    <item id="o2" line="1374" tag="L+CR">  (47) Terfaa-n Gamteessaa Toltuu aanan</item>
    <item id="o3" line="1375" tag="G+CR">       Terfa-NOM Gamtesa      Toltu milk           drink-CS-CS-PST .3                            SG .M.</item>
    <item id="o4" line="1376" tag="T">       `Terfa made Gamtesa make Toltu drink the milk.'</item>
  </tier>
  <tier id="c" type="odin-clean">
    <item id="c1" line="1373 1374" tag="L+CR">Terfaa-n Gamteessaa Toltuu aanan            a ug-siis-is-e</item>
    <item id="c3" line="1375" tag="G+CR">Terfa-NOM Gamtesa      Toltu milk           drink-CS-CS-PST .3                            SG .M.</item>
    <item id="c4" line="1376" tag="T">Terfa made Gamtesa make Toltu drink the milk.</item>
  </tier>
  <tier id="p" type="phrases" content="c">
    <item id="p0" content="c1[0:58]"/>
  </tier>
  <tier id="g" type="glosses" content="c">
    <item id="g0" content="c3[0:96]" alignment="p1"/>
  </tier>
  <tier id="t" type="translations" content="c">
    <item id="t0" content="c4[0:45]" alignment="p1"/>
  </tier>
</igt>
<igt id="i47710">
  <metadata type="xigt-meta">
    <meta type="language" name="oromo" iso-639-3="gax:orm" tiers="phrases words morphemes"/>
    <meta type="language" name="English" iso-639-3="eng" tiers="translations"/>
    <meta type="odin-source" doc-id="3421" line-range="1401-1404" line-types="L G+CR G+CR T"/>
  </metadata>
  <tier id="o" type="odin-raw">
    <item id="o1" line="1401" tag="L">  (48) Terfaa-n Toltuu Gamteessaa tuwwee 'ab-s-iis-is-e</item>
    <item id="o2" line="1402" tag="G+CR">       Terfa-NOM Toltu Gamtesa         pot      break-CS-CS-CS-PST .3                                     .</item>
    <item id="o3" line="1403" tag="G+CR">                                                                                                 SG .M</item>
    <item id="o4" line="1404" tag="T">       `Terfa made Toltu make Gamtesa break the pot.'</item>
  </tier>
  <tier id="c" type="odin-clean">
    <item id="c1" line="1401" tag="L">Terfaa-n Toltuu Gamteessaa tuwwee 'ab-s-iis-is-e</item>
    <item id="c2" line="1402 1403" tag="G+CR">Terfa-NOM Toltu Gamtesa         pot      break-CS-CS-CS-PST .3                            SG .M    .</item>
    <item id="c4" line="1404" tag="T">Terfa made Toltu make Gamtesa break the pot.</item>
  </tier>
  <tier id="p" type="phrases" content="c">
    <item id="p0" content="c1[0:48]"/>
  </tier>
  <tier id="g" type="glosses" content="c">
    <item id="g0" content="c2[0:100]" alignment="p1"/>
  </tier>
  <tier id="t" type="translations" content="c">
    <item id="t0" content="c4[0:44]" alignment="p1"/>
  </tier>
</igt>
<igt id="i47711">
  <metadata type="xigt-meta">
    <meta type="language" name="oromo" iso-639-3="gax:orm" tiers="phrases words morphemes"/>
    <meta type="language" name="English" iso-639-3="eng" tiers="translations"/>
    <meta type="odin-source" doc-id="3421" line-range="1410-1412" line-types="L+CR L+CR T"/>
  </metadata>
  <tier id="o" type="odin-raw">
    <item id="o1" line="1410" tag="L+CR">                                     'ab-s-iis-is-e</item>
    <item id="o2" line="1411" tag="L+CR">  (49) Terfaa-n Toltuu tuwwee</item>
    <item id="o3" line="1412" tag="T">       `Terfa made [+INT] Toltu make the pot break.'</item>
  </tier>
  <tier id="c" type="odin-clean">
    <item id="c1" line="1410 1411" tag="L+CR">Terfaa-n Toltuu tuwwee        'ab-s-iis-is-e</item>
    <item id="c3" line="1412" tag="T">Terfa made [+INT] Toltu make the pot break.</item>
  </tier>
  <tier id="p" type="phrases" content="c">
    <item id="p0" content="c1[0:44]"/>
  </tier>
  <tier id="t" type="translations" content="c">
    <item id="t0" content="c3[0:43]" alignment="p1"/>
  </tier>
</igt>
</xigt-corpus>
