<?xml version="1.0" encoding="UTF-8"?>
<xigt-corpus>
<igt id="i32100">
  <metadata type="xigt-meta">
    <meta type="language" name="karrwa" iso-639-3="gbc" tiers="phrases words morphemes"/>
    <meta type="language" name="English" iso-639-3="eng" tiers="translations"/>
    <meta type="odin-source" doc-id="2020" line-range="499-501" line-types="L G+LN T"/>
  </metadata>
  <tier id="o" type="odin-raw">
    <item id="o1" line="499" tag="L">  (13)           jala            daba           yalu-ngk=i.</item>
    <item id="o2" line="500" tag="G+LN">  Kar            then            hit            3pl-RR=PST</item>
    <item id="o3" line="501" tag="T">                         `then they hit each other.'</item>
  </tier>
  <tier id="c" type="odin-clean">
    <item id="c1" line="499" tag="L">jala            daba           yalu-ngk=i.</item>
    <item id="c2" line="500" tag="G+LN">Kar            then            hit            3pl-RR=PST</item>
    <item id="c3" line="501" tag="T">then they hit each other.</item>
  </tier>
  <tier id="p" type="phrases" content="c">
    <item id="p0" content="c1[0:42]"/>
  </tier>
  <tier id="g" type="glosses" content="c">
    <item id="g0" content="c2[0:56]" alignment="p1"/>
  </tier>
  <tier id="t" type="translations" content="c">
    <item id="t0" content="c3[0:25]" alignment="p1"/>
  </tier>
</igt>
<igt id="i37832">
  <metadata type="xigt-meta">
    <meta type="language" name="karrwa" iso-639-3="gbc" tiers="phrases words morphemes"/>
    <meta type="language" name="English" iso-639-3="eng" tiers="translations"/>
    <meta type="odin-source" doc-id="1189" line-range="910-912" line-types="L G+LN T"/>
  </metadata>
  <tier id="o" type="odin-raw">
    <item id="o1" line="910" tag="L">  (23a)     jala     daba     yalu-ngk=i.</item>
    <item id="o2" line="911" tag="G+LN">  Kar       then     hit      3pl-RR=PST</item>
    <item id="o3" line="912" tag="T">            `then they hit each other.'</item>
  </tier>
  <tier id="c" type="odin-clean">
    <item id="c1" line="910" tag="L">jala     daba     yalu-ngk=i.</item>
    <item id="c2" line="911" tag="G+LN">Kar       then     hit      3pl-RR=PST</item>
    <item id="c3" line="912" tag="T">then they hit each other.</item>
  </tier>
  <tier id="p" type="phrases" content="c">
    <item id="p0" content="c1[0:29]"/>
  </tier>
  <tier id="g" type="glosses" content="c">
    <item id="g0" content="c2[0:38]" alignment="p1"/>
  </tier>
  <tier id="t" type="translations" content="c">
    <item id="t0" content="c3[0:25]" alignment="p1"/>
  </tier>
</igt>
<igt id="i37833">
  <metadata type="xigt-meta">
    <meta type="language" name="karrwa" iso-639-3="gbc" tiers="phrases words morphemes"/>
    <meta type="language" name="English" iso-639-3="eng" tiers="translations"/>
    <meta type="odin-source" doc-id="1189" line-range="914-916" line-types="L G+LN T"/>
  </metadata>
  <tier id="o" type="odin-raw">
    <item id="o1" line="914" tag="L">  (23b)     Daba nangk=i       nanaba kurrukurru.</item>
    <item id="o2" line="915" tag="G+LN">  Kar       fight 3sgRR=PST there       big.mob(NOM)</item>
    <item id="o3" line="916" tag="T">            `Big mobs of people fought each other there.'</item>
  </tier>
  <tier id="c" type="odin-clean">
    <item id="c1" line="914" tag="L">Daba nangk=i       nanaba kurrukurru.</item>
    <item id="c2" line="915" tag="G+LN">Kar       fight 3sgRR=PST there       big.mob(NOM)</item>
    <item id="c3" line="916" tag="T">Big mobs of people fought each other there.</item>
  </tier>
  <tier id="p" type="phrases" content="c">
    <item id="p0" content="c1[0:37]"/>
  </tier>
  <tier id="g" type="glosses" content="c">
    <item id="g0" content="c2[0:50]" alignment="p1"/>
  </tier>
  <tier id="t" type="translations" content="c">
    <item id="t0" content="c3[0:43]" alignment="p1"/>
  </tier>
</igt>
<igt id="i40076">
  <metadata type="xigt-meta">
    <meta type="language" name="garawa" iso-639-3="gbc" tiers="phrases words morphemes"/>
    <meta type="language" name="English" iso-639-3="eng" tiers="translations"/>
    <meta type="odin-source" doc-id="2979" line-range="907-909" line-types="L G+LN T"/>
  </metadata>
  <tier id="o" type="odin-raw">
    <item id="o1" line="907" tag="L">  (23a)     jala     daba     yalu-ngk=i.</item>
    <item id="o2" line="908" tag="G+LN">  Kar       then     hit      3pl-RR=PST</item>
    <item id="o3" line="909" tag="T">            `then they hit each other.'</item>
  </tier>
  <tier id="c" type="odin-clean">
    <item id="c1" line="907" tag="L">jala     daba     yalu-ngk=i.</item>
    <item id="c2" line="908" tag="G+LN">Kar       then     hit      3pl-RR=PST</item>
    <item id="c3" line="909" tag="T">then they hit each other.</item>
  </tier>
  <tier id="p" type="phrases" content="c">
    <item id="p0" content="c1[0:29]"/>
  </tier>
  <tier id="g" type="glosses" content="c">
    <item id="g0" content="c2[0:38]" alignment="p1"/>
  </tier>
  <tier id="t" type="translations" content="c">
    <item id="t0" content="c3[0:25]" alignment="p1"/>
  </tier>
</igt>
<igt id="i40077">
  <metadata type="xigt-meta">
    <meta type="language" name="garawa" iso-639-3="gbc" tiers="phrases words morphemes"/>
    <meta type="language" name="English" iso-639-3="eng" tiers="translations"/>
    <meta type="odin-source" doc-id="2979" line-range="911-913" line-types="L G+LN T"/>
  </metadata>
  <tier id="o" type="odin-raw">
    <item id="o1" line="911" tag="L">  (23b)     Daba nangk=i       nanaba kurrukurru.</item>
    <item id="o2" line="912" tag="G+LN">  Kar       fight 3sgRR=PST there       big.mob(NOM)</item>
    <item id="o3" line="913" tag="T">            `Big mobs of people fought each other there.'</item>
  </tier>
  <tier id="c" type="odin-clean">
    <item id="c1" line="911" tag="L">Daba nangk=i       nanaba kurrukurru.</item>
    <item id="c2" line="912" tag="G+LN">Kar       fight 3sgRR=PST there       big.mob(NOM)</item>
    <item id="c3" line="913" tag="T">Big mobs of people fought each other there.</item>
  </tier>
  <tier id="p" type="phrases" content="c">
    <item id="p0" content="c1[0:37]"/>
  </tier>
  <tier id="g" type="glosses" content="c">
    <item id="g0" content="c2[0:50]" alignment="p1"/>
  </tier>
  <tier id="t" type="translations" content="c">
    <item id="t0" content="c3[0:43]" alignment="p1"/>
  </tier>
</igt>
<igt id="i45971">
  <metadata type="xigt-meta">
    <meta type="language" name="wanyi" iso-639-3="gbc" tiers="phrases words morphemes"/>
    <meta type="language" name="English" iso-639-3="eng" tiers="translations"/>
    <meta type="odin-source" doc-id="344" line-range="219-221" line-types="L G T"/>
  </metadata>
  <tier id="o" type="odin-raw">
    <item id="o1" line="219" tag="L">  (5)     a.       Waka.daba=ngawu=ninya.</item>
    <item id="o2" line="220" tag="G">                   wash=1SG.NOM =2SG.ACC</item>
    <item id="o3" line="221" tag="T">                   `I wash you.'</item>
  </tier>
  <tier id="c" type="odin-clean">
    <item id="c1" line="219" tag="L">Waka.daba=ngawu=ninya.</item>
    <item id="c2" line="220" tag="G">wash=1SG.NOM =2SG.ACC</item>
    <item id="c3" line="221" tag="T">I wash you.</item>
  </tier>
  <tier id="p" type="phrases" content="c">
    <item id="p0" content="c1[0:22]"/>
  </tier>
  <tier id="g" type="glosses" content="c">
    <item id="g0" content="c2[0:21]" alignment="p1"/>
  </tier>
  <tier id="t" type="translations" content="c">
    <item id="t0" content="c3[0:11]" alignment="p1"/>
  </tier>
</igt>
<igt id="i45972">
  <metadata type="xigt-meta">
    <meta type="language" name="wanyi" iso-639-3="gbc" tiers="phrases words morphemes"/>
    <meta type="language" name="English" iso-639-3="eng" tiers="translations"/>
    <meta type="odin-source" doc-id="344" line-range="223-225" line-types="L G T"/>
  </metadata>
  <tier id="o" type="odin-raw">
    <item id="o1" line="223" tag="L">          b.       Waka.daba=ninyji=ngaa(n).</item>
    <item id="o2" line="224" tag="G">                   wash=2SG.NOM =1SG.ACC</item>
    <item id="o3" line="225" tag="T">                   `You wash me.'</item>
  </tier>
  <tier id="c" type="odin-clean">
    <item id="c1" line="223" tag="L">Waka.daba=ninyji=ngaa(n).</item>
    <item id="c2" line="224" tag="G">wash=2SG.NOM =1SG.ACC</item>
    <item id="c3" line="225" tag="T">You wash me.</item>
  </tier>
  <tier id="p" type="phrases" content="c">
    <item id="p0" content="c1[0:25]"/>
  </tier>
  <tier id="g" type="glosses" content="c">
    <item id="g0" content="c2[0:21]" alignment="p1"/>
  </tier>
  <tier id="t" type="translations" content="c">
    <item id="t0" content="c3[0:12]" alignment="p1"/>
  </tier>
</igt>
<igt id="i45973">
  <metadata type="xigt-meta">
    <meta type="language" name="wanyi" iso-639-3="gbc" tiers="phrases words morphemes"/>
    <meta type="language" name="English" iso-639-3="eng" tiers="translations"/>
    <meta type="odin-source" doc-id="344" line-range="227-229" line-types="L G T"/>
  </metadata>
  <tier id="o" type="odin-raw">
    <item id="o1" line="227" tag="L">  (6)     a.       Waka.daba=ngaka.</item>
    <item id="o2" line="228" tag="G">                   wash=1SG.REFL</item>
    <item id="o3" line="229" tag="T">                   `I wash myself.'</item>
  </tier>
  <tier id="c" type="odin-clean">
    <item id="c1" line="227" tag="L">Waka.daba=ngaka.</item>
    <item id="c2" line="228" tag="G">wash=1SG.REFL</item>
    <item id="c3" line="229" tag="T">I wash myself.</item>
  </tier>
  <tier id="p" type="phrases" content="c">
    <item id="p0" content="c1[0:16]"/>
  </tier>
  <tier id="g" type="glosses" content="c">
    <item id="g0" content="c2[0:13]" alignment="p1"/>
  </tier>
  <tier id="t" type="translations" content="c">
    <item id="t0" content="c3[0:14]" alignment="p1"/>
  </tier>
</igt>
<igt id="i45974">
  <metadata type="xigt-meta">
    <meta type="language" name="wanyi" iso-639-3="gbc" tiers="phrases words morphemes"/>
    <meta type="language" name="English" iso-639-3="eng" tiers="translations"/>
    <meta type="odin-source" doc-id="344" line-range="231-233" line-types="L G T"/>
  </metadata>
  <tier id="o" type="odin-raw">
    <item id="o1" line="231" tag="L">          b.       Waka.daba=nganyi-ngka.</item>
    <item id="o2" line="232" tag="G">                   wash=2SG-REFL</item>
    <item id="o3" line="233" tag="T">                   `You wash yourself.'</item>
  </tier>
  <tier id="c" type="odin-clean">
    <item id="c1" line="231" tag="L">Waka.daba=nganyi-ngka.</item>
    <item id="c2" line="232" tag="G">wash=2SG-REFL</item>
    <item id="c3" line="233" tag="T">You wash yourself.</item>
  </tier>
  <tier id="p" type="phrases" content="c">
    <item id="p0" content="c1[0:22]"/>
  </tier>
  <tier id="g" type="glosses" content="c">
    <item id="g0" content="c2[0:13]" alignment="p1"/>
  </tier>
  <tier id="t" type="translations" content="c">
    <item id="t0" content="c3[0:18]" alignment="p1"/>
  </tier>
</igt>
<igt id="i45975">
  <metadata type="xigt-meta">
    <meta type="language" name="wanyi" iso-639-3="gbc" tiers="phrases words morphemes"/>
    <meta type="language" name="English" iso-639-3="eng" tiers="translations"/>
    <meta type="odin-source" doc-id="344" line-range="251-253" line-types="L G T"/>
  </metadata>
  <tier id="o" type="odin-raw">
    <item id="o1" line="251" tag="L">  (7)     a.       Daba=bula=ngaa(n)                  kirriya-wiya-a.</item>
    <item id="o2" line="252" tag="G">                   hit=3D.NOM=1SG.ACC                 woman-pair-ERG</item>
    <item id="o3" line="253" tag="T">                   `Two women hit me.'</item>
  </tier>
  <tier id="c" type="odin-clean">
    <item id="c1" line="251" tag="L">Daba=bula=ngaa(n)                  kirriya-wiya-a.</item>
    <item id="c2" line="252" tag="G">hit=3D.NOM=1SG.ACC                 woman-pair-ERG</item>
    <item id="c3" line="253" tag="T">Two women hit me.</item>
  </tier>
  <tier id="p" type="phrases" content="c">
    <item id="p0" content="c1[0:50]"/>
  </tier>
  <tier id="g" type="glosses" content="c">
    <item id="g0" content="c2[0:49]" alignment="p1"/>
  </tier>
  <tier id="t" type="translations" content="c">
    <item id="t0" content="c3[0:17]" alignment="p1"/>
  </tier>
</igt>
<igt id="i45976">
  <metadata type="xigt-meta">
    <meta type="language" name="wanyi" iso-639-3="gbc" tiers="phrases words morphemes"/>
    <meta type="language" name="English" iso-639-3="eng" tiers="translations"/>
    <meta type="odin-source" doc-id="344" line-range="255-257" line-types="L G T"/>
  </metadata>
  <tier id="o" type="odin-raw">
    <item id="o1" line="255" tag="L">          b.       Daba=ngawu=bula-nya                kirriya-wiya.</item>
    <item id="o2" line="256" tag="G">                   hit=1SG.NOM=3D-ACC                 woman-pair</item>
    <item id="o3" line="257" tag="T">                   `I hit the two women.'</item>
  </tier>
  <tier id="c" type="odin-clean">
    <item id="c1" line="255" tag="L">Daba=ngawu=bula-nya                kirriya-wiya.</item>
    <item id="c2" line="256" tag="G">hit=1SG.NOM=3D-ACC                 woman-pair</item>
    <item id="c3" line="257" tag="T">I hit the two women.</item>
  </tier>
  <tier id="p" type="phrases" content="c">
    <item id="p0" content="c1[0:48]"/>
  </tier>
  <tier id="g" type="glosses" content="c">
    <item id="g0" content="c2[0:45]" alignment="p1"/>
  </tier>
  <tier id="t" type="translations" content="c">
    <item id="t0" content="c3[0:20]" alignment="p1"/>
  </tier>
</igt>
<igt id="i45977">
  <metadata type="xigt-meta">
    <meta type="language" name="wanyi" iso-639-3="gbc" tiers="phrases words morphemes"/>
    <meta type="language" name="English" iso-639-3="eng" tiers="translations"/>
    <meta type="odin-source" doc-id="344" line-range="259-261" line-types="L G T"/>
  </metadata>
  <tier id="o" type="odin-raw">
    <item id="o1" line="259" tag="L">  (8)              Daba=bula-ngka         kirriya-wiya.</item>
    <item id="o2" line="260" tag="G">                   hit =3D-REFL           girl-pair</item>
    <item id="o3" line="261" tag="T">                   `Two girls (they) are fighting.'</item>
  </tier>
  <tier id="c" type="odin-clean">
    <item id="c1" line="259" tag="L">Daba=bula-ngka         kirriya-wiya.</item>
    <item id="c2" line="260" tag="G">hit =3D-REFL           girl-pair</item>
    <item id="c3" line="261" tag="T">Two girls (they) are fighting.</item>
  </tier>
  <tier id="p" type="phrases" content="c">
    <item id="p0" content="c1[0:36]"/>
  </tier>
  <tier id="g" type="glosses" content="c">
    <item id="g0" content="c2[0:32]" alignment="p1"/>
  </tier>
  <tier id="t" type="translations" content="c">
    <item id="t0" content="c3[0:30]" alignment="p1"/>
  </tier>
</igt>
<igt id="i45978">
  <metadata type="xigt-meta">
    <meta type="language" name="wanyi" iso-639-3="gbc" tiers="phrases words morphemes"/>
    <meta type="language" name="English" iso-639-3="eng" tiers="translations"/>
    <meta type="odin-source" doc-id="344" line-range="263-265" line-types="L G T+LT"/>
  </metadata>
  <tier id="o" type="odin-raw">
    <item id="o1" line="263" tag="L">  (9)              Kudi.j.bi=nyulu       warliji.</item>
    <item id="o2" line="264" tag="G">                   sleep-V=3SG.NOM       meat/animal</item>
    <item id="o3" line="265" tag="T+LT">                   `The animal is sleeping.' (Lit. `He's sleeping - (the/some) animal.')</item>
  </tier>
  <tier id="c" type="odin-clean">
    <item id="c1" line="263" tag="L">Kudi.j.bi=nyulu       warliji.</item>
    <item id="c2" line="264" tag="G">sleep-V=3SG.NOM       meat/animal</item>
    <item id="c3" line="265" tag="T+LT">The animal is sleeping.' (Lit. `He's sleeping-(the/some) animal.')</item>
  </tier>
  <tier id="p" type="phrases" content="c">
    <item id="p0" content="c1[0:30]"/>
  </tier>
  <tier id="g" type="glosses" content="c">
    <item id="g0" content="c2[0:33]" alignment="p1"/>
  </tier>
  <tier id="t" type="translations" content="c">
    <item id="t0" content="c3[0:66]" alignment="p1"/>
  </tier>
</igt>
<igt id="i45979">
  <metadata type="xigt-meta">
    <meta type="language" name="wanyi" iso-639-3="gbc" tiers="phrases words morphemes"/>
    <meta type="language" name="English" iso-639-3="eng" tiers="translations"/>
    <meta type="odin-source" doc-id="344" line-range="335-337" line-types="L G T+LT"/>
  </metadata>
  <tier id="o" type="odin-raw">
    <item id="o1" line="335" tag="L">  (10)       a.    Waka.daba=ngawu=ninya marni.</item>
    <item id="o2" line="336" tag="G">                   wash=1SG.NOM=2SG.ACC hand</item>
    <item id="o3" line="337" tag="T+LT">                   `I wash your hand.' (Lit. `wash I you hand').</item>
  </tier>
  <tier id="c" type="odin-clean">
    <item id="c1" line="335" tag="L">Waka.daba=ngawu=ninya marni.</item>
    <item id="c2" line="336" tag="G">wash=1SG.NOM=2SG.ACC hand</item>
    <item id="c3" line="337" tag="T+LT">I wash your hand.' (Lit. `wash I you hand').</item>
  </tier>
  <tier id="p" type="phrases" content="c">
    <item id="p0" content="c1[0:28]"/>
  </tier>
  <tier id="g" type="glosses" content="c">
    <item id="g0" content="c2[0:25]" alignment="p1"/>
  </tier>
  <tier id="t" type="translations" content="c">
    <item id="t0" content="c3[0:44]" alignment="p1"/>
  </tier>
</igt>
<igt id="i45980">
  <metadata type="xigt-meta">
    <meta type="language" name="wanyi" iso-639-3="gbc" tiers="phrases words morphemes"/>
    <meta type="language" name="English" iso-639-3="eng" tiers="translations"/>
    <meta type="odin-source" doc-id="344" line-range="339-341" line-types="L G T"/>
  </metadata>
  <tier id="o" type="odin-raw">
    <item id="o1" line="339" tag="L">             b.    Waka.daba=nganyi-ngka marni.</item>
    <item id="o2" line="340" tag="G">                   wash=2GEN-REFL             hand</item>
    <item id="o3" line="341" tag="T">                   `Wash your hands!' (= 'You wash your hands.')</item>
  </tier>
  <tier id="c" type="odin-clean">
    <item id="c1" line="339" tag="L">Waka.daba=nganyi-ngka marni.</item>
    <item id="c2" line="340" tag="G">wash=2GEN-REFL             hand</item>
    <item id="c3" line="341" tag="T">Wash your hands!' (= 'You wash your hands.')</item>
  </tier>
  <tier id="p" type="phrases" content="c">
    <item id="p0" content="c1[0:28]"/>
  </tier>
  <tier id="g" type="glosses" content="c">
    <item id="g0" content="c2[0:31]" alignment="p1"/>
  </tier>
  <tier id="t" type="translations" content="c">
    <item id="t0" content="c3[0:44]" alignment="p1"/>
  </tier>
</igt>
<igt id="i45981">
  <metadata type="xigt-meta">
    <meta type="language" name="wanyi" iso-639-3="gbc" tiers="phrases words morphemes"/>
    <meta type="language" name="English" iso-639-3="eng" tiers="translations"/>
    <meta type="odin-source" doc-id="344" line-range="355-357" line-types="L G T"/>
  </metadata>
  <tier id="o" type="odin-raw">
    <item id="o1" line="355" tag="L">  (11)    a.       Kard.bi.j.bi=nyulu kangkirinya-a.</item>
    <item id="o2" line="356" tag="G">                   CUT=3SG.S             knife-ERG</item>
    <item id="o3" line="357" tag="T">                   `He cut (him) with a knife.'</item>
  </tier>
  <tier id="c" type="odin-clean">
    <item id="c1" line="355" tag="L">Kard.bi.j.bi=nyulu kangkirinya-a.</item>
    <item id="c2" line="356" tag="G">CUT=3SG.S             knife-ERG</item>
    <item id="c3" line="357" tag="T">He cut (him) with a knife.</item>
  </tier>
  <tier id="p" type="phrases" content="c">
    <item id="p0" content="c1[0:33]"/>
  </tier>
  <tier id="g" type="glosses" content="c">
    <item id="g0" content="c2[0:31]" alignment="p1"/>
  </tier>
  <tier id="t" type="translations" content="c">
    <item id="t0" content="c3[0:26]" alignment="p1"/>
  </tier>
</igt>
<igt id="i45982">
  <metadata type="xigt-meta">
    <meta type="language" name="wanyi" iso-639-3="gbc" tiers="phrases words morphemes"/>
    <meta type="language" name="English" iso-639-3="eng" tiers="translations"/>
    <meta type="odin-source" doc-id="344" line-range="359-361" line-types="L G T"/>
  </metadata>
  <tier id="o" type="odin-raw">
    <item id="o1" line="359" tag="L">          b.       Makaraba=ngaka, jiba-a.</item>
    <item id="o2" line="360" tag="G">                   cover=1SG.REFL         paperbark-ERG</item>
    <item id="o3" line="361" tag="T">                   `I cover myself, with paperbark.'</item>
  </tier>
  <tier id="c" type="odin-clean">
    <item id="c1" line="359" tag="L">Makaraba=ngaka, jiba-a.</item>
    <item id="c2" line="360" tag="G">cover=1SG.REFL         paperbark-ERG</item>
    <item id="c3" line="361" tag="T">I cover myself, with paperbark.</item>
  </tier>
  <tier id="p" type="phrases" content="c">
    <item id="p0" content="c1[0:23]"/>
  </tier>
  <tier id="g" type="glosses" content="c">
    <item id="g0" content="c2[0:36]" alignment="p1"/>
  </tier>
  <tier id="t" type="translations" content="c">
    <item id="t0" content="c3[0:31]" alignment="p1"/>
  </tier>
</igt>
<igt id="i45983">
  <metadata type="xigt-meta">
    <meta type="language" name="wanyi" iso-639-3="gbc" tiers="phrases words morphemes"/>
    <meta type="language" name="English" iso-639-3="eng" tiers="translations"/>
    <meta type="odin-source" doc-id="344" line-range="367-369" line-types="L G T"/>
  </metadata>
  <tier id="o" type="odin-raw">
    <item id="o1" line="367" tag="L">  (10)    Nang-kujarra kirriya-wiya, muwa.j.ba=bula-ngka.</item>
    <item id="o2" line="368" tag="G">          these-two      girl-pair       jealous=3D-REFL</item>
    <item id="o3" line="369" tag="T">          `These two girls, they are jealous of each other.'</item>
  </tier>
  <tier id="c" type="odin-clean">
    <item id="c1" line="367" tag="L">Nang-kujarra kirriya-wiya, muwa.j.ba=bula-ngka.</item>
    <item id="c2" line="368" tag="G">these-two      girl-pair       jealous=3D-REFL</item>
    <item id="c3" line="369" tag="T">These two girls, they are jealous of each other.</item>
  </tier>
  <tier id="p" type="phrases" content="c">
    <item id="p0" content="c1[0:47]"/>
  </tier>
  <tier id="g" type="glosses" content="c">
    <item id="g0" content="c2[0:46]" alignment="p1"/>
  </tier>
  <tier id="t" type="translations" content="c">
    <item id="t0" content="c3[0:48]" alignment="p1"/>
  </tier>
</igt>
<igt id="i45984">
  <metadata type="xigt-meta">
    <meta type="language" name="wanyi" iso-639-3="gbc" tiers="phrases words morphemes"/>
    <meta type="language" name="English" iso-639-3="eng" tiers="translations"/>
    <meta type="odin-source" doc-id="344" line-range="376-378" line-types="L G T"/>
  </metadata>
  <tier id="o" type="odin-raw">
    <item id="o1" line="376" tag="L">  (11)    Narri,         daba=narri-ya.ngka jukuli-i.</item>
    <item id="o2" line="377" tag="G">          2PL.NOM        hit=2PL-REFL          boomerang-ERG</item>
    <item id="o3" line="378" tag="T">          `You lot, you hit each other with boomerangs.'</item>
  </tier>
  <tier id="c" type="odin-clean">
    <item id="c1" line="376" tag="L">Narri,         daba=narri-ya.ngka jukuli-i.</item>
    <item id="c2" line="377" tag="G">2PL.NOM        hit=2PL-REFL          boomerang-ERG</item>
    <item id="c3" line="378" tag="T">You lot, you hit each other with boomerangs.</item>
  </tier>
  <tier id="p" type="phrases" content="c">
    <item id="p0" content="c1[0:43]"/>
  </tier>
  <tier id="g" type="glosses" content="c">
    <item id="g0" content="c2[0:50]" alignment="p1"/>
  </tier>
  <tier id="t" type="translations" content="c">
    <item id="t0" content="c3[0:44]" alignment="p1"/>
  </tier>
</igt>
<igt id="i45985">
  <metadata type="xigt-meta">
    <meta type="language" name="wanyi" iso-639-3="gbc" tiers="phrases words morphemes"/>
    <meta type="language" name="English" iso-639-3="eng" tiers="translations"/>
    <meta type="odin-source" doc-id="344" line-range="386-388" line-types="L G T"/>
  </metadata>
  <tier id="o" type="odin-raw">
    <item id="o1" line="386" tag="L">  (12)    a.       Winyjika(-a)=ninya windi.j.bi                na.ng-kanyi       mama-anyi?</item>
    <item id="o2" line="387" tag="G">                   who(-ERG)=2SG.ACC give                       this-DAT          bread-DAT</item>
    <item id="o3" line="388" tag="T">                   `Who gave you this bread?'</item>
  </tier>
  <tier id="c" type="odin-clean">
    <item id="c1" line="386" tag="L">Winyjika(-a)=ninya windi.j.bi                na.ng-kanyi       mama-anyi?</item>
    <item id="c2" line="387" tag="G">who(-ERG)=2SG.ACC give                       this-DAT          bread-DAT</item>
    <item id="c3" line="388" tag="T">Who gave you this bread?</item>
  </tier>
  <tier id="p" type="phrases" content="c">
    <item id="p0" content="c1[0:73]"/>
  </tier>
  <tier id="g" type="glosses" content="c">
    <item id="g0" content="c2[0:72]" alignment="p1"/>
  </tier>
  <tier id="t" type="translations" content="c">
    <item id="t0" content="c3[0:24]" alignment="p1"/>
  </tier>
</igt>
<igt id="i45986">
  <metadata type="xigt-meta">
    <meta type="language" name="wanyi" iso-639-3="gbc" tiers="phrases words morphemes"/>
    <meta type="language" name="English" iso-639-3="eng" tiers="translations"/>
    <meta type="odin-source" doc-id="344" line-range="390-393" line-types="L L G T"/>
  </metadata>
  <tier id="o" type="odin-raw">
    <item id="o1" line="390" tag="L">          b.       Nana-ngkaningandaara-a=nga-n                       windi.j.bi,na.ng-kanyi mama-</item>
    <item id="o2" line="391" tag="L">  anyi.</item>
    <item id="o3" line="392" tag="G">                   that-ERG    old_woman-ERG=1SG.ACC-n give                        this-DAT       food-   DAT</item>
    <item id="o4" line="393" tag="T">                   `That old woman gave me (of) this food.'</item>
  </tier>
  <tier id="c" type="odin-clean">
    <item id="c1" line="390" tag="L">Nana-ngkaningandaara-a=nga-n                       windi.j.bi,na.ng-kanyi mama-</item>
    <item id="c2" line="391" tag="L">anyi.</item>
    <item id="c3" line="392" tag="G">that-ERG    old_woman-ERG=1SG.ACC-n give                        this-DAT       food-DAT</item>
    <item id="c4" line="393" tag="T">That old woman gave me (of) this food.</item>
  </tier>
  <tier id="p" type="phrases" content="c">
    <item id="p0" content="c1[0:79]"/>
    <item id="p1" content="c2[0:5]"/>
  </tier>
  <tier id="g" type="glosses" content="c">
    <item id="g0" content="c3[0:87]" alignment="p2"/>
  </tier>
  <tier id="t" type="translations" content="c">
    <item id="t0" content="c4[0:38]" alignment="p2"/>
  </tier>
</igt>
<igt id="i45987">
  <metadata type="xigt-meta">
    <meta type="language" name="wanyi" iso-639-3="gbc" tiers="phrases words morphemes"/>
    <meta type="language" name="English" iso-639-3="eng" tiers="translations"/>
    <meta type="odin-source" doc-id="344" line-range="413-415" line-types="L G T"/>
  </metadata>
  <tier id="o" type="odin-raw">
    <item id="o1" line="413" tag="L">  (13)    Windi.j.bi=yalu-ngka jukuli,           mukura, barrku.</item>
    <item id="o2" line="414" tag="G">          give=3PL-REFL           boomerang,     spear,     nullanulla</item>
    <item id="o3" line="415" tag="T">          `They gave each other boomerangs, spears and nullanullas.'</item>
  </tier>
  <tier id="c" type="odin-clean">
    <item id="c1" line="413" tag="L">Windi.j.bi=yalu-ngka jukuli,           mukura, barrku.</item>
    <item id="c2" line="414" tag="G">give=3PL-REFL           boomerang,     spear,     nullanulla</item>
    <item id="c3" line="415" tag="T">They gave each other boomerangs, spears and nullanullas.</item>
  </tier>
  <tier id="p" type="phrases" content="c">
    <item id="p0" content="c1[0:54]"/>
  </tier>
  <tier id="g" type="glosses" content="c">
    <item id="g0" content="c2[0:60]" alignment="p1"/>
  </tier>
  <tier id="t" type="translations" content="c">
    <item id="t0" content="c3[0:56]" alignment="p1"/>
  </tier>
</igt>
<igt id="i45988">
  <metadata type="xigt-meta">
    <meta type="language" name="wanyi" iso-639-3="gbc" tiers="phrases words morphemes"/>
    <meta type="language" name="English" iso-639-3="eng" tiers="translations"/>
    <meta type="odin-source" doc-id="344" line-range="425-427" line-types="L G T"/>
  </metadata>
  <tier id="o" type="odin-raw">
    <item id="o1" line="425" tag="L">  (14)    Ngarija.ba=nyului na-ngangii/j jukuli.</item>
    <item id="o2" line="426" tag="G">          carve=3SG.NOM        3SG-DAT       boomerang</item>
    <item id="o3" line="427" tag="T">          `He's carving a boomerang for him(self).'</item>
  </tier>
  <tier id="c" type="odin-clean">
    <item id="c1" line="425" tag="L">Ngarija.ba=nyului na-ngangii/j jukuli.</item>
    <item id="c2" line="426" tag="G">carve=3SG.NOM        3SG-DAT       boomerang</item>
    <item id="c3" line="427" tag="T">He's carving a boomerang for him(self).</item>
  </tier>
  <tier id="p" type="phrases" content="c">
    <item id="p0" content="c1[0:38]"/>
  </tier>
  <tier id="g" type="glosses" content="c">
    <item id="g0" content="c2[0:44]" alignment="p1"/>
  </tier>
  <tier id="t" type="translations" content="c">
    <item id="t0" content="c3[0:39]" alignment="p1"/>
  </tier>
</igt>
<igt id="i45989">
  <metadata type="xigt-meta">
    <meta type="language" name="wanyi" iso-639-3="gbc" tiers="phrases words morphemes"/>
    <meta type="language" name="English" iso-639-3="eng" tiers="translations"/>
    <meta type="odin-source" doc-id="344" line-range="435-437" line-types="L G T"/>
  </metadata>
  <tier id="o" type="odin-raw">
    <item id="o1" line="435" tag="L">  (15)    a.       Nanga.nja=nyulu mama                ni.ya-ngi.</item>
    <item id="o2" line="436" tag="G">                   get=3SG.S            food           12-DAT</item>
    <item id="o3" line="437" tag="T">                   `He's getting food for us.'</item>
  </tier>
  <tier id="c" type="odin-clean">
    <item id="c1" line="435" tag="L">Nanga.nja=nyulu mama                ni.ya-ngi.</item>
    <item id="c2" line="436" tag="G">get=3SG.S            food           12-DAT</item>
    <item id="c3" line="437" tag="T">He's getting food for us.</item>
  </tier>
  <tier id="p" type="phrases" content="c">
    <item id="p0" content="c1[0:46]"/>
  </tier>
  <tier id="g" type="glosses" content="c">
    <item id="g0" content="c2[0:42]" alignment="p1"/>
  </tier>
  <tier id="t" type="translations" content="c">
    <item id="t0" content="c3[0:25]" alignment="p1"/>
  </tier>
</igt>
<igt id="i45990">
  <metadata type="xigt-meta">
    <meta type="language" name="wanyi" iso-639-3="gbc" tiers="phrases words morphemes"/>
    <meta type="language" name="English" iso-639-3="eng" tiers="translations"/>
    <meta type="odin-source" doc-id="344" line-range="448-450" line-types="L G T"/>
  </metadata>
  <tier id="o" type="odin-raw">
    <item id="o1" line="448" tag="L">  (16)    a.       Jurra.ngki.j.bi=nurri-ya.ngka,      wawurra.                   Wawurra-darra.</item>
    <item id="o2" line="449" tag="G">                   play=1PL.EX-REFL                    child                      child-PL</item>
    <item id="o3" line="450" tag="T">                   `We played with each other, as kids. All the kids.'</item>
  </tier>
  <tier id="c" type="odin-clean">
    <item id="c1" line="448" tag="L">Jurra.ngki.j.bi=nurri-ya.ngka,      wawurra.                   Wawurra-darra.</item>
    <item id="c2" line="449" tag="G">play=1PL.EX-REFL                    child                      child-PL</item>
    <item id="c3" line="450" tag="T">We played with each other, as kids. All the kids.</item>
  </tier>
  <tier id="p" type="phrases" content="c">
    <item id="p0" content="c1[0:77]"/>
  </tier>
  <tier id="g" type="glosses" content="c">
    <item id="g0" content="c2[0:71]" alignment="p1"/>
  </tier>
  <tier id="t" type="translations" content="c">
    <item id="t0" content="c3[0:49]" alignment="p1"/>
  </tier>
</igt>
<igt id="i45991">
  <metadata type="xigt-meta">
    <meta type="language" name="wanyi" iso-639-3="gbc" tiers="phrases words morphemes"/>
    <meta type="language" name="English" iso-639-3="eng" tiers="translations"/>
    <meta type="odin-source" doc-id="344" line-range="452-454" line-types="L G T"/>
  </metadata>
  <tier id="o" type="odin-raw">
    <item id="o1" line="452" tag="L">          b.       Jurra yalu,        jurra.ngki.j.bi=yalu-ngka</item>
    <item id="o2" line="453" tag="G">                   play 3PL.NOM, play=3PL-REFL</item>
    <item id="o3" line="454" tag="T">                   `Play, them, they play (about).' OR `They play, they play about.'</item>
  </tier>
  <tier id="c" type="odin-clean">
    <item id="c1" line="452" tag="L">Jurra yalu,        jurra.ngki.j.bi=yalu-ngka</item>
    <item id="c2" line="453" tag="G">play 3PL.NOM, play=3PL-REFL</item>
    <item id="c3" line="454" tag="T">Play, them, they play (about).' OR `They play, they play about.</item>
  </tier>
  <tier id="p" type="phrases" content="c">
    <item id="p0" content="c1[0:44]"/>
  </tier>
  <tier id="g" type="glosses" content="c">
    <item id="g0" content="c2[0:27]" alignment="p1"/>
  </tier>
  <tier id="t" type="translations" content="c">
    <item id="t0" content="c3[0:63]" alignment="p1"/>
  </tier>
</igt>
<igt id="i45992">
  <metadata type="xigt-meta">
    <meta type="language" name="wanyi" iso-639-3="gbc" tiers="phrases words morphemes"/>
    <meta type="language" name="English" iso-639-3="eng" tiers="translations"/>
    <meta type="odin-source" doc-id="344" line-range="474-476" line-types="L G T"/>
  </metadata>
  <tier id="o" type="odin-raw">
    <item id="o1" line="474" tag="L">  (17)   a.      Yany.ba=ngamba,         murdungama. Turu-nu.</item>
    <item id="o2" line="475" tag="G">                 talk=12PL.NOM           morning        sun-LOC</item>
    <item id="o3" line="476" tag="T">                 `We'll talk (again) in the morning, after the sun comes up.'</item>
  </tier>
  <tier id="c" type="odin-clean">
    <item id="c1" line="474" tag="L">Yany.ba=ngamba,         murdungama. Turu-nu.</item>
    <item id="c2" line="475" tag="G">talk=12PL.NOM           morning        sun-LOC</item>
    <item id="c3" line="476" tag="T">We'll talk (again) in the morning, after the sun comes up.</item>
  </tier>
  <tier id="p" type="phrases" content="c">
    <item id="p0" content="c1[0:44]"/>
  </tier>
  <tier id="g" type="glosses" content="c">
    <item id="g0" content="c2[0:46]" alignment="p1"/>
  </tier>
  <tier id="t" type="translations" content="c">
    <item id="t0" content="c3[0:58]" alignment="p1"/>
  </tier>
</igt>
<igt id="i45993">
  <metadata type="xigt-meta">
    <meta type="language" name="wanyi" iso-639-3="gbc" tiers="phrases words morphemes"/>
    <meta type="language" name="English" iso-639-3="eng" tiers="translations"/>
    <meta type="odin-source" doc-id="344" line-range="478-480" line-types="L G T"/>
  </metadata>
  <tier id="o" type="odin-raw">
    <item id="o1" line="478" tag="L">         b.      Yany.ba=ngawu nganyi mirrirri.mbi=ninya ­ ngaki yanyi           Wanyi.</item>
    <item id="o2" line="479" tag="G">                 speak=1SG.NOM 2SG.DAT teach=2SG.ACC            1SG.DAT language Wanyi</item>
    <item id="o3" line="480" tag="T">                 `I am talking to you - teaching you my language, Wanyi.'</item>
  </tier>
  <tier id="c" type="odin-clean">
    <item id="c1" line="478" tag="L">Yany.ba=ngawu nganyi mirrirri.mbi=ninya ­ ngaki yanyi           Wanyi.</item>
    <item id="c2" line="479" tag="G">speak=1SG.NOM 2SG.DAT teach=2SG.ACC            1SG.DAT language Wanyi</item>
    <item id="c3" line="480" tag="T">I am talking to you-teaching you my language, Wanyi.</item>
  </tier>
  <tier id="p" type="phrases" content="c">
    <item id="p0" content="c1[0:70]"/>
  </tier>
  <tier id="g" type="glosses" content="c">
    <item id="g0" content="c2[0:69]" alignment="p1"/>
  </tier>
  <tier id="t" type="translations" content="c">
    <item id="t0" content="c3[0:52]" alignment="p1"/>
  </tier>
</igt>
<igt id="i45994">
  <metadata type="xigt-meta">
    <meta type="language" name="wanyi" iso-639-3="gbc" tiers="phrases words morphemes"/>
    <meta type="language" name="English" iso-639-3="eng" tiers="translations"/>
    <meta type="odin-source" doc-id="344" line-range="482-484" line-types="L G T"/>
  </metadata>
  <tier id="o" type="odin-raw">
    <item id="o1" line="482" tag="L">         c.      Yany.ba=bula-ngka yanyi=barri.</item>
    <item id="o2" line="483" tag="G">                 talk=3D-REFL         language/word=THEN</item>
    <item id="o3" line="484" tag="T">                 `They are having a yarn.'</item>
  </tier>
  <tier id="c" type="odin-clean">
    <item id="c1" line="482" tag="L">Yany.ba=bula-ngka yanyi=barri.</item>
    <item id="c2" line="483" tag="G">talk=3D-REFL         language/word=THEN</item>
    <item id="c3" line="484" tag="T">They are having a yarn.</item>
  </tier>
  <tier id="p" type="phrases" content="c">
    <item id="p0" content="c1[0:30]"/>
  </tier>
  <tier id="g" type="glosses" content="c">
    <item id="g0" content="c2[0:39]" alignment="p1"/>
  </tier>
  <tier id="t" type="translations" content="c">
    <item id="t0" content="c3[0:23]" alignment="p1"/>
  </tier>
</igt>
<igt id="i45995">
  <metadata type="xigt-meta">
    <meta type="language" name="wanyi" iso-639-3="gbc" tiers="phrases words morphemes"/>
    <meta type="language" name="English" iso-639-3="eng" tiers="translations"/>
    <meta type="odin-source" doc-id="344" line-range="499-501" line-types="L+CN G T"/>
  </metadata>
  <tier id="o" type="odin-raw">
    <item id="o1" line="499" tag="L+CN">  (18)   a.      Ku.j.bu=nyulu -        ngata-nganyja-anyi ngindi-ni. (Subject control)</item>
    <item id="o2" line="500" tag="G">                 search=3SG.NOM         mother-ANAPH-DAT cry-LOC</item>
    <item id="o3" line="501" tag="T">                 `He's searching for his mother - (he) crying.'</item>
  </tier>
  <tier id="c" type="odin-clean">
    <item id="c1" line="499" tag="L+CN">a.      Ku.j.bu=nyulu-ngata-nganyja-anyi ngindi-ni. (Subject control</item>
    <item id="c2" line="500" tag="G">search=3SG.NOM         mother-ANAPH-DAT cry-LOC</item>
    <item id="c3" line="501" tag="T">He's searching for his mother-(he) crying.</item>
  </tier>
  <tier id="p" type="phrases" content="c">
    <item id="p0" content="c1[0:68]"/>
  </tier>
  <tier id="g" type="glosses" content="c">
    <item id="g0" content="c2[0:47]" alignment="p1"/>
  </tier>
  <tier id="t" type="translations" content="c">
    <item id="t0" content="c3[0:42]" alignment="p1"/>
  </tier>
</igt>
<igt id="i45996">
  <metadata type="xigt-meta">
    <meta type="language" name="wanyi" iso-639-3="gbc" tiers="phrases words morphemes"/>
    <meta type="language" name="English" iso-639-3="eng" tiers="translations"/>
    <meta type="odin-source" doc-id="344" line-range="503-505" line-types="L+CN G T"/>
  </metadata>
  <tier id="o" type="odin-raw">
    <item id="o1" line="503" tag="L+CN">         b.      Mularri.j.bi=ngawu ­ ngindi-wurru. (Object control)</item>
    <item id="o2" line="504" tag="G">                 pick_up=1SG.NOM         cry-ALLAT</item>
    <item id="o3" line="505" tag="T">                 `I picked (him) up (he) crying.'</item>
  </tier>
  <tier id="c" type="odin-clean">
    <item id="c1" line="503" tag="L+CN">Mularri.j.bi=ngawu ­ ngindi-wurru. (Object control)</item>
    <item id="c2" line="504" tag="G">pick_up=1SG.NOM         cry-ALLAT</item>
    <item id="c3" line="505" tag="T">I picked (him) up (he) crying.</item>
  </tier>
  <tier id="p" type="phrases" content="c">
    <item id="p0" content="c1[0:51]"/>
  </tier>
  <tier id="g" type="glosses" content="c">
    <item id="g0" content="c2[0:33]" alignment="p1"/>
  </tier>
  <tier id="t" type="translations" content="c">
    <item id="t0" content="c3[0:30]" alignment="p1"/>
  </tier>
</igt>
<igt id="i45997">
  <metadata type="xigt-meta">
    <meta type="language" name="wanyi" iso-639-3="gbc" tiers="phrases words morphemes"/>
    <meta type="language" name="English" iso-639-3="eng" tiers="translations"/>
    <meta type="odin-source" doc-id="344" line-range="511-513" line-types="L+CN G T"/>
  </metadata>
  <tier id="o" type="odin-raw">
    <item id="o1" line="511" tag="L+CN">  (19)   a.      Jurra.ngki.j.bi=yalu-ngka - jungku-nu. (Inherent reflexive)</item>
    <item id="o2" line="512" tag="G">                 play=3PL-REFL                 sit-LOC</item>
    <item id="o3" line="513" tag="T">                 `They are playing (while) sitting down.'</item>
  </tier>
  <tier id="c" type="odin-clean">
    <item id="c1" line="511" tag="L+CN">a.      Jurra.ngki.j.bi=yalu-ngka-jungku-nu. (Inherent reflexive</item>
    <item id="c2" line="512" tag="G">play=3PL-REFL                 sit-LOC</item>
    <item id="c3" line="513" tag="T">They are playing (while) sitting down.</item>
  </tier>
  <tier id="p" type="phrases" content="c">
    <item id="p0" content="c1[0:64]"/>
  </tier>
  <tier id="g" type="glosses" content="c">
    <item id="g0" content="c2[0:37]" alignment="p1"/>
  </tier>
  <tier id="t" type="translations" content="c">
    <item id="t0" content="c3[0:38]" alignment="p1"/>
  </tier>
</igt>
<igt id="i45998">
  <metadata type="xigt-meta">
    <meta type="language" name="wanyi" iso-639-3="gbc" tiers="phrases words morphemes"/>
    <meta type="language" name="English" iso-639-3="eng" tiers="translations"/>
    <meta type="odin-source" doc-id="344" line-range="515-517" line-types="L G T"/>
  </metadata>
  <tier id="o" type="odin-raw">
    <item id="o1" line="515" tag="L">         b.      Daba=bula-ngka      kirriya-wiya. Muwa.ji-ni.</item>
    <item id="o2" line="516" tag="G">                 hit =D-REFL         girl-pair      jealous-LOC</item>
    <item id="o3" line="517" tag="T">                 `Two woman are hitting each other (i.e. fighting) being jealous.'</item>
  </tier>
  <tier id="c" type="odin-clean">
    <item id="c1" line="515" tag="L">Daba=bula-ngka      kirriya-wiya. Muwa.ji-ni.</item>
    <item id="c2" line="516" tag="G">hit =D-REFL         girl-pair      jealous-LOC</item>
    <item id="c3" line="517" tag="T">Two woman are hitting each other (i.e. fighting) being jealous.</item>
  </tier>
  <tier id="p" type="phrases" content="c">
    <item id="p0" content="c1[0:45]"/>
  </tier>
  <tier id="g" type="glosses" content="c">
    <item id="g0" content="c2[0:46]" alignment="p1"/>
  </tier>
  <tier id="t" type="translations" content="c">
    <item id="t0" content="c3[0:63]" alignment="p1"/>
  </tier>
</igt>
<igt id="i45999">
  <metadata type="xigt-meta">
    <meta type="language" name="wanyi" iso-639-3="gbc" tiers="phrases words morphemes"/>
    <meta type="language" name="English" iso-639-3="eng" tiers="translations"/>
    <meta type="odin-source" doc-id="344" line-range="529-531" line-types="L G T"/>
  </metadata>
  <tier id="o" type="odin-raw">
    <item id="o1" line="529" tag="L">  (20)   [Jawika.j.ba=ngawu=ninya], windi-kanyi=ninyji=ngaa-n      jukuli-anyi.</item>
    <item id="o2" line="530" tag="G">         ask=1SG.NOM=2SG.ACC           give-PURP=2SG.NOM=1SG.ACC-n boomerang-DAT</item>
    <item id="o3" line="531" tag="T">         `[I ask you] (that) you give me (of) a boomerang.'</item>
  </tier>
  <tier id="c" type="odin-clean">
    <item id="c1" line="529" tag="L">[Jawika.j.ba=ngawu=ninya], windi-kanyi=ninyji=ngaa-n      jukuli-anyi.</item>
    <item id="c2" line="530" tag="G">ask=1SG.NOM=2SG.ACC           give-PURP=2SG.NOM=1SG.ACC-n boomerang-DAT</item>
    <item id="c3" line="531" tag="T">[I ask you] (that) you give me (of) a boomerang.</item>
  </tier>
  <tier id="p" type="phrases" content="c">
    <item id="p0" content="c1[0:70]"/>
  </tier>
  <tier id="g" type="glosses" content="c">
    <item id="g0" content="c2[0:71]" alignment="p1"/>
  </tier>
  <tier id="t" type="translations" content="c">
    <item id="t0" content="c3[0:48]" alignment="p1"/>
  </tier>
</igt>
<igt id="i46000">
  <metadata type="xigt-meta">
    <meta type="language" name="wanyi" iso-639-3="gbc" tiers="phrases words morphemes"/>
    <meta type="language" name="English" iso-639-3="eng" tiers="translations"/>
    <meta type="odin-source" doc-id="344" line-range="537-539" line-types="L G T"/>
  </metadata>
  <tier id="o" type="odin-raw">
    <item id="o1" line="537" tag="L">  (21)   [Budangku=yalu=ni-nya nguru.bu             na.ng-kanyi],      daba=yalu-ngka.</item>
    <item id="o2" line="538" tag="G">         [NEG=3PL.NOM= 2SG-ACC tell                 this-DAT]          hit=3PL-REFL</item>
    <item id="o3" line="539" tag="T">         `[They didn't tell you about it], (that) they had a fight.'</item>
  </tier>
  <tier id="c" type="odin-clean">
    <item id="c1" line="537" tag="L">[Budangku=yalu=ni-nya nguru.bu             na.ng-kanyi],      daba=yalu-ngka.</item>
    <item id="c2" line="538" tag="G">[NEG=3PL.NOM= 2SG-ACC tell                 this-DAT]          hit=3PL-REFL</item>
    <item id="c3" line="539" tag="T">[They didn't tell you about it], (that) they had a fight.</item>
  </tier>
  <tier id="p" type="phrases" content="c">
    <item id="p0" content="c1[0:77]"/>
  </tier>
  <tier id="g" type="glosses" content="c">
    <item id="g0" content="c2[0:74]" alignment="p1"/>
  </tier>
  <tier id="t" type="translations" content="c">
    <item id="t0" content="c3[0:57]" alignment="p1"/>
  </tier>
</igt>
<igt id="i46001">
  <metadata type="xigt-meta">
    <meta type="language" name="wanyi" iso-639-3="gbc" tiers="phrases words morphemes"/>
    <meta type="language" name="English" iso-639-3="eng" tiers="translations"/>
    <meta type="odin-source" doc-id="344" line-range="541-543" line-types="L G T"/>
  </metadata>
  <tier id="o" type="odin-raw">
    <item id="o1" line="541" tag="L">  (22)   Ku.j.ba=ngawu kunda-anyi [...] kurri-kanyi=ngaka         mundirri.</item>
    <item id="o2" line="542" tag="G">         search=1SG      stick-DAT [...]    scratch-PURP=1SG.REFL back</item>
    <item id="o3" line="543" tag="T">         `I'm looking for a stick to scratch my back with.'</item>
  </tier>
  <tier id="c" type="odin-clean">
    <item id="c1" line="541" tag="L">Ku.j.ba=ngawu kunda-anyi [...] kurri-kanyi=ngaka         mundirri.</item>
    <item id="c2" line="542" tag="G">search=1SG      stick-DAT [...]    scratch-PURP=1SG.REFL back</item>
    <item id="c3" line="543" tag="T">I'm looking for a stick to scratch my back with.</item>
  </tier>
  <tier id="p" type="phrases" content="c">
    <item id="p0" content="c1[0:66]"/>
  </tier>
  <tier id="g" type="glosses" content="c">
    <item id="g0" content="c2[0:61]" alignment="p1"/>
  </tier>
  <tier id="t" type="translations" content="c">
    <item id="t0" content="c3[0:48]" alignment="p1"/>
  </tier>
</igt>
<igt id="i47654">
  <metadata type="xigt-meta">
    <meta type="language" name="garawa" iso-639-3="gbc" tiers="phrases words morphemes"/>
    <meta type="language" name="English" iso-639-3="eng" tiers="translations"/>
    <meta type="odin-source" doc-id="3417" line-range="849-853" line-types="L+CR L+CR G T M+AC"/>
  </metadata>
  <tier id="o" type="odin-raw">
    <item id="o1" line="849" tag="L+CR">           a. dulaba-yi           wadaba- djamba-nanji djiba®i-wanji</item>
    <item id="o2" line="850" tag="L+CR">                                       ª</item>
    <item id="o3" line="851" tag="G">                remove-PAST goanna-ABS ground-ABL woman-ERG</item>
    <item id="o4" line="852" tag="T">                `The woman pulled the goanna from the ground.'</item>
    <item id="o5" line="853" tag="M+AC">                                                             (Furby &amp; Furby 1977: 41)</item>
  </tier>
  <tier id="c" type="odin-clean">
    <item id="c1" line="849" tag="L+CR">dulaba-yi           wadaba-djamba-nanji djiba®i-wanji</item>
    <item id="c3" line="851" tag="G">remove-PAST goanna-ABS ground-ABL woman-ERG</item>
    <item id="c4" line="852" tag="T">The woman pulled the goanna from the ground.</item>
    <item id="c5" line="853" tag="M+AC">Furby &amp; Furby 1977: 41</item>
  </tier>
  <tier id="p" type="phrases" content="c">
    <item id="p0" content="c1[0:53]"/>
  </tier>
  <tier id="g" type="glosses" content="c">
    <item id="g0" content="c3[0:43]" alignment="p1"/>
  </tier>
  <tier id="t" type="translations" content="c">
    <item id="t0" content="c4[0:44]" alignment="p1"/>
  </tier>
</igt>
<igt id="i47655">
  <metadata type="xigt-meta">
    <meta type="language" name="garawa" iso-639-3="gbc" tiers="phrases words morphemes"/>
    <meta type="language" name="English" iso-639-3="eng" tiers="translations"/>
    <meta type="odin-source" doc-id="3417" line-range="854-857" line-types="L+CR L+CR G T+AC"/>
  </metadata>
  <tier id="o" type="odin-raw">
    <item id="o1" line="854" tag="L+CR">           b. anji-ganji adaanjdja-nji madjadja</item>
    <item id="o2" line="855" tag="L+CR">                                   ª</item>
    <item id="o3" line="856" tag="G">                2SG-REFR mother-REFR axe</item>
    <item id="o4" line="857" tag="T+AC">                `your mother's axe' (Furby &amp; Furby 1977: 11)</item>
  </tier>
  <tier id="c" type="odin-clean">
    <item id="c1" line="854" tag="L+CR">anji-ganji adaanjdja-nji madjadja</item>
    <item id="c3" line="856" tag="G">2SG-REFR mother-REFR axe</item>
    <item id="c4" line="857" tag="T+AC">your mother's axe' (Furby &amp; Furby 1977: 11)</item>
  </tier>
  <tier id="p" type="phrases" content="c">
    <item id="p0" content="c1[0:33]"/>
  </tier>
  <tier id="g" type="glosses" content="c">
    <item id="g0" content="c3[0:24]" alignment="p1"/>
  </tier>
  <tier id="t" type="translations" content="c">
    <item id="t0" content="c4[0:43]" alignment="p1"/>
  </tier>
</igt>
<igt id="i98816">
  <metadata type="xigt-meta">
    <meta type="language" name="garawa" iso-639-3="gbc" tiers="phrases words morphemes"/>
    <meta type="language" name="English" iso-639-3="eng" tiers="translations"/>
    <meta type="odin-source" doc-id="2887" line-range="910-912" line-types="L G+LN T"/>
  </metadata>
  <tier id="o" type="odin-raw">
    <item id="o1" line="910" tag="L">  (23a)     jala     daba     yalu-ngk=i.</item>
    <item id="o2" line="911" tag="G+LN">  Kar       then     hit      3pl-RR=PST</item>
    <item id="o3" line="912" tag="T">            `then they hit each other.'</item>
  </tier>
  <tier id="c" type="odin-clean">
    <item id="c1" line="910" tag="L">jala     daba     yalu-ngk=i.</item>
    <item id="c2" line="911" tag="G+LN">Kar       then     hit      3pl-RR=PST</item>
    <item id="c3" line="912" tag="T">then they hit each other.</item>
  </tier>
  <tier id="p" type="phrases" content="c">
    <item id="p0" content="c1[0:29]"/>
  </tier>
  <tier id="g" type="glosses" content="c">
    <item id="g0" content="c2[0:38]" alignment="p1"/>
  </tier>
  <tier id="t" type="translations" content="c">
    <item id="t0" content="c3[0:25]" alignment="p1"/>
  </tier>
</igt>
<igt id="i98817">
  <metadata type="xigt-meta">
    <meta type="language" name="garawa" iso-639-3="gbc" tiers="phrases words morphemes"/>
    <meta type="language" name="English" iso-639-3="eng" tiers="translations"/>
    <meta type="odin-source" doc-id="2887" line-range="914-916" line-types="L G+LN T"/>
  </metadata>
  <tier id="o" type="odin-raw">
    <item id="o1" line="914" tag="L">  (23b)     Daba nangk=i       nanaba kurrukurru.</item>
    <item id="o2" line="915" tag="G+LN">  Kar       fight 3sgRR=PST there       big.mob(NOM)</item>
    <item id="o3" line="916" tag="T">            `Big mobs of people fought each other there.'</item>
  </tier>
  <tier id="c" type="odin-clean">
    <item id="c1" line="914" tag="L">Daba nangk=i       nanaba kurrukurru.</item>
    <item id="c2" line="915" tag="G+LN">Kar       fight 3sgRR=PST there       big.mob(NOM)</item>
    <item id="c3" line="916" tag="T">Big mobs of people fought each other there.</item>
  </tier>
  <tier id="p" type="phrases" content="c">
    <item id="p0" content="c1[0:37]"/>
  </tier>
  <tier id="g" type="glosses" content="c">
    <item id="g0" content="c2[0:50]" alignment="p1"/>
  </tier>
  <tier id="t" type="translations" content="c">
    <item id="t0" content="c3[0:43]" alignment="p1"/>
  </tier>
</igt>
</xigt-corpus>
