<?xml version="1.0" encoding="UTF-8"?>
<xigt-corpus>
<igt id="i58134">
  <metadata type="xigt-meta">
    <meta type="language" name="galela" iso-639-3="gbi" tiers="phrases words morphemes"/>
    <meta type="language" name="English" iso-639-3="eng" tiers="translations"/>
    <meta type="odin-source" doc-id="3181" line-range="237-239" line-types="L G T+AC"/>
  </metadata>
  <tier id="o" type="odin-raw">
    <item id="o1" line="237" tag="L">           b.   o     tahu man`na e</item>
    <item id="o2" line="238" tag="G">                art house this</item>
    <item id="o3" line="239" tag="T+AC">                `this house' (Galela, Rijkhoff 2002:184)</item>
  </tier>
  <tier id="c" type="odin-clean">
    <item id="c1" line="237" tag="L">o     tahu man`na e</item>
    <item id="c2" line="238" tag="G">art house this</item>
    <item id="c3" line="239" tag="T+AC">this house' (Galela, Rijkhoff 2002:184)</item>
  </tier>
  <tier id="p" type="phrases" content="c">
    <item id="p0" content="c1[0:19]"/>
  </tier>
  <tier id="g" type="glosses" content="c">
    <item id="g0" content="c2[0:14]" alignment="p1"/>
  </tier>
  <tier id="t" type="translations" content="c">
    <item id="t0" content="c3[0:39]" alignment="p1"/>
  </tier>
</igt>
<igt id="i63755">
  <metadata type="xigt-meta">
    <meta type="language" name="galela" iso-639-3="gbi" tiers="phrases words morphemes"/>
    <meta type="language" name="English" iso-639-3="eng" tiers="translations"/>
    <meta type="odin-source" doc-id="2558" line-range="407-410" line-types="M+AC+LN L G T"/>
  </metadata>
  <tier id="o" type="odin-raw">
    <item id="o1" line="407" tag="M+AC+LN">  Galela (van Baarda 1908: 35)</item>
    <item id="o2" line="408" tag="L">  (29)     awi dohu       i   lalamo</item>
    <item id="o3" line="409" tag="G">           his foot       it  be_big:PRT</item>
    <item id="o4" line="410" tag="T">           `his big foot'</item>
  </tier>
  <tier id="c" type="odin-clean">
    <item id="c1" line="407" tag="M+AC+LN">Galela (van Baarda 1908: 35)</item>
    <item id="c2" line="408" tag="L">awi dohu       i   lalamo</item>
    <item id="c3" line="409" tag="G">his foot       it  be_big:PRT</item>
    <item id="c4" line="410" tag="T">his big foot</item>
  </tier>
  <tier id="p" type="phrases" content="c">
    <item id="p0" content="c2[0:25]"/>
  </tier>
  <tier id="g" type="glosses" content="c">
    <item id="g0" content="c3[0:29]" alignment="p1"/>
  </tier>
  <tier id="t" type="translations" content="c">
    <item id="t0" content="c4[0:12]" alignment="p1"/>
  </tier>
</igt>
<igt id="i75142">
  <metadata type="xigt-meta">
    <meta type="language" name="galela" iso-639-3="gbi" tiers="phrases words morphemes"/>
    <meta type="language" name="English" iso-639-3="eng" tiers="translations"/>
    <meta type="odin-source" doc-id="3696" line-range="645-649" line-types="M+AC+LN L+CR L+CR G T"/>
  </metadata>
  <tier id="o" type="odin-raw">
    <item id="o1" line="645" tag="M+AC+LN">  Galela (van Baarda 1908: 35)</item>
    <item id="o2" line="646" tag="L+CR">                 .</item>
    <item id="o3" line="647" tag="L+CR">  (19) awi       dòhu          i                       lalamo</item>
    <item id="o4" line="648" tag="G">        his          foot           it                 big:PRT</item>
    <item id="o5" line="649" tag="T">        `his big foot'</item>
  </tier>
  <tier id="c" type="odin-clean">
    <item id="c1" line="645" tag="M+AC+LN">Galela (van Baarda 1908: 35)</item>
    <item id="c2" line="646" tag="L+CR">.</item>
    <item id="c4" line="648" tag="G">his          foot           it                 big:PRT</item>
    <item id="c5" line="649" tag="T">his big foot</item>
  </tier>
  <tier id="p" type="phrases" content="c">
    <item id="p0" content="c2[0:1]"/>
  </tier>
  <tier id="g" type="glosses" content="c">
    <item id="g0" content="c4[0:54]" alignment="p1"/>
  </tier>
  <tier id="t" type="translations" content="c">
    <item id="t0" content="c5[0:12]" alignment="p1"/>
  </tier>
</igt>
<igt id="i114629">
  <metadata type="xigt-meta">
    <meta type="language" name="galela" iso-639-3="gbi" tiers="phrases words morphemes"/>
    <meta type="language" name="English" iso-639-3="eng" tiers="translations"/>
    <meta type="odin-source" doc-id="3376" line-range="398-400" line-types="L G T"/>
  </metadata>
  <tier id="o" type="odin-raw">
    <item id="o1" line="398" tag="L">  (1)    to-tagi</item>
    <item id="o2" line="399" tag="G">         1SG.ACT-go</item>
    <item id="o3" line="400" tag="T">         `I am going'</item>
  </tier>
  <tier id="c" type="odin-clean">
    <item id="c1" line="398" tag="L">to-tagi</item>
    <item id="c2" line="399" tag="G">1SG.ACT-go</item>
    <item id="c3" line="400" tag="T">I am going</item>
  </tier>
  <tier id="p" type="phrases" content="c">
    <item id="p0" content="c1[0:7]"/>
  </tier>
  <tier id="g" type="glosses" content="c">
    <item id="g0" content="c2[0:10]" alignment="p1"/>
  </tier>
  <tier id="t" type="translations" content="c">
    <item id="t0" content="c3[0:10]" alignment="p1"/>
  </tier>
</igt>
<igt id="i114630">
  <metadata type="xigt-meta">
    <meta type="language" name="galela" iso-639-3="gbi" tiers="phrases words morphemes"/>
    <meta type="language" name="English" iso-639-3="eng" tiers="translations"/>
    <meta type="odin-source" doc-id="3376" line-range="402-404" line-types="L G T"/>
  </metadata>
  <tier id="o" type="odin-raw">
    <item id="o1" line="402" tag="L">  (2)    ni-kiolo</item>
    <item id="o2" line="403" tag="G">         2SG.U-asleep</item>
    <item id="o3" line="404" tag="T">         `you are asleep'</item>
  </tier>
  <tier id="c" type="odin-clean">
    <item id="c1" line="402" tag="L">ni-kiolo</item>
    <item id="c2" line="403" tag="G">2SG.U-asleep</item>
    <item id="c3" line="404" tag="T">you are asleep</item>
  </tier>
  <tier id="p" type="phrases" content="c">
    <item id="p0" content="c1[0:8]"/>
  </tier>
  <tier id="g" type="glosses" content="c">
    <item id="g0" content="c2[0:12]" alignment="p1"/>
  </tier>
  <tier id="t" type="translations" content="c">
    <item id="t0" content="c3[0:14]" alignment="p1"/>
  </tier>
</igt>
<igt id="i114631">
  <metadata type="xigt-meta">
    <meta type="language" name="galela" iso-639-3="gbi" tiers="phrases words morphemes"/>
    <meta type="language" name="English" iso-639-3="eng" tiers="translations"/>
    <meta type="odin-source" doc-id="3376" line-range="406-408" line-types="L G T"/>
  </metadata>
  <tier id="o" type="odin-raw">
    <item id="o1" line="406" tag="L">  (3)    to-ni-doto</item>
    <item id="o2" line="407" tag="G">         1SG.ACT-2SG.U-teach</item>
    <item id="o3" line="408" tag="T">         `I teach you'</item>
  </tier>
  <tier id="c" type="odin-clean">
    <item id="c1" line="406" tag="L">to-ni-doto</item>
    <item id="c2" line="407" tag="G">1SG.ACT-2SG.U-teach</item>
    <item id="c3" line="408" tag="T">I teach you</item>
  </tier>
  <tier id="p" type="phrases" content="c">
    <item id="p0" content="c1[0:10]"/>
  </tier>
  <tier id="g" type="glosses" content="c">
    <item id="g0" content="c2[0:19]" alignment="p1"/>
  </tier>
  <tier id="t" type="translations" content="c">
    <item id="t0" content="c3[0:11]" alignment="p1"/>
  </tier>
</igt>
<igt id="i114632">
  <metadata type="xigt-meta">
    <meta type="language" name="galela" iso-639-3="gbi" tiers="phrases words morphemes"/>
    <meta type="language" name="English" iso-639-3="eng" tiers="translations"/>
    <meta type="odin-source" doc-id="3376" line-range="415-417" line-types="L G T"/>
  </metadata>
  <tier id="o" type="odin-raw">
    <item id="o1" line="415" tag="L">  (4)    i-ni-kioko</item>
    <item id="o2" line="416" tag="G">         3.ACT-2SG.U-asleep</item>
    <item id="o3" line="417" tag="T">         `you are asleep'</item>
  </tier>
  <tier id="c" type="odin-clean">
    <item id="c1" line="415" tag="L">i-ni-kioko</item>
    <item id="c2" line="416" tag="G">3.ACT-2SG.U-asleep</item>
    <item id="c3" line="417" tag="T">you are asleep</item>
  </tier>
  <tier id="p" type="phrases" content="c">
    <item id="p0" content="c1[0:10]"/>
  </tier>
  <tier id="g" type="glosses" content="c">
    <item id="g0" content="c2[0:18]" alignment="p1"/>
  </tier>
  <tier id="t" type="translations" content="c">
    <item id="t0" content="c3[0:14]" alignment="p1"/>
  </tier>
</igt>
</xigt-corpus>
