<?xml version="1.0" encoding="UTF-8"?>
<xigt-corpus>
<igt id="i85099">
  <metadata type="xigt-meta">
    <meta type="language" name="grebo" iso-639-3="gbo:gec" tiers="phrases words morphemes"/>
    <meta type="language" name="English" iso-639-3="eng" tiers="translations"/>
    <meta type="odin-source" doc-id="289" line-range="3154-3159" line-types="M+LN+CR B L L G T"/>
  </metadata>
  <tier id="o" type="odin-raw">
    <item id="o1" line="3154" tag="M+LN+CR">  (2.18) G   REBO</item>
    <item id="o2" line="3155" tag="B"></item>
    <item id="o3" line="3156" tag="L">                         du1 n'4 ne</item>
    <item id="o4" line="3157" tag="L">       a.    ne1                      3</item>
    <item id="o5" line="3158" tag="G">             1,PRON      pound</item>
    <item id="o6" line="3159" tag="T">             `I have pounded it'</item>
  </tier>
  <tier id="c" type="odin-clean">
    <item id="c1" line="3154" tag="M+LN+CR">G   REBO</item>
    <item id="c2" line="3155" tag="B"/>
    <item id="c3" line="3156" tag="L">du1 n'4 ne</item>
    <item id="c4" line="3157" tag="L">ne1                      3</item>
    <item id="c5" line="3158" tag="G">1,PRON      pound</item>
    <item id="c6" line="3159" tag="T">I have pounded it</item>
  </tier>
  <tier id="p" type="phrases" content="c">
    <item id="p0" content="c3[0:10]"/>
    <item id="p1" content="c4[0:26]"/>
  </tier>
  <tier id="g" type="glosses" content="c">
    <item id="g0" content="c5[0:17]" alignment="p2"/>
  </tier>
  <tier id="t" type="translations" content="c">
    <item id="t0" content="c6[0:17]" alignment="p2"/>
  </tier>
</igt>
<igt id="i85100">
  <metadata type="xigt-meta">
    <meta type="language" name="grebo" iso-639-3="gbo:gec" tiers="phrases words morphemes"/>
    <meta type="language" name="English" iso-639-3="eng" tiers="translations"/>
    <meta type="odin-source" doc-id="289" line-range="3160-3164" line-types="L+CR B L G T+AC"/>
  </metadata>
  <tier id="o" type="odin-raw">
    <item id="o1" line="3160" tag="L+CR">                         du4 n'4 ne</item>
    <item id="o2" line="3161" tag="B"></item>
    <item id="o3" line="3162" tag="L">       b.                             3</item>
    <item id="o4" line="3163" tag="G">             2,PRON      pound</item>
    <item id="o5" line="3164" tag="T+AC">             `You have pounded it'                                     (Innes, 1966: 61)</item>
  </tier>
  <tier id="c" type="odin-clean">
    <item id="c1" line="3160" tag="L+CR">du4 n'4 ne</item>
    <item id="c2" line="3161" tag="B"/>
    <item id="c3" line="3162" tag="L">3</item>
    <item id="c4" line="3163" tag="G">2,PRON      pound</item>
    <item id="c5" line="3164" tag="T+AC">You have pounded it'                                     (Innes, 1966: 61)</item>
  </tier>
  <tier id="p" type="phrases" content="c">
    <item id="p0" content="c1[0:10]"/>
    <item id="p1" content="c3[0:1]"/>
  </tier>
  <tier id="g" type="glosses" content="c">
    <item id="g0" content="c4[0:17]" alignment="p2"/>
  </tier>
  <tier id="t" type="translations" content="c">
    <item id="t0" content="c5[0:74]" alignment="p2"/>
  </tier>
</igt>
</xigt-corpus>
