<?xml version="1.0" encoding="UTF-8"?>
<xigt-corpus>
<igt id="i27014">
  <metadata type="xigt-meta">
    <meta type="language" name="dari" iso-639-3="gbz" tiers="phrases words morphemes"/>
    <meta type="language" name="English" iso-639-3="eng" tiers="translations"/>
    <meta type="odin-source" doc-id="3861" line-range="7962-7964" line-types="L G T"/>
  </metadata>
  <tier id="o" type="odin-raw">
    <item id="o1" line="7962" tag="L">            a. (me) davu-e</item>
    <item id="o2" line="7963" tag="G">                I     run:past-1sg</item>
    <item id="o3" line="7964" tag="T">                `I ran'</item>
  </tier>
  <tier id="c" type="odin-clean">
    <item id="c1" line="7962" tag="L">(me) davu-e</item>
    <item id="c2" line="7963" tag="G">I     run:past-1sg</item>
    <item id="c3" line="7964" tag="T">I ran</item>
  </tier>
  <tier id="p" type="phrases" content="c">
    <item id="p0" content="c1[0:11]"/>
  </tier>
  <tier id="g" type="glosses" content="c">
    <item id="g0" content="c2[0:18]" alignment="p1"/>
  </tier>
  <tier id="t" type="translations" content="c">
    <item id="t0" content="c3[0:5]" alignment="p1"/>
  </tier>
</igt>
<igt id="i27015">
  <metadata type="xigt-meta">
    <meta type="language" name="dari" iso-639-3="gbz" tiers="phrases words morphemes"/>
    <meta type="language" name="English" iso-639-3="eng" tiers="translations"/>
    <meta type="odin-source" doc-id="3861" line-range="7966-7968" line-types="L G T"/>
  </metadata>
  <tier id="o" type="odin-raw">
    <item id="o1" line="7966" tag="L">            b. (in) os-di-e</item>
    <item id="o2" line="7967" tag="G">                s/he 3sg-see:past-1sg</item>
    <item id="o3" line="7968" tag="T">                `he saw me'</item>
  </tier>
  <tier id="c" type="odin-clean">
    <item id="c1" line="7966" tag="L">(in) os-di-e</item>
    <item id="c2" line="7967" tag="G">s/he 3sg-see:past-1sg</item>
    <item id="c3" line="7968" tag="T">he saw me</item>
  </tier>
  <tier id="p" type="phrases" content="c">
    <item id="p0" content="c1[0:12]"/>
  </tier>
  <tier id="g" type="glosses" content="c">
    <item id="g0" content="c2[0:21]" alignment="p1"/>
  </tier>
  <tier id="t" type="translations" content="c">
    <item id="t0" content="c3[0:9]" alignment="p1"/>
  </tier>
</igt>
<igt id="i27016">
  <metadata type="xigt-meta">
    <meta type="language" name="dari" iso-639-3="gbz" tiers="phrases words morphemes"/>
    <meta type="language" name="English" iso-639-3="eng" tiers="translations"/>
    <meta type="odin-source" doc-id="3861" line-range="7971-7973" line-types="L G T"/>
  </metadata>
  <tier id="o" type="odin-raw">
    <item id="o1" line="7971" tag="L">            a. (me) dav-e</item>
    <item id="o2" line="7972" tag="G">               I     run:pres-1sg</item>
    <item id="o3" line="7973" tag="T">               `I run'</item>
  </tier>
  <tier id="c" type="odin-clean">
    <item id="c1" line="7971" tag="L">(me) dav-e</item>
    <item id="c2" line="7972" tag="G">I     run:pres-1sg</item>
    <item id="c3" line="7973" tag="T">I run</item>
  </tier>
  <tier id="p" type="phrases" content="c">
    <item id="p0" content="c1[0:10]"/>
  </tier>
  <tier id="g" type="glosses" content="c">
    <item id="g0" content="c2[0:18]" alignment="p1"/>
  </tier>
  <tier id="t" type="translations" content="c">
    <item id="t0" content="c3[0:5]" alignment="p1"/>
  </tier>
</igt>
<igt id="i27017">
  <metadata type="xigt-meta">
    <meta type="language" name="dari" iso-639-3="gbz" tiers="phrases words morphemes"/>
    <meta type="language" name="English" iso-639-3="eng" tiers="translations"/>
    <meta type="odin-source" doc-id="3861" line-range="7988-7990" line-types="L G T"/>
  </metadata>
  <tier id="o" type="odin-raw">
    <item id="o1" line="7988" tag="L">             b. (me) in-ra      bin-e</item>
    <item id="o2" line="7989" tag="G">                I     s/he-acc. see:pres-1sg</item>
    <item id="o3" line="7990" tag="T">                `I see him'</item>
  </tier>
  <tier id="c" type="odin-clean">
    <item id="c1" line="7988" tag="L">(me) in-ra      bin-e</item>
    <item id="c2" line="7989" tag="G">I     s/he-acc. see:pres-1sg</item>
    <item id="c3" line="7990" tag="T">I see him</item>
  </tier>
  <tier id="p" type="phrases" content="c">
    <item id="p0" content="c1[0:21]"/>
  </tier>
  <tier id="g" type="glosses" content="c">
    <item id="g0" content="c2[0:28]" alignment="p1"/>
  </tier>
  <tier id="t" type="translations" content="c">
    <item id="t0" content="c3[0:9]" alignment="p1"/>
  </tier>
</igt>
<igt id="i27018">
  <metadata type="xigt-meta">
    <meta type="language" name="dari" iso-639-3="gbz" tiers="phrases words morphemes"/>
    <meta type="language" name="English" iso-639-3="eng" tiers="translations"/>
    <meta type="odin-source" doc-id="3861" line-range="8005-8007" line-types="L G T"/>
  </metadata>
  <tier id="o" type="odin-raw">
    <item id="o1" line="8005" tag="L">  (4)        (me) om-di-i</item>
    <item id="o2" line="8006" tag="G">             I     1sg-see:past-2sg</item>
    <item id="o3" line="8007" tag="T">             `I saw you (sg.)'</item>
  </tier>
  <tier id="c" type="odin-clean">
    <item id="c1" line="8005" tag="L">(me) om-di-i</item>
    <item id="c2" line="8006" tag="G">I     1sg-see:past-2sg</item>
    <item id="c3" line="8007" tag="T">I saw you (sg.)</item>
  </tier>
  <tier id="p" type="phrases" content="c">
    <item id="p0" content="c1[0:12]"/>
  </tier>
  <tier id="g" type="glosses" content="c">
    <item id="g0" content="c2[0:22]" alignment="p1"/>
  </tier>
  <tier id="t" type="translations" content="c">
    <item id="t0" content="c3[0:15]" alignment="p1"/>
  </tier>
</igt>
<igt id="i27019">
  <metadata type="xigt-meta">
    <meta type="language" name="dari" iso-639-3="gbz" tiers="phrases words morphemes"/>
    <meta type="language" name="English" iso-639-3="eng" tiers="translations"/>
    <meta type="odin-source" doc-id="3861" line-range="8029-8031" line-types="L G T"/>
  </metadata>
  <tier id="o" type="odin-raw">
    <item id="o1" line="8029" tag="L">  (i)       (me) me-diza-i</item>
    <item id="o2" line="8030" tag="G">            I     1sg-see:pres.pf-2sg</item>
    <item id="o3" line="8031" tag="T">            `I have seen you (sg.)'</item>
  </tier>
  <tier id="c" type="odin-clean">
    <item id="c1" line="8029" tag="L">(me) me-diza-i</item>
    <item id="c2" line="8030" tag="G">I     1sg-see:pres.pf-2sg</item>
    <item id="c3" line="8031" tag="T">I have seen you (sg.)</item>
  </tier>
  <tier id="p" type="phrases" content="c">
    <item id="p0" content="c1[0:14]"/>
  </tier>
  <tier id="g" type="glosses" content="c">
    <item id="g0" content="c2[0:25]" alignment="p1"/>
  </tier>
  <tier id="t" type="translations" content="c">
    <item id="t0" content="c3[0:21]" alignment="p1"/>
  </tier>
</igt>
<igt id="i27020">
  <metadata type="xigt-meta">
    <meta type="language" name="dari" iso-639-3="gbz" tiers="phrases words morphemes"/>
    <meta type="language" name="English" iso-639-3="eng" tiers="translations"/>
    <meta type="odin-source" doc-id="3861" line-range="8033-8035" line-types="L G T"/>
  </metadata>
  <tier id="o" type="odin-raw">
    <item id="o1" line="8033" tag="L">  (ii)      (me) me-dizabo-i</item>
    <item id="o2" line="8034" tag="G">            I     1sg-see:past.pf-2sg</item>
    <item id="o3" line="8035" tag="T">            `I had seen you (sg.)'</item>
  </tier>
  <tier id="c" type="odin-clean">
    <item id="c1" line="8033" tag="L">(me) me-dizabo-i</item>
    <item id="c2" line="8034" tag="G">I     1sg-see:past.pf-2sg</item>
    <item id="c3" line="8035" tag="T">I had seen you (sg.)</item>
  </tier>
  <tier id="p" type="phrases" content="c">
    <item id="p0" content="c1[0:16]"/>
  </tier>
  <tier id="g" type="glosses" content="c">
    <item id="g0" content="c2[0:25]" alignment="p1"/>
  </tier>
  <tier id="t" type="translations" content="c">
    <item id="t0" content="c3[0:20]" alignment="p1"/>
  </tier>
</igt>
<igt id="i27021">
  <metadata type="xigt-meta">
    <meta type="language" name="dari" iso-639-3="gbz" tiers="phrases words morphemes"/>
    <meta type="language" name="English" iso-639-3="eng" tiers="translations"/>
    <meta type="odin-source" doc-id="3861" line-range="8066-8068" line-types="L G T"/>
  </metadata>
  <tier id="o" type="odin-raw">
    <item id="o1" line="8066" tag="L">             a. (me) om-veo         di-i</item>
    <item id="o2" line="8067" tag="G">                I     1sg-must:pres see:past-2sg</item>
    <item id="o3" line="8068" tag="T">                `I must see you (sg.)'</item>
  </tier>
  <tier id="c" type="odin-clean">
    <item id="c1" line="8066" tag="L">(me) om-veo         di-i</item>
    <item id="c2" line="8067" tag="G">I     1sg-must:pres see:past-2sg</item>
    <item id="c3" line="8068" tag="T">I must see you (sg.)</item>
  </tier>
  <tier id="p" type="phrases" content="c">
    <item id="p0" content="c1[0:24]"/>
  </tier>
  <tier id="g" type="glosses" content="c">
    <item id="g0" content="c2[0:32]" alignment="p1"/>
  </tier>
  <tier id="t" type="translations" content="c">
    <item id="t0" content="c3[0:20]" alignment="p1"/>
  </tier>
</igt>
<igt id="i27022">
  <metadata type="xigt-meta">
    <meta type="language" name="dari" iso-639-3="gbz" tiers="phrases words morphemes"/>
    <meta type="language" name="English" iso-639-3="eng" tiers="translations"/>
    <meta type="odin-source" doc-id="3861" line-range="8077-8079" line-types="L G T"/>
  </metadata>
  <tier id="o" type="odin-raw">
    <item id="o1" line="8077" tag="L">  (i)       (me) mav          ke in kza-om bebin-a</item>
    <item id="o2" line="8078" tag="G">            1sg want:pres:1 that 3sg house-my see:subj-3sg</item>
    <item id="o3" line="8079" tag="T">            `I want him to see my house'</item>
  </tier>
  <tier id="c" type="odin-clean">
    <item id="c1" line="8077" tag="L">(me) mav          ke in kza-om bebin-a</item>
    <item id="c2" line="8078" tag="G">1sg want:pres:1 that 3sg house-my see:subj-3sg</item>
    <item id="c3" line="8079" tag="T">I want him to see my house</item>
  </tier>
  <tier id="p" type="phrases" content="c">
    <item id="p0" content="c1[0:38]"/>
  </tier>
  <tier id="g" type="glosses" content="c">
    <item id="g0" content="c2[0:46]" alignment="p1"/>
  </tier>
  <tier id="t" type="translations" content="c">
    <item id="t0" content="c3[0:26]" alignment="p1"/>
  </tier>
</igt>
<igt id="i27023">
  <metadata type="xigt-meta">
    <meta type="language" name="dari" iso-639-3="gbz" tiers="phrases words morphemes"/>
    <meta type="language" name="English" iso-639-3="eng" tiers="translations"/>
    <meta type="odin-source" doc-id="3861" line-range="8088-8090" line-types="L G T"/>
  </metadata>
  <tier id="o" type="odin-raw">
    <item id="o1" line="8088" tag="L">  (ii)     *(me) mav         ke kza-om bebin-e</item>
    <item id="o2" line="8089" tag="G">            1sg want:pres:1 that house-my see:subj-1sg</item>
    <item id="o3" line="8090" tag="T">            `I want to see my house'</item>
  </tier>
  <tier id="c" type="odin-clean">
    <item id="c1" line="8088" tag="L">*(me) mav         ke kza-om bebin-e</item>
    <item id="c2" line="8089" tag="G">1sg want:pres:1 that house-my see:subj-1sg</item>
    <item id="c3" line="8090" tag="T">I want to see my house</item>
  </tier>
  <tier id="p" type="phrases" content="c">
    <item id="p0" content="c1[0:35]"/>
  </tier>
  <tier id="g" type="glosses" content="c">
    <item id="g0" content="c2[0:42]" alignment="p1"/>
  </tier>
  <tier id="t" type="translations" content="c">
    <item id="t0" content="c3[0:22]" alignment="p1"/>
  </tier>
</igt>
<igt id="i27024">
  <metadata type="xigt-meta">
    <meta type="language" name="dari" iso-639-3="gbz" tiers="phrases words morphemes"/>
    <meta type="language" name="English" iso-639-3="eng" tiers="translations"/>
    <meta type="odin-source" doc-id="3861" line-range="8103-8105" line-types="L G T"/>
  </metadata>
  <tier id="o" type="odin-raw">
    <item id="o1" line="8103" tag="L">         b. (me) om-vevyust di-i</item>
    <item id="o2" line="8104" tag="G">            I     1sg-must:past see:past-2sg</item>
    <item id="o3" line="8105" tag="T">            `I had to see you (sg.)'</item>
  </tier>
  <tier id="c" type="odin-clean">
    <item id="c1" line="8103" tag="L">(me) om-vevyust di-i</item>
    <item id="c2" line="8104" tag="G">I     1sg-must:past see:past-2sg</item>
    <item id="c3" line="8105" tag="T">I had to see you (sg.)</item>
  </tier>
  <tier id="p" type="phrases" content="c">
    <item id="p0" content="c1[0:20]"/>
  </tier>
  <tier id="g" type="glosses" content="c">
    <item id="g0" content="c2[0:32]" alignment="p1"/>
  </tier>
  <tier id="t" type="translations" content="c">
    <item id="t0" content="c3[0:22]" alignment="p1"/>
  </tier>
</igt>
<igt id="i27025">
  <metadata type="xigt-meta">
    <meta type="language" name="dari" iso-639-3="gbz" tiers="phrases words morphemes"/>
    <meta type="language" name="English" iso-639-3="eng" tiers="translations"/>
    <meta type="odin-source" doc-id="3861" line-range="8122-8124" line-types="L G T"/>
  </metadata>
  <tier id="o" type="odin-raw">
    <item id="o1" line="8122" tag="L">         a. (me) om-veo           davu</item>
    <item id="o2" line="8123" tag="G">             I     1sg-must:pres. run:past</item>
    <item id="o3" line="8124" tag="T">             `I must run'</item>
  </tier>
  <tier id="c" type="odin-clean">
    <item id="c1" line="8122" tag="L">(me) om-veo           davu</item>
    <item id="c2" line="8123" tag="G">I     1sg-must:pres. run:past</item>
    <item id="c3" line="8124" tag="T">I must run</item>
  </tier>
  <tier id="p" type="phrases" content="c">
    <item id="p0" content="c1[0:26]"/>
  </tier>
  <tier id="g" type="glosses" content="c">
    <item id="g0" content="c2[0:29]" alignment="p1"/>
  </tier>
  <tier id="t" type="translations" content="c">
    <item id="t0" content="c3[0:10]" alignment="p1"/>
  </tier>
</igt>
<igt id="i27026">
  <metadata type="xigt-meta">
    <meta type="language" name="dari" iso-639-3="gbz" tiers="phrases words morphemes"/>
    <meta type="language" name="English" iso-639-3="eng" tiers="translations"/>
    <meta type="odin-source" doc-id="3861" line-range="8126-8128" line-types="L G T"/>
  </metadata>
  <tier id="o" type="odin-raw">
    <item id="o1" line="8126" tag="L">         b. (me) om-vevyust so</item>
    <item id="o2" line="8127" tag="G">             I     1sg-must:past go:past</item>
    <item id="o3" line="8128" tag="T">             `I had to go'</item>
  </tier>
  <tier id="c" type="odin-clean">
    <item id="c1" line="8126" tag="L">(me) om-vevyust so</item>
    <item id="c2" line="8127" tag="G">I     1sg-must:past go:past</item>
    <item id="c3" line="8128" tag="T">I had to go</item>
  </tier>
  <tier id="p" type="phrases" content="c">
    <item id="p0" content="c1[0:18]"/>
  </tier>
  <tier id="g" type="glosses" content="c">
    <item id="g0" content="c2[0:27]" alignment="p1"/>
  </tier>
  <tier id="t" type="translations" content="c">
    <item id="t0" content="c3[0:11]" alignment="p1"/>
  </tier>
</igt>
<igt id="i27027">
  <metadata type="xigt-meta">
    <meta type="language" name="dari" iso-639-3="gbz" tiers="phrases words morphemes"/>
    <meta type="language" name="English" iso-639-3="eng" tiers="translations"/>
    <meta type="odin-source" doc-id="3861" line-range="8181-8183" line-types="L G T"/>
  </metadata>
  <tier id="o" type="odin-raw">
    <item id="o1" line="8181" tag="L">         a. (me) mav           ves-e</item>
    <item id="o2" line="8182" tag="G">             I     want:pres:1 go:subj-1sg</item>
    <item id="o3" line="8183" tag="T">             `I want to go'</item>
  </tier>
  <tier id="c" type="odin-clean">
    <item id="c1" line="8181" tag="L">(me) mav           ves-e</item>
    <item id="c2" line="8182" tag="G">I     want:pres:1 go:subj-1sg</item>
    <item id="c3" line="8183" tag="T">I want to go</item>
  </tier>
  <tier id="p" type="phrases" content="c">
    <item id="p0" content="c1[0:24]"/>
  </tier>
  <tier id="g" type="glosses" content="c">
    <item id="g0" content="c2[0:29]" alignment="p1"/>
  </tier>
  <tier id="t" type="translations" content="c">
    <item id="t0" content="c3[0:12]" alignment="p1"/>
  </tier>
</igt>
<igt id="i27028">
  <metadata type="xigt-meta">
    <meta type="language" name="dari" iso-639-3="gbz" tiers="phrases words morphemes"/>
    <meta type="language" name="English" iso-639-3="eng" tiers="translations"/>
    <meta type="odin-source" doc-id="3861" line-range="8186-8188" line-types="L G T"/>
  </metadata>
  <tier id="o" type="odin-raw">
    <item id="o1" line="8186" tag="L">         b. (ta)       dav         ves-i</item>
    <item id="o2" line="8187" tag="G">             you(sg.) want:pres:2 go:subj-2sg</item>
    <item id="o3" line="8188" tag="T">             `you (sg.) want to go'</item>
  </tier>
  <tier id="c" type="odin-clean">
    <item id="c1" line="8186" tag="L">(ta)       dav         ves-i</item>
    <item id="c2" line="8187" tag="G">you(sg.) want:pres:2 go:subj-2sg</item>
    <item id="c3" line="8188" tag="T">you (sg.) want to go</item>
  </tier>
  <tier id="p" type="phrases" content="c">
    <item id="p0" content="c1[0:28]"/>
  </tier>
  <tier id="g" type="glosses" content="c">
    <item id="g0" content="c2[0:32]" alignment="p1"/>
  </tier>
  <tier id="t" type="translations" content="c">
    <item id="t0" content="c3[0:20]" alignment="p1"/>
  </tier>
</igt>
<igt id="i27029">
  <metadata type="xigt-meta">
    <meta type="language" name="dari" iso-639-3="gbz" tiers="phrases words morphemes"/>
    <meta type="language" name="English" iso-639-3="eng" tiers="translations"/>
    <meta type="odin-source" doc-id="3861" line-range="8190-8192" line-types="L G T"/>
  </metadata>
  <tier id="o" type="odin-raw">
    <item id="o1" line="8190" tag="L">         c. (in) sav          ves-a</item>
    <item id="o2" line="8191" tag="G">             s/he want:pres:3 go:subj-3sg</item>
    <item id="o3" line="8192" tag="T">             `he wants to go'</item>
  </tier>
  <tier id="c" type="odin-clean">
    <item id="c1" line="8190" tag="L">(in) sav          ves-a</item>
    <item id="c2" line="8191" tag="G">s/he want:pres:3 go:subj-3sg</item>
    <item id="c3" line="8192" tag="T">he wants to go</item>
  </tier>
  <tier id="p" type="phrases" content="c">
    <item id="p0" content="c1[0:23]"/>
  </tier>
  <tier id="g" type="glosses" content="c">
    <item id="g0" content="c2[0:28]" alignment="p1"/>
  </tier>
  <tier id="t" type="translations" content="c">
    <item id="t0" content="c3[0:14]" alignment="p1"/>
  </tier>
</igt>
<igt id="i27030">
  <metadata type="xigt-meta">
    <meta type="language" name="dari" iso-639-3="gbz" tiers="phrases words morphemes"/>
    <meta type="language" name="English" iso-639-3="eng" tiers="translations"/>
    <meta type="odin-source" doc-id="3861" line-range="8195-8197" line-types="L G T"/>
  </metadata>
  <tier id="o" type="odin-raw">
    <item id="o1" line="8195" tag="L">         d. (mu) mav           ves-im</item>
    <item id="o2" line="8196" tag="G">             we want:pres:1 go:subj-1pl</item>
    <item id="o3" line="8197" tag="T">             `we want to go'</item>
  </tier>
  <tier id="c" type="odin-clean">
    <item id="c1" line="8195" tag="L">(mu) mav           ves-im</item>
    <item id="c2" line="8196" tag="G">we want:pres:1 go:subj-1pl</item>
    <item id="c3" line="8197" tag="T">we want to go</item>
  </tier>
  <tier id="p" type="phrases" content="c">
    <item id="p0" content="c1[0:25]"/>
  </tier>
  <tier id="g" type="glosses" content="c">
    <item id="g0" content="c2[0:26]" alignment="p1"/>
  </tier>
  <tier id="t" type="translations" content="c">
    <item id="t0" content="c3[0:13]" alignment="p1"/>
  </tier>
</igt>
<igt id="i27031">
  <metadata type="xigt-meta">
    <meta type="language" name="dari" iso-639-3="gbz" tiers="phrases words morphemes"/>
    <meta type="language" name="English" iso-639-3="eng" tiers="translations"/>
    <meta type="odin-source" doc-id="3861" line-range="8204-8206" line-types="L G T"/>
  </metadata>
  <tier id="o" type="odin-raw">
    <item id="o1" line="8204" tag="L">         e. (smu) dav            ves-id</item>
    <item id="o2" line="8205" tag="G">            you(pl.) want:pres:2 go:subj-2pl</item>
    <item id="o3" line="8206" tag="T">            `you (pl.) want to go'</item>
  </tier>
  <tier id="c" type="odin-clean">
    <item id="c1" line="8204" tag="L">(smu) dav            ves-id</item>
    <item id="c2" line="8205" tag="G">you(pl.) want:pres:2 go:subj-2pl</item>
    <item id="c3" line="8206" tag="T">you (pl.) want to go</item>
  </tier>
  <tier id="p" type="phrases" content="c">
    <item id="p0" content="c1[0:27]"/>
  </tier>
  <tier id="g" type="glosses" content="c">
    <item id="g0" content="c2[0:32]" alignment="p1"/>
  </tier>
  <tier id="t" type="translations" content="c">
    <item id="t0" content="c3[0:20]" alignment="p1"/>
  </tier>
</igt>
<igt id="i27032">
  <metadata type="xigt-meta">
    <meta type="language" name="dari" iso-639-3="gbz" tiers="phrases words morphemes"/>
    <meta type="language" name="English" iso-639-3="eng" tiers="translations"/>
    <meta type="odin-source" doc-id="3861" line-range="8208-8210" line-types="L G T"/>
  </metadata>
  <tier id="o" type="odin-raw">
    <item id="o1" line="8208" tag="L">         f. (iye) sav         ves-en</item>
    <item id="o2" line="8209" tag="G">            they want:pres:3 go:subj-3pl</item>
    <item id="o3" line="8210" tag="T">            `they want to go'</item>
  </tier>
  <tier id="c" type="odin-clean">
    <item id="c1" line="8208" tag="L">(iye) sav         ves-en</item>
    <item id="c2" line="8209" tag="G">they want:pres:3 go:subj-3pl</item>
    <item id="c3" line="8210" tag="T">they want to go</item>
  </tier>
  <tier id="p" type="phrases" content="c">
    <item id="p0" content="c1[0:24]"/>
  </tier>
  <tier id="g" type="glosses" content="c">
    <item id="g0" content="c2[0:28]" alignment="p1"/>
  </tier>
  <tier id="t" type="translations" content="c">
    <item id="t0" content="c3[0:15]" alignment="p1"/>
  </tier>
</igt>
<igt id="i27033">
  <metadata type="xigt-meta">
    <meta type="language" name="dari" iso-639-3="gbz" tiers="phrases words morphemes"/>
    <meta type="language" name="English" iso-639-3="eng" tiers="translations"/>
    <meta type="odin-source" doc-id="3861" line-range="8214-8216" line-types="L G T"/>
  </metadata>
  <tier id="o" type="odin-raw">
    <item id="o1" line="8214" tag="L">           a. (me) ta-ra          mavyust bebin-e</item>
    <item id="o2" line="8215" tag="G">              I     you(sg.)-acc. want:past:1 see:subj-1sg</item>
    <item id="o3" line="8216" tag="T">              `I wanted to see you (sg.)'</item>
  </tier>
  <tier id="c" type="odin-clean">
    <item id="c1" line="8214" tag="L">(me) ta-ra          mavyust bebin-e</item>
    <item id="c2" line="8215" tag="G">I     you(sg.)-acc. want:past:1 see:subj-1sg</item>
    <item id="c3" line="8216" tag="T">I wanted to see you (sg.)</item>
  </tier>
  <tier id="p" type="phrases" content="c">
    <item id="p0" content="c1[0:35]"/>
  </tier>
  <tier id="g" type="glosses" content="c">
    <item id="g0" content="c2[0:44]" alignment="p1"/>
  </tier>
  <tier id="t" type="translations" content="c">
    <item id="t0" content="c3[0:25]" alignment="p1"/>
  </tier>
</igt>
<igt id="i27034">
  <metadata type="xigt-meta">
    <meta type="language" name="dari" iso-639-3="gbz" tiers="phrases words morphemes"/>
    <meta type="language" name="English" iso-639-3="eng" tiers="translations"/>
    <meta type="odin-source" doc-id="3861" line-range="8219-8221" line-types="L G T"/>
  </metadata>
  <tier id="o" type="odin-raw">
    <item id="o1" line="8219" tag="L">           b. (ta)      in-ra     davyust    bebin-i</item>
    <item id="o2" line="8220" tag="G">              you(sg.) s/he-acc. want:past:2 see:subj-2sg</item>
    <item id="o3" line="8221" tag="T">              `you (sg.) wanted to see him/her'</item>
  </tier>
  <tier id="c" type="odin-clean">
    <item id="c1" line="8219" tag="L">(ta)      in-ra     davyust    bebin-i</item>
    <item id="c2" line="8220" tag="G">you(sg.) s/he-acc. want:past:2 see:subj-2sg</item>
    <item id="c3" line="8221" tag="T">you (sg.) wanted to see him/her</item>
  </tier>
  <tier id="p" type="phrases" content="c">
    <item id="p0" content="c1[0:38]"/>
  </tier>
  <tier id="g" type="glosses" content="c">
    <item id="g0" content="c2[0:43]" alignment="p1"/>
  </tier>
  <tier id="t" type="translations" content="c">
    <item id="t0" content="c3[0:31]" alignment="p1"/>
  </tier>
</igt>
<igt id="i27035">
  <metadata type="xigt-meta">
    <meta type="language" name="dari" iso-639-3="gbz" tiers="phrases words morphemes"/>
    <meta type="language" name="English" iso-639-3="eng" tiers="translations"/>
    <meta type="odin-source" doc-id="3861" line-range="8223-8225" line-types="L G T"/>
  </metadata>
  <tier id="o" type="odin-raw">
    <item id="o1" line="8223" tag="L">           c. (in) mu-ra savyust        bebin-a</item>
    <item id="o2" line="8224" tag="G">              s/he we-acc. want:past:3 see:subj-3sg</item>
    <item id="o3" line="8225" tag="T">              `s/he wanted to see us'</item>
  </tier>
  <tier id="c" type="odin-clean">
    <item id="c1" line="8223" tag="L">(in) mu-ra savyust        bebin-a</item>
    <item id="c2" line="8224" tag="G">s/he we-acc. want:past:3 see:subj-3sg</item>
    <item id="c3" line="8225" tag="T">s/he wanted to see us</item>
  </tier>
  <tier id="p" type="phrases" content="c">
    <item id="p0" content="c1[0:33]"/>
  </tier>
  <tier id="g" type="glosses" content="c">
    <item id="g0" content="c2[0:37]" alignment="p1"/>
  </tier>
  <tier id="t" type="translations" content="c">
    <item id="t0" content="c3[0:21]" alignment="p1"/>
  </tier>
</igt>
<igt id="i27036">
  <metadata type="xigt-meta">
    <meta type="language" name="dari" iso-639-3="gbz" tiers="phrases words morphemes"/>
    <meta type="language" name="English" iso-639-3="eng" tiers="translations"/>
    <meta type="odin-source" doc-id="3861" line-range="8233-8235" line-types="L G T"/>
  </metadata>
  <tier id="o" type="odin-raw">
    <item id="o1" line="8233" tag="L">           a. (me) mav             ves-e</item>
    <item id="o2" line="8234" tag="G">               I     want:pres:1   go:subj-1sg</item>
    <item id="o3" line="8235" tag="T">               `I want to go'</item>
  </tier>
  <tier id="c" type="odin-clean">
    <item id="c1" line="8233" tag="L">(me) mav             ves-e</item>
    <item id="c2" line="8234" tag="G">I     want:pres:1   go:subj-1sg</item>
    <item id="c3" line="8235" tag="T">I want to go</item>
  </tier>
  <tier id="p" type="phrases" content="c">
    <item id="p0" content="c1[0:26]"/>
  </tier>
  <tier id="g" type="glosses" content="c">
    <item id="g0" content="c2[0:31]" alignment="p1"/>
  </tier>
  <tier id="t" type="translations" content="c">
    <item id="t0" content="c3[0:12]" alignment="p1"/>
  </tier>
</igt>
<igt id="i27037">
  <metadata type="xigt-meta">
    <meta type="language" name="dari" iso-639-3="gbz" tiers="phrases words morphemes"/>
    <meta type="language" name="English" iso-639-3="eng" tiers="translations"/>
    <meta type="odin-source" doc-id="3861" line-range="8237-8239" line-types="L G T"/>
  </metadata>
  <tier id="o" type="odin-raw">
    <item id="o1" line="8237" tag="L">           b. (me) mavyust         ves-e</item>
    <item id="o2" line="8238" tag="G">               I     want:past:1   go:subj-1sg</item>
    <item id="o3" line="8239" tag="T">               `I wanted to go'</item>
  </tier>
  <tier id="c" type="odin-clean">
    <item id="c1" line="8237" tag="L">(me) mavyust         ves-e</item>
    <item id="c2" line="8238" tag="G">I     want:past:1   go:subj-1sg</item>
    <item id="c3" line="8239" tag="T">I wanted to go</item>
  </tier>
  <tier id="p" type="phrases" content="c">
    <item id="p0" content="c1[0:26]"/>
  </tier>
  <tier id="g" type="glosses" content="c">
    <item id="g0" content="c2[0:31]" alignment="p1"/>
  </tier>
  <tier id="t" type="translations" content="c">
    <item id="t0" content="c3[0:14]" alignment="p1"/>
  </tier>
</igt>
<igt id="i27038">
  <metadata type="xigt-meta">
    <meta type="language" name="dari" iso-639-3="gbz" tiers="phrases words morphemes"/>
    <meta type="language" name="English" iso-639-3="eng" tiers="translations"/>
    <meta type="odin-source" doc-id="3861" line-range="8242-8244" line-types="L G T"/>
  </metadata>
  <tier id="o" type="odin-raw">
    <item id="o1" line="8242" tag="L">           a. (me) ta-ra          mav            bebin-e</item>
    <item id="o2" line="8243" tag="G">              I     you(sg.)-acc. want:pres:1    see:subj-1sg</item>
    <item id="o3" line="8244" tag="T">              `I want to see you (sg.)'</item>
  </tier>
  <tier id="c" type="odin-clean">
    <item id="c1" line="8242" tag="L">(me) ta-ra          mav            bebin-e</item>
    <item id="c2" line="8243" tag="G">I     you(sg.)-acc. want:pres:1    see:subj-1sg</item>
    <item id="c3" line="8244" tag="T">I want to see you (sg.)</item>
  </tier>
  <tier id="p" type="phrases" content="c">
    <item id="p0" content="c1[0:42]"/>
  </tier>
  <tier id="g" type="glosses" content="c">
    <item id="g0" content="c2[0:47]" alignment="p1"/>
  </tier>
  <tier id="t" type="translations" content="c">
    <item id="t0" content="c3[0:23]" alignment="p1"/>
  </tier>
</igt>
<igt id="i27039">
  <metadata type="xigt-meta">
    <meta type="language" name="dari" iso-639-3="gbz" tiers="phrases words morphemes"/>
    <meta type="language" name="English" iso-639-3="eng" tiers="translations"/>
    <meta type="odin-source" doc-id="3861" line-range="8246-8248" line-types="L G T"/>
  </metadata>
  <tier id="o" type="odin-raw">
    <item id="o1" line="8246" tag="L">           b. (me) ta-ra          mavyust        bebin-e</item>
    <item id="o2" line="8247" tag="G">              I     you(sg.)-acc. want:past:1    see:subj-1sg</item>
    <item id="o3" line="8248" tag="T">              `I wanted to see you (sg.)'</item>
  </tier>
  <tier id="c" type="odin-clean">
    <item id="c1" line="8246" tag="L">(me) ta-ra          mavyust        bebin-e</item>
    <item id="c2" line="8247" tag="G">I     you(sg.)-acc. want:past:1    see:subj-1sg</item>
    <item id="c3" line="8248" tag="T">I wanted to see you (sg.)</item>
  </tier>
  <tier id="p" type="phrases" content="c">
    <item id="p0" content="c1[0:42]"/>
  </tier>
  <tier id="g" type="glosses" content="c">
    <item id="g0" content="c2[0:47]" alignment="p1"/>
  </tier>
  <tier id="t" type="translations" content="c">
    <item id="t0" content="c3[0:25]" alignment="p1"/>
  </tier>
</igt>
<igt id="i27040">
  <metadata type="xigt-meta">
    <meta type="language" name="dari" iso-639-3="gbz" tiers="phrases words morphemes"/>
    <meta type="language" name="English" iso-639-3="eng" tiers="translations"/>
    <meta type="odin-source" doc-id="3861" line-range="8315-8319" line-types="L+CR L+CR G+CR G+CR T"/>
  </metadata>
  <tier id="o" type="odin-raw">
    <item id="o1" line="8315" tag="L+CR">                   ¯                      so</item>
    <item id="o2" line="8316" tag="L+CR">            a. (me) om-saste</item>
    <item id="o3" line="8317" tag="G+CR">                                          go:past</item>
    <item id="o4" line="8318" tag="G+CR">                I    1sg-can:past</item>
    <item id="o5" line="8319" tag="T">                `I was able to go'</item>
  </tier>
  <tier id="c" type="odin-clean">
    <item id="c1" line="8315" tag="L+CR">¯                      so</item>
    <item id="c3" line="8317 8318" tag="G+CR">I    1sg-can:past         go:past</item>
    <item id="c5" line="8319" tag="T">I was able to go</item>
  </tier>
  <tier id="p" type="phrases" content="c">
    <item id="p0" content="c1[0:25]"/>
  </tier>
  <tier id="g" type="glosses" content="c">
    <item id="g0" content="c3[0:33]" alignment="p1"/>
  </tier>
  <tier id="t" type="translations" content="c">
    <item id="t0" content="c5[0:16]" alignment="p1"/>
  </tier>
</igt>
<igt id="i27041">
  <metadata type="xigt-meta">
    <meta type="language" name="dari" iso-639-3="gbz" tiers="phrases words morphemes"/>
    <meta type="language" name="English" iso-639-3="eng" tiers="translations"/>
    <meta type="odin-source" doc-id="3861" line-range="8321-8323" line-types="L G T"/>
  </metadata>
  <tier id="o" type="odin-raw">
    <item id="o1" line="8321" tag="L">            b. (me) om-saste              did-i</item>
    <item id="o2" line="8322" tag="G">                I    1sg-can:past         see:past-2sg</item>
    <item id="o3" line="8323" tag="T">                `I was able to see        you'</item>
  </tier>
  <tier id="c" type="odin-clean">
    <item id="c1" line="8321" tag="L">(me) om-saste              did-i</item>
    <item id="c2" line="8322" tag="G">I    1sg-can:past         see:past-2sg</item>
    <item id="c3" line="8323" tag="T">I was able to see        you</item>
  </tier>
  <tier id="p" type="phrases" content="c">
    <item id="p0" content="c1[0:32]"/>
  </tier>
  <tier id="g" type="glosses" content="c">
    <item id="g0" content="c2[0:38]" alignment="p1"/>
  </tier>
  <tier id="t" type="translations" content="c">
    <item id="t0" content="c3[0:28]" alignment="p1"/>
  </tier>
</igt>
<igt id="i27042">
  <metadata type="xigt-meta">
    <meta type="language" name="dari" iso-639-3="gbz" tiers="phrases words morphemes"/>
    <meta type="language" name="English" iso-639-3="eng" tiers="translations"/>
    <meta type="odin-source" doc-id="3861" line-range="8332-8334" line-types="L G T"/>
  </metadata>
  <tier id="o" type="odin-raw">
    <item id="o1" line="8332" tag="L">            a. (me) sei        tom-e</item>
    <item id="o2" line="8333" tag="G">               I     can:pres. come:past-1sg</item>
    <item id="o3" line="8334" tag="T">               `I can come'</item>
  </tier>
  <tier id="c" type="odin-clean">
    <item id="c1" line="8332" tag="L">(me) sei        tom-e</item>
    <item id="c2" line="8333" tag="G">I     can:pres. come:past-1sg</item>
    <item id="c3" line="8334" tag="T">I can come</item>
  </tier>
  <tier id="p" type="phrases" content="c">
    <item id="p0" content="c1[0:21]"/>
  </tier>
  <tier id="g" type="glosses" content="c">
    <item id="g0" content="c2[0:29]" alignment="p1"/>
  </tier>
  <tier id="t" type="translations" content="c">
    <item id="t0" content="c3[0:10]" alignment="p1"/>
  </tier>
</igt>
<igt id="i27043">
  <metadata type="xigt-meta">
    <meta type="language" name="dari" iso-639-3="gbz" tiers="phrases words morphemes"/>
    <meta type="language" name="English" iso-639-3="eng" tiers="translations"/>
    <meta type="odin-source" doc-id="3861" line-range="8336-8338" line-types="L G T"/>
  </metadata>
  <tier id="o" type="odin-raw">
    <item id="o1" line="8336" tag="L">            b. (ta)     om sei        vot-i</item>
    <item id="o2" line="8337" tag="G">               you(sg.) me can:pres. say:past-2sg</item>
    <item id="o3" line="8338" tag="T">               `you can say (it) to me'</item>
  </tier>
  <tier id="c" type="odin-clean">
    <item id="c1" line="8336" tag="L">(ta)     om sei        vot-i</item>
    <item id="c2" line="8337" tag="G">you(sg.) me can:pres. say:past-2sg</item>
    <item id="c3" line="8338" tag="T">you can say (it) to me</item>
  </tier>
  <tier id="p" type="phrases" content="c">
    <item id="p0" content="c1[0:28]"/>
  </tier>
  <tier id="g" type="glosses" content="c">
    <item id="g0" content="c2[0:34]" alignment="p1"/>
  </tier>
  <tier id="t" type="translations" content="c">
    <item id="t0" content="c3[0:22]" alignment="p1"/>
  </tier>
</igt>
<igt id="i28914">
  <metadata type="xigt-meta">
    <meta type="language" name="dari" iso-639-3="gbz" tiers="phrases words morphemes"/>
    <meta type="language" name="English" iso-639-3="eng" tiers="translations"/>
    <meta type="odin-source" doc-id="2787" line-range="74-78" line-types="M+CN L+CR L+CR G T"/>
  </metadata>
  <tier id="o" type="odin-raw">
    <item id="o1" line="74" tag="M+CN">  (1)        Past</item>
    <item id="o2" line="75" tag="L+CR">             a. (m¯ d¯ u-e</item>
    <item id="o3" line="76" tag="L+CR">                      e) av¯</item>
    <item id="o4" line="77" tag="G">                  I     run:past-1sg</item>
    <item id="o5" line="78" tag="T">                  `I ran'</item>
  </tier>
  <tier id="c" type="odin-clean">
    <item id="c1" line="74" tag="M+CN">Past</item>
    <item id="c2" line="75" tag="L+CR">(m¯ d¯ u-e</item>
    <item id="c4" line="77" tag="G">I     run:past-1sg</item>
    <item id="c5" line="78" tag="T">I ran</item>
  </tier>
  <tier id="p" type="phrases" content="c">
    <item id="p0" content="c2[0:10]"/>
  </tier>
  <tier id="g" type="glosses" content="c">
    <item id="g0" content="c4[0:18]" alignment="p1"/>
  </tier>
  <tier id="t" type="translations" content="c">
    <item id="t0" content="c5[0:5]" alignment="p1"/>
  </tier>
</igt>
<igt id="i28915">
  <metadata type="xigt-meta">
    <meta type="language" name="dari" iso-639-3="gbz" tiers="phrases words morphemes"/>
    <meta type="language" name="English" iso-639-3="eng" tiers="translations"/>
    <meta type="odin-source" doc-id="2787" line-range="79-81" line-types="L G T"/>
  </metadata>
  <tier id="o" type="odin-raw">
    <item id="o1" line="79" tag="L">             b. (in) o e  s-di-</item>
    <item id="o2" line="80" tag="G">                  s/he 3sg-saw:past-1sg</item>
    <item id="o3" line="81" tag="T">                  `he saw me'</item>
  </tier>
  <tier id="c" type="odin-clean">
    <item id="c1" line="79" tag="L">(in) o e  s-di-</item>
    <item id="c2" line="80" tag="G">s/he 3sg-saw:past-1sg</item>
    <item id="c3" line="81" tag="T">he saw me</item>
  </tier>
  <tier id="p" type="phrases" content="c">
    <item id="p0" content="c1[0:15]"/>
  </tier>
  <tier id="g" type="glosses" content="c">
    <item id="g0" content="c2[0:21]" alignment="p1"/>
  </tier>
  <tier id="t" type="translations" content="c">
    <item id="t0" content="c3[0:9]" alignment="p1"/>
  </tier>
</igt>
<igt id="i28916">
  <metadata type="xigt-meta">
    <meta type="language" name="dari" iso-639-3="gbz" tiers="phrases words morphemes"/>
    <meta type="language" name="English" iso-639-3="eng" tiers="translations"/>
    <meta type="odin-source" doc-id="2787" line-range="82-86" line-types="M+CN L+CR L+CR G T"/>
  </metadata>
  <tier id="o" type="odin-raw">
    <item id="o1" line="82" tag="M+CN">  (2)        Nonpast</item>
    <item id="o2" line="83" tag="L+CR">             a. (m¯ d¯ e</item>
    <item id="o3" line="84" tag="L+CR">                    e) av-</item>
    <item id="o4" line="85" tag="G">                I      run:pres-1sg</item>
    <item id="o5" line="86" tag="T">                `I run'</item>
  </tier>
  <tier id="c" type="odin-clean">
    <item id="c1" line="82" tag="M+CN">Nonpast</item>
    <item id="c2" line="83" tag="L+CR">(m¯ d¯ e</item>
    <item id="c4" line="85" tag="G">I      run:pres-1sg</item>
    <item id="c5" line="86" tag="T">I run</item>
  </tier>
  <tier id="p" type="phrases" content="c">
    <item id="p0" content="c2[0:8]"/>
  </tier>
  <tier id="g" type="glosses" content="c">
    <item id="g0" content="c4[0:19]" alignment="p1"/>
  </tier>
  <tier id="t" type="translations" content="c">
    <item id="t0" content="c5[0:5]" alignment="p1"/>
  </tier>
</igt>
<igt id="i28917">
  <metadata type="xigt-meta">
    <meta type="language" name="dari" iso-639-3="gbz" tiers="phrases words morphemes"/>
    <meta type="language" name="English" iso-639-3="eng" tiers="translations"/>
    <meta type="odin-source" doc-id="2787" line-range="87-90" line-types="L+CR L+CR G T"/>
  </metadata>
  <tier id="o" type="odin-raw">
    <item id="o1" line="87" tag="L+CR">             b. (m¯ in-ra</item>
    <item id="o2" line="88" tag="L+CR">                    e)    ¯      bin-e</item>
    <item id="o3" line="89" tag="G">                I      s/he-acc. see:pres-1sg</item>
    <item id="o4" line="90" tag="T">                `I see him'</item>
  </tier>
  <tier id="c" type="odin-clean">
    <item id="c1" line="87" tag="L+CR">(m¯ in-ra</item>
    <item id="c3" line="89" tag="G">I      s/he-acc. see:pres-1sg</item>
    <item id="c4" line="90" tag="T">I see him</item>
  </tier>
  <tier id="p" type="phrases" content="c">
    <item id="p0" content="c1[0:9]"/>
  </tier>
  <tier id="g" type="glosses" content="c">
    <item id="g0" content="c3[0:29]" alignment="p1"/>
  </tier>
  <tier id="t" type="translations" content="c">
    <item id="t0" content="c4[0:9]" alignment="p1"/>
  </tier>
</igt>
<igt id="i28918">
  <metadata type="xigt-meta">
    <meta type="language" name="dari" iso-639-3="gbz" tiers="phrases words morphemes"/>
    <meta type="language" name="English" iso-639-3="eng" tiers="translations"/>
    <meta type="odin-source" doc-id="2787" line-range="119-122" line-types="L+CR L+CR G T"/>
  </metadata>
  <tier id="o" type="odin-raw">
    <item id="o1" line="119" tag="L+CR">  (4)     (m¯ om-di-i</item>
    <item id="o2" line="120" tag="L+CR">              e)</item>
    <item id="o3" line="121" tag="G">          I      1sg-see:past-2sg</item>
    <item id="o4" line="122" tag="T">          `I saw you (sg.)'</item>
  </tier>
  <tier id="c" type="odin-clean">
    <item id="c1" line="119" tag="L+CR">(m¯ om-di-i</item>
    <item id="c3" line="121" tag="G">I      1sg-see:past-2sg</item>
    <item id="c4" line="122" tag="T">I saw you (sg.)</item>
  </tier>
  <tier id="p" type="phrases" content="c">
    <item id="p0" content="c1[0:11]"/>
  </tier>
  <tier id="g" type="glosses" content="c">
    <item id="g0" content="c3[0:23]" alignment="p1"/>
  </tier>
  <tier id="t" type="translations" content="c">
    <item id="t0" content="c4[0:15]" alignment="p1"/>
  </tier>
</igt>
<igt id="i28919">
  <metadata type="xigt-meta">
    <meta type="language" name="dari" iso-639-3="gbz" tiers="phrases words morphemes"/>
    <meta type="language" name="English" iso-639-3="eng" tiers="translations"/>
    <meta type="odin-source" doc-id="2787" line-range="143-146" line-types="L+CR L+CR G T"/>
  </metadata>
  <tier id="o" type="odin-raw">
    <item id="o1" line="143" tag="L+CR">  (i)    (m¯ me-diz¯ i</item>
    <item id="o2" line="144" tag="L+CR">            e)        a-</item>
    <item id="o3" line="145" tag="G">         I     1sg-see:pres.pf-2sg</item>
    <item id="o4" line="146" tag="T">         `I have seen you (sg.)'</item>
  </tier>
  <tier id="c" type="odin-clean">
    <item id="c1" line="143" tag="L+CR">(m¯ me-diz¯ i</item>
    <item id="c3" line="145" tag="G">I     1sg-see:pres.pf-2sg</item>
    <item id="c4" line="146" tag="T">I have seen you (sg.)</item>
  </tier>
  <tier id="p" type="phrases" content="c">
    <item id="p0" content="c1[0:13]"/>
  </tier>
  <tier id="g" type="glosses" content="c">
    <item id="g0" content="c3[0:25]" alignment="p1"/>
  </tier>
  <tier id="t" type="translations" content="c">
    <item id="t0" content="c4[0:21]" alignment="p1"/>
  </tier>
</igt>
<igt id="i28920">
  <metadata type="xigt-meta">
    <meta type="language" name="dari" iso-639-3="gbz" tiers="phrases words morphemes"/>
    <meta type="language" name="English" iso-639-3="eng" tiers="translations"/>
    <meta type="odin-source" doc-id="2787" line-range="147-150" line-types="L+CR L+CR G T"/>
  </metadata>
  <tier id="o" type="odin-raw">
    <item id="o1" line="147" tag="L+CR">  (ii)   (m¯ me-diz¯ o-i</item>
    <item id="o2" line="148" tag="L+CR">            e)        ab</item>
    <item id="o3" line="149" tag="G">         I     1sg-see:past.pf-2sg</item>
    <item id="o4" line="150" tag="T">         `I had seen you (sg.)'</item>
  </tier>
  <tier id="c" type="odin-clean">
    <item id="c1" line="147" tag="L+CR">(m¯ me-diz¯ o-i</item>
    <item id="c3" line="149" tag="G">I     1sg-see:past.pf-2sg</item>
    <item id="c4" line="150" tag="T">I had seen you (sg.)</item>
  </tier>
  <tier id="p" type="phrases" content="c">
    <item id="p0" content="c1[0:15]"/>
  </tier>
  <tier id="g" type="glosses" content="c">
    <item id="g0" content="c3[0:25]" alignment="p1"/>
  </tier>
  <tier id="t" type="translations" content="c">
    <item id="t0" content="c4[0:20]" alignment="p1"/>
  </tier>
</igt>
<igt id="i28921">
  <metadata type="xigt-meta">
    <meta type="language" name="dari" iso-639-3="gbz" tiers="phrases words morphemes"/>
    <meta type="language" name="English" iso-639-3="eng" tiers="translations"/>
    <meta type="odin-source" doc-id="2787" line-range="173-177" line-types="M+CN L+CR L+CR G T"/>
  </metadata>
  <tier id="o" type="odin-raw">
    <item id="o1" line="173" tag="M+CN">  (6)     Transitive `Must'</item>
    <item id="o2" line="174" tag="L+CR">          a. (m¯ om-veo</item>
    <item id="o3" line="175" tag="L+CR">                 e)                di-i</item>
    <item id="o4" line="176" tag="G">              I     1sg-must:pres see:past-2sg</item>
    <item id="o5" line="177" tag="T">              `I must see you (sg.)'</item>
  </tier>
  <tier id="c" type="odin-clean">
    <item id="c1" line="173" tag="M+CN">Transitive `Must</item>
    <item id="c2" line="174" tag="L+CR">(m¯ om-veo</item>
    <item id="c4" line="176" tag="G">I     1sg-must:pres see:past-2sg</item>
    <item id="c5" line="177" tag="T">I must see you (sg.)</item>
  </tier>
  <tier id="p" type="phrases" content="c">
    <item id="p0" content="c2[0:10]"/>
  </tier>
  <tier id="g" type="glosses" content="c">
    <item id="g0" content="c4[0:32]" alignment="p1"/>
  </tier>
  <tier id="t" type="translations" content="c">
    <item id="t0" content="c5[0:20]" alignment="p1"/>
  </tier>
</igt>
<igt id="i28922">
  <metadata type="xigt-meta">
    <meta type="language" name="dari" iso-639-3="gbz" tiers="phrases words morphemes"/>
    <meta type="language" name="English" iso-639-3="eng" tiers="translations"/>
    <meta type="odin-source" doc-id="2787" line-range="178-181" line-types="L+CR L+CR G T"/>
  </metadata>
  <tier id="o" type="odin-raw">
    <item id="o1" line="178" tag="L+CR">          b. (m¯ om-vevyust di-i</item>
    <item id="o2" line="179" tag="L+CR">                 e)</item>
    <item id="o3" line="180" tag="G">              I     1sg-must:past see:past-2sg</item>
    <item id="o4" line="181" tag="T">              `I had to see you (sg.)'</item>
  </tier>
  <tier id="c" type="odin-clean">
    <item id="c1" line="178" tag="L+CR">(m¯ om-vevyust di-i</item>
    <item id="c3" line="180" tag="G">I     1sg-must:past see:past-2sg</item>
    <item id="c4" line="181" tag="T">I had to see you (sg.)</item>
  </tier>
  <tier id="p" type="phrases" content="c">
    <item id="p0" content="c1[0:19]"/>
  </tier>
  <tier id="g" type="glosses" content="c">
    <item id="g0" content="c3[0:32]" alignment="p1"/>
  </tier>
  <tier id="t" type="translations" content="c">
    <item id="t0" content="c4[0:22]" alignment="p1"/>
  </tier>
</igt>
<igt id="i28923">
  <metadata type="xigt-meta">
    <meta type="language" name="dari" iso-639-3="gbz" tiers="phrases words morphemes"/>
    <meta type="language" name="English" iso-639-3="eng" tiers="translations"/>
    <meta type="odin-source" doc-id="2787" line-range="189-193" line-types="L+CR L+CR L+CR G T"/>
  </metadata>
  <tier id="o" type="odin-raw">
    <item id="o1" line="189" tag="L+CR">  (i)     (m¯ m¯</item>
    <item id="o2" line="190" tag="L+CR">             e) av           ke in kz¯ om bebin-¯</item>
    <item id="o3" line="191" tag="L+CR">                                       a-           a</item>
    <item id="o4" line="192" tag="G">          1sg want:pres:1sg that 3sg house-my see:sub j-3sg</item>
    <item id="o5" line="193" tag="T">          `I want him to see my house'</item>
  </tier>
  <tier id="c" type="odin-clean">
    <item id="c1" line="189 191" tag="L+CR">(m¯ m¯                     a-a</item>
    <item id="c4" line="192" tag="G">1sg want:pres:1sg that 3sg house-my see:sub j-3sg</item>
    <item id="c5" line="193" tag="T">I want him to see my house</item>
  </tier>
  <tier id="p" type="phrases" content="c">
    <item id="p0" content="c1[0:30]"/>
  </tier>
  <tier id="g" type="glosses" content="c">
    <item id="g0" content="c4[0:49]" alignment="p1"/>
  </tier>
  <tier id="t" type="translations" content="c">
    <item id="t0" content="c5[0:26]" alignment="p1"/>
  </tier>
</igt>
<igt id="i28924">
  <metadata type="xigt-meta">
    <meta type="language" name="dari" iso-639-3="gbz" tiers="phrases words morphemes"/>
    <meta type="language" name="English" iso-639-3="eng" tiers="translations"/>
    <meta type="odin-source" doc-id="2787" line-range="201-205" line-types="L+CR L+CR L+CR G T"/>
  </metadata>
  <tier id="o" type="odin-raw">
    <item id="o1" line="201" tag="L+CR">  (ii)   *(m¯ m¯</item>
    <item id="o2" line="202" tag="L+CR">             e) av           ke kz¯ om bebin-e</item>
    <item id="o3" line="203" tag="L+CR">                                   a-</item>
    <item id="o4" line="204" tag="G">          1sg want:pres:1sg that house-my see:sub j-1sg</item>
    <item id="o5" line="205" tag="T">          `I want to see my house'</item>
  </tier>
  <tier id="c" type="odin-clean">
    <item id="c1" line="201 203" tag="L+CR">*(m¯ m¯                 a-</item>
    <item id="c4" line="204" tag="G">1sg want:pres:1sg that house-my see:sub j-1sg</item>
    <item id="c5" line="205" tag="T">I want to see my house</item>
  </tier>
  <tier id="p" type="phrases" content="c">
    <item id="p0" content="c1[0:26]"/>
  </tier>
  <tier id="g" type="glosses" content="c">
    <item id="g0" content="c4[0:45]" alignment="p1"/>
  </tier>
  <tier id="t" type="translations" content="c">
    <item id="t0" content="c5[0:22]" alignment="p1"/>
  </tier>
</igt>
<igt id="i28925">
  <metadata type="xigt-meta">
    <meta type="language" name="dari" iso-639-3="gbz" tiers="phrases words morphemes"/>
    <meta type="language" name="English" iso-639-3="eng" tiers="translations"/>
    <meta type="odin-source" doc-id="2787" line-range="228-233" line-types="M+CN L+CR L+CR L+CR G T"/>
  </metadata>
  <tier id="o" type="odin-raw">
    <item id="o1" line="228" tag="M+CN">  (7)    Intransitive `Must'</item>
    <item id="o2" line="229" tag="L+CR">         a. (m¯ om-veo</item>
    <item id="o3" line="230" tag="L+CR">                 e)                  d¯</item>
    <item id="o4" line="231" tag="L+CR">                                      avu</item>
    <item id="o5" line="232" tag="G">              I     1sg-must:pres.   run:past</item>
    <item id="o6" line="233" tag="T">              `I must run'</item>
  </tier>
  <tier id="c" type="odin-clean">
    <item id="c1" line="228" tag="M+CN">Intransitive `Must</item>
    <item id="c2" line="229 231" tag="L+CR">(m¯ om-veo               avu</item>
    <item id="c5" line="232" tag="G">I     1sg-must:pres.   run:past</item>
    <item id="c6" line="233" tag="T">I must run</item>
  </tier>
  <tier id="p" type="phrases" content="c">
    <item id="p0" content="c2[0:28]"/>
  </tier>
  <tier id="g" type="glosses" content="c">
    <item id="g0" content="c5[0:31]" alignment="p1"/>
  </tier>
  <tier id="t" type="translations" content="c">
    <item id="t0" content="c6[0:10]" alignment="p1"/>
  </tier>
</igt>
<igt id="i28926">
  <metadata type="xigt-meta">
    <meta type="language" name="dari" iso-639-3="gbz" tiers="phrases words morphemes"/>
    <meta type="language" name="English" iso-639-3="eng" tiers="translations"/>
    <meta type="odin-source" doc-id="2787" line-range="234-237" line-types="L+CR L+CR G T"/>
  </metadata>
  <tier id="o" type="odin-raw">
    <item id="o1" line="234" tag="L+CR">         b. (m¯ om-vevyust</item>
    <item id="o2" line="235" tag="L+CR">                 e)                  so</item>
    <item id="o3" line="236" tag="G">              I     1sg-must:past    go:past</item>
    <item id="o4" line="237" tag="T">              `I had to go'</item>
  </tier>
  <tier id="c" type="odin-clean">
    <item id="c1" line="234" tag="L+CR">(m¯ om-vevyust</item>
    <item id="c3" line="236" tag="G">I     1sg-must:past    go:past</item>
    <item id="c4" line="237" tag="T">I had to go</item>
  </tier>
  <tier id="p" type="phrases" content="c">
    <item id="p0" content="c1[0:14]"/>
  </tier>
  <tier id="g" type="glosses" content="c">
    <item id="g0" content="c3[0:30]" alignment="p1"/>
  </tier>
  <tier id="t" type="translations" content="c">
    <item id="t0" content="c4[0:11]" alignment="p1"/>
  </tier>
</igt>
<igt id="i28927">
  <metadata type="xigt-meta">
    <meta type="language" name="dari" iso-639-3="gbz" tiers="phrases words morphemes"/>
    <meta type="language" name="English" iso-639-3="eng" tiers="translations"/>
    <meta type="odin-source" doc-id="2787" line-range="279-282" line-types="M+CN L G T"/>
  </metadata>
  <tier id="o" type="odin-raw">
    <item id="o1" line="279" tag="M+CN">  (9)    Intransitive Nonpast `Want'</item>
    <item id="o2" line="280" tag="L">         a. (m¯ m¯e) av          ves-e</item>
    <item id="o3" line="281" tag="G">              I      want:pres:1 go:sub j-1sg</item>
    <item id="o4" line="282" tag="T">              `I want to go'</item>
  </tier>
  <tier id="c" type="odin-clean">
    <item id="c1" line="279" tag="M+CN">Intransitive Nonpast `Want</item>
    <item id="c2" line="280" tag="L">(m¯ m¯e) av          ves-e</item>
    <item id="c3" line="281" tag="G">I      want:pres:1 go:sub j-1sg</item>
    <item id="c4" line="282" tag="T">I want to go</item>
  </tier>
  <tier id="p" type="phrases" content="c">
    <item id="p0" content="c2[0:26]"/>
  </tier>
  <tier id="g" type="glosses" content="c">
    <item id="g0" content="c3[0:31]" alignment="p1"/>
  </tier>
  <tier id="t" type="translations" content="c">
    <item id="t0" content="c4[0:12]" alignment="p1"/>
  </tier>
</igt>
<igt id="i28928">
  <metadata type="xigt-meta">
    <meta type="language" name="dari" iso-639-3="gbz" tiers="phrases words morphemes"/>
    <meta type="language" name="English" iso-639-3="eng" tiers="translations"/>
    <meta type="odin-source" doc-id="2787" line-range="283-286" line-types="L+CR L+CR G T"/>
  </metadata>
  <tier id="o" type="odin-raw">
    <item id="o1" line="283" tag="L+CR">         b. (t¯  a)      d¯</item>
    <item id="o2" line="284" tag="L+CR">                          av         ve s-i</item>
    <item id="o3" line="285" tag="G">              you(sg.) want:pres:2 go:sub j-2sg</item>
    <item id="o4" line="286" tag="T">              `you (sg.) want to go'</item>
  </tier>
  <tier id="c" type="odin-clean">
    <item id="c1" line="283" tag="L+CR">(t¯  a)      d¯</item>
    <item id="c3" line="285" tag="G">you(sg.) want:pres:2 go:sub j-2sg</item>
    <item id="c4" line="286" tag="T">you (sg.) want to go</item>
  </tier>
  <tier id="p" type="phrases" content="c">
    <item id="p0" content="c1[0:15]"/>
  </tier>
  <tier id="g" type="glosses" content="c">
    <item id="g0" content="c3[0:33]" alignment="p1"/>
  </tier>
  <tier id="t" type="translations" content="c">
    <item id="t0" content="c4[0:20]" alignment="p1"/>
  </tier>
</igt>
<igt id="i28929">
  <metadata type="xigt-meta">
    <meta type="language" name="dari" iso-639-3="gbz" tiers="phrases words morphemes"/>
    <meta type="language" name="English" iso-639-3="eng" tiers="translations"/>
    <meta type="odin-source" doc-id="2787" line-range="287-290" line-types="L+CR L+CR G T"/>
  </metadata>
  <tier id="o" type="odin-raw">
    <item id="o1" line="287" tag="L+CR">         c. (in) av  s¯         ve a</item>
    <item id="o2" line="288" tag="L+CR">                                   s-¯</item>
    <item id="o3" line="289" tag="G">              s/he want:pres:3 go:sub j-3sg</item>
    <item id="o4" line="290" tag="T">              `he wants to go'</item>
  </tier>
  <tier id="c" type="odin-clean">
    <item id="c1" line="287" tag="L+CR">(in) av  s¯         ve a</item>
    <item id="c3" line="289" tag="G">s/he want:pres:3 go:sub j-3sg</item>
    <item id="c4" line="290" tag="T">he wants to go</item>
  </tier>
  <tier id="p" type="phrases" content="c">
    <item id="p0" content="c1[0:24]"/>
  </tier>
  <tier id="g" type="glosses" content="c">
    <item id="g0" content="c3[0:29]" alignment="p1"/>
  </tier>
  <tier id="t" type="translations" content="c">
    <item id="t0" content="c4[0:14]" alignment="p1"/>
  </tier>
</igt>
<igt id="i28930">
  <metadata type="xigt-meta">
    <meta type="language" name="dari" iso-639-3="gbz" tiers="phrases words morphemes"/>
    <meta type="language" name="English" iso-639-3="eng" tiers="translations"/>
    <meta type="odin-source" doc-id="2787" line-range="291-294" line-types="L+CR L+CR G T"/>
  </metadata>
  <tier id="o" type="odin-raw">
    <item id="o1" line="291" tag="L+CR">         d. (mu) m¯</item>
    <item id="o2" line="292" tag="L+CR">                  ¯     av       ve s-im</item>
    <item id="o3" line="293" tag="G">              we want:pres:1 go:sub j-1pl</item>
    <item id="o4" line="294" tag="T">              `we want to go'</item>
  </tier>
  <tier id="c" type="odin-clean">
    <item id="c1" line="291" tag="L+CR">(mu) m¯</item>
    <item id="c3" line="293" tag="G">we want:pres:1 go:sub j-1pl</item>
    <item id="c4" line="294" tag="T">we want to go</item>
  </tier>
  <tier id="p" type="phrases" content="c">
    <item id="p0" content="c1[0:7]"/>
  </tier>
  <tier id="g" type="glosses" content="c">
    <item id="g0" content="c3[0:27]" alignment="p1"/>
  </tier>
  <tier id="t" type="translations" content="c">
    <item id="t0" content="c4[0:13]" alignment="p1"/>
  </tier>
</igt>
<igt id="i28931">
  <metadata type="xigt-meta">
    <meta type="language" name="dari" iso-639-3="gbz" tiers="phrases words morphemes"/>
    <meta type="language" name="English" iso-639-3="eng" tiers="translations"/>
    <meta type="odin-source" doc-id="2787" line-range="295-298" line-types="L+CR L+CR G T"/>
  </metadata>
  <tier id="o" type="odin-raw">
    <item id="o1" line="295" tag="L+CR">         e. ( u) d¯</item>
    <item id="o2" line="296" tag="L+CR">                sm¯       av         ves-id</item>
    <item id="o3" line="297" tag="G">              you(pl.) want:pres:2 go:sub j-2pl</item>
    <item id="o4" line="298" tag="T">              `you (pl.) want to go'</item>
  </tier>
  <tier id="c" type="odin-clean">
    <item id="c1" line="295" tag="L+CR">( u) d¯</item>
    <item id="c3" line="297" tag="G">you(pl.) want:pres:2 go:sub j-2pl</item>
    <item id="c4" line="298" tag="T">you (pl.) want to go</item>
  </tier>
  <tier id="p" type="phrases" content="c">
    <item id="p0" content="c1[0:7]"/>
  </tier>
  <tier id="g" type="glosses" content="c">
    <item id="g0" content="c3[0:33]" alignment="p1"/>
  </tier>
  <tier id="t" type="translations" content="c">
    <item id="t0" content="c4[0:20]" alignment="p1"/>
  </tier>
</igt>
<igt id="i28932">
  <metadata type="xigt-meta">
    <meta type="language" name="dari" iso-639-3="gbz" tiers="phrases words morphemes"/>
    <meta type="language" name="English" iso-639-3="eng" tiers="translations"/>
    <meta type="odin-source" doc-id="2787" line-range="299-303" line-types="L+CR L+CR L+CR G T"/>
  </metadata>
  <tier id="o" type="odin-raw">
    <item id="o1" line="299" tag="L+CR">         f. (iy¯ av</item>
    <item id="o2" line="300" tag="L+CR">                  e) s¯          ve ¯</item>
    <item id="o3" line="301" tag="L+CR">                                   s-en</item>
    <item id="o4" line="302" tag="G">              they want:pres:3 go:sub j-3pl</item>
    <item id="o5" line="303" tag="T">              `they want to go'</item>
  </tier>
  <tier id="c" type="odin-clean">
    <item id="c1" line="299 301" tag="L+CR">(iy¯ av               s-en</item>
    <item id="c4" line="302" tag="G">they want:pres:3 go:sub j-3pl</item>
    <item id="c5" line="303" tag="T">they want to go</item>
  </tier>
  <tier id="p" type="phrases" content="c">
    <item id="p0" content="c1[0:26]"/>
  </tier>
  <tier id="g" type="glosses" content="c">
    <item id="g0" content="c4[0:29]" alignment="p1"/>
  </tier>
  <tier id="t" type="translations" content="c">
    <item id="t0" content="c5[0:15]" alignment="p1"/>
  </tier>
</igt>
<igt id="i28933">
  <metadata type="xigt-meta">
    <meta type="language" name="dari" iso-639-3="gbz" tiers="phrases words morphemes"/>
    <meta type="language" name="English" iso-639-3="eng" tiers="translations"/>
    <meta type="odin-source" doc-id="2787" line-range="304-308" line-types="M+CN L+CR L+CR G T"/>
  </metadata>
  <tier id="o" type="odin-raw">
    <item id="o1" line="304" tag="M+CN">  (10)    Transitive Past `Want'</item>
    <item id="o2" line="305" tag="L+CR">          a. (m¯ t¯ a</item>
    <item id="o3" line="306" tag="L+CR">                 e) a-r¯          m¯avyust bebin-e</item>
    <item id="o4" line="307" tag="G">              I     you(sg.)-acc. want:past:1 see:sub j-1sg</item>
    <item id="o5" line="308" tag="T">              `I wanted to see you (sg.)'</item>
  </tier>
  <tier id="c" type="odin-clean">
    <item id="c1" line="304" tag="M+CN">Transitive Past `Want</item>
    <item id="c2" line="305" tag="L+CR">(m¯ t¯ a</item>
    <item id="c4" line="307" tag="G">I     you(sg.)-acc. want:past:1 see:sub j-1sg</item>
    <item id="c5" line="308" tag="T">I wanted to see you (sg.)</item>
  </tier>
  <tier id="p" type="phrases" content="c">
    <item id="p0" content="c2[0:8]"/>
  </tier>
  <tier id="g" type="glosses" content="c">
    <item id="g0" content="c4[0:45]" alignment="p1"/>
  </tier>
  <tier id="t" type="translations" content="c">
    <item id="t0" content="c5[0:25]" alignment="p1"/>
  </tier>
</igt>
<igt id="i28934">
  <metadata type="xigt-meta">
    <meta type="language" name="dari" iso-639-3="gbz" tiers="phrases words morphemes"/>
    <meta type="language" name="English" iso-639-3="eng" tiers="translations"/>
    <meta type="odin-source" doc-id="2787" line-range="309-313" line-types="L+CR L+CR L+CR G T"/>
  </metadata>
  <tier id="o" type="odin-raw">
    <item id="o1" line="309" tag="L+CR">          b. (t¯a)      in-ra</item>
    <item id="o2" line="310" tag="L+CR">                            ¯     d¯</item>
    <item id="o3" line="311" tag="L+CR">                                   avyust bebin-i</item>
    <item id="o4" line="312" tag="G">              you(sg.) s/he-acc. want:past:2 see:sub j-2sg</item>
    <item id="o5" line="313" tag="T">              `you (sg.) wanted to see him/her'</item>
  </tier>
  <tier id="c" type="odin-clean">
    <item id="c1" line="309 311" tag="L+CR">(t¯a)      in-ra     avyust bebin-i</item>
    <item id="c4" line="312" tag="G">you(sg.) s/he-acc. want:past:2 see:sub j-2sg</item>
    <item id="c5" line="313" tag="T">you (sg.) wanted to see him/her</item>
  </tier>
  <tier id="p" type="phrases" content="c">
    <item id="p0" content="c1[0:35]"/>
  </tier>
  <tier id="g" type="glosses" content="c">
    <item id="g0" content="c4[0:44]" alignment="p1"/>
  </tier>
  <tier id="t" type="translations" content="c">
    <item id="t0" content="c5[0:31]" alignment="p1"/>
  </tier>
</igt>
<igt id="i28935">
  <metadata type="xigt-meta">
    <meta type="language" name="dari" iso-639-3="gbz" tiers="phrases words morphemes"/>
    <meta type="language" name="English" iso-639-3="eng" tiers="translations"/>
    <meta type="odin-source" doc-id="2787" line-range="314-317" line-types="L+CR L+CR G T"/>
  </metadata>
  <tier id="o" type="odin-raw">
    <item id="o1" line="314" tag="L+CR">          c. (in) m¯ ra avyust</item>
    <item id="o2" line="315" tag="L+CR">                      u- ¯ s¯           bebin-a¯</item>
    <item id="o3" line="316" tag="G">              s/he we-acc. want:past:3 see:sub j-3sg</item>
    <item id="o4" line="317" tag="T">              `s/he wanted to see us'</item>
  </tier>
  <tier id="c" type="odin-clean">
    <item id="c1" line="314" tag="L+CR">(in) m¯ ra avyust</item>
    <item id="c3" line="316" tag="G">s/he we-acc. want:past:3 see:sub j-3sg</item>
    <item id="c4" line="317" tag="T">s/he wanted to see us</item>
  </tier>
  <tier id="p" type="phrases" content="c">
    <item id="p0" content="c1[0:17]"/>
  </tier>
  <tier id="g" type="glosses" content="c">
    <item id="g0" content="c3[0:38]" alignment="p1"/>
  </tier>
  <tier id="t" type="translations" content="c">
    <item id="t0" content="c4[0:21]" alignment="p1"/>
  </tier>
</igt>
<igt id="i28936">
  <metadata type="xigt-meta">
    <meta type="language" name="dari" iso-639-3="gbz" tiers="phrases words morphemes"/>
    <meta type="language" name="English" iso-639-3="eng" tiers="translations"/>
    <meta type="odin-source" doc-id="2787" line-range="327-332" line-types="M+CN L+CR L+CR L+CR G T"/>
  </metadata>
  <tier id="o" type="odin-raw">
    <item id="o1" line="327" tag="M+CN">  (11)     Intransitive `Want'</item>
    <item id="o2" line="328" tag="L+CR">           a. (m¯ m¯</item>
    <item id="o3" line="329" tag="L+CR">                   e) av             ve e</item>
    <item id="o4" line="330" tag="L+CR">                                       s-</item>
    <item id="o5" line="331" tag="G">                I     want:pres:1    go:sub j-1sg</item>
    <item id="o6" line="332" tag="T">                `I want to go'</item>
  </tier>
  <tier id="c" type="odin-clean">
    <item id="c1" line="327" tag="M+CN">Intransitive `Want</item>
    <item id="c2" line="328 330" tag="L+CR">(m¯ m¯                 s-</item>
    <item id="c5" line="331" tag="G">I     want:pres:1    go:sub j-1sg</item>
    <item id="c6" line="332" tag="T">I want to go</item>
  </tier>
  <tier id="p" type="phrases" content="c">
    <item id="p0" content="c2[0:25]"/>
  </tier>
  <tier id="g" type="glosses" content="c">
    <item id="g0" content="c5[0:33]" alignment="p1"/>
  </tier>
  <tier id="t" type="translations" content="c">
    <item id="t0" content="c6[0:12]" alignment="p1"/>
  </tier>
</igt>
<igt id="i28937">
  <metadata type="xigt-meta">
    <meta type="language" name="dari" iso-639-3="gbz" tiers="phrases words morphemes"/>
    <meta type="language" name="English" iso-639-3="eng" tiers="translations"/>
    <meta type="odin-source" doc-id="2787" line-range="333-337" line-types="L+CR L+CR L+CR G T"/>
  </metadata>
  <tier id="o" type="odin-raw">
    <item id="o1" line="333" tag="L+CR">           b. (m¯ m¯</item>
    <item id="o2" line="334" tag="L+CR">                   e) avyust         ve e</item>
    <item id="o3" line="335" tag="L+CR">                                       s-</item>
    <item id="o4" line="336" tag="G">                I     want:past:1    go:sub j-1sg</item>
    <item id="o5" line="337" tag="T">                `I wanted to go'</item>
  </tier>
  <tier id="c" type="odin-clean">
    <item id="c1" line="333 335" tag="L+CR">(m¯ m¯                 s-</item>
    <item id="c4" line="336" tag="G">I     want:past:1    go:sub j-1sg</item>
    <item id="c5" line="337" tag="T">I wanted to go</item>
  </tier>
  <tier id="p" type="phrases" content="c">
    <item id="p0" content="c1[0:25]"/>
  </tier>
  <tier id="g" type="glosses" content="c">
    <item id="g0" content="c4[0:33]" alignment="p1"/>
  </tier>
  <tier id="t" type="translations" content="c">
    <item id="t0" content="c5[0:14]" alignment="p1"/>
  </tier>
</igt>
<igt id="i28938">
  <metadata type="xigt-meta">
    <meta type="language" name="dari" iso-639-3="gbz" tiers="phrases words morphemes"/>
    <meta type="language" name="English" iso-639-3="eng" tiers="translations"/>
    <meta type="odin-source" doc-id="2787" line-range="338-343" line-types="M+CN L+CR L+CR L+CR G T"/>
  </metadata>
  <tier id="o" type="odin-raw">
    <item id="o1" line="338" tag="M+CN">  (12)     Transitive `Want'</item>
    <item id="o2" line="339" tag="L+CR">           a. (m¯ t¯ a</item>
    <item id="o3" line="340" tag="L+CR">                  e) a-r¯          m¯</item>
    <item id="o4" line="341" tag="L+CR">                                    av               bebin-e</item>
    <item id="o5" line="342" tag="G">               I     you(sg.)-acc. want:pres:1       see:sub j-1sg</item>
    <item id="o6" line="343" tag="T">               `I want to see you (sg.)'</item>
  </tier>
  <tier id="c" type="odin-clean">
    <item id="c1" line="338" tag="M+CN">Transitive `Want</item>
    <item id="c2" line="339 341" tag="L+CR">(m¯ t¯ a            av               bebin-e</item>
    <item id="c5" line="342" tag="G">I     you(sg.)-acc. want:pres:1       see:sub j-1sg</item>
    <item id="c6" line="343" tag="T">I want to see you (sg.)</item>
  </tier>
  <tier id="p" type="phrases" content="c">
    <item id="p0" content="c2[0:44]"/>
  </tier>
  <tier id="g" type="glosses" content="c">
    <item id="g0" content="c5[0:51]" alignment="p1"/>
  </tier>
  <tier id="t" type="translations" content="c">
    <item id="t0" content="c6[0:23]" alignment="p1"/>
  </tier>
</igt>
<igt id="i28939">
  <metadata type="xigt-meta">
    <meta type="language" name="dari" iso-639-3="gbz" tiers="phrases words morphemes"/>
    <meta type="language" name="English" iso-639-3="eng" tiers="translations"/>
    <meta type="odin-source" doc-id="2787" line-range="344-348" line-types="L+CR L+CR L+CR G T"/>
  </metadata>
  <tier id="o" type="odin-raw">
    <item id="o1" line="344" tag="L+CR">           b. (m¯ t¯ a</item>
    <item id="o2" line="345" tag="L+CR">                  e) a-r¯          m¯</item>
    <item id="o3" line="346" tag="L+CR">                                    avyust           bebin-e</item>
    <item id="o4" line="347" tag="G">               I     you(sg.)-acc. want:past:1       see:sub j-1sg</item>
    <item id="o5" line="348" tag="T">               `I wanted to see you (sg.)'</item>
  </tier>
  <tier id="c" type="odin-clean">
    <item id="c1" line="344 346" tag="L+CR">(m¯ t¯ a            avyust           bebin-e</item>
    <item id="c4" line="347" tag="G">I     you(sg.)-acc. want:past:1       see:sub j-1sg</item>
    <item id="c5" line="348" tag="T">I wanted to see you (sg.)</item>
  </tier>
  <tier id="p" type="phrases" content="c">
    <item id="p0" content="c1[0:44]"/>
  </tier>
  <tier id="g" type="glosses" content="c">
    <item id="g0" content="c4[0:51]" alignment="p1"/>
  </tier>
  <tier id="t" type="translations" content="c">
    <item id="t0" content="c5[0:25]" alignment="p1"/>
  </tier>
</igt>
<igt id="i28940">
  <metadata type="xigt-meta">
    <meta type="language" name="dari" iso-639-3="gbz" tiers="phrases words morphemes"/>
    <meta type="language" name="English" iso-639-3="eng" tiers="translations"/>
    <meta type="odin-source" doc-id="2787" line-range="398-402" line-types="M+CN L+CR L+CR G T"/>
  </metadata>
  <tier id="o" type="odin-raw">
    <item id="o1" line="398" tag="M+CN">  (15)    Past `Can'</item>
    <item id="o2" line="399" tag="L+CR">          a. (m¯ om-  e</item>
    <item id="o3" line="400" tag="L+CR">                 e)     sast      so</item>
    <item id="o4" line="401" tag="G">              I     1sg-can:past go:past</item>
    <item id="o5" line="402" tag="T">              `I was able to go'</item>
  </tier>
  <tier id="c" type="odin-clean">
    <item id="c1" line="398" tag="M+CN">Past `Can</item>
    <item id="c2" line="399" tag="L+CR">(m¯ om-e</item>
    <item id="c4" line="401" tag="G">I     1sg-can:past go:past</item>
    <item id="c5" line="402" tag="T">I was able to go</item>
  </tier>
  <tier id="p" type="phrases" content="c">
    <item id="p0" content="c2[0:8]"/>
  </tier>
  <tier id="g" type="glosses" content="c">
    <item id="g0" content="c4[0:26]" alignment="p1"/>
  </tier>
  <tier id="t" type="translations" content="c">
    <item id="t0" content="c5[0:16]" alignment="p1"/>
  </tier>
</igt>
<igt id="i28941">
  <metadata type="xigt-meta">
    <meta type="language" name="dari" iso-639-3="gbz" tiers="phrases words morphemes"/>
    <meta type="language" name="English" iso-639-3="eng" tiers="translations"/>
    <meta type="odin-source" doc-id="2787" line-range="403-406" line-types="L+CR L+CR G T"/>
  </metadata>
  <tier id="o" type="odin-raw">
    <item id="o1" line="403" tag="L+CR">          b. (m¯ om-  e</item>
    <item id="o2" line="404" tag="L+CR">                 e)     sast      did-i</item>
    <item id="o3" line="405" tag="G">              I     1sg-can:past see:past-2sg</item>
    <item id="o4" line="406" tag="T">              `I was able to see you'</item>
  </tier>
  <tier id="c" type="odin-clean">
    <item id="c1" line="403" tag="L+CR">(m¯ om-e</item>
    <item id="c3" line="405" tag="G">I     1sg-can:past see:past-2sg</item>
    <item id="c4" line="406" tag="T">I was able to see you</item>
  </tier>
  <tier id="p" type="phrases" content="c">
    <item id="p0" content="c1[0:8]"/>
  </tier>
  <tier id="g" type="glosses" content="c">
    <item id="g0" content="c3[0:31]" alignment="p1"/>
  </tier>
  <tier id="t" type="translations" content="c">
    <item id="t0" content="c4[0:21]" alignment="p1"/>
  </tier>
</igt>
<igt id="i28942">
  <metadata type="xigt-meta">
    <meta type="language" name="dari" iso-639-3="gbz" tiers="phrases words morphemes"/>
    <meta type="language" name="English" iso-639-3="eng" tiers="translations"/>
    <meta type="odin-source" doc-id="2787" line-range="411-414" line-types="M+CN L G T"/>
  </metadata>
  <tier id="o" type="odin-raw">
    <item id="o1" line="411" tag="M+CN">  (16)    Nonpast `Can'</item>
    <item id="o2" line="412" tag="L">          a. (m¯ e) sei       tom-e</item>
    <item id="o3" line="413" tag="G">             I      can:pres. come:past-1sg</item>
    <item id="o4" line="414" tag="T">             `I can come'</item>
  </tier>
  <tier id="c" type="odin-clean">
    <item id="c1" line="411" tag="M+CN">Nonpast `Can</item>
    <item id="c2" line="412" tag="L">(m¯ e) sei       tom-e</item>
    <item id="c3" line="413" tag="G">I      can:pres. come:past-1sg</item>
    <item id="c4" line="414" tag="T">I can come</item>
  </tier>
  <tier id="p" type="phrases" content="c">
    <item id="p0" content="c2[0:22]"/>
  </tier>
  <tier id="g" type="glosses" content="c">
    <item id="g0" content="c3[0:30]" alignment="p1"/>
  </tier>
  <tier id="t" type="translations" content="c">
    <item id="t0" content="c4[0:10]" alignment="p1"/>
  </tier>
</igt>
<igt id="i28943">
  <metadata type="xigt-meta">
    <meta type="language" name="dari" iso-639-3="gbz" tiers="phrases words morphemes"/>
    <meta type="language" name="English" iso-639-3="eng" tiers="translations"/>
    <meta type="odin-source" doc-id="2787" line-range="415-418" line-types="L+CR L+CR G T"/>
  </metadata>
  <tier id="o" type="odin-raw">
    <item id="o1" line="415" tag="L+CR">          b. (t¯</item>
    <item id="o2" line="416" tag="L+CR">               a)       om sei      vot-i</item>
    <item id="o3" line="417" tag="G">             you(sg.) 1sg can:pres. say:past-2sg</item>
    <item id="o4" line="418" tag="T">             `you can say (it) to me'</item>
  </tier>
  <tier id="c" type="odin-clean">
    <item id="c1" line="415" tag="L+CR">(t¯</item>
    <item id="c3" line="417" tag="G">you(sg.) 1sg can:pres. say:past-2sg</item>
    <item id="c4" line="418" tag="T">you can say (it) to me</item>
  </tier>
  <tier id="p" type="phrases" content="c">
    <item id="p0" content="c1[0:3]"/>
  </tier>
  <tier id="g" type="glosses" content="c">
    <item id="g0" content="c3[0:35]" alignment="p1"/>
  </tier>
  <tier id="t" type="translations" content="c">
    <item id="t0" content="c4[0:22]" alignment="p1"/>
  </tier>
</igt>
</xigt-corpus>
