<?xml version="1.0" encoding="UTF-8"?>
<xigt-corpus>
<igt id="i21570">
  <metadata type="xigt-meta">
    <meta type="language" name="yukulta" iso-639-3="gcd" tiers="phrases words morphemes"/>
    <meta type="language" name="English" iso-639-3="eng" tiers="translations"/>
    <meta type="odin-source" doc-id="3252" line-range="707-713" line-types="L+CR L+CR G L G T+AC C"/>
  </metadata>
  <tier id="o" type="odin-raw">
    <item id="o1" line="707" tag="L+CR">                                        karna-ja makurrarra-wurlu-ya</item>
    <item id="o2" line="708" tag="L+CR">  (39) Tangka-ya=karri       ngit-a</item>
    <item id="o3" line="709" tag="G">       man-erg=3a:3o:pres wood-acc light-ind wallaby-prop-erg</item>
    <item id="o4" line="710" tag="L">       karna-j-urlu-ya.</item>
    <item id="o5" line="711" tag="G">       light-vb-prop -erg</item>
    <item id="o6" line="712" tag="T+AC">       `The man lit a re in order to cook the wallaby.' (Yukulta (Dench and Evans 1988:28,</item>
    <item id="o7" line="713" tag="C">       ex. (54)))</item>
  </tier>
  <tier id="c" type="odin-clean">
    <item id="c1" line="707 708" tag="L+CR">Tangka-ya=karri       ngit-a     karna-ja makurrarra-wurlu-ya</item>
    <item id="c3" line="709" tag="G">man-erg=3a:3o:pres wood-acc light-ind wallaby-prop-erg</item>
    <item id="c4" line="710" tag="L">karna-j-urlu-ya.</item>
    <item id="c5" line="711" tag="G">light-vb-prop-erg</item>
    <item id="c6" line="712" tag="T+AC">The man lit a re in order to cook the wallaby.' (Yukulta (Dench and Evans 1988:28,</item>
    <item id="c7" line="713" tag="C">ex. (54)))</item>
  </tier>
  <tier id="p" type="phrases" content="c">
    <item id="p0" content="c1[0:61]"/>
    <item id="p1" content="c4[0:16]"/>
  </tier>
  <tier id="g" type="glosses" content="c">
    <item id="g0" content="c3[0:54]" alignment="p1"/>
    <item id="g1" content="c5[0:17]" alignment="p2"/>
  </tier>
  <tier id="t" type="translations" content="c">
    <item id="t0" content="c6[0:82]" alignment="p2"/>
  </tier>
</igt>
<igt id="i37835">
  <metadata type="xigt-meta">
    <meta type="language" name="yukulta" iso-639-3="gcd" tiers="phrases words morphemes"/>
    <meta type="language" name="English" iso-639-3="eng" tiers="translations"/>
    <meta type="odin-source" doc-id="1189" line-range="982-984" line-types="L G+LN T+AC"/>
  </metadata>
  <tier id="o" type="odin-raw">
    <item id="o1" line="982" tag="L">  (25a) Rtangka-ya=kanta               ngawu palatha, thungal-urlu-ya.</item>
    <item id="o2" line="983" tag="G+LN">  Yuk man-ERG-3sgA+PAST                dog      hit+IND stick-COM-ERG</item>
    <item id="o3" line="984" tag="T+AC">        `The man hit the dog with a stick.' (Keen 1983:248, ex. 229)</item>
  </tier>
  <tier id="c" type="odin-clean">
    <item id="c1" line="982" tag="L">Rtangka-ya=kanta               ngawu palatha, thungal-urlu-ya.</item>
    <item id="c2" line="983" tag="G+LN">Yuk man-ERG-3sgA+PAST                dog      hit+IND stick-COM-ERG</item>
    <item id="c3" line="984" tag="T+AC">The man hit the dog with a stick.' (Keen 1983:248, ex. 229)</item>
  </tier>
  <tier id="p" type="phrases" content="c">
    <item id="p0" content="c1[0:62]"/>
  </tier>
  <tier id="g" type="glosses" content="c">
    <item id="g0" content="c2[0:67]" alignment="p1"/>
  </tier>
  <tier id="t" type="translations" content="c">
    <item id="t0" content="c3[0:59]" alignment="p1"/>
  </tier>
</igt>
<igt id="i37836">
  <metadata type="xigt-meta">
    <meta type="language" name="yukulta" iso-639-3="gcd" tiers="phrases words morphemes"/>
    <meta type="language" name="English" iso-639-3="eng" tiers="translations"/>
    <meta type="odin-source" doc-id="1189" line-range="986-992" line-types="L G+LN B L G T T+AC"/>
  </metadata>
  <tier id="o" type="odin-raw">
    <item id="o1" line="986" tag="L">  (25b) Purlti-nyju-tha=lingka wangal-kurlu</item>
    <item id="o2" line="987" tag="G+LN">  Yuk hit-RECIP-IND-3plS+PAST boomerang+COM</item>
    <item id="o3" line="988" tag="B"></item>
    <item id="o4" line="989" tag="L">         rla:-nthu-tha=lingka              miyarl-urlu.</item>
    <item id="o5" line="990" tag="G">         spear-RECIP-IND=3plS+PAST spear+COM</item>
    <item id="o6" line="991" tag="T">         `They speared one another (with spears) and hit one another with</item>
    <item id="o7" line="992" tag="T+AC">         boomerangs.' (Keen 1983:234, ex. 145)</item>
  </tier>
  <tier id="c" type="odin-clean">
    <item id="c1" line="986" tag="L">Purlti-nyju-tha=lingka wangal-kurlu</item>
    <item id="c2" line="987" tag="G+LN">Yuk hit-RECIP-IND-3plS+PAST boomerang+COM</item>
    <item id="c3" line="988" tag="B"/>
    <item id="c4" line="989" tag="L">rla:-nthu-tha=lingka              miyarl-urlu.</item>
    <item id="c5" line="990" tag="G">spear-RECIP-IND=3plS+PAST spear+COM</item>
    <item id="c6" line="991" tag="T">They speared one another (with spears) and hit one another with</item>
    <item id="c7" line="992" tag="T+AC">boomerangs.' (Keen 1983:234, ex. 145)</item>
  </tier>
  <tier id="p" type="phrases" content="c">
    <item id="p0" content="c1[0:35]"/>
    <item id="p1" content="c4[0:46]"/>
  </tier>
  <tier id="g" type="glosses" content="c">
    <item id="g0" content="c2[0:41]" alignment="p1"/>
    <item id="g1" content="c5[0:35]" alignment="p2"/>
  </tier>
  <tier id="t" type="translations" content="c">
    <item id="t0" content="c6[0:63]" alignment="p2"/>
    <item id="t1" content="c7[0:37]" alignment="p2"/>
  </tier>
</igt>
<igt id="i40079">
  <metadata type="xigt-meta">
    <meta type="language" name="yukulta" iso-639-3="gcd" tiers="phrases words morphemes"/>
    <meta type="language" name="English" iso-639-3="eng" tiers="translations"/>
    <meta type="odin-source" doc-id="2979" line-range="979-981" line-types="L G+LN T+AC"/>
  </metadata>
  <tier id="o" type="odin-raw">
    <item id="o1" line="979" tag="L">  (25a) Rtangka-ya=kanta               ngawu palatha, thungal-urlu-ya.</item>
    <item id="o2" line="980" tag="G+LN">  Yuk man-ERG-3sgA+PAST                dog      hit+IND stick-COM-ERG</item>
    <item id="o3" line="981" tag="T+AC">        `The man hit the dog with a stick.' (Keen 1983:248, ex. 229)</item>
  </tier>
  <tier id="c" type="odin-clean">
    <item id="c1" line="979" tag="L">Rtangka-ya=kanta               ngawu palatha, thungal-urlu-ya.</item>
    <item id="c2" line="980" tag="G+LN">Yuk man-ERG-3sgA+PAST                dog      hit+IND stick-COM-ERG</item>
    <item id="c3" line="981" tag="T+AC">The man hit the dog with a stick.' (Keen 1983:248, ex. 229)</item>
  </tier>
  <tier id="p" type="phrases" content="c">
    <item id="p0" content="c1[0:62]"/>
  </tier>
  <tier id="g" type="glosses" content="c">
    <item id="g0" content="c2[0:67]" alignment="p1"/>
  </tier>
  <tier id="t" type="translations" content="c">
    <item id="t0" content="c3[0:59]" alignment="p1"/>
  </tier>
</igt>
<igt id="i40080">
  <metadata type="xigt-meta">
    <meta type="language" name="yukulta" iso-639-3="gcd" tiers="phrases words morphemes"/>
    <meta type="language" name="English" iso-639-3="eng" tiers="translations"/>
    <meta type="odin-source" doc-id="2979" line-range="983-989" line-types="L G+LN B L G T T+AC"/>
  </metadata>
  <tier id="o" type="odin-raw">
    <item id="o1" line="983" tag="L">  (25b) Purlti-nyju-tha=lingka wangal-kurlu</item>
    <item id="o2" line="984" tag="G+LN">  Yuk hit-RECIP-IND-3plS+PAST boomerang+COM</item>
    <item id="o3" line="985" tag="B"></item>
    <item id="o4" line="986" tag="L">         rla:-nthu-tha=lingka              miyarl-urlu.</item>
    <item id="o5" line="987" tag="G">         spear-RECIP-IND=3plS+PAST spear+COM</item>
    <item id="o6" line="988" tag="T">         `They speared one another (with spears) and hit one another with</item>
    <item id="o7" line="989" tag="T+AC">         boomerangs.' (Keen 1983:234, ex. 145)</item>
  </tier>
  <tier id="c" type="odin-clean">
    <item id="c1" line="983" tag="L">Purlti-nyju-tha=lingka wangal-kurlu</item>
    <item id="c2" line="984" tag="G+LN">Yuk hit-RECIP-IND-3plS+PAST boomerang+COM</item>
    <item id="c3" line="985" tag="B"/>
    <item id="c4" line="986" tag="L">rla:-nthu-tha=lingka              miyarl-urlu.</item>
    <item id="c5" line="987" tag="G">spear-RECIP-IND=3plS+PAST spear+COM</item>
    <item id="c6" line="988" tag="T">They speared one another (with spears) and hit one another with</item>
    <item id="c7" line="989" tag="T+AC">boomerangs.' (Keen 1983:234, ex. 145)</item>
  </tier>
  <tier id="p" type="phrases" content="c">
    <item id="p0" content="c1[0:35]"/>
    <item id="p1" content="c4[0:46]"/>
  </tier>
  <tier id="g" type="glosses" content="c">
    <item id="g0" content="c2[0:41]" alignment="p1"/>
    <item id="g1" content="c5[0:35]" alignment="p2"/>
  </tier>
  <tier id="t" type="translations" content="c">
    <item id="t0" content="c6[0:63]" alignment="p2"/>
    <item id="t1" content="c7[0:37]" alignment="p2"/>
  </tier>
</igt>
<igt id="i45964">
  <metadata type="xigt-meta">
    <meta type="language" name="yukulta" iso-639-3="gcd" tiers="phrases words morphemes"/>
    <meta type="language" name="English" iso-639-3="eng" tiers="translations"/>
    <meta type="odin-source" doc-id="344" line-range="141-143" line-types="L G T"/>
  </metadata>
  <tier id="o" type="odin-raw">
    <item id="o1" line="141" tag="L">  (2)     a.       Pala-tha=l=ka=nta             ngawu-wa                  thungal-urlu-ya.</item>
    <item id="o2" line="142" tag="G">                   hit-INDIC=3PL=TR=PAST         dog-NOM                   stick-COMIT-ERG</item>
    <item id="o3" line="143" tag="T">                   `They hit the dog with a stick.'</item>
  </tier>
  <tier id="c" type="odin-clean">
    <item id="c1" line="141" tag="L">Pala-tha=l=ka=nta             ngawu-wa                  thungal-urlu-ya.</item>
    <item id="c2" line="142" tag="G">hit-INDIC=3PL=TR=PAST         dog-NOM                   stick-COMIT-ERG</item>
    <item id="c3" line="143" tag="T">They hit the dog with a stick.</item>
  </tier>
  <tier id="p" type="phrases" content="c">
    <item id="p0" content="c1[0:72]"/>
  </tier>
  <tier id="g" type="glosses" content="c">
    <item id="g0" content="c2[0:71]" alignment="p1"/>
  </tier>
  <tier id="t" type="translations" content="c">
    <item id="t0" content="c3[0:30]" alignment="p1"/>
  </tier>
</igt>
<igt id="i45965">
  <metadata type="xigt-meta">
    <meta type="language" name="yukulta" iso-639-3="gcd" tiers="phrases words morphemes"/>
    <meta type="language" name="English" iso-639-3="eng" tiers="translations"/>
    <meta type="odin-source" doc-id="344" line-range="145-151" line-types="L G B L G T T"/>
  </metadata>
  <tier id="o" type="odin-raw">
    <item id="o1" line="145" tag="L">          b.       Purlti-nytyu-tha=li=ngka                   wangalk-urlu,</item>
    <item id="o2" line="146" tag="G">                   pelt-RECIP-INDIC=3PL.INTR=PAST             boomerang-COMIT</item>
    <item id="o3" line="147" tag="B"></item>
    <item id="o4" line="148" tag="L">                   laa-nthu-tha=li=ngka                miyarl-urlu.</item>
    <item id="o5" line="149" tag="G">                   spear-RECIP-INDIC=3PL.INTR=PAST spear-COMIT</item>
    <item id="o6" line="150" tag="T">                   `They pelted one another with boomerangs (and)</item>
    <item id="o7" line="151" tag="T">                   they pierced one another with spears.'</item>
  </tier>
  <tier id="c" type="odin-clean">
    <item id="c1" line="145" tag="L">Purlti-nytyu-tha=li=ngka                   wangalk-urlu,</item>
    <item id="c2" line="146" tag="G">pelt-RECIP-INDIC=3PL.INTR=PAST             boomerang-COMIT</item>
    <item id="c3" line="147" tag="B"/>
    <item id="c4" line="148" tag="L">laa-nthu-tha=li=ngka                miyarl-urlu.</item>
    <item id="c5" line="149" tag="G">spear-RECIP-INDIC=3PL.INTR=PAST spear-COMIT</item>
    <item id="c6" line="150" tag="T">They pelted one another with boomerangs (and)</item>
    <item id="c7" line="151" tag="T">they pierced one another with spears.</item>
  </tier>
  <tier id="p" type="phrases" content="c">
    <item id="p0" content="c1[0:56]"/>
    <item id="p1" content="c4[0:48]"/>
  </tier>
  <tier id="g" type="glosses" content="c">
    <item id="g0" content="c2[0:58]" alignment="p1"/>
    <item id="g1" content="c5[0:43]" alignment="p2"/>
  </tier>
  <tier id="t" type="translations" content="c">
    <item id="t0" content="c6[0:45]" alignment="p2"/>
    <item id="t1" content="c7[0:37]" alignment="p2"/>
  </tier>
</igt>
<igt id="i45966">
  <metadata type="xigt-meta">
    <meta type="language" name="yukulta" iso-639-3="gcd" tiers="phrases words morphemes"/>
    <meta type="language" name="English" iso-639-3="eng" tiers="translations"/>
    <meta type="odin-source" doc-id="344" line-range="153-155" line-types="L G T"/>
  </metadata>
  <tier id="o" type="odin-raw">
    <item id="o1" line="153" tag="L">          c.       Parrunthaya=ka=ti             mirliya-tya,              nayipi-urlu.</item>
    <item id="o2" line="154" tag="G">                   yesterday=1SG.S.INTR =PRES cut-INDIC                    knife-COMIT</item>
    <item id="o3" line="155" tag="T">                   `Yesterday I cut myself with a knife.'</item>
  </tier>
  <tier id="c" type="odin-clean">
    <item id="c1" line="153" tag="L">Parrunthaya=ka=ti             mirliya-tya,              nayipi-urlu.</item>
    <item id="c2" line="154" tag="G">yesterday=1SG.S.INTR =PRES cut-INDIC                    knife-COMIT</item>
    <item id="c3" line="155" tag="T">Yesterday I cut myself with a knife.</item>
  </tier>
  <tier id="p" type="phrases" content="c">
    <item id="p0" content="c1[0:68]"/>
  </tier>
  <tier id="g" type="glosses" content="c">
    <item id="g0" content="c2[0:67]" alignment="p1"/>
  </tier>
  <tier id="t" type="translations" content="c">
    <item id="t0" content="c3[0:36]" alignment="p1"/>
  </tier>
</igt>
<igt id="i48732">
  <metadata type="xigt-meta">
    <meta type="language" name="yukulta" iso-639-3="gcd" tiers="phrases words morphemes"/>
    <meta type="language" name="English" iso-639-3="eng" tiers="translations"/>
    <meta type="odin-source" doc-id="3428" line-range="1999-2001" line-types="L G T"/>
  </metadata>
  <tier id="o" type="odin-raw">
    <item id="o1" line="1999" tag="L">            ª                            awu          palata ·</item>
    <item id="o2" line="2000" tag="G">           man-ERG-PRES.TRANS            dog.ABS hit</item>
    <item id="o3" line="2001" tag="T">           `the man is hitting the dog'</item>
  </tier>
  <tier id="c" type="odin-clean">
    <item id="c1" line="1999" tag="L">ª                            awu          palata ·</item>
    <item id="c2" line="2000" tag="G">man-ERG-PRES.TRANS            dog.ABS hit</item>
    <item id="c3" line="2001" tag="T">the man is hitting the dog</item>
  </tier>
  <tier id="p" type="phrases" content="c">
    <item id="p0" content="c1[0:50]"/>
  </tier>
  <tier id="g" type="glosses" content="c">
    <item id="g0" content="c2[0:41]" alignment="p1"/>
  </tier>
  <tier id="t" type="translations" content="c">
    <item id="t0" content="c3[0:26]" alignment="p1"/>
  </tier>
</igt>
<igt id="i48733">
  <metadata type="xigt-meta">
    <meta type="language" name="yukulta" iso-639-3="gcd" tiers="phrases words morphemes"/>
    <meta type="language" name="English" iso-639-3="eng" tiers="translations"/>
    <meta type="odin-source" doc-id="3428" line-range="2006-2009" line-types="L+CR L+CR G T"/>
  </metadata>
  <tier id="o" type="odin-raw">
    <item id="o1" line="2006" tag="L+CR">  (152) walira-ka                    taka-ra awu-nta palata</item>
    <item id="o2" line="2007" tag="L+CR">                                      ª     ª             ··         ·</item>
    <item id="o3" line="2008" tag="G">           neg-PRES.INTRANS          man-ABS dog-DAT hit</item>
    <item id="o4" line="2009" tag="T">           `the man is not hitting the dog'</item>
  </tier>
  <tier id="c" type="odin-clean">
    <item id="c1" line="2006" tag="L+CR">walira-ka                    taka-ra awu-nta palata</item>
    <item id="c3" line="2008" tag="G">neg-PRES.INTRANS          man-ABS dog-DAT hit</item>
    <item id="c4" line="2009" tag="T">the man is not hitting the dog</item>
  </tier>
  <tier id="p" type="phrases" content="c">
    <item id="p0" content="c1[0:51]"/>
  </tier>
  <tier id="g" type="glosses" content="c">
    <item id="g0" content="c3[0:45]" alignment="p1"/>
  </tier>
  <tier id="t" type="translations" content="c">
    <item id="t0" content="c4[0:30]" alignment="p1"/>
  </tier>
</igt>
<igt id="i74306">
  <metadata type="xigt-meta">
    <meta type="language" name="yukulta" iso-639-3="gcd" tiers="phrases words morphemes"/>
    <meta type="language" name="English" iso-639-3="eng" tiers="translations"/>
    <meta type="odin-source" doc-id="989" line-range="1989-1992" line-types="L+CR L+CR G T"/>
  </metadata>
  <tier id="o" type="odin-raw">
    <item id="o1" line="1989" tag="L+CR">  (151) taka-ya-kari</item>
    <item id="o2" line="1990" tag="L+CR">            ª                            awu          palata ·</item>
    <item id="o3" line="1991" tag="G">           man-ERG-PRES,TRANS            dog,ABS hit</item>
    <item id="o4" line="1992" tag="T">           `the man is hitting the dog'</item>
  </tier>
  <tier id="c" type="odin-clean">
    <item id="c1" line="1989" tag="L+CR">taka-ya-kari</item>
    <item id="c3" line="1991" tag="G">man-ERG-PRES,TRANS            dog,ABS hit</item>
    <item id="c4" line="1992" tag="T">the man is hitting the dog</item>
  </tier>
  <tier id="p" type="phrases" content="c">
    <item id="p0" content="c1[0:12]"/>
  </tier>
  <tier id="g" type="glosses" content="c">
    <item id="g0" content="c3[0:41]" alignment="p1"/>
  </tier>
  <tier id="t" type="translations" content="c">
    <item id="t0" content="c4[0:26]" alignment="p1"/>
  </tier>
</igt>
<igt id="i74307">
  <metadata type="xigt-meta">
    <meta type="language" name="yukulta" iso-639-3="gcd" tiers="phrases words morphemes"/>
    <meta type="language" name="English" iso-639-3="eng" tiers="translations"/>
    <meta type="odin-source" doc-id="989" line-range="1997-2000" line-types="L+CR L+CR G T"/>
  </metadata>
  <tier id="o" type="odin-raw">
    <item id="o1" line="1997" tag="L+CR">  (152) walira-ka                    taka-ra awu-nta palata</item>
    <item id="o2" line="1998" tag="L+CR">                                      ª     ª             ··        ·</item>
    <item id="o3" line="1999" tag="G">           neg-PRES,INTRANS          man-ABS dog-DAT hit</item>
    <item id="o4" line="2000" tag="T">           `the man is not hitting the dog'</item>
  </tier>
  <tier id="c" type="odin-clean">
    <item id="c1" line="1997" tag="L+CR">walira-ka                    taka-ra awu-nta palata</item>
    <item id="c3" line="1999" tag="G">neg-PRES,INTRANS          man-ABS dog-DAT hit</item>
    <item id="c4" line="2000" tag="T">the man is not hitting the dog</item>
  </tier>
  <tier id="p" type="phrases" content="c">
    <item id="p0" content="c1[0:51]"/>
  </tier>
  <tier id="g" type="glosses" content="c">
    <item id="g0" content="c3[0:45]" alignment="p1"/>
  </tier>
  <tier id="t" type="translations" content="c">
    <item id="t0" content="c4[0:30]" alignment="p1"/>
  </tier>
</igt>
<igt id="i75725">
  <metadata type="xigt-meta">
    <meta type="language" name="yukulta" iso-639-3="gcd" tiers="phrases words morphemes"/>
    <meta type="language" name="English" iso-639-3="eng" tiers="translations"/>
    <meta type="odin-source" doc-id="3695" line-range="3493-3496" line-types="M+AC+LN L G T"/>
  </metadata>
  <tier id="o" type="odin-raw">
    <item id="o1" line="3493" tag="M+AC+LN">  (85) Yukulta (Tangkic, N. Australia; Keen 1983:247, cited from Evans 1995)</item>
    <item id="o2" line="3494" tag="L">       danka-ya =karri    ngida karna-ja [makurrarra-wurla-ya karna-jurlu-ya].</item>
    <item id="o3" line="3495" tag="G">        man-ERG =3&gt;3PRES wood light-ACT wallaby-PROPR-ERG            light-PURP-ERG</item>
    <item id="o4" line="3496" tag="T">        `The man lit the fire in order to cook the wallaby.'</item>
  </tier>
  <tier id="c" type="odin-clean">
    <item id="c1" line="3493" tag="M+AC+LN">Yukulta (Tangkic, N. Australia; Keen 1983:247, cited from Evans 1995</item>
    <item id="c2" line="3494" tag="L">danka-ya =karri    ngida karna-ja [makurrarra-wurla-ya karna-jurlu-ya].</item>
    <item id="c3" line="3495" tag="G">man-ERG =3&gt;3PRES wood light-ACT wallaby-PROPR-ERG            light-PURP-ERG</item>
    <item id="c4" line="3496" tag="T">The man lit the fire in order to cook the wallaby.</item>
  </tier>
  <tier id="p" type="phrases" content="c">
    <item id="p0" content="c2[0:71]"/>
  </tier>
  <tier id="g" type="glosses" content="c">
    <item id="g0" content="c3[0:75]" alignment="p1"/>
  </tier>
  <tier id="t" type="translations" content="c">
    <item id="t0" content="c4[0:50]" alignment="p1"/>
  </tier>
</igt>
<igt id="i87340">
  <metadata type="xigt-meta">
    <meta type="language" name="yukulta" iso-639-3="gcd" tiers="phrases words morphemes"/>
    <meta type="language" name="English" iso-639-3="eng" tiers="translations"/>
    <meta type="odin-source" doc-id="3266" line-range="501-503" line-types="L G T"/>
  </metadata>
  <tier id="o" type="odin-raw">
    <item id="o1" line="501" tag="L">  (10) a. Nityi-Nityinta          yakukatu-liNka               waratya</item>
    <item id="o2" line="502" tag="G">          my -my + ABS            older Z-PL + PAST            go (Vi)+ IND</item>
    <item id="o3" line="503" tag="T">          'All my sisters have gone'</item>
  </tier>
  <tier id="c" type="odin-clean">
    <item id="c1" line="501" tag="L">Nityi-Nityinta          yakukatu-liNka               waratya</item>
    <item id="c2" line="502" tag="G">my-my + ABS            older Z-PL + PAST            go (Vi)+ IND</item>
    <item id="c3" line="503" tag="T">All my sisters have gone</item>
  </tier>
  <tier id="p" type="phrases" content="c">
    <item id="p0" content="c1[0:60]"/>
  </tier>
  <tier id="g" type="glosses" content="c">
    <item id="g0" content="c2[0:64]" alignment="p1"/>
  </tier>
  <tier id="t" type="translations" content="c">
    <item id="t0" content="c3[0:24]" alignment="p1"/>
  </tier>
</igt>
<igt id="i87341">
  <metadata type="xigt-meta">
    <meta type="language" name="yukulta" iso-639-3="gcd" tiers="phrases words morphemes"/>
    <meta type="language" name="English" iso-639-3="eng" tiers="translations"/>
    <meta type="odin-source" doc-id="3266" line-range="504-507" line-types="L G T M+AC"/>
  </metadata>
  <tier id="o" type="odin-raw">
    <item id="o1" line="504" tag="L">        b. Naka-Nakaya-lkari             kuritya     t¢atint           Nawu</item>
    <item id="o2" line="505" tag="G">           who?-who?ERG-they+PRES see+IND that+ABS                     dog</item>
    <item id="o3" line="506" tag="T">           'Who are those people looking at that dog?'</item>
    <item id="o4" line="507" tag="M+AC">           (Yukulta, S. Keen 1983: 208)</item>
  </tier>
  <tier id="c" type="odin-clean">
    <item id="c1" line="504" tag="L">Naka-Nakaya-lkari             kuritya     t¢atint           Nawu</item>
    <item id="c2" line="505" tag="G">who?-who?ERG-they+PRES see+IND that+ABS                     dog</item>
    <item id="c3" line="506" tag="T">Who are those people looking at that dog?</item>
    <item id="c4" line="507" tag="M+AC">Yukulta, S. Keen 1983: 208</item>
  </tier>
  <tier id="p" type="phrases" content="c">
    <item id="p0" content="c1[0:64]"/>
  </tier>
  <tier id="g" type="glosses" content="c">
    <item id="g0" content="c2[0:63]" alignment="p1"/>
  </tier>
  <tier id="t" type="translations" content="c">
    <item id="t0" content="c3[0:41]" alignment="p1"/>
  </tier>
</igt>
<igt id="i98819">
  <metadata type="xigt-meta">
    <meta type="language" name="yukulta" iso-639-3="gcd" tiers="phrases words morphemes"/>
    <meta type="language" name="English" iso-639-3="eng" tiers="translations"/>
    <meta type="odin-source" doc-id="2887" line-range="982-984" line-types="L G+LN T+AC"/>
  </metadata>
  <tier id="o" type="odin-raw">
    <item id="o1" line="982" tag="L">  (25a) Rtangka-ya=kanta               ngawu palatha, thungal-urlu-ya.</item>
    <item id="o2" line="983" tag="G+LN">  Yuk man-ERG-3sgA+PAST                dog      hit+IND stick-COM-ERG</item>
    <item id="o3" line="984" tag="T+AC">        `The man hit the dog with a stick.' (Keen 1983:248, ex. 229)</item>
  </tier>
  <tier id="c" type="odin-clean">
    <item id="c1" line="982" tag="L">Rtangka-ya=kanta               ngawu palatha, thungal-urlu-ya.</item>
    <item id="c2" line="983" tag="G+LN">Yuk man-ERG-3sgA+PAST                dog      hit+IND stick-COM-ERG</item>
    <item id="c3" line="984" tag="T+AC">The man hit the dog with a stick.' (Keen 1983:248, ex. 229)</item>
  </tier>
  <tier id="p" type="phrases" content="c">
    <item id="p0" content="c1[0:62]"/>
  </tier>
  <tier id="g" type="glosses" content="c">
    <item id="g0" content="c2[0:67]" alignment="p1"/>
  </tier>
  <tier id="t" type="translations" content="c">
    <item id="t0" content="c3[0:59]" alignment="p1"/>
  </tier>
</igt>
<igt id="i98820">
  <metadata type="xigt-meta">
    <meta type="language" name="yukulta" iso-639-3="gcd" tiers="phrases words morphemes"/>
    <meta type="language" name="English" iso-639-3="eng" tiers="translations"/>
    <meta type="odin-source" doc-id="2887" line-range="986-992" line-types="L G+LN B L G T T+AC"/>
  </metadata>
  <tier id="o" type="odin-raw">
    <item id="o1" line="986" tag="L">  (25b) Purlti-nyju-tha=lingka wangal-kurlu</item>
    <item id="o2" line="987" tag="G+LN">  Yuk hit-RECIP-IND-3plS+PAST boomerang+COM</item>
    <item id="o3" line="988" tag="B"></item>
    <item id="o4" line="989" tag="L">         rla:-nthu-tha=lingka              miyarl-urlu.</item>
    <item id="o5" line="990" tag="G">         spear-RECIP-IND=3plS+PAST spear+COM</item>
    <item id="o6" line="991" tag="T">         `They speared one another (with spears) and hit one another with</item>
    <item id="o7" line="992" tag="T+AC">         boomerangs.' (Keen 1983:234, ex. 145)</item>
  </tier>
  <tier id="c" type="odin-clean">
    <item id="c1" line="986" tag="L">Purlti-nyju-tha=lingka wangal-kurlu</item>
    <item id="c2" line="987" tag="G+LN">Yuk hit-RECIP-IND-3plS+PAST boomerang+COM</item>
    <item id="c3" line="988" tag="B"/>
    <item id="c4" line="989" tag="L">rla:-nthu-tha=lingka              miyarl-urlu.</item>
    <item id="c5" line="990" tag="G">spear-RECIP-IND=3plS+PAST spear+COM</item>
    <item id="c6" line="991" tag="T">They speared one another (with spears) and hit one another with</item>
    <item id="c7" line="992" tag="T+AC">boomerangs.' (Keen 1983:234, ex. 145)</item>
  </tier>
  <tier id="p" type="phrases" content="c">
    <item id="p0" content="c1[0:35]"/>
    <item id="p1" content="c4[0:46]"/>
  </tier>
  <tier id="g" type="glosses" content="c">
    <item id="g0" content="c2[0:41]" alignment="p1"/>
    <item id="g1" content="c5[0:35]" alignment="p2"/>
  </tier>
  <tier id="t" type="translations" content="c">
    <item id="t0" content="c6[0:63]" alignment="p2"/>
    <item id="t1" content="c7[0:37]" alignment="p2"/>
  </tier>
</igt>
</xigt-corpus>
