<?xml version="1.0" encoding="UTF-8"?>
<xigt-corpus>
<igt id="i33457">
  <metadata type="xigt-meta">
    <meta type="language" name="gude" iso-639-3="gde" tiers="phrases words morphemes"/>
    <meta type="language" name="English" iso-639-3="eng" tiers="translations"/>
    <meta type="odin-source" doc-id="3138" line-range="847-850" line-types="M+LN L G T"/>
  </metadata>
  <tier id="o" type="odin-raw">
    <item id="o1" line="847" tag="M+LN">                 (20) Gude</item>
    <item id="o2" line="848" tag="L">                      a. k@          vii Musa kwaâa ka ci.</item>
    <item id="o3" line="849" tag="G">                         compl       give Musa money to him</item>
    <item id="o4" line="850" tag="T">                         `Musa       gave money to him.'</item>
  </tier>
  <tier id="c" type="odin-clean">
    <item id="c1" line="847" tag="M+LN">Gude</item>
    <item id="c2" line="848" tag="L">k@          vii Musa kwaâa ka ci.</item>
    <item id="c3" line="849" tag="G">compl       give Musa money to him</item>
    <item id="c4" line="850" tag="T">Musa       gave money to him.</item>
  </tier>
  <tier id="p" type="phrases" content="c">
    <item id="p0" content="c2[0:33]"/>
  </tier>
  <tier id="g" type="glosses" content="c">
    <item id="g0" content="c3[0:34]" alignment="p1"/>
  </tier>
  <tier id="t" type="translations" content="c">
    <item id="t0" content="c4[0:29]" alignment="p1"/>
  </tier>
</igt>
<igt id="i33458">
  <metadata type="xigt-meta">
    <meta type="language" name="gude" iso-639-3="gde" tiers="phrases words morphemes"/>
    <meta type="language" name="English" iso-639-3="eng" tiers="translations"/>
    <meta type="odin-source" doc-id="3138" line-range="851-854" line-types="L G T M+AC"/>
  </metadata>
  <tier id="o" type="odin-raw">
    <item id="o1" line="851" tag="L">                      b. k@          ka-n@-paa           Musa buura.</item>
    <item id="o2" line="852" tag="G">                         compl       set down-3sgm-appl Musa bag</item>
    <item id="o3" line="853" tag="T">                         `Musa       set down the bag for him.'</item>
    <item id="o4" line="854" tag="M+AC">                                                               (Hoskinson 1983: 110±1)</item>
  </tier>
  <tier id="c" type="odin-clean">
    <item id="c1" line="851" tag="L">k@          ka-n@-paa           Musa buura.</item>
    <item id="c2" line="852" tag="G">compl       set down-3sgm-appl Musa bag</item>
    <item id="c3" line="853" tag="T">Musa       set down the bag for him.</item>
    <item id="c4" line="854" tag="M+AC">110±1</item>
  </tier>
  <tier id="p" type="phrases" content="c">
    <item id="p0" content="c1[0:43]"/>
  </tier>
  <tier id="g" type="glosses" content="c">
    <item id="g0" content="c2[0:39]" alignment="p1"/>
  </tier>
  <tier id="t" type="translations" content="c">
    <item id="t0" content="c3[0:36]" alignment="p1"/>
  </tier>
</igt>
<igt id="i48547">
  <metadata type="xigt-meta">
    <meta type="language" name="gude" iso-639-3="gde" tiers="phrases words morphemes"/>
    <meta type="language" name="English" iso-639-3="eng" tiers="translations"/>
    <meta type="odin-source" doc-id="3428" line-range="249-251" line-types="L G T"/>
  </metadata>
  <tier id="o" type="odin-raw">
    <item id="o1" line="249" tag="L">  (18) a.          gus n            min</item>
    <item id="o2" line="250" tag="G">                   short SUBJ woman</item>
    <item id="o3" line="251" tag="T">                   `The woman is short'</item>
  </tier>
  <tier id="c" type="odin-clean">
    <item id="c1" line="249" tag="L">gus n            min</item>
    <item id="c2" line="250" tag="G">short SUBJ woman</item>
    <item id="c3" line="251" tag="T">The woman is short</item>
  </tier>
  <tier id="p" type="phrases" content="c">
    <item id="p0" content="c1[0:20]"/>
  </tier>
  <tier id="g" type="glosses" content="c">
    <item id="g0" content="c2[0:16]" alignment="p1"/>
  </tier>
  <tier id="t" type="translations" content="c">
    <item id="t0" content="c3[0:18]" alignment="p1"/>
  </tier>
</igt>
<igt id="i48548">
  <metadata type="xigt-meta">
    <meta type="language" name="gude" iso-639-3="gde" tiers="phrases words morphemes"/>
    <meta type="language" name="English" iso-639-3="eng" tiers="translations"/>
    <meta type="odin-source" doc-id="3428" line-range="255-257" line-types="L G T"/>
  </metadata>
  <tier id="o" type="odin-raw">
    <item id="o1" line="255" tag="L">         b.      nwnwu n             Kwalii</item>
    <item id="o2" line="256" tag="G">                 chief       SUBJ Kwalii</item>
    <item id="o3" line="257" tag="T">                 `Kwalii is a chief'</item>
  </tier>
  <tier id="c" type="odin-clean">
    <item id="c1" line="255" tag="L">nwnwu n             Kwalii</item>
    <item id="c2" line="256" tag="G">chief       SUBJ Kwalii</item>
    <item id="c3" line="257" tag="T">Kwalii is a chief</item>
  </tier>
  <tier id="p" type="phrases" content="c">
    <item id="p0" content="c1[0:26]"/>
  </tier>
  <tier id="g" type="glosses" content="c">
    <item id="g0" content="c2[0:23]" alignment="p1"/>
  </tier>
  <tier id="t" type="translations" content="c">
    <item id="t0" content="c3[0:17]" alignment="p1"/>
  </tier>
</igt>
<igt id="i48549">
  <metadata type="xigt-meta">
    <meta type="language" name="gude" iso-639-3="gde" tiers="phrases words morphemes"/>
    <meta type="language" name="English" iso-639-3="eng" tiers="translations"/>
    <meta type="odin-source" doc-id="3428" line-range="262-264" line-types="L G T"/>
  </metadata>
  <tier id="o" type="odin-raw">
    <item id="o1" line="262" tag="L">  (19) agi            adn n           Musa Îfna</item>
    <item id="o2" line="263" tag="G">         CONTIN eat           SUBJ Musa mush</item>
    <item id="o3" line="264" tag="T">         `Musa is eating mush'</item>
  </tier>
  <tier id="c" type="odin-clean">
    <item id="c1" line="262" tag="L">agi            adn n           Musa Îfna</item>
    <item id="c2" line="263" tag="G">CONTIN eat           SUBJ Musa mush</item>
    <item id="c3" line="264" tag="T">Musa is eating mush</item>
  </tier>
  <tier id="p" type="phrases" content="c">
    <item id="p0" content="c1[0:40]"/>
  </tier>
  <tier id="g" type="glosses" content="c">
    <item id="g0" content="c2[0:35]" alignment="p1"/>
  </tier>
  <tier id="t" type="translations" content="c">
    <item id="t0" content="c3[0:19]" alignment="p1"/>
  </tier>
</igt>
<igt id="i74122">
  <metadata type="xigt-meta">
    <meta type="language" name="gude" iso-639-3="gde" tiers="phrases words morphemes"/>
    <meta type="language" name="English" iso-639-3="eng" tiers="translations"/>
    <meta type="odin-source" doc-id="989" line-range="271-273" line-types="L G T"/>
  </metadata>
  <tier id="o" type="odin-raw">
    <item id="o1" line="271" tag="L">  (18) a.          gus n            min</item>
    <item id="o2" line="272" tag="G">                   short SUBJ woman</item>
    <item id="o3" line="273" tag="T">                   `The woman is short'</item>
  </tier>
  <tier id="c" type="odin-clean">
    <item id="c1" line="271" tag="L">gus n            min</item>
    <item id="c2" line="272" tag="G">short SUBJ woman</item>
    <item id="c3" line="273" tag="T">The woman is short</item>
  </tier>
  <tier id="p" type="phrases" content="c">
    <item id="p0" content="c1[0:20]"/>
  </tier>
  <tier id="g" type="glosses" content="c">
    <item id="g0" content="c2[0:16]" alignment="p1"/>
  </tier>
  <tier id="t" type="translations" content="c">
    <item id="t0" content="c3[0:18]" alignment="p1"/>
  </tier>
</igt>
<igt id="i74123">
  <metadata type="xigt-meta">
    <meta type="language" name="gude" iso-639-3="gde" tiers="phrases words morphemes"/>
    <meta type="language" name="English" iso-639-3="eng" tiers="translations"/>
    <meta type="odin-source" doc-id="989" line-range="274-276" line-types="L G T"/>
  </metadata>
  <tier id="o" type="odin-raw">
    <item id="o1" line="274" tag="L">          b.       nwnwu n              Kwalii</item>
    <item id="o2" line="275" tag="G">                   chief       SUBJ Kwalii</item>
    <item id="o3" line="276" tag="T">                   `Kwalii is a chief'</item>
  </tier>
  <tier id="c" type="odin-clean">
    <item id="c1" line="274" tag="L">nwnwu n              Kwalii</item>
    <item id="c2" line="275" tag="G">chief       SUBJ Kwalii</item>
    <item id="c3" line="276" tag="T">Kwalii is a chief</item>
  </tier>
  <tier id="p" type="phrases" content="c">
    <item id="p0" content="c1[0:27]"/>
  </tier>
  <tier id="g" type="glosses" content="c">
    <item id="g0" content="c2[0:23]" alignment="p1"/>
  </tier>
  <tier id="t" type="translations" content="c">
    <item id="t0" content="c3[0:17]" alignment="p1"/>
  </tier>
</igt>
<igt id="i74124">
  <metadata type="xigt-meta">
    <meta type="language" name="gude" iso-639-3="gde" tiers="phrases words morphemes"/>
    <meta type="language" name="English" iso-639-3="eng" tiers="translations"/>
    <meta type="odin-source" doc-id="989" line-range="281-283" line-types="L G T"/>
  </metadata>
  <tier id="o" type="odin-raw">
    <item id="o1" line="281" tag="L">  (19) agi             adn n            Musa Îfna</item>
    <item id="o2" line="282" tag="G">          CONTIN eat            SUBJ Musa mush</item>
    <item id="o3" line="283" tag="T">          `Musa is eating mush'</item>
  </tier>
  <tier id="c" type="odin-clean">
    <item id="c1" line="281" tag="L">agi             adn n            Musa Îfna</item>
    <item id="c2" line="282" tag="G">CONTIN eat            SUBJ Musa mush</item>
    <item id="c3" line="283" tag="T">Musa is eating mush</item>
  </tier>
  <tier id="p" type="phrases" content="c">
    <item id="p0" content="c1[0:42]"/>
  </tier>
  <tier id="g" type="glosses" content="c">
    <item id="g0" content="c2[0:36]" alignment="p1"/>
  </tier>
  <tier id="t" type="translations" content="c">
    <item id="t0" content="c3[0:19]" alignment="p1"/>
  </tier>
</igt>
<igt id="i77885">
  <metadata type="xigt-meta">
    <meta type="language" name="gude" iso-639-3="gde" tiers="phrases words morphemes"/>
    <meta type="language" name="English" iso-639-3="eng" tiers="translations"/>
    <meta type="odin-source" doc-id="2521" line-range="1719-1722" line-types="L+DB G+DB M+DB T+DB"/>
  </metadata>
  <tier id="o" type="odin-raw">
    <item id="o1" line="1719" tag="L+DB">  (110) a. mbus pu'                               b. tuf-n nga tihin</item>
    <item id="o2" line="1720" tag="G+DB">               pumpkin ten                             five-ORD of horse</item>
    <item id="o3" line="1721" tag="M+DB">                    N      Num                           Ord              N</item>
    <item id="o4" line="1722" tag="T+DB">               `ten pumpkins'                          `fifth horse'</item>
  </tier>
  <tier id="c" type="odin-clean">
    <item id="c1" line="1719" tag="L+DB">mbus pu'                               b. tuf-n nga tihin</item>
    <item id="c2" line="1720" tag="G+DB">pumpkin ten                             five-ORD of horse</item>
    <item id="c3" line="1721" tag="M+DB">N      Num                           Ord              N</item>
    <item id="c4" line="1722" tag="T+DB">ten pumpkins'                          `fifth horse</item>
  </tier>
  <tier id="p" type="phrases" content="c">
    <item id="p0" content="c1[0:57]"/>
  </tier>
  <tier id="g" type="glosses" content="c">
    <item id="g0" content="c2[0:57]" alignment="p1"/>
  </tier>
  <tier id="t" type="translations" content="c">
    <item id="t0" content="c4[0:51]" alignment="p1"/>
  </tier>
</igt>
<igt id="i113522">
  <metadata type="xigt-meta">
    <meta type="language" name="gude" iso-639-3="gde" tiers="phrases words morphemes"/>
    <meta type="language" name="English" iso-639-3="eng" tiers="translations"/>
    <meta type="odin-source" doc-id="3382" line-range="1749-1752" line-types="L G M+CN T"/>
  </metadata>
  <tier id="o" type="odin-raw">
    <item id="o1" line="1749" tag="L">  (110) a. mbus pu'                                   b. tuf-n nga tihin</item>
    <item id="o2" line="1750" tag="G">                pumpkin ten                               five-ORD of horse</item>
    <item id="o3" line="1751" tag="M+CN">                     N       Num                            Ord             N</item>
    <item id="o4" line="1752" tag="T">                `ten pumpkins'                            `fifth horse'</item>
  </tier>
  <tier id="c" type="odin-clean">
    <item id="c1" line="1749" tag="L">mbus pu'                                   b. tuf-n nga tihin</item>
    <item id="c2" line="1750" tag="G">pumpkin ten                               five-ORD of horse</item>
    <item id="c3" line="1751" tag="M+CN">N       Num                            Ord             N</item>
    <item id="c4" line="1752" tag="T">ten pumpkins'                            `fifth horse</item>
  </tier>
  <tier id="p" type="phrases" content="c">
    <item id="p0" content="c1[0:61]"/>
  </tier>
  <tier id="g" type="glosses" content="c">
    <item id="g0" content="c2[0:59]" alignment="p1"/>
  </tier>
  <tier id="t" type="translations" content="c">
    <item id="t0" content="c4[0:53]" alignment="p1"/>
  </tier>
</igt>
</xigt-corpus>
