<?xml version="1.0" encoding="UTF-8"?>
<xigt-corpus>
<igt id="i68171">
  <metadata type="xigt-meta">
    <meta type="language" name="diraytata" iso-639-3="gdl" tiers="phrases words morphemes"/>
    <meta type="language" name="English" iso-639-3="eng" tiers="translations"/>
    <meta type="odin-source" doc-id="1759" line-range="2895-2897" line-types="L G T"/>
  </metadata>
  <tier id="o" type="odin-raw">
    <item id="o1" line="2895" tag="L">    (2)     a. kussiyy-at      kittonnayyu     he-aw-i</item>
    <item id="o2" line="2896" tag="G">               Kussiyy-FOC     Kittonayyu.ABS FOC-hit-PF</item>
    <item id="o3" line="2897" tag="T">                    `Kussiyya hit Kittonnayyu'</item>
  </tier>
  <tier id="c" type="odin-clean">
    <item id="c1" line="2895" tag="L">kussiyy-at      kittonnayyu     he-aw-i</item>
    <item id="c2" line="2896" tag="G">Kussiyy-FOC     Kittonayyu.ABS FOC-hit-PF</item>
    <item id="c3" line="2897" tag="T">Kussiyya hit Kittonnayyu</item>
  </tier>
  <tier id="p" type="phrases" content="c">
    <item id="p0" content="c1[0:39]"/>
  </tier>
  <tier id="g" type="glosses" content="c">
    <item id="g0" content="c2[0:41]" alignment="p1"/>
  </tier>
  <tier id="t" type="translations" content="c">
    <item id="t0" content="c3[0:24]" alignment="p1"/>
  </tier>
</igt>
<igt id="i68172">
  <metadata type="xigt-meta">
    <meta type="language" name="diraytata" iso-639-3="gdl" tiers="phrases words morphemes"/>
    <meta type="language" name="English" iso-639-3="eng" tiers="translations"/>
    <meta type="odin-source" doc-id="1759" line-range="2898-2900" line-types="L G T"/>
  </metadata>
  <tier id="o" type="odin-raw">
    <item id="o1" line="2898" tag="L">            b. kittonnayyu-t     (kussiyy-an)      he-aw-an-t-i</item>
    <item id="o2" line="2899" tag="G">               Kittonnayyu-NOM Kussiyya-by         FOC-hit-PASS-3F-PF</item>
    <item id="o3" line="2900" tag="T">                    `Kittonnayyu was hit (by Kussiyya).'</item>
  </tier>
  <tier id="c" type="odin-clean">
    <item id="c1" line="2898" tag="L">kittonnayyu-t     (kussiyy-an)      he-aw-an-t-i</item>
    <item id="c2" line="2899" tag="G">Kittonnayyu-NOM Kussiyya-by         FOC-hit-PASS-3F-PF</item>
    <item id="c3" line="2900" tag="T">Kittonnayyu was hit (by Kussiyya).</item>
  </tier>
  <tier id="p" type="phrases" content="c">
    <item id="p0" content="c1[0:48]"/>
  </tier>
  <tier id="g" type="glosses" content="c">
    <item id="g0" content="c2[0:54]" alignment="p1"/>
  </tier>
  <tier id="t" type="translations" content="c">
    <item id="t0" content="c3[0:34]" alignment="p1"/>
  </tier>
</igt>
</xigt-corpus>
