<?xml version="1.0" encoding="UTF-8"?>
<xigt-corpus>
<igt id="i5036">
  <metadata type="xigt-meta">
    <meta type="language" name="gengbe" iso-639-3="gej" tiers="phrases words morphemes"/>
    <meta type="language" name="English" iso-639-3="eng" tiers="translations"/>
    <meta type="odin-source" doc-id="3342" line-range="972-975" line-types="L+CR L+LN+CR G T"/>
  </metadata>
  <tier id="o" type="odin-raw">
    <item id="o1" line="972" tag="L+CR">                                    kpO/        fofo/         nyE    vO</item>
    <item id="o2" line="973" tag="L+LN+CR">  (15)     Gen             O                                                     a?</item>
    <item id="o3" line="974" tag="G">                           you      see         brother       my     PERF        Q</item>
    <item id="o4" line="975" tag="T">                           `Have you already seen my brother?'</item>
  </tier>
  <tier id="c" type="odin-clean">
    <item id="c1" line="972 973" tag="L+CR+LN">Gen             O        kpO/        fofo/         nyE    vO          a?</item>
    <item id="c3" line="974" tag="G">you      see         brother       my     PERF        Q</item>
    <item id="c4" line="975" tag="T">Have you already seen my brother?</item>
  </tier>
  <tier id="p" type="phrases" content="c">
    <item id="p0" content="c1[0:72]"/>
  </tier>
  <tier id="g" type="glosses" content="c">
    <item id="g0" content="c3[0:55]" alignment="p1"/>
  </tier>
  <tier id="t" type="translations" content="c">
    <item id="t0" content="c4[0:33]" alignment="p1"/>
  </tier>
</igt>
<igt id="i5038">
  <metadata type="xigt-meta">
    <meta type="language" name="gengbe" iso-639-3="gej" tiers="phrases words morphemes"/>
    <meta type="language" name="English" iso-639-3="eng" tiers="translations"/>
    <meta type="odin-source" doc-id="3342" line-range="986-989" line-types="L+CR L+AC+LN+CR G T"/>
  </metadata>
  <tier id="o" type="odin-raw">
    <item id="o1" line="986" tag="L+CR">                  ga~li!-a! vO.</item>
    <item id="o2" line="987" tag="L+AC+LN+CR">  (16)     Gen                                          (Gengbe. Jondoh 1980:50)</item>
    <item id="o3" line="988" tag="G">                  gali-the finish</item>
    <item id="o4" line="989" tag="T">                  `There's no more gali.'</item>
  </tier>
  <tier id="c" type="odin-clean">
    <item id="c1" line="986 987" tag="L+CR+AC+LN">Gen    ga~li!-a! vO.                         (Gengbe. Jondoh 1980:50</item>
    <item id="c3" line="988" tag="G">gali-the finish</item>
    <item id="c4" line="989" tag="T">There's no more gali.</item>
  </tier>
  <tier id="p" type="phrases" content="c">
    <item id="p0" content="c1[0:68]"/>
  </tier>
  <tier id="g" type="glosses" content="c">
    <item id="g0" content="c3[0:15]" alignment="p1"/>
  </tier>
  <tier id="t" type="translations" content="c">
    <item id="t0" content="c4[0:21]" alignment="p1"/>
  </tier>
</igt>
<igt id="i5040">
  <metadata type="xigt-meta">
    <meta type="language" name="gengbe" iso-639-3="gej" tiers="phrases words morphemes"/>
    <meta type="language" name="English" iso-639-3="eng" tiers="translations"/>
    <meta type="odin-source" doc-id="3342" line-range="1019-1023" line-types="L G+LN+CR G+CR B T"/>
  </metadata>
  <tier id="o" type="odin-raw">
    <item id="o1" line="1019" tag="L">  (17)    Gen    Mu/     lee/    wlOn    nu       o,     e       lee/   dOn     alOn.</item>
    <item id="o2" line="1020" tag="G+LN+CR">                 NEG PROG write thing NEG                he             sleep sleep</item>
    <item id="o3" line="1021" tag="G+CR">                                                                 PROG</item>
    <item id="o4" line="1022" tag="B"></item>
    <item id="o5" line="1023" tag="T">                 `He is not writing a letter, he is sleeping.'</item>
  </tier>
  <tier id="c" type="odin-clean">
    <item id="c1" line="1019" tag="L">Gen    Mu/     lee/    wlOn    nu       o,     e       lee/   dOn     alOn.</item>
    <item id="c2" line="1020 1021" tag="G+LN+CR">NEG PROG write thing NEG                he      PROG   sleep sleep</item>
    <item id="c4" line="1022" tag="B"/>
    <item id="c5" line="1023" tag="T">He is not writing a letter, he is sleeping.</item>
  </tier>
  <tier id="p" type="phrases" content="c">
    <item id="p0" content="c1[0:75]"/>
  </tier>
  <tier id="g" type="glosses" content="c">
    <item id="g0" content="c2[0:66]" alignment="p1"/>
  </tier>
  <tier id="t" type="translations" content="c">
    <item id="t0" content="c5[0:43]" alignment="p1"/>
  </tier>
</igt>
<igt id="i5043">
  <metadata type="xigt-meta">
    <meta type="language" name="gengbe" iso-639-3="gej" tiers="phrases words morphemes"/>
    <meta type="language" name="English" iso-639-3="eng" tiers="translations"/>
    <meta type="odin-source" doc-id="3342" line-range="1055-1058" line-types="L+CR L+AC+LN+CR G T"/>
  </metadata>
  <tier id="o" type="odin-raw">
    <item id="o1" line="1055" tag="L+CR">                 e/ le~ ekplO$-a ji.</item>
    <item id="o2" line="1056" tag="L+AC+LN+CR">  (20)   Gen                                        (Gengbe. Jondoh 1980:46)</item>
    <item id="o3" line="1057" tag="G">                 it    be table-the on.</item>
    <item id="o4" line="1058" tag="T">                 `It's on the table.'</item>
  </tier>
  <tier id="c" type="odin-clean">
    <item id="c1" line="1055 1056" tag="L+CR+AC+LN">Gen     e/ le~ ekplO$-a ji.                (Gengbe. Jondoh 1980:46</item>
    <item id="c3" line="1057" tag="G">it    be table-the on.</item>
    <item id="c4" line="1058" tag="T">It's on the table.</item>
  </tier>
  <tier id="p" type="phrases" content="c">
    <item id="p0" content="c1[0:66]"/>
  </tier>
  <tier id="g" type="glosses" content="c">
    <item id="g0" content="c3[0:22]" alignment="p1"/>
  </tier>
  <tier id="t" type="translations" content="c">
    <item id="t0" content="c4[0:18]" alignment="p1"/>
  </tier>
</igt>
<igt id="i5047">
  <metadata type="xigt-meta">
    <meta type="language" name="gengbe" iso-639-3="gej" tiers="phrases words morphemes"/>
    <meta type="language" name="English" iso-639-3="eng" tiers="translations"/>
    <meta type="odin-source" doc-id="3342" line-range="1102-1105" line-types="L+AC+LN+CR L+CR G T"/>
  </metadata>
  <tier id="o" type="odin-raw">
    <item id="o1" line="1102" tag="L+AC+LN+CR">  (23)     ?   l?     téü              du     gàl?(Gengbe: Jondoh, p. 52)</item>
    <item id="o2" line="1103" tag="L+CR">                                nO</item>
    <item id="o3" line="1104" tag="G">           he FUT       can     PROG eat        gali.</item>
    <item id="o4" line="1105" tag="T">           "He will be able to eat gali"</item>
  </tier>
  <tier id="c" type="odin-clean">
    <item id="c1" line="1102 1103" tag="L+AC+LN+CR">?   l?     téü     nO       du     gàl?(Gengbe: Jondoh, p. 52</item>
    <item id="c3" line="1104" tag="G">he FUT       can     PROG eat        gali.</item>
    <item id="c4" line="1105" tag="T">He will be able to eat gali</item>
  </tier>
  <tier id="p" type="phrases" content="c">
    <item id="p0" content="c1[0:61]"/>
  </tier>
  <tier id="g" type="glosses" content="c">
    <item id="g0" content="c3[0:42]" alignment="p1"/>
  </tier>
  <tier id="t" type="translations" content="c">
    <item id="t0" content="c4[0:27]" alignment="p1"/>
  </tier>
</igt>
<igt id="i126107">
  <metadata type="xigt-meta">
    <meta type="language" name="minagbe" iso-639-3="gej" tiers="phrases words morphemes"/>
    <meta type="language" name="English" iso-639-3="eng" tiers="translations"/>
    <meta type="odin-source" doc-id="3479" line-range="1561-1565" line-types="M+LN+DB L+DB+CR L+DB+CR G+DB T+DB"/>
  </metadata>
  <tier id="o" type="odin-raw">
    <item id="o1" line="1561" tag="M+LN+DB">               MónÅgbå                                                               Gångbå</item>
    <item id="o2" line="1562" tag="L+DB+CR">               M lå Åbl£ Ý- .   `                                                    K§fó sÅ-nÅ     ÅglÄn.</item>
    <item id="o3" line="1563" tag="L+DB+CR">  (91) a.                                                               (92) a.</item>
    <item id="o4" line="1564" tag="G+DB">               1S AUX Åbl£ eat- NOM                                                  K. sell - HAB crab</item>
    <item id="o5" line="1565" tag="T+DB">               `I am/was eating Åbl£ '                                               `K §fó habitually sells/sold crabs'</item>
  </tier>
  <tier id="c" type="odin-clean">
    <item id="c1" line="1561 1563" tag="M+LN+DB+L+CR">MónÅgbå                                               (92) a.         Gångbå</item>
    <item id="c4" line="1564" tag="G+DB">1S AUX Åbl£ eat-NOM                                                  K. sell-HAB crab</item>
    <item id="c5" line="1565" tag="T+DB">I am/was eating Åbl£ '                                               `K §fó habitually sells/sold crabs</item>
  </tier>
  <tier id="p" type="phrases" content="c">
    <item id="p0" content="c1[0:76]"/>
  </tier>
  <tier id="g" type="glosses" content="c">
    <item id="g0" content="c4[0:85]" alignment="p1"/>
  </tier>
  <tier id="t" type="translations" content="c">
    <item id="t0" content="c5[0:103]" alignment="p1"/>
  </tier>
</igt>
<igt id="i132389">
  <metadata type="xigt-meta">
    <meta type="language" name="gengbe" iso-639-3="gej" tiers="phrases words morphemes"/>
    <meta type="language" name="English" iso-639-3="eng" tiers="translations"/>
    <meta type="odin-source" doc-id="182" line-range="174-176" line-types="L+LN G T"/>
  </metadata>
  <tier id="o" type="odin-raw">
    <item id="o1" line="174" tag="L+LN">  (5) a. Kòfí *(mú) `ù              nú    *(ò)          [Gengbe]</item>
    <item id="o2" line="175" tag="G">         Kofi Neg eat               thing Neg</item>
    <item id="o3" line="176" tag="T">         'Kofi did not eat'</item>
  </tier>
  <tier id="c" type="odin-clean">
    <item id="c1" line="174" tag="L+LN">Kòfí *(mú) `ù              nú    *(ò)          [Gengbe]</item>
    <item id="c2" line="175" tag="G">Kofi Neg eat               thing Neg</item>
    <item id="c3" line="176" tag="T">Kofi did not eat</item>
  </tier>
  <tier id="p" type="phrases" content="c">
    <item id="p0" content="c1[0:55]"/>
  </tier>
  <tier id="g" type="glosses" content="c">
    <item id="g0" content="c2[0:36]" alignment="p1"/>
  </tier>
  <tier id="t" type="translations" content="c">
    <item id="t0" content="c3[0:16]" alignment="p1"/>
  </tier>
</igt>
<igt id="i133233">
  <metadata type="xigt-meta">
    <meta type="language" name="gengbe" iso-639-3="gej" tiers="phrases words morphemes"/>
    <meta type="language" name="English" iso-639-3="eng" tiers="translations"/>
    <meta type="odin-source" doc-id="180.txt" line-range="52-54" line-types="L+LN G T"/>
  </metadata>
  <tier id="o" type="odin-raw">
    <item id="o1" line="52" tag="L+LN">   (5) a. Kòfí           *(mú) ù       nú    *(ò)                       [Gengbe]</item>
    <item id="o2" line="53" tag="G">           Kofi          Neg eat       thing Neg</item>
    <item id="o3" line="54" tag="T">           'Kofi did not eat'</item>
  </tier>
  <tier id="c" type="odin-clean">
    <item id="c1" line="52" tag="L+LN">Kòfí           *(mú) ù       nú    *(ò)                       [Gengbe]</item>
    <item id="c2" line="53" tag="G">Kofi          Neg eat       thing Neg</item>
    <item id="c3" line="54" tag="T">Kofi did not eat</item>
  </tier>
  <tier id="p" type="phrases" content="c">
    <item id="p0" content="c1[0:70]"/>
  </tier>
  <tier id="g" type="glosses" content="c">
    <item id="g0" content="c2[0:37]" alignment="p1"/>
  </tier>
  <tier id="t" type="translations" content="c">
    <item id="t0" content="c3[0:16]" alignment="p1"/>
  </tier>
</igt>
</xigt-corpus>
