<?xml version="1.0" encoding="UTF-8"?>
<xigt-corpus>
<igt id="i29169">
  <metadata type="xigt-meta">
    <meta type="language" name="patpatar" iso-639-3="gfk" tiers="phrases words morphemes"/>
    <meta type="language" name="English" iso-639-3="eng" tiers="translations"/>
    <meta type="odin-source" doc-id="2791" line-range="483-483" line-types="L-T+LN"/>
  </metadata>
  <tier id="o" type="odin-raw">
    <item id="o1" line="483" tag="L-T+LN">                            Patpatar             ma-malum    `soft'</item>
  </tier>
  <tier id="c" type="odin-clean">
    <item id="c1" line="483" tag="L-T+LN">Patpatar             ma-malum    `soft</item>
  </tier>
</igt>
</xigt-corpus>
