<?xml version="1.0" encoding="UTF-8"?>
<xigt-corpus>
<igt id="i18623">
  <metadata type="xigt-meta">
    <meta type="language" name="ganoqa" iso-639-3="ghn" tiers="phrases words morphemes"/>
    <meta type="language" name="English" iso-639-3="eng" tiers="translations"/>
    <meta type="odin-source" doc-id="2916" line-range="493-495" line-types="L G T+AC+LN"/>
  </metadata>
  <tier id="o" type="odin-raw">
    <item id="o1" line="493" tag="L">  (36)   a. ñuma dia              pa     leo       ivere</item>
    <item id="o2" line="494" tag="G">            sit      3PL.ABS LOC inside sea</item>
    <item id="o3" line="495" tag="T+AC+LN">            `They stayed sitting inside the sea.' (Ganoqa - Kettle 2000:197)</item>
  </tier>
  <tier id="c" type="odin-clean">
    <item id="c1" line="493" tag="L">ñuma dia              pa     leo       ivere</item>
    <item id="c2" line="494" tag="G">sit      3PL.ABS LOC inside sea</item>
    <item id="c3" line="495" tag="T+AC+LN">They stayed sitting inside the sea.' (Ganoqa-Kettle 2000:197)</item>
  </tier>
  <tier id="p" type="phrases" content="c">
    <item id="p0" content="c1[0:44]"/>
  </tier>
  <tier id="g" type="glosses" content="c">
    <item id="g0" content="c2[0:31]" alignment="p1"/>
  </tier>
  <tier id="t" type="translations" content="c">
    <item id="t0" content="c3[0:61]" alignment="p1"/>
  </tier>
</igt>
<igt id="i18624">
  <metadata type="xigt-meta">
    <meta type="language" name="ganoqa" iso-639-3="ghn" tiers="phrases words morphemes"/>
    <meta type="language" name="English" iso-639-3="eng" tiers="translations"/>
    <meta type="odin-source" doc-id="2916" line-range="497-499" line-types="L G T+AC+LN"/>
  </metadata>
  <tier id="o" type="odin-raw">
    <item id="o1" line="497" tag="L">         b. mana          va-keni nana</item>
    <item id="o2" line="498" tag="G">            IRR.1SGS CS-go          3SG.ABS</item>
    <item id="o3" line="499" tag="T+AC+LN">            `[How] will I make it go away?' (Ganoqa - Kettle 2000:194)</item>
  </tier>
  <tier id="c" type="odin-clean">
    <item id="c1" line="497" tag="L">mana          va-keni nana</item>
    <item id="c2" line="498" tag="G">IRR.1SGS CS-go          3SG.ABS</item>
    <item id="c3" line="499" tag="T+AC+LN">[How] will I make it go away?' (Ganoqa-Kettle 2000:194)</item>
  </tier>
  <tier id="p" type="phrases" content="c">
    <item id="p0" content="c1[0:26]"/>
  </tier>
  <tier id="g" type="glosses" content="c">
    <item id="g0" content="c2[0:31]" alignment="p1"/>
  </tier>
  <tier id="t" type="translations" content="c">
    <item id="t0" content="c3[0:55]" alignment="p1"/>
  </tier>
</igt>
<igt id="i18661">
  <metadata type="xigt-meta">
    <meta type="language" name="ganoqa" iso-639-3="ghn" tiers="phrases words morphemes"/>
    <meta type="language" name="English" iso-639-3="eng" tiers="translations"/>
    <meta type="odin-source" doc-id="2916" line-range="964-966" line-types="L G T+AC+LN+DB"/>
  </metadata>
  <tier id="o" type="odin-raw">
    <item id="o1" line="964" tag="L">  (55)        ko      uke beto dia</item>
    <item id="o2" line="965" tag="G">              CONJ die finish DUR.3PL</item>
    <item id="o3" line="966" tag="T+AC+LN+DB">              `So they all died.' [ie. `So they were all dying to completion.'] (Ganoqa - Kettle 2000:191)</item>
  </tier>
  <tier id="c" type="odin-clean">
    <item id="c1" line="964" tag="L">ko      uke beto dia</item>
    <item id="c2" line="965" tag="G">CONJ die finish DUR.3PL</item>
    <item id="c3" line="966" tag="T+AC+LN+DB">So they all died.' [ie. `So they were all dying to completion.'] (Ganoqa-Kettle 2000:191)</item>
  </tier>
  <tier id="p" type="phrases" content="c">
    <item id="p0" content="c1[0:20]"/>
  </tier>
  <tier id="g" type="glosses" content="c">
    <item id="g0" content="c2[0:23]" alignment="p1"/>
  </tier>
  <tier id="t" type="translations" content="c">
    <item id="t0" content="c3[0:89]" alignment="p1"/>
  </tier>
</igt>
<igt id="i18662">
  <metadata type="xigt-meta">
    <meta type="language" name="ganoqa" iso-639-3="ghn" tiers="phrases words morphemes"/>
    <meta type="language" name="English" iso-639-3="eng" tiers="translations"/>
    <meta type="odin-source" doc-id="2916" line-range="971-973" line-types="L G T+AC+LN"/>
  </metadata>
  <tier id="o" type="odin-raw">
    <item id="o1" line="971" tag="L">  (56)   a. beto       gari         puta ghe-di</item>
    <item id="o2" line="972" tag="G">            and.then RL.3PLS sleep AUX-3PLS</item>
    <item id="o3" line="973" tag="T+AC+LN">            `Then they slept.' (Ganoqa - Kettle 2000:191)</item>
  </tier>
  <tier id="c" type="odin-clean">
    <item id="c1" line="971" tag="L">beto       gari         puta ghe-di</item>
    <item id="c2" line="972" tag="G">and.then RL.3PLS sleep AUX-3PLS</item>
    <item id="c3" line="973" tag="T+AC+LN">Then they slept.' (Ganoqa-Kettle 2000:191)</item>
  </tier>
  <tier id="p" type="phrases" content="c">
    <item id="p0" content="c1[0:35]"/>
  </tier>
  <tier id="g" type="glosses" content="c">
    <item id="g0" content="c2[0:31]" alignment="p1"/>
  </tier>
  <tier id="t" type="translations" content="c">
    <item id="t0" content="c3[0:42]" alignment="p1"/>
  </tier>
</igt>
<igt id="i18663">
  <metadata type="xigt-meta">
    <meta type="language" name="ganoqa" iso-639-3="ghn" tiers="phrases words morphemes"/>
    <meta type="language" name="English" iso-639-3="eng" tiers="translations"/>
    <meta type="odin-source" doc-id="2916" line-range="975-977" line-types="L G T+AC+LN"/>
  </metadata>
  <tier id="o" type="odin-raw">
    <item id="o1" line="975" tag="L">         b. ge              vari-teku        ghe-di        ari-kori</item>
    <item id="o2" line="976" tag="G">            RL.3PLS         RECIP-take       AUX-3PLS they-DL</item>
    <item id="o3" line="977" tag="T+AC+LN">            `They two fought each other honourably.' (Ganoqa - Kettle 2000:192)</item>
  </tier>
  <tier id="c" type="odin-clean">
    <item id="c1" line="975" tag="L">ge              vari-teku        ghe-di        ari-kori</item>
    <item id="c2" line="976" tag="G">RL.3PLS         RECIP-take       AUX-3PLS they-DL</item>
    <item id="c3" line="977" tag="T+AC+LN">They two fought each other honourably.' (Ganoqa-Kettle 2000:192)</item>
  </tier>
  <tier id="p" type="phrases" content="c">
    <item id="p0" content="c1[0:55]"/>
  </tier>
  <tier id="g" type="glosses" content="c">
    <item id="g0" content="c2[0:49]" alignment="p1"/>
  </tier>
  <tier id="t" type="translations" content="c">
    <item id="t0" content="c3[0:64]" alignment="p1"/>
  </tier>
</igt>
</xigt-corpus>
