<?xml version="1.0" encoding="UTF-8"?>
<xigt-corpus>
<igt id="i48740">
  <metadata type="xigt-meta">
    <meta type="language" name="kiribati" iso-639-3="gil" tiers="phrases words morphemes"/>
    <meta type="language" name="English" iso-639-3="eng" tiers="translations"/>
    <meta type="odin-source" doc-id="3422" line-range="105-108" line-types="L+LN M+SY G T"/>
  </metadata>
  <tier id="o" type="odin-raw">
    <item id="o1" line="105" tag="L+LN">  (6)    E      kamatea         [te naeta]     [te moa]                           (Kiribati)</item>
    <item id="o2" line="106" tag="M+SY">                V               O              S</item>
    <item id="o3" line="107" tag="G">         3SG doden:3SG          de slang       de kip</item>
    <item id="o4" line="108" tag="T">         `De kip doodde de    slang.'</item>
  </tier>
  <tier id="c" type="odin-clean">
    <item id="c1" line="105" tag="L+LN">E      kamatea         [te naeta]     [te moa]                           (Kiribati</item>
    <item id="c2" line="106" tag="M+SY">V               O              S</item>
    <item id="c3" line="107" tag="G">3SG doden:3SG          de slang       de kip</item>
    <item id="c4" line="108" tag="T">De kip doodde de    slang.</item>
  </tier>
  <tier id="p" type="phrases" content="c">
    <item id="p0" content="c1[0:82]"/>
  </tier>
  <tier id="g" type="glosses" content="c">
    <item id="g0" content="c3[0:44]" alignment="p1"/>
  </tier>
  <tier id="t" type="translations" content="c">
    <item id="t0" content="c4[0:26]" alignment="p1"/>
  </tier>
</igt>
<igt id="i73248">
  <metadata type="xigt-meta">
    <meta type="language" name="kiribatese" iso-639-3="gil" tiers="phrases words morphemes"/>
    <meta type="language" name="English" iso-639-3="eng" tiers="translations"/>
    <meta type="odin-source" doc-id="990" line-range="310-312" line-types="L G T"/>
  </metadata>
  <tier id="o" type="odin-raw">
    <item id="o1" line="310" tag="L">  (20) a. te atiibu</item>
    <item id="o2" line="311" tag="G">              SG stone</item>
    <item id="o3" line="312" tag="T">              `a stone, the stone'</item>
  </tier>
  <tier id="c" type="odin-clean">
    <item id="c1" line="310" tag="L">te atiibu</item>
    <item id="c2" line="311" tag="G">SG stone</item>
    <item id="c3" line="312" tag="T">a stone, the stone</item>
  </tier>
  <tier id="p" type="phrases" content="c">
    <item id="p0" content="c1[0:9]"/>
  </tier>
  <tier id="g" type="glosses" content="c">
    <item id="g0" content="c2[0:8]" alignment="p1"/>
  </tier>
  <tier id="t" type="translations" content="c">
    <item id="t0" content="c3[0:18]" alignment="p1"/>
  </tier>
</igt>
<igt id="i73249">
  <metadata type="xigt-meta">
    <meta type="language" name="kiribatese" iso-639-3="gil" tiers="phrases words morphemes"/>
    <meta type="language" name="English" iso-639-3="eng" tiers="translations"/>
    <meta type="odin-source" doc-id="990" line-range="313-315" line-types="L G T"/>
  </metadata>
  <tier id="o" type="odin-raw">
    <item id="o1" line="313" tag="L">         b. taian atiibu</item>
    <item id="o2" line="314" tag="G">              PLUR stone</item>
    <item id="o3" line="315" tag="T">              `stones, some stones, the stones'</item>
  </tier>
  <tier id="c" type="odin-clean">
    <item id="c1" line="313" tag="L">taian atiibu</item>
    <item id="c2" line="314" tag="G">PLUR stone</item>
    <item id="c3" line="315" tag="T">stones, some stones, the stones</item>
  </tier>
  <tier id="p" type="phrases" content="c">
    <item id="p0" content="c1[0:12]"/>
  </tier>
  <tier id="g" type="glosses" content="c">
    <item id="g0" content="c2[0:10]" alignment="p1"/>
  </tier>
  <tier id="t" type="translations" content="c">
    <item id="t0" content="c3[0:31]" alignment="p1"/>
  </tier>
</igt>
<igt id="i136164">
  <metadata type="xigt-meta">
    <meta type="language" name="gilbertese" iso-639-3="gil" tiers="phrases words morphemes"/>
    <meta type="language" name="English" iso-639-3="eng" tiers="translations"/>
    <meta type="odin-source" doc-id="3751" line-range="2570-2578" line-types="M+LN B L B G+CR G+CR+SY B B T"/>
  </metadata>
  <tier id="o" type="odin-raw">
    <item id="o1" line="2570" tag="M+LN">  (51) Gilbertese (Austronesian: Gilbert Island)</item>
    <item id="o2" line="2571" tag="B"></item>
    <item id="o3" line="2572" tag="L">       a.   e         kamate-a te           naeta   te    moa</item>
    <item id="o4" line="2573" tag="B"></item>
    <item id="o5" line="2574" tag="G+CR">                      kill-3SG       [the   snake]j [the chicken]</item>
    <item id="o6" line="2575" tag="G+CR+SY">            3SG   i              j                                   i</item>
    <item id="o7" line="2576" tag="B"></item>
    <item id="o8" line="2577" tag="B"></item>
    <item id="o9" line="2578" tag="T">            `The chicken killed the snake.'</item>
  </tier>
  <tier id="c" type="odin-clean">
    <item id="c1" line="2570" tag="M+LN">Gilbertese (Austronesian: Gilbert Island</item>
    <item id="c2" line="2571" tag="B"/>
    <item id="c3" line="2572" tag="L">e         kamate-a te           naeta   te    moa</item>
    <item id="c4" line="2573" tag="B"/>
    <item id="c5" line="2574 2575" tag="G+CR+SY">3SG   i   kill-3SG   j   [the   snake]j [the chicken]    i</item>
    <item id="c7" line="2576" tag="B"/>
    <item id="c8" line="2577" tag="B"/>
    <item id="c9" line="2578" tag="T">The chicken killed the snake.</item>
  </tier>
  <tier id="p" type="phrases" content="c">
    <item id="p0" content="c3[0:49]"/>
  </tier>
  <tier id="g" type="glosses" content="c">
    <item id="g0" content="c5[0:58]" alignment="p1"/>
  </tier>
  <tier id="t" type="translations" content="c">
    <item id="t0" content="c9[0:29]" alignment="p1"/>
  </tier>
</igt>
<igt id="i136165">
  <metadata type="xigt-meta">
    <meta type="language" name="gilbertese" iso-639-3="gil" tiers="phrases words morphemes"/>
    <meta type="language" name="English" iso-639-3="eng" tiers="translations"/>
    <meta type="odin-source" doc-id="3751" line-range="2580-2587" line-types="L B G+CR+SY G+CR G+CR+SY B B T"/>
  </metadata>
  <tier id="o" type="odin-raw">
    <item id="o1" line="2580" tag="L">       b.   e         kamate-aki te           naeta      (iroun te       moa)</item>
    <item id="o2" line="2581" tag="B"></item>
    <item id="o3" line="2582" tag="G+CR+SY">                      kill-            [the snake]j (by         the chicken)</item>
    <item id="o4" line="2583" tag="G+CR">            3SG               PASS</item>
    <item id="o5" line="2584" tag="G+CR+SY">                  j</item>
    <item id="o6" line="2585" tag="B"></item>
    <item id="o7" line="2586" tag="B"></item>
    <item id="o8" line="2587" tag="T">            `The snake was killed (by the chicken).'</item>
  </tier>
  <tier id="c" type="odin-clean">
    <item id="c1" line="2580" tag="L">e         kamate-aki te           naeta      (iroun te       moa)</item>
    <item id="c2" line="2581" tag="B"/>
    <item id="c3" line="2582 2583 2584" tag="G+CR+SY">3SG   j   kill-PASS     [the snake]j (by         the chicken)</item>
    <item id="c6" line="2585" tag="B"/>
    <item id="c7" line="2586" tag="B"/>
    <item id="c8" line="2587" tag="T">The snake was killed (by the chicken).</item>
  </tier>
  <tier id="p" type="phrases" content="c">
    <item id="p0" content="c1[0:65]"/>
  </tier>
  <tier id="g" type="glosses" content="c">
    <item id="g0" content="c3[0:61]" alignment="p1"/>
  </tier>
  <tier id="t" type="translations" content="c">
    <item id="t0" content="c8[0:38]" alignment="p1"/>
  </tier>
</igt>
</xigt-corpus>
