<?xml version="1.0" encoding="UTF-8"?>
<xigt-corpus>
<igt id="i19390">
  <metadata type="xigt-meta">
    <meta type="language" name="galician" iso-639-3="glg" tiers="phrases words morphemes"/>
    <meta type="language" name="English" iso-639-3="eng" tiers="translations"/>
    <meta type="odin-source" doc-id="2917" line-range="1469-1471" line-types="L M T"/>
  </metadata>
  <tier id="o" type="odin-raw">
    <item id="o1" line="1469" tag="L">          (ii) ( Sabes?) Mandéi-che--lle unha carta a Bush</item>
    <item id="o2" line="1470" tag="M">                                 2sgD 3sgD</item>
    <item id="o3" line="1471" tag="T">               '(Do you know?) I sent a letter to Bush'</item>
  </tier>
  <tier id="c" type="odin-clean">
    <item id="c1" line="1469" tag="L">( Sabes?) Mandéi-che--lle unha carta a Bush</item>
    <item id="c2" line="1470" tag="M">2sgD 3sgD</item>
    <item id="c3" line="1471" tag="T">(Do you know?) I sent a letter to Bush</item>
  </tier>
  <tier id="p" type="phrases" content="c">
    <item id="p0" content="c1[0:43]"/>
  </tier>
  <tier id="t" type="translations" content="c">
    <item id="t0" content="c3[0:38]" alignment="p1"/>
  </tier>
</igt>
<igt id="i19391">
  <metadata type="xigt-meta">
    <meta type="language" name="galician" iso-639-3="glg" tiers="phrases words morphemes"/>
    <meta type="language" name="English" iso-639-3="eng" tiers="translations"/>
    <meta type="odin-source" doc-id="2917" line-range="1472-1474" line-types="L M T"/>
  </metadata>
  <tier id="o" type="odin-raw">
    <item id="o1" line="1472" tag="L">          (iii) o Xoan é -che un tonto</item>
    <item id="o2" line="1473" tag="M">                          2sgD</item>
    <item id="o3" line="1474" tag="T">                'John is an idiot '</item>
  </tier>
  <tier id="c" type="odin-clean">
    <item id="c1" line="1472" tag="L">o Xoan é-che un tonto</item>
    <item id="c2" line="1473" tag="M">2sgD</item>
    <item id="c3" line="1474" tag="T">John is an idiot</item>
  </tier>
  <tier id="p" type="phrases" content="c">
    <item id="p0" content="c1[0:21]"/>
  </tier>
  <tier id="t" type="translations" content="c">
    <item id="t0" content="c3[0:16]" alignment="p1"/>
  </tier>
</igt>
<igt id="i24117">
  <metadata type="xigt-meta">
    <meta type="language" name="galician" iso-639-3="glg" tiers="phrases words morphemes"/>
    <meta type="language" name="English" iso-639-3="eng" tiers="translations"/>
    <meta type="odin-source" doc-id="1265" line-range="596-598" line-types="L G T"/>
  </metadata>
  <tier id="o" type="odin-raw">
    <item id="o1" line="596" tag="L">  (22) G a.         Sonvos bo de tratar</item>
    <item id="o2" line="597" tag="G">                    am.I-you good of treat</item>
    <item id="o3" line="598" tag="T">                    `I, you know, am easy to deal with'</item>
  </tier>
  <tier id="c" type="odin-clean">
    <item id="c1" line="596" tag="L">G a.         Sonvos bo de tratar</item>
    <item id="c2" line="597" tag="G">am.I-you good of treat</item>
    <item id="c3" line="598" tag="T">I, you know, am easy to deal with</item>
  </tier>
  <tier id="p" type="phrases" content="c">
    <item id="p0" content="c1[0:32]"/>
  </tier>
  <tier id="g" type="glosses" content="c">
    <item id="g0" content="c2[0:22]" alignment="p1"/>
  </tier>
  <tier id="t" type="translations" content="c">
    <item id="t0" content="c3[0:33]" alignment="p1"/>
  </tier>
</igt>
<igt id="i24118">
  <metadata type="xigt-meta">
    <meta type="language" name="galician" iso-639-3="glg" tiers="phrases words morphemes"/>
    <meta type="language" name="English" iso-639-3="eng" tiers="translations"/>
    <meta type="odin-source" doc-id="1265" line-range="599-601" line-types="L G T"/>
  </metadata>
  <tier id="o" type="odin-raw">
    <item id="o1" line="599" tag="L">       G b.         Ouvimo-lo.</item>
    <item id="o2" line="600" tag="G">                    hear.we-it</item>
    <item id="o3" line="601" tag="T">                    `We hear it'</item>
  </tier>
  <tier id="c" type="odin-clean">
    <item id="c1" line="599" tag="L">G b.         Ouvimo-lo.</item>
    <item id="c2" line="600" tag="G">hear.we-it</item>
    <item id="c3" line="601" tag="T">We hear it</item>
  </tier>
  <tier id="p" type="phrases" content="c">
    <item id="p0" content="c1[0:23]"/>
  </tier>
  <tier id="g" type="glosses" content="c">
    <item id="g0" content="c2[0:10]" alignment="p1"/>
  </tier>
  <tier id="t" type="translations" content="c">
    <item id="t0" content="c3[0:10]" alignment="p1"/>
  </tier>
</igt>
<igt id="i41853">
  <metadata type="xigt-meta">
    <meta type="language" name="galician" iso-639-3="glg" tiers="phrases words morphemes"/>
    <meta type="language" name="English" iso-639-3="eng" tiers="translations"/>
    <meta type="odin-source" doc-id="3512" line-range="8366-8369" line-types="L G T M+LN"/>
  </metadata>
  <tier id="o" type="odin-raw">
    <item id="o1" line="8366" tag="L">  13. a. será difícil        [eles aprovar-em            a      proposta]</item>
    <item id="o2" line="8367" tag="G">         be.fut difficult they approve.inf.3p the               proposal</item>
    <item id="o3" line="8368" tag="T">         `It will be difficult for them to approve the proposal.'</item>
    <item id="o4" line="8369" tag="M+LN">                                                    (European Portuguese, Raposo 1987)</item>
  </tier>
  <tier id="c" type="odin-clean">
    <item id="c1" line="8366" tag="L">a. será difícil        [eles aprovar-em            a      proposta]</item>
    <item id="c2" line="8367" tag="G">be.fut difficult they approve.inf.3p the               proposal</item>
    <item id="c3" line="8368" tag="T">It will be difficult for them to approve the proposal.</item>
    <item id="c4" line="8369" tag="M+LN">European Portuguese, Raposo 1987</item>
  </tier>
  <tier id="p" type="phrases" content="c">
    <item id="p0" content="c1[0:67]"/>
  </tier>
  <tier id="g" type="glosses" content="c">
    <item id="g0" content="c2[0:63]" alignment="p1"/>
  </tier>
  <tier id="t" type="translations" content="c">
    <item id="t0" content="c3[0:54]" alignment="p1"/>
  </tier>
</igt>
<igt id="i100859">
  <metadata type="xigt-meta">
    <meta type="language" name="galician" iso-639-3="glg" tiers="phrases words morphemes"/>
    <meta type="language" name="English" iso-639-3="eng" tiers="translations"/>
    <meta type="odin-source" doc-id="1332" line-range="11243-11245" line-types="L G T"/>
  </metadata>
  <tier id="o" type="odin-raw">
    <item id="o1" line="11243" tag="L">  (41) DDC a.        Xan botou o cuxoi ái nai</item>
    <item id="o2" line="11244" tag="G">                     Xan threw the calf to-the mother</item>
    <item id="o3" line="11245" tag="T">                     `Xan brought the calf to his (own) mother.'</item>
  </tier>
  <tier id="c" type="odin-clean">
    <item id="c1" line="11243" tag="L">DDC a.        Xan botou o cuxoi ái nai</item>
    <item id="c2" line="11244" tag="G">Xan threw the calf to-the mother</item>
    <item id="c3" line="11245" tag="T">Xan brought the calf to his (own) mother.</item>
  </tier>
  <tier id="p" type="phrases" content="c">
    <item id="p0" content="c1[0:38]"/>
  </tier>
  <tier id="g" type="glosses" content="c">
    <item id="g0" content="c2[0:32]" alignment="p1"/>
  </tier>
  <tier id="t" type="translations" content="c">
    <item id="t0" content="c3[0:41]" alignment="p1"/>
  </tier>
</igt>
<igt id="i100860">
  <metadata type="xigt-meta">
    <meta type="language" name="galician" iso-639-3="glg" tiers="phrases words morphemes"/>
    <meta type="language" name="English" iso-639-3="eng" tiers="translations"/>
    <meta type="odin-source" doc-id="1332" line-range="11246-11248" line-types="L G T"/>
  </metadata>
  <tier id="o" type="odin-raw">
    <item id="o1" line="11246" tag="L">               b.    *Xan botou oi fillo ái vaca</item>
    <item id="o2" line="11247" tag="G">                      Xan threw the son to-the cow</item>
    <item id="o3" line="11248" tag="T">                      `Xan brought her (own) son to the calf.'</item>
  </tier>
  <tier id="c" type="odin-clean">
    <item id="c1" line="11246" tag="L">*Xan botou oi fillo ái vaca</item>
    <item id="c2" line="11247" tag="G">Xan threw the son to-the cow</item>
    <item id="c3" line="11248" tag="T">Xan brought her (own) son to the calf.</item>
  </tier>
  <tier id="p" type="phrases" content="c">
    <item id="p0" content="c1[0:27]"/>
  </tier>
  <tier id="g" type="glosses" content="c">
    <item id="g0" content="c2[0:28]" alignment="p1"/>
  </tier>
  <tier id="t" type="translations" content="c">
    <item id="t0" content="c3[0:38]" alignment="p1"/>
  </tier>
</igt>
<igt id="i100861">
  <metadata type="xigt-meta">
    <meta type="language" name="galician" iso-639-3="glg" tiers="phrases words morphemes"/>
    <meta type="language" name="English" iso-639-3="eng" tiers="translations"/>
    <meta type="odin-source" doc-id="1332" line-range="11249-11252" line-types="L+CR L+CR G T"/>
  </metadata>
  <tier id="o" type="odin-raw">
    <item id="o1" line="11249" tag="L+CR">                     Xan botou-lle á vacai oi fillo</item>
    <item id="o2" line="11250" tag="L+CR">       DOC c.</item>
    <item id="o3" line="11251" tag="G">                     Xan threw-it to-the cow the son</item>
    <item id="o4" line="11252" tag="T">                     `Xan brought the cow her (own) son.'</item>
  </tier>
  <tier id="c" type="odin-clean">
    <item id="c1" line="11249 11250" tag="L+CR">DOC c.        Xan botou-lle á vacai oi fillo</item>
    <item id="c3" line="11251" tag="G">Xan threw-it to-the cow the son</item>
    <item id="c4" line="11252" tag="T">Xan brought the cow her (own) son.</item>
  </tier>
  <tier id="p" type="phrases" content="c">
    <item id="p0" content="c1[0:44]"/>
  </tier>
  <tier id="g" type="glosses" content="c">
    <item id="g0" content="c3[0:31]" alignment="p1"/>
  </tier>
  <tier id="t" type="translations" content="c">
    <item id="t0" content="c4[0:34]" alignment="p1"/>
  </tier>
</igt>
<igt id="i100862">
  <metadata type="xigt-meta">
    <meta type="language" name="galician" iso-639-3="glg" tiers="phrases words morphemes"/>
    <meta type="language" name="English" iso-639-3="eng" tiers="translations"/>
    <meta type="odin-source" doc-id="1332" line-range="11253-11256" line-types="L+CR L+CR G T"/>
  </metadata>
  <tier id="o" type="odin-raw">
    <item id="o1" line="11253" tag="L+CR">                     *Xan botou-lle ái nai o cuxoi</item>
    <item id="o2" line="11254" tag="L+CR">               d.</item>
    <item id="o3" line="11255" tag="G">                     Xan threw-it to-the mother the calf</item>
    <item id="o4" line="11256" tag="T">                     `Xan brought his (own) mother the calf.'</item>
  </tier>
  <tier id="c" type="odin-clean">
    <item id="c1" line="11253 11254" tag="L+CR">*Xan botou-lle ái nai o cuxoi</item>
    <item id="c3" line="11255" tag="G">Xan threw-it to-the mother the calf</item>
    <item id="c4" line="11256" tag="T">Xan brought his (own) mother the calf.</item>
  </tier>
  <tier id="p" type="phrases" content="c">
    <item id="p0" content="c1[0:29]"/>
  </tier>
  <tier id="g" type="glosses" content="c">
    <item id="g0" content="c3[0:35]" alignment="p1"/>
  </tier>
  <tier id="t" type="translations" content="c">
    <item id="t0" content="c4[0:38]" alignment="p1"/>
  </tier>
</igt>
<igt id="i100863">
  <metadata type="xigt-meta">
    <meta type="language" name="galician" iso-639-3="glg" tiers="phrases words morphemes"/>
    <meta type="language" name="English" iso-639-3="eng" tiers="translations"/>
    <meta type="odin-source" doc-id="1332" line-range="11257-11260" line-types="L+CR L+CR G T"/>
  </metadata>
  <tier id="o" type="odin-raw">
    <item id="o1" line="11257" tag="L+CR">                              cada xornali a seui dono</item>
    <item id="o2" line="11258" tag="L+CR">  (42) DDC a.        Din</item>
    <item id="o3" line="11259" tag="G">                     gave.I each pay      to its   owner</item>
    <item id="o4" line="11260" tag="T">                     `I gave each pay to its owner.'</item>
  </tier>
  <tier id="c" type="odin-clean">
    <item id="c1" line="11257 11258" tag="L+CR">DDC a.        Din      cada xornali a seui dono</item>
    <item id="c3" line="11259" tag="G">gave.I each pay      to its   owner</item>
    <item id="c4" line="11260" tag="T">I gave each pay to its owner.</item>
  </tier>
  <tier id="p" type="phrases" content="c">
    <item id="p0" content="c1[0:47]"/>
  </tier>
  <tier id="g" type="glosses" content="c">
    <item id="g0" content="c3[0:35]" alignment="p1"/>
  </tier>
  <tier id="t" type="translations" content="c">
    <item id="t0" content="c4[0:29]" alignment="p1"/>
  </tier>
</igt>
<igt id="i100864">
  <metadata type="xigt-meta">
    <meta type="language" name="galician" iso-639-3="glg" tiers="phrases words morphemes"/>
    <meta type="language" name="English" iso-639-3="eng" tiers="translations"/>
    <meta type="odin-source" doc-id="1332" line-range="11261-11264" line-types="L B G T"/>
  </metadata>
  <tier id="o" type="odin-raw">
    <item id="o1" line="11261" tag="L">               b.    *Din      seui xornal a cada xornaleiro   i</item>
    <item id="o2" line="11262" tag="B"></item>
    <item id="o3" line="11263" tag="G">                      gave.I his pay      to each worker</item>
    <item id="o4" line="11264" tag="T">                      `I gave his pay to each worker.'</item>
  </tier>
  <tier id="c" type="odin-clean">
    <item id="c1" line="11261" tag="L">*Din      seui xornal a cada xornaleiro   i</item>
    <item id="c2" line="11262" tag="B"/>
    <item id="c3" line="11263" tag="G">gave.I his pay      to each worker</item>
    <item id="c4" line="11264" tag="T">I gave his pay to each worker.</item>
  </tier>
  <tier id="p" type="phrases" content="c">
    <item id="p0" content="c1[0:43]"/>
  </tier>
  <tier id="g" type="glosses" content="c">
    <item id="g0" content="c3[0:34]" alignment="p1"/>
  </tier>
  <tier id="t" type="translations" content="c">
    <item id="t0" content="c4[0:30]" alignment="p1"/>
  </tier>
</igt>
<igt id="i100865">
  <metadata type="xigt-meta">
    <meta type="language" name="galician" iso-639-3="glg" tiers="phrases words morphemes"/>
    <meta type="language" name="English" iso-639-3="eng" tiers="translations"/>
    <meta type="odin-source" doc-id="1332" line-range="11265-11267" line-types="L G T"/>
  </metadata>
  <tier id="o" type="odin-raw">
    <item id="o1" line="11265" tag="L">       DOC c.        Dinlle       a cada xornaleiroi seui xornal</item>
    <item id="o2" line="11266" tag="G">                     gave.I.him to each worker         his pay</item>
    <item id="o3" line="11267" tag="T">                     `I gave each worker his pay.'</item>
  </tier>
  <tier id="c" type="odin-clean">
    <item id="c1" line="11265" tag="L">DOC c.        Dinlle       a cada xornaleiroi seui xornal</item>
    <item id="c2" line="11266" tag="G">gave.I.him to each worker         his pay</item>
    <item id="c3" line="11267" tag="T">I gave each worker his pay.</item>
  </tier>
  <tier id="p" type="phrases" content="c">
    <item id="p0" content="c1[0:57]"/>
  </tier>
  <tier id="g" type="glosses" content="c">
    <item id="g0" content="c2[0:41]" alignment="p1"/>
  </tier>
  <tier id="t" type="translations" content="c">
    <item id="t0" content="c3[0:27]" alignment="p1"/>
  </tier>
</igt>
<igt id="i100866">
  <metadata type="xigt-meta">
    <meta type="language" name="galician" iso-639-3="glg" tiers="phrases words morphemes"/>
    <meta type="language" name="English" iso-639-3="eng" tiers="translations"/>
    <meta type="odin-source" doc-id="1332" line-range="11268-11271" line-types="L B G T"/>
  </metadata>
  <tier id="o" type="odin-raw">
    <item id="o1" line="11268" tag="L">               d.    *Dinlle       a seui dono cada xornal     i</item>
    <item id="o2" line="11269" tag="B"></item>
    <item id="o3" line="11270" tag="G">                      gave.I.him to its owner each pay</item>
    <item id="o4" line="11271" tag="T">                     `I gave its owner each pay.'</item>
  </tier>
  <tier id="c" type="odin-clean">
    <item id="c1" line="11268" tag="L">*Dinlle       a seui dono cada xornal     i</item>
    <item id="c2" line="11269" tag="B"/>
    <item id="c3" line="11270" tag="G">gave.I.him to its owner each pay</item>
    <item id="c4" line="11271" tag="T">I gave its owner each pay.</item>
  </tier>
  <tier id="p" type="phrases" content="c">
    <item id="p0" content="c1[0:43]"/>
  </tier>
  <tier id="g" type="glosses" content="c">
    <item id="g0" content="c3[0:32]" alignment="p1"/>
  </tier>
  <tier id="t" type="translations" content="c">
    <item id="t0" content="c4[0:26]" alignment="p1"/>
  </tier>
</igt>
<igt id="i101189">
  <metadata type="xigt-meta">
    <meta type="language" name="galician" iso-639-3="glg" tiers="phrases words morphemes"/>
    <meta type="language" name="English" iso-639-3="eng" tiers="translations"/>
    <meta type="odin-source" doc-id="1346" line-range="8068-8072" line-types="L+CR L+LN+CR G+CR G+CR T"/>
  </metadata>
  <tier id="o" type="odin-raw">
    <item id="o1" line="8068" tag="L+CR">  (149)   a. Xo´n ten un libro de Bello</item>
    <item id="o2" line="8069" tag="L+LN+CR">                a                                         Galician</item>
    <item id="o3" line="8070" tag="G+CR">             Xo´n has a book by Bello</item>
    <item id="o4" line="8071" tag="G+CR">                a</item>
    <item id="o5" line="8072" tag="T">             `Juan has a book by Bello'</item>
  </tier>
  <tier id="c" type="odin-clean">
    <item id="c1" line="8068" tag="L+CR">Xo´n ten un libro de Bello</item>
    <item id="c3" line="8070" tag="G+CR">Xo´n has a book by Bello</item>
    <item id="c5" line="8072" tag="T">Juan has a book by Bello</item>
  </tier>
  <tier id="p" type="phrases" content="c">
    <item id="p0" content="c1[0:26]"/>
  </tier>
  <tier id="g" type="glosses" content="c">
    <item id="g0" content="c3[0:24]" alignment="p1"/>
  </tier>
  <tier id="t" type="translations" content="c">
    <item id="t0" content="c5[0:24]" alignment="p1"/>
  </tier>
</igt>
<igt id="i101190">
  <metadata type="xigt-meta">
    <meta type="language" name="galician" iso-639-3="glg" tiers="phrases words morphemes"/>
    <meta type="language" name="English" iso-639-3="eng" tiers="translations"/>
    <meta type="odin-source" doc-id="1346" line-range="8073-8077" line-types="L+CR L+CR G+CR G+CR T"/>
  </metadata>
  <tier id="o" type="odin-raw">
    <item id="o1" line="8073" tag="L+CR">          b. Xo´n ten que</item>
    <item id="o2" line="8074" tag="L+CR">                a              comer esta maz´ a</item>
    <item id="o3" line="8075" tag="G+CR">             Xo´n has that/to eat.inf this apple</item>
    <item id="o4" line="8076" tag="G+CR">                a</item>
    <item id="o5" line="8077" tag="T">             `Juan has to eat this apple'</item>
  </tier>
  <tier id="c" type="odin-clean">
    <item id="c1" line="8073" tag="L+CR">Xo´n ten que</item>
    <item id="c3" line="8075" tag="G+CR">Xo´n has that/to eat.inf this apple</item>
    <item id="c5" line="8077" tag="T">Juan has to eat this apple</item>
  </tier>
  <tier id="p" type="phrases" content="c">
    <item id="p0" content="c1[0:12]"/>
  </tier>
  <tier id="g" type="glosses" content="c">
    <item id="g0" content="c3[0:35]" alignment="p1"/>
  </tier>
  <tier id="t" type="translations" content="c">
    <item id="t0" content="c5[0:26]" alignment="p1"/>
  </tier>
</igt>
<igt id="i122882">
  <metadata type="xigt-meta">
    <meta type="language" name="galician" iso-639-3="glg" tiers="phrases words morphemes"/>
    <meta type="language" name="English" iso-639-3="eng" tiers="translations"/>
    <meta type="odin-source" doc-id="4034" line-range="863-864" line-types="L+LN G"/>
  </metadata>
  <tier id="o" type="odin-raw">
    <item id="o1" line="863" tag="L+LN">                       b.      Vimo-lo neno.                      (Galician)</item>
    <item id="o2" line="864" tag="G">                               saw.we-the child</item>
  </tier>
  <tier id="c" type="odin-clean">
    <item id="c1" line="863" tag="L+LN">Vimo-lo neno.                      (Galician)</item>
    <item id="c2" line="864" tag="G">saw.we-the child</item>
  </tier>
  <tier id="p" type="phrases" content="c">
    <item id="p0" content="c1[0:45]"/>
  </tier>
  <tier id="g" type="glosses" content="c">
    <item id="g0" content="c2[0:16]" alignment="p1"/>
  </tier>
</igt>
<igt id="i136627">
  <metadata type="xigt-meta">
    <meta type="language" name="galician" iso-639-3="glg" tiers="phrases words morphemes"/>
    <meta type="language" name="English" iso-639-3="eng" tiers="translations"/>
    <meta type="odin-source" doc-id="3746" line-range="4996-4999" line-types="L+CR L+CR T+CR T+CR"/>
  </metadata>
  <tier id="o" type="odin-raw">
    <item id="o1" line="4996" tag="L+CR">     (7)      a. Mar´a comeu queixo toda a tarde.</item>
    <item id="o2" line="4997" tag="L+CR">                    i</item>
    <item id="o3" line="4998" tag="T+CR">                 `Mar´a ate cheese all afternoon.'</item>
    <item id="o4" line="4999" tag="T+CR">                     i</item>
  </tier>
  <tier id="c" type="odin-clean">
    <item id="c1" line="4996" tag="L+CR">Mar´a comeu queixo toda a tarde.</item>
    <item id="c3" line="4998" tag="T+CR">Mar´a ate cheese all afternoon.</item>
  </tier>
  <tier id="p" type="phrases" content="c">
    <item id="p0" content="c1[0:32]"/>
  </tier>
  <tier id="t" type="translations" content="c">
    <item id="t0" content="c3[0:31]" alignment="p1"/>
  </tier>
</igt>
<igt id="i136628">
  <metadata type="xigt-meta">
    <meta type="language" name="galician" iso-639-3="glg" tiers="phrases words morphemes"/>
    <meta type="language" name="English" iso-639-3="eng" tiers="translations"/>
    <meta type="odin-source" doc-id="3746" line-range="5000-5003" line-types="L+CR L+CR T+CR T+CR"/>
  </metadata>
  <tier id="o" type="odin-raw">
    <item id="o1" line="5000" tag="L+CR">             b. Mar´a comeu no queixo toda a tarde.</item>
    <item id="o2" line="5001" tag="L+CR">                   i</item>
    <item id="o3" line="5002" tag="T+CR">                 `Mar´a ate (at) the cheese all afternoon.'</item>
    <item id="o4" line="5003" tag="T+CR">                     i</item>
  </tier>
  <tier id="c" type="odin-clean">
    <item id="c1" line="5000" tag="L+CR">Mar´a comeu no queixo toda a tarde.</item>
    <item id="c3" line="5002" tag="T+CR">Mar´a ate (at) the cheese all afternoon.</item>
  </tier>
  <tier id="p" type="phrases" content="c">
    <item id="p0" content="c1[0:35]"/>
  </tier>
  <tier id="t" type="translations" content="c">
    <item id="t0" content="c3[0:40]" alignment="p1"/>
  </tier>
</igt>
<igt id="i136629">
  <metadata type="xigt-meta">
    <meta type="language" name="galician" iso-639-3="glg" tiers="phrases words morphemes"/>
    <meta type="language" name="English" iso-639-3="eng" tiers="translations"/>
    <meta type="odin-source" doc-id="3746" line-range="5004-5007" line-types="L+CR L+CR T+CR T+CR"/>
  </metadata>
  <tier id="o" type="odin-raw">
    <item id="o1" line="5004" tag="L+CR">     (8)      a. Xoan coseu a roupa a semana pasada.</item>
    <item id="o2" line="5005" tag="L+CR">                   ´</item>
    <item id="o3" line="5006" tag="T+CR">                 `Xoan sewed the clothes last week.'</item>
    <item id="o4" line="5007" tag="T+CR">                    ´</item>
  </tier>
  <tier id="c" type="odin-clean">
    <item id="c1" line="5004" tag="L+CR">Xoan coseu a roupa a semana pasada.</item>
    <item id="c3" line="5006" tag="T+CR">Xoan sewed the clothes last week.</item>
  </tier>
  <tier id="p" type="phrases" content="c">
    <item id="p0" content="c1[0:35]"/>
  </tier>
  <tier id="t" type="translations" content="c">
    <item id="t0" content="c3[0:33]" alignment="p1"/>
  </tier>
</igt>
<igt id="i136630">
  <metadata type="xigt-meta">
    <meta type="language" name="galician" iso-639-3="glg" tiers="phrases words morphemes"/>
    <meta type="language" name="English" iso-639-3="eng" tiers="translations"/>
    <meta type="odin-source" doc-id="3746" line-range="5008-5011" line-types="L+CR L+CR T+CR T+CR"/>
  </metadata>
  <tier id="o" type="odin-raw">
    <item id="o1" line="5008" tag="L+CR">             b. Xoan coseu na roupa a semana pasada.</item>
    <item id="o2" line="5009" tag="L+CR">                  ´</item>
    <item id="o3" line="5010" tag="T+CR">                 `Xoan sewed (on) the clothes last week.'</item>
    <item id="o4" line="5011" tag="T+CR">                    ´</item>
  </tier>
  <tier id="c" type="odin-clean">
    <item id="c1" line="5008" tag="L+CR">Xoan coseu na roupa a semana pasada.</item>
    <item id="c3" line="5010" tag="T+CR">Xoan sewed (on) the clothes last week.</item>
  </tier>
  <tier id="p" type="phrases" content="c">
    <item id="p0" content="c1[0:36]"/>
  </tier>
  <tier id="t" type="translations" content="c">
    <item id="t0" content="c3[0:38]" alignment="p1"/>
  </tier>
</igt>
<igt id="i136631">
  <metadata type="xigt-meta">
    <meta type="language" name="galician" iso-639-3="glg" tiers="phrases words morphemes"/>
    <meta type="language" name="English" iso-639-3="eng" tiers="translations"/>
    <meta type="odin-source" doc-id="3746" line-range="5012-5015" line-types="L+CR L+CR T+CR T+CR"/>
  </metadata>
  <tier id="o" type="odin-raw">
    <item id="o1" line="5012" tag="L+CR">     (9)      a. Ux´a leu o libro onto pola tarde.</item>
    <item id="o2" line="5013" tag="L+CR">                   i</item>
    <item id="o3" line="5014" tag="T+CR">                 `Ux´a read the book yesterday afternoon.</item>
    <item id="o4" line="5015" tag="T+CR">                    i</item>
  </tier>
  <tier id="c" type="odin-clean">
    <item id="c1" line="5012" tag="L+CR">Ux´a leu o libro onto pola tarde.</item>
    <item id="c3" line="5014" tag="T+CR">Ux´a read the book yesterday afternoon.</item>
  </tier>
  <tier id="p" type="phrases" content="c">
    <item id="p0" content="c1[0:33]"/>
  </tier>
  <tier id="t" type="translations" content="c">
    <item id="t0" content="c3[0:39]" alignment="p1"/>
  </tier>
</igt>
<igt id="i136632">
  <metadata type="xigt-meta">
    <meta type="language" name="galician" iso-639-3="glg" tiers="phrases words morphemes"/>
    <meta type="language" name="English" iso-639-3="eng" tiers="translations"/>
    <meta type="odin-source" doc-id="3746" line-range="5016-5020" line-types="L+CR L+CR T+CR T+LN+CR M+AC"/>
  </metadata>
  <tier id="o" type="odin-raw">
    <item id="o1" line="5016" tag="L+CR">             b. Ux´a leu no libro onto pola tarde.</item>
    <item id="o2" line="5017" tag="L+CR">                  i</item>
    <item id="o3" line="5018" tag="T+CR">                 `Ux´a read (on) the book yesterday afternoon.</item>
    <item id="o4" line="5019" tag="T+LN+CR">                    i                                                                           (Galician)</item>
    <item id="o5" line="5020" tag="M+AC">                 (Rosales Sequeiros 2005:22)</item>
  </tier>
  <tier id="c" type="odin-clean">
    <item id="c1" line="5016" tag="L+CR">Ux´a leu no libro onto pola tarde.</item>
    <item id="c3" line="5018" tag="T+CR">Ux´a read (on) the book yesterday afternoon.</item>
    <item id="c5" line="5020" tag="M+AC">Rosales Sequeiros 2005:22</item>
  </tier>
  <tier id="p" type="phrases" content="c">
    <item id="p0" content="c1[0:34]"/>
  </tier>
  <tier id="t" type="translations" content="c">
    <item id="t0" content="c3[0:44]" alignment="p1"/>
  </tier>
</igt>
<igt id="i140835">
  <metadata type="xigt-meta">
    <meta type="language" name="gallegan" iso-639-3="glg" tiers="phrases words morphemes"/>
    <meta type="language" name="English" iso-639-3="eng" tiers="translations"/>
    <meta type="odin-source" doc-id="1038" line-range="164-166" line-types="L+LN G T"/>
  </metadata>
  <tier id="o" type="odin-raw">
    <item id="o1" line="164" tag="L+LN">  (8)      a. Leva tres días durmindo/ sen durmir / en Oviedo. (Gallegan)</item>
    <item id="o2" line="165" tag="G">               He carries three days sleeping / without sleep / in Oviedo.</item>
    <item id="o3" line="166" tag="T">              `He spent 5 years sleeping / not sleeping / in Oviedo.'</item>
  </tier>
  <tier id="c" type="odin-clean">
    <item id="c1" line="164" tag="L+LN">a. Leva tres días durmindo/ sen durmir / en Oviedo. (Gallegan</item>
    <item id="c2" line="165" tag="G">He carries three days sleeping / without sleep / in Oviedo.</item>
    <item id="c3" line="166" tag="T">He spent 5 years sleeping / not sleeping / in Oviedo.</item>
  </tier>
  <tier id="p" type="phrases" content="c">
    <item id="p0" content="c1[0:61]"/>
  </tier>
  <tier id="g" type="glosses" content="c">
    <item id="g0" content="c2[0:59]" alignment="p1"/>
  </tier>
  <tier id="t" type="translations" content="c">
    <item id="t0" content="c3[0:53]" alignment="p1"/>
  </tier>
</igt>
<igt id="i153045">
  <metadata type="xigt-meta">
    <meta type="language" name="galician" iso-639-3="glg" tiers="phrases words morphemes"/>
    <meta type="language" name="English" iso-639-3="eng" tiers="translations"/>
    <meta type="odin-source" doc-id="2766" line-range="99-101" line-types="L+LN G T"/>
  </metadata>
  <tier id="o" type="odin-raw">
    <item id="o1" line="99" tag="L+LN">  (6) El morreu a Xubenca, pobriña.                                                      (Galician)</item>
    <item id="o2" line="100" tag="G">      It died-3SG the Xubenca, poor thing</item>
    <item id="o3" line="101" tag="T">      `Xubenca died, poor thing'</item>
  </tier>
  <tier id="c" type="odin-clean">
    <item id="c1" line="99" tag="L+LN">El morreu a Xubenca, pobriña.                                                      (Galician</item>
    <item id="c2" line="100" tag="G">It died-3SG the Xubenca, poor thing</item>
    <item id="c3" line="101" tag="T">Xubenca died, poor thing</item>
  </tier>
  <tier id="p" type="phrases" content="c">
    <item id="p0" content="c1[0:92]"/>
  </tier>
  <tier id="g" type="glosses" content="c">
    <item id="g0" content="c2[0:35]" alignment="p1"/>
  </tier>
  <tier id="t" type="translations" content="c">
    <item id="t0" content="c3[0:24]" alignment="p1"/>
  </tier>
</igt>
<igt id="i153046">
  <metadata type="xigt-meta">
    <meta type="language" name="galician" iso-639-3="glg" tiers="phrases words morphemes"/>
    <meta type="language" name="English" iso-639-3="eng" tiers="translations"/>
    <meta type="odin-source" doc-id="2766" line-range="102-105" line-types="L+LN G T M+AC"/>
  </metadata>
  <tier id="o" type="odin-raw">
    <item id="o1" line="102" tag="L+LN">  (7) El (é (certo) que) morreu a Xubenca, pobriña.                                      (Galician)</item>
    <item id="o2" line="103" tag="G">      It be-3SG true that died-3SG the Xubenca, poor thing</item>
    <item id="o3" line="104" tag="T">      `It is true that Xubenca died, poor thing'</item>
    <item id="o4" line="105" tag="M+AC">                                                                         [from Uriagereka (2005)]</item>
  </tier>
  <tier id="c" type="odin-clean">
    <item id="c1" line="102" tag="L+LN">El (é (certo) que) morreu a Xubenca, pobriña.                                      (Galician</item>
    <item id="c2" line="103" tag="G">It be-3SG true that died-3SG the Xubenca, poor thing</item>
    <item id="c3" line="104" tag="T">It is true that Xubenca died, poor thing</item>
    <item id="c4" line="105" tag="M+AC">[from Uriagereka (2005)]</item>
  </tier>
  <tier id="p" type="phrases" content="c">
    <item id="p0" content="c1[0:92]"/>
  </tier>
  <tier id="g" type="glosses" content="c">
    <item id="g0" content="c2[0:52]" alignment="p1"/>
  </tier>
  <tier id="t" type="translations" content="c">
    <item id="t0" content="c3[0:40]" alignment="p1"/>
  </tier>
</igt>
<igt id="i155752">
  <metadata type="xigt-meta">
    <meta type="language" name="galician" iso-639-3="glg" tiers="phrases words morphemes"/>
    <meta type="language" name="English" iso-639-3="eng" tiers="translations"/>
    <meta type="odin-source" doc-id="3307" line-range="7318-7322" line-types="M+LN L G+CR G+CR T"/>
  </metadata>
  <tier id="o" type="odin-raw">
    <item id="o1" line="7318" tag="M+LN">  Galician</item>
    <item id="o2" line="7319" tag="L">  (2) Xoan é tan despistado         que nin sequera me               viu</item>
    <item id="o3" line="7320" tag="G+CR">                                                         CL.2P.PL    saw</item>
    <item id="o4" line="7321" tag="G+CR">      John is so absentminded that not even</item>
    <item id="o5" line="7322" tag="T">        `John is such an absentminded person that he didn't even see me.'</item>
  </tier>
  <tier id="c" type="odin-clean">
    <item id="c1" line="7318" tag="M+LN">Galician</item>
    <item id="c2" line="7319" tag="L">Xoan é tan despistado         que nin sequera me               viu</item>
    <item id="c3" line="7320 7321" tag="G+CR">John is so absentminded that not even              CL.2P.PL    saw</item>
    <item id="c5" line="7322" tag="T">John is such an absentminded person that he didn't even see me.</item>
  </tier>
  <tier id="p" type="phrases" content="c">
    <item id="p0" content="c2[0:66]"/>
  </tier>
  <tier id="g" type="glosses" content="c">
    <item id="g0" content="c3[0:66]" alignment="p1"/>
  </tier>
  <tier id="t" type="translations" content="c">
    <item id="t0" content="c5[0:63]" alignment="p1"/>
  </tier>
</igt>
</xigt-corpus>
