<?xml version="1.0" encoding="UTF-8"?>
<xigt-corpus>
<igt id="i88132">
  <metadata type="xigt-meta">
    <meta type="language" name="gumatj" iso-639-3="gnn" tiers="phrases words morphemes"/>
    <meta type="language" name="English" iso-639-3="eng" tiers="translations"/>
    <meta type="odin-source" doc-id="3274" line-range="938-941" line-types="M+LN L G T"/>
  </metadata>
  <tier id="o" type="odin-raw">
    <item id="o1" line="938" tag="M+LN">     Gumatj:</item>
    <item id="o2" line="939" tag="L">     (19) Nula=nhä Namakurru Narra-ku buna-na.</item>
    <item id="o3" line="940" tag="G">           something good        1SG-DAT "arrive"-3RD</item>
    <item id="o4" line="941" tag="T">           `Something good happened to me.'</item>
  </tier>
  <tier id="c" type="odin-clean">
    <item id="c1" line="938" tag="M+LN">Gumatj:</item>
    <item id="c2" line="939" tag="L">Nula=nhä Namakurru Narra-ku buna-na.</item>
    <item id="c3" line="940" tag="G">something good        1SG-DAT "arrive"-3RD</item>
    <item id="c4" line="941" tag="T">Something good happened to me.</item>
  </tier>
  <tier id="p" type="phrases" content="c">
    <item id="p0" content="c2[0:36]"/>
  </tier>
  <tier id="g" type="glosses" content="c">
    <item id="g0" content="c3[0:42]" alignment="p1"/>
  </tier>
  <tier id="t" type="translations" content="c">
    <item id="t0" content="c4[0:30]" alignment="p1"/>
  </tier>
</igt>
</xigt-corpus>
