<?xml version="1.0" encoding="UTF-8"?>
<xigt-corpus>
<igt id="i87956">
  <metadata type="xigt-meta">
    <meta type="language" name="goreng-goreng" iso-639-3="gnr" tiers="phrases words morphemes"/>
    <meta type="language" name="English" iso-639-3="eng" tiers="translations"/>
    <meta type="odin-source" doc-id="3273" line-range="373-373" line-types="L-T+DB"/>
  </metadata>
  <tier id="o" type="odin-raw">
    <item id="o1" line="373" tag="L-T+DB">  gai-          `to enter, go in'       gain-ma-                `to insert, put in'</item>
  </tier>
  <tier id="c" type="odin-clean">
    <item id="c1" line="373" tag="L-T+DB">gai-`to enter, go in'       gain-ma-`to insert, put in</item>
  </tier>
</igt>
<igt id="i87957">
  <metadata type="xigt-meta">
    <meta type="language" name="goreng-goreng" iso-639-3="gnr" tiers="phrases words morphemes"/>
    <meta type="language" name="English" iso-639-3="eng" tiers="translations"/>
    <meta type="odin-source" doc-id="3273" line-range="374-374" line-types="L-T+DB"/>
  </metadata>
  <tier id="o" type="odin-raw">
    <item id="o1" line="374" tag="L-T+DB">  gila-         `to turn'               gila-ma-                `to turn (it) around'</item>
  </tier>
  <tier id="c" type="odin-clean">
    <item id="c1" line="374" tag="L-T+DB">gila-`to turn'               gila-ma-`to turn (it) around</item>
  </tier>
</igt>
<igt id="i87958">
  <metadata type="xigt-meta">
    <meta type="language" name="goreng-goreng" iso-639-3="gnr" tiers="phrases words morphemes"/>
    <meta type="language" name="English" iso-639-3="eng" tiers="translations"/>
    <meta type="odin-source" doc-id="3273" line-range="380-380" line-types="L-T+DB"/>
  </metadata>
  <tier id="o" type="odin-raw">
    <item id="o1" line="380" tag="L-T+DB">  bi-           `to go'                      bi-ndi-                   `to   take'</item>
  </tier>
  <tier id="c" type="odin-clean">
    <item id="c1" line="380" tag="L-T+DB">bi-`to go'                      bi-ndi-`to   take</item>
  </tier>
</igt>
<igt id="i87959">
  <metadata type="xigt-meta">
    <meta type="language" name="goreng-goreng" iso-639-3="gnr" tiers="phrases words morphemes"/>
    <meta type="language" name="English" iso-639-3="eng" tiers="translations"/>
    <meta type="odin-source" doc-id="3273" line-range="381-381" line-types="L-T+DB"/>
  </metadata>
  <tier id="o" type="odin-raw">
    <item id="o1" line="381" tag="L-T+DB">  balba-        `to stand'                   belbe-ndi-                `to   stand with'</item>
  </tier>
  <tier id="c" type="odin-clean">
    <item id="c1" line="381" tag="L-T+DB">balba-`to stand'                   belbe-ndi-`to   stand with</item>
  </tier>
</igt>
<igt id="i87960">
  <metadata type="xigt-meta">
    <meta type="language" name="goreng-goreng" iso-639-3="gnr" tiers="phrases words morphemes"/>
    <meta type="language" name="English" iso-639-3="eng" tiers="translations"/>
    <meta type="odin-source" doc-id="3273" line-range="382-382" line-types="L-T+DB"/>
  </metadata>
  <tier id="o" type="odin-raw">
    <item id="o1" line="382" tag="L-T+DB">  mai-          `to run'                     mai-ndi-                  `to   run after'</item>
  </tier>
  <tier id="c" type="odin-clean">
    <item id="c1" line="382" tag="L-T+DB">mai-`to run'                     mai-ndi-`to   run after</item>
  </tier>
</igt>
<igt id="i87961">
  <metadata type="xigt-meta">
    <meta type="language" name="goreng-goreng" iso-639-3="gnr" tiers="phrases words morphemes"/>
    <meta type="language" name="English" iso-639-3="eng" tiers="translations"/>
    <meta type="odin-source" doc-id="3273" line-range="383-383" line-types="L-T+DB"/>
  </metadata>
  <tier id="o" type="odin-raw">
    <item id="o1" line="383" tag="L-T+DB">  ngina-        `to sit'                     ngine-ndi-                `to   sit with'</item>
  </tier>
  <tier id="c" type="odin-clean">
    <item id="c1" line="383" tag="L-T+DB">ngina-`to sit'                     ngine-ndi-`to   sit with</item>
  </tier>
</igt>
<igt id="i87962">
  <metadata type="xigt-meta">
    <meta type="language" name="goreng-goreng" iso-639-3="gnr" tiers="phrases words morphemes"/>
    <meta type="language" name="English" iso-639-3="eng" tiers="translations"/>
    <meta type="odin-source" doc-id="3273" line-range="384-384" line-types="L-T+DB"/>
  </metadata>
  <tier id="o" type="odin-raw">
    <item id="o1" line="384" tag="L-T+DB">  yunma-        `to lie                      yunme-ndi-                `to   sleep with, cohabit with'</item>
  </tier>
  <tier id="c" type="odin-clean">
    <item id="c1" line="384" tag="L-T+DB">yunma-`to lie                      yunme-ndi-`to   sleep with, cohabit with</item>
  </tier>
</igt>
</xigt-corpus>
