<?xml version="1.0" encoding="UTF-8"?>
<xigt-corpus>
<igt id="i102497">
  <metadata type="xigt-meta">
    <meta type="language" name="godié" iso-639-3="god" tiers="phrases words morphemes"/>
    <meta type="language" name="English" iso-639-3="eng" tiers="translations"/>
    <meta type="odin-source" doc-id="1323" line-range="101-104" line-types="M+AC+LN L G T"/>
  </metadata>
  <tier id="o" type="odin-raw">
    <item id="o1" line="101" tag="M+AC+LN">  (5)    Godié   (Marchese 1986:231)</item>
    <item id="o2" line="102" tag="L">         wa       wà-wà</item>
    <item id="o3" line="103" tag="G">         they     love-love</item>
    <item id="o4" line="104" tag="T">         `They   love each other.'</item>
  </tier>
  <tier id="c" type="odin-clean">
    <item id="c1" line="101" tag="M+AC+LN">Godié   (Marchese 1986:231</item>
    <item id="c2" line="102" tag="L">wa       wà-wà</item>
    <item id="c3" line="103" tag="G">they     love-love</item>
    <item id="c4" line="104" tag="T">They   love each other.</item>
  </tier>
  <tier id="p" type="phrases" content="c">
    <item id="p0" content="c2[0:14]"/>
  </tier>
  <tier id="g" type="glosses" content="c">
    <item id="g0" content="c3[0:18]" alignment="p1"/>
  </tier>
  <tier id="t" type="translations" content="c">
    <item id="t0" content="c4[0:23]" alignment="p1"/>
  </tier>
</igt>
</xigt-corpus>
