<?xml version="1.0" encoding="UTF-8"?>
<xigt-corpus>
<igt id="i155940">
  <metadata type="xigt-meta">
    <meta type="language" name="gogo" iso-639-3="gog" tiers="phrases words morphemes"/>
    <meta type="language" name="English" iso-639-3="eng" tiers="translations"/>
    <meta type="odin-source" doc-id="3302" line-range="460-460" line-types="L-T+CN"/>
  </metadata>
  <tier id="o" type="odin-raw">
    <item id="o1" line="460" tag="L-T+CN">       b.         Gogo ni-ku-gulá                      `I buy' (general present)</item>
  </tier>
  <tier id="c" type="odin-clean">
    <item id="c1" line="460" tag="L-T+CN">Gogo ni-ku-gulá                      `I buy' (general present)</item>
  </tier>
</igt>
</xigt-corpus>
