<?xml version="1.0" encoding="UTF-8"?>
<xigt-corpus>
<igt id="i577">
  <metadata type="xigt-meta">
    <meta type="language" name="groningen" iso-639-3="gos" tiers="phrases words morphemes"/>
    <meta type="language" name="English" iso-639-3="eng" tiers="translations"/>
    <meta type="odin-source" doc-id="2987" line-range="1199-1200" line-types="L+LN G"/>
  </metadata>
  <tier id="o" type="odin-raw">
    <item id="o1" line="1199" tag="L+LN">           b.                ofs       doe      koms                                             [Groningen]</item>
    <item id="o2" line="1200" tag="G">                             if-2SG    you      come-2SG</item>
  </tier>
  <tier id="c" type="odin-clean">
    <item id="c1" line="1199" tag="L+LN">ofs       doe      koms                                             [Groningen]</item>
    <item id="c2" line="1200" tag="G">if-2SG    you      come-2SG</item>
  </tier>
  <tier id="p" type="phrases" content="c">
    <item id="p0" content="c1[0:79]"/>
  </tier>
  <tier id="g" type="glosses" content="c">
    <item id="g0" content="c2[0:27]" alignment="p1"/>
  </tier>
</igt>
<igt id="i25718">
  <metadata type="xigt-meta">
    <meta type="language" name="groningen" iso-639-3="gos" tiers="phrases words morphemes"/>
    <meta type="language" name="English" iso-639-3="eng" tiers="translations"/>
    <meta type="odin-source" doc-id="3866" line-range="1091-1092" line-types="L G"/>
  </metadata>
  <tier id="o" type="odin-raw">
    <item id="o1" line="1091" tag="L">  (57) heur voader en mienent (voader)</item>
    <item id="o2" line="1092" tag="G">       her father and mine    father</item>
  </tier>
  <tier id="c" type="odin-clean">
    <item id="c1" line="1091" tag="L">heur voader en mienent (voader</item>
    <item id="c2" line="1092" tag="G">her father and mine    father</item>
  </tier>
  <tier id="p" type="phrases" content="c">
    <item id="p0" content="c1[0:30]"/>
  </tier>
  <tier id="g" type="glosses" content="c">
    <item id="g0" content="c2[0:29]" alignment="p1"/>
  </tier>
</igt>
</xigt-corpus>
