<?xml version="1.0" encoding="UTF-8"?>
<xigt-corpus>
<igt id="i5826">
  <metadata type="xigt-meta">
    <meta type="language" name="gothic" iso-639-3="got" tiers="phrases words morphemes"/>
    <meta type="language" name="English" iso-639-3="eng" tiers="translations"/>
    <meta type="odin-source" doc-id="3325" line-range="88-109" line-types="L G L G L G L G L G B L G L G L G L G L G L"/>
  </metadata>
  <tier id="o" type="odin-raw">
    <item id="o1" line="88" tag="L">  (2)      Atta unsar þu in himinam,</item>
    <item id="o2" line="89" tag="G">           father ours you in heavens</item>
    <item id="o3" line="90" tag="L">           weihnai      namo þein.</item>
    <item id="o4" line="91" tag="G">           be-hallowed name your</item>
    <item id="o5" line="92" tag="L">           qimai      þiudinassus þeins.</item>
    <item id="o6" line="93" tag="G">           may-come kingdom       y our s</item>
    <item id="o7" line="94" tag="L">           Wairþai      wilja þeins,</item>
    <item id="o8" line="95" tag="G">           may-become will yours</item>
    <item id="o9" line="96" tag="L">           swe in himina jah ana airþai.</item>
    <item id="o10" line="97" tag="G">           as in heaven also on earth</item>
    <item id="o11" line="98" tag="B"></item>
    <item id="o12" line="99" tag="L">           Hlaif unsarana þana sinteinan gif uns     himma daga.</item>
    <item id="o13" line="100" tag="G">           bread ours      t he dai l y   give us    t hi s day</item>
    <item id="o14" line="101" tag="L">           Jah aflet uns þatei skulans sijaima,</item>
    <item id="o15" line="102" tag="G">           and forgive us that sinners are</item>
    <item id="o16" line="103" tag="L">           swaswe jah weis afletam þaim skulam       unsaraim.</item>
    <item id="o17" line="104" tag="G">           like    also we forgive the debtors       our s</item>
    <item id="o18" line="105" tag="L">           Jah ni briggais uns in fraistubnjai,</item>
    <item id="o19" line="106" tag="G">           and not bring us in testing</item>
    <item id="o20" line="107" tag="L">           Ak lausei uns af þamma ubilin.</item>
    <item id="o21" line="108" tag="G">           but deliver us from the      wicked-one</item>
    <item id="o22" line="109" tag="L">           Amen</item>
  </tier>
  <tier id="c" type="odin-clean">
    <item id="c1" line="88" tag="L">Atta unsar þu in himinam,</item>
    <item id="c2" line="89" tag="G">father ours you in heavens</item>
    <item id="c3" line="90" tag="L">weihnai      namo þein.</item>
    <item id="c4" line="91" tag="G">be-hallowed name your</item>
    <item id="c5" line="92" tag="L">qimai      þiudinassus þeins.</item>
    <item id="c6" line="93" tag="G">may-come kingdom       y our s</item>
    <item id="c7" line="94" tag="L">Wairþai      wilja þeins,</item>
    <item id="c8" line="95" tag="G">may-become will yours</item>
    <item id="c9" line="96" tag="L">swe in himina jah ana airþai.</item>
    <item id="c10" line="97" tag="G">as in heaven also on earth</item>
    <item id="c11" line="98" tag="B"/>
    <item id="c12" line="99" tag="L">Hlaif unsarana þana sinteinan gif uns     himma daga.</item>
    <item id="c13" line="100" tag="G">bread ours      t he dai l y   give us    t hi s day</item>
    <item id="c14" line="101" tag="L">Jah aflet uns þatei skulans sijaima,</item>
    <item id="c15" line="102" tag="G">and forgive us that sinners are</item>
    <item id="c16" line="103" tag="L">swaswe jah weis afletam þaim skulam       unsaraim.</item>
    <item id="c17" line="104" tag="G">like    also we forgive the debtors       our s</item>
    <item id="c18" line="105" tag="L">Jah ni briggais uns in fraistubnjai,</item>
    <item id="c19" line="106" tag="G">and not bring us in testing</item>
    <item id="c20" line="107" tag="L">Ak lausei uns af þamma ubilin.</item>
    <item id="c21" line="108" tag="G">but deliver us from the      wicked-one</item>
    <item id="c22" line="109" tag="L">Amen</item>
  </tier>
  <tier id="p" type="phrases" content="c">
    <item id="p0" content="c1[0:25]"/>
    <item id="p1" content="c3[0:23]"/>
    <item id="p2" content="c5[0:29]"/>
    <item id="p3" content="c7[0:25]"/>
    <item id="p4" content="c9[0:29]"/>
    <item id="p5" content="c12[0:53]"/>
    <item id="p6" content="c14[0:36]"/>
    <item id="p7" content="c16[0:51]"/>
    <item id="p8" content="c18[0:36]"/>
    <item id="p9" content="c20[0:30]"/>
    <item id="p10" content="c22[0:4]"/>
  </tier>
  <tier id="g" type="glosses" content="c">
    <item id="g0" content="c2[0:26]" alignment="p1"/>
    <item id="g1" content="c4[0:21]" alignment="p2"/>
    <item id="g2" content="c6[0:30]" alignment="p3"/>
    <item id="g3" content="c8[0:21]" alignment="p4"/>
    <item id="g4" content="c10[0:26]" alignment="p5"/>
    <item id="g5" content="c13[0:52]" alignment="p6"/>
    <item id="g6" content="c15[0:31]" alignment="p7"/>
    <item id="g7" content="c17[0:47]" alignment="p8"/>
    <item id="g8" content="c19[0:27]" alignment="p9"/>
    <item id="g9" content="c21[0:39]" alignment="p10"/>
  </tier>
</igt>
<igt id="i44437">
  <metadata type="xigt-meta">
    <meta type="language" name="gothic" iso-639-3="got" tiers="phrases words morphemes"/>
    <meta type="language" name="English" iso-639-3="eng" tiers="translations"/>
    <meta type="odin-source" doc-id="4032" line-range="905-912" line-types="L B M B B G T M+AC"/>
  </metadata>
  <tier id="o" type="odin-raw">
    <item id="o1" line="905" tag="L">  (42a) jah þo-ei                      ist us      Laudeikaion jus ussiggwaid</item>
    <item id="o2" line="906" tag="B"></item>
    <item id="o3" line="907" tag="M">                                                           18</item>
    <item id="o4" line="908" tag="B"></item>
    <item id="o5" line="909" tag="B"></item>
    <item id="o6" line="910" tag="G">          and which(ACC)-compl is from Laodicea         you read</item>
    <item id="o7" line="911" tag="T">          `And read (the one), which comes from Laodicea'</item>
    <item id="o8" line="912" tag="M+AC">          (Col 4:16, as cited in Harbert 1989: 146 ex. (23a))</item>
  </tier>
  <tier id="c" type="odin-clean">
    <item id="c1" line="905" tag="L">jah þo-ei                      ist us      Laudeikaion jus ussiggwaid</item>
    <item id="c2" line="906" tag="B"/>
    <item id="c3" line="907" tag="M">18</item>
    <item id="c4" line="908" tag="B"/>
    <item id="c5" line="909" tag="B"/>
    <item id="c6" line="910" tag="G">and which(ACC)-compl is from Laodicea         you read</item>
    <item id="c7" line="911" tag="T">And read (the one), which comes from Laodicea</item>
    <item id="c8" line="912" tag="M+AC">Col 4:16, as cited in Harbert 1989: 146 ex. (23a)</item>
  </tier>
  <tier id="p" type="phrases" content="c">
    <item id="p0" content="c1[0:69]"/>
  </tier>
  <tier id="g" type="glosses" content="c">
    <item id="g0" content="c6[0:54]" alignment="p1"/>
  </tier>
  <tier id="t" type="translations" content="c">
    <item id="t0" content="c7[0:45]" alignment="p1"/>
  </tier>
</igt>
<igt id="i44438">
  <metadata type="xigt-meta">
    <meta type="language" name="gothic" iso-639-3="got" tiers="phrases words morphemes"/>
    <meta type="language" name="English" iso-639-3="eng" tiers="translations"/>
    <meta type="odin-source" doc-id="4032" line-range="914-917" line-types="L G T M+AC"/>
  </metadata>
  <tier id="o" type="odin-raw">
    <item id="o1" line="914" tag="L">  (42b) þan-ei               frijos   siuks ist</item>
    <item id="o2" line="915" tag="G">        whom(ACC)-compl you-love sick is</item>
    <item id="o3" line="916" tag="T">        `(The one) whom you love is sick'</item>
    <item id="o4" line="917" tag="M+AC">        (John 11:3, as cited in Harbert 1989: 146 ex. (23b))</item>
  </tier>
  <tier id="c" type="odin-clean">
    <item id="c1" line="914" tag="L">þan-ei               frijos   siuks ist</item>
    <item id="c2" line="915" tag="G">whom(ACC)-compl you-love sick is</item>
    <item id="c3" line="916" tag="T">(The one) whom you love is sick</item>
    <item id="c4" line="917" tag="M+AC">John 11:3, as cited in Harbert 1989: 146 ex. (23b)</item>
  </tier>
  <tier id="p" type="phrases" content="c">
    <item id="p0" content="c1[0:39]"/>
  </tier>
  <tier id="g" type="glosses" content="c">
    <item id="g0" content="c2[0:32]" alignment="p1"/>
  </tier>
  <tier id="t" type="translations" content="c">
    <item id="t0" content="c3[0:31]" alignment="p1"/>
  </tier>
</igt>
<igt id="i44458">
  <metadata type="xigt-meta">
    <meta type="language" name="gothic" iso-639-3="got" tiers="phrases words morphemes"/>
    <meta type="language" name="English" iso-639-3="eng" tiers="translations"/>
    <meta type="odin-source" doc-id="4033" line-range="487-490" line-types="L+CR L+CR G T+AC"/>
  </metadata>
  <tier id="o" type="odin-raw">
    <item id="o1" line="487" tag="L+CR">        (14) inuÈ-Èis                                         galeikan imma.9</item>
    <item id="o2" line="488" tag="L+CR">                             usdaudjam . . . waila --</item>
    <item id="o3" line="489" tag="G">             because-of.this strive.1PL      well PRO.NOM please.INF him.DAT</item>
    <item id="o4" line="490" tag="T+AC">                `Because of this we strive to please him well.'              (II Corinthians 5:9)</item>
  </tier>
  <tier id="c" type="odin-clean">
    <item id="c1" line="487 488" tag="L+CR">inuÈ-Èis      usdaudjam . . . waila--galeikan imma.9</item>
    <item id="c3" line="489" tag="G">because-of.this strive.1PL      well PRO.NOM please.INF him.DAT</item>
    <item id="c4" line="490" tag="T+AC">Because of this we strive to please him well.'              (II Corinthians 5:9)</item>
  </tier>
  <tier id="p" type="phrases" content="c">
    <item id="p0" content="c1[0:52]"/>
  </tier>
  <tier id="g" type="glosses" content="c">
    <item id="g0" content="c3[0:63]" alignment="p1"/>
  </tier>
  <tier id="t" type="translations" content="c">
    <item id="t0" content="c4[0:80]" alignment="p1"/>
  </tier>
</igt>
<igt id="i44459">
  <metadata type="xigt-meta">
    <meta type="language" name="gothic" iso-639-3="got" tiers="phrases words morphemes"/>
    <meta type="language" name="English" iso-639-3="eng" tiers="translations"/>
    <meta type="odin-source" doc-id="4033" line-range="491-493" line-types="L G T+AC"/>
  </metadata>
  <tier id="o" type="odin-raw">
    <item id="o1" line="491" tag="L">        (15) hvaiwa skuluÈ       gaggan jah -- galeikan guda</item>
    <item id="o2" line="492" tag="G">             how should.2PL go.INF and            please.INF god.DAT</item>
    <item id="o3" line="493" tag="T+AC">                `how you should live and please God'                       (I Thessalonians 4:1)</item>
  </tier>
  <tier id="c" type="odin-clean">
    <item id="c1" line="491" tag="L">hvaiwa skuluÈ       gaggan jah--galeikan guda</item>
    <item id="c2" line="492" tag="G">how should.2PL go.INF and            please.INF god.DAT</item>
    <item id="c3" line="493" tag="T+AC">how you should live and please God'                       (I Thessalonians 4:1)</item>
  </tier>
  <tier id="p" type="phrases" content="c">
    <item id="p0" content="c1[0:45]"/>
  </tier>
  <tier id="g" type="glosses" content="c">
    <item id="g0" content="c2[0:55]" alignment="p1"/>
  </tier>
  <tier id="t" type="translations" content="c">
    <item id="t0" content="c3[0:79]" alignment="p1"/>
  </tier>
</igt>
<igt id="i44460">
  <metadata type="xigt-meta">
    <meta type="language" name="gothic" iso-639-3="got" tiers="phrases words morphemes"/>
    <meta type="language" name="English" iso-639-3="eng" tiers="translations"/>
    <meta type="odin-source" doc-id="4033" line-range="541-551" line-types="L+CR L+CR L+CR G L+CR L+CR G T T T M+AC"/>
  </metadata>
  <tier id="o" type="odin-raw">
    <item id="o1" line="541" tag="L+CR">                                 galeikaiÈ</item>
    <item id="o2" line="542" tag="L+CR">       (16) in Èisei                             in siukeim, in anamahtim, in nauÈim,</item>
    <item id="o3" line="543" tag="L+CR">                         mis</item>
    <item id="o4" line="544" tag="G">            in this.REL me.DAT is.pleased.with in sicknesses in reproaches in miseries</item>
    <item id="o5" line="545" tag="L+CR">                                  in Èreihslam faur Xristu</item>
    <item id="o6" line="546" tag="L+CR">                  in wrekeim,</item>
    <item id="o7" line="547" tag="G">                  in persecutions in distresses for Christ</item>
    <item id="o8" line="548" tag="T">               `that is why I like sickness, reproach, misery, persecution, and distress,</item>
    <item id="o9" line="549" tag="T">                  for the sake of Christ' or `that is why I find consolation in sickness,</item>
    <item id="o10" line="550" tag="T">                  reproach, misery, persecution, and distress, for the sake of Christ'</item>
    <item id="o11" line="551" tag="M+AC">                                                                          (II Corinthians 12:10)</item>
  </tier>
  <tier id="c" type="odin-clean">
    <item id="c1" line="541 542 543" tag="L+CR">in Èisei    mis     galeikaiÈ       in siukeim, in anamahtim, in nauÈim,</item>
    <item id="c4" line="544" tag="G">in this.REL me.DAT is.pleased.with in sicknesses in reproaches in miseries</item>
    <item id="c5" line="545 546" tag="L+CR">in wrekeim,     in Èreihslam faur Xristu</item>
    <item id="c7" line="547" tag="G">in persecutions in distresses for Christ</item>
    <item id="c8" line="548" tag="T">that is why I like sickness, reproach, misery, persecution, and distress,</item>
    <item id="c9" line="549" tag="T">for the sake of Christ' or `that is why I find consolation in sickness,</item>
    <item id="c10" line="550" tag="T">reproach, misery, persecution, and distress, for the sake of Christ</item>
    <item id="c11" line="551" tag="M+AC">II Corinthians 12:10</item>
  </tier>
  <tier id="p" type="phrases" content="c">
    <item id="p0" content="c1[0:72]"/>
    <item id="p1" content="c5[0:40]"/>
  </tier>
  <tier id="g" type="glosses" content="c">
    <item id="g0" content="c4[0:74]" alignment="p1"/>
    <item id="g1" content="c7[0:40]" alignment="p2"/>
  </tier>
  <tier id="t" type="translations" content="c">
    <item id="t0" content="c8[0:73]" alignment="p2"/>
    <item id="t1" content="c9[0:71]" alignment="p2"/>
    <item id="t2" content="c10[0:67]" alignment="p2"/>
  </tier>
</igt>
<igt id="i48993">
  <metadata type="xigt-meta">
    <meta type="language" name="gothic" iso-639-3="got" tiers="phrases words morphemes"/>
    <meta type="language" name="English" iso-639-3="eng" tiers="translations"/>
    <meta type="odin-source" doc-id="3405" line-range="5599-5610" line-types="M+AC+LN L G B L G B L G+CR G+CR L M+AC"/>
  </metadata>
  <tier id="o" type="odin-raw">
    <item id="o1" line="5599" tag="M+AC+LN">  (102) Gothic (I-e, East Germanic), (Wulfila's Gospel texts, John 6:56)</item>
    <item id="o2" line="5600" tag="L">        saei    matjiþ            mein      leik</item>
    <item id="o3" line="5601" tag="G">        who     eat.3.SG.PRES     my        flesh</item>
    <item id="o4" line="5602" tag="B"></item>
    <item id="o5" line="5603" tag="L">         jah    driggkiþ              mein     bloþ,</item>
    <item id="o6" line="5604" tag="G">         and    drink.3.SG.PRES       my       blood</item>
    <item id="o7" line="5605" tag="B"></item>
    <item id="o8" line="5606" tag="L">         in     mis    wisiþ                 jah      ik       in    imma</item>
    <item id="o9" line="5607" tag="G+CR">                       dwell.3.SG.PRES       and      I        in    him</item>
    <item id="o10" line="5608" tag="G+CR">         in     me</item>
    <item id="o11" line="5609" tag="L">        `He that eateth my flesh and drinketh my      blood,    dwelleth in me and I him'</item>
    <item id="o12" line="5610" tag="M+AC">        (the idiomatic translation follows the King   James     Version).</item>
  </tier>
  <tier id="c" type="odin-clean">
    <item id="c1" line="5599" tag="M+AC+LN">Gothic (I-e, East Germanic), (Wulfila's Gospel texts, John 6:56</item>
    <item id="c2" line="5600" tag="L">saei    matjiþ            mein      leik</item>
    <item id="c3" line="5601" tag="G">who     eat.3.SG.PRES     my        flesh</item>
    <item id="c4" line="5602" tag="B"/>
    <item id="c5" line="5603" tag="L">jah    driggkiþ              mein     bloþ,</item>
    <item id="c6" line="5604" tag="G">and    drink.3.SG.PRES       my       blood</item>
    <item id="c7" line="5605" tag="B"/>
    <item id="c8" line="5606" tag="L">in     mis    wisiþ                 jah      ik       in    imma</item>
    <item id="c9" line="5607 5608" tag="G+CR">in     me     dwell.3.SG.PRES       and      I        in    him</item>
    <item id="c11" line="5609" tag="L">He that eateth my flesh and drinketh my      blood,    dwelleth in me and I him</item>
    <item id="c12" line="5610" tag="M+AC">(the idiomatic translation follows the King   James     Version).</item>
  </tier>
  <tier id="p" type="phrases" content="c">
    <item id="p0" content="c2[0:40]"/>
    <item id="p1" content="c5[0:43]"/>
    <item id="p2" content="c8[0:64]"/>
    <item id="p3" content="c11[0:79]"/>
  </tier>
  <tier id="g" type="glosses" content="c">
    <item id="g0" content="c3[0:41]" alignment="p1"/>
    <item id="g1" content="c6[0:43]" alignment="p2"/>
    <item id="g2" content="c9[0:63]" alignment="p3"/>
  </tier>
</igt>
<igt id="i65403">
  <metadata type="xigt-meta">
    <meta type="language" name="gothic" iso-639-3="got" tiers="phrases words morphemes"/>
    <meta type="language" name="English" iso-639-3="eng" tiers="translations"/>
    <meta type="odin-source" doc-id="1401" line-range="5669-5669" line-types="L-T"/>
  </metadata>
  <tier id="o" type="odin-raw">
    <item id="o1" line="5669" tag="L-T">  (70)   a. gre:do:n             `to be hungry'</item>
  </tier>
  <tier id="c" type="odin-clean">
    <item id="c1" line="5669" tag="L-T">gre:do:n             `to be hungry</item>
  </tier>
</igt>
<igt id="i65404">
  <metadata type="xigt-meta">
    <meta type="language" name="gothic" iso-639-3="got" tiers="phrases words morphemes"/>
    <meta type="language" name="English" iso-639-3="eng" tiers="translations"/>
    <meta type="odin-source" doc-id="1401" line-range="5671-5671" line-types="L-T"/>
  </metadata>
  <tier id="o" type="odin-raw">
    <item id="o1" line="5671" tag="L-T">         b. huggrjan             `to hunger'</item>
  </tier>
  <tier id="c" type="odin-clean">
    <item id="c1" line="5671" tag="L-T">huggrjan             `to hunger</item>
  </tier>
</igt>
<igt id="i65405">
  <metadata type="xigt-meta">
    <meta type="language" name="gothic" iso-639-3="got" tiers="phrases words morphemes"/>
    <meta type="language" name="English" iso-639-3="eng" tiers="translations"/>
    <meta type="odin-source" doc-id="1401" line-range="5673-5673" line-types="L-T+EX"/>
  </metadata>
  <tier id="o" type="odin-raw">
    <item id="o1" line="5673" tag="L-T+EX">         c.    aúrsjan           `to thirst', also with genitive of</item>
  </tier>
  <tier id="c" type="odin-clean">
    <item id="c1" line="5673" tag="L-T+EX">aúrsjan           `to thirst', also with genitive of</item>
  </tier>
</igt>
<igt id="i65406">
  <metadata type="xigt-meta">
    <meta type="language" name="gothic" iso-639-3="got" tiers="phrases words morphemes"/>
    <meta type="language" name="English" iso-639-3="eng" tiers="translations"/>
    <meta type="odin-source" doc-id="1401" line-range="5677-5677" line-types="L-T+EX"/>
  </metadata>
  <tier id="o" type="odin-raw">
    <item id="o1" line="5677" tag="L-T+EX">         d. kar(a) ist           `there is a care, it concerns', as in:</item>
  </tier>
  <tier id="c" type="odin-clean">
    <item id="c1" line="5677" tag="L-T+EX">kar(a) ist           `there is a care, it concerns', as in:</item>
  </tier>
</igt>
<igt id="i65407">
  <metadata type="xigt-meta">
    <meta type="language" name="gothic" iso-639-3="got" tiers="phrases words morphemes"/>
    <meta type="language" name="English" iso-639-3="eng" tiers="translations"/>
    <meta type="odin-source" doc-id="1401" line-range="5679-5686" line-types="L B B B B G B T"/>
  </metadata>
  <tier id="o" type="odin-raw">
    <item id="o1" line="5679" tag="L">                                 ni kar-ist in ize: lambe:</item>
    <item id="o2" line="5680" tag="B"></item>
    <item id="o3" line="5681" tag="B"></item>
    <item id="o4" line="5682" tag="B">                                                91</item>
    <item id="o5" line="5683" tag="B"></item>
    <item id="o6" line="5684" tag="G">                                   not careth he(A) the sheep(G)</item>
    <item id="o7" line="5685" tag="B"></item>
    <item id="o8" line="5686" tag="T">                                   `He careth not for the sheep.'</item>
  </tier>
  <tier id="c" type="odin-clean">
    <item id="c1" line="5679" tag="L">ni kar-ist in ize: lambe:</item>
    <item id="c2" line="5680" tag="B"/>
    <item id="c3" line="5681" tag="B"/>
    <item id="c4" line="5682" tag="B">91</item>
    <item id="c5" line="5683" tag="B"/>
    <item id="c6" line="5684" tag="G">not careth he(A) the sheep(G)</item>
    <item id="c7" line="5685" tag="B"/>
    <item id="c8" line="5686" tag="T">He careth not for the sheep.</item>
  </tier>
  <tier id="p" type="phrases" content="c">
    <item id="p0" content="c1[0:25]"/>
  </tier>
  <tier id="g" type="glosses" content="c">
    <item id="g0" content="c6[0:29]" alignment="p1"/>
  </tier>
  <tier id="t" type="translations" content="c">
    <item id="t0" content="c8[0:28]" alignment="p1"/>
  </tier>
</igt>
<igt id="i65408">
  <metadata type="xigt-meta">
    <meta type="language" name="gothic" iso-639-3="got" tiers="phrases words morphemes"/>
    <meta type="language" name="English" iso-639-3="eng" tiers="translations"/>
    <meta type="odin-source" doc-id="1401" line-range="5696-5696" line-types="L-T+EX"/>
  </metadata>
  <tier id="o" type="odin-raw">
    <item id="o1" line="5696" tag="L-T+EX">  (71)     a. anaháitan       (with dative) `to scold'</item>
  </tier>
  <tier id="c" type="odin-clean">
    <item id="c1" line="5696" tag="L-T+EX">anaháitan       (with dative) `to scold</item>
  </tier>
</igt>
<igt id="i65409">
  <metadata type="xigt-meta">
    <meta type="language" name="gothic" iso-639-3="got" tiers="phrases words morphemes"/>
    <meta type="language" name="English" iso-639-3="eng" tiers="translations"/>
    <meta type="odin-source" doc-id="1401" line-range="5700-5700" line-types="L-T+EX"/>
  </metadata>
  <tier id="o" type="odin-raw">
    <item id="o1" line="5700" tag="L-T+EX">           b. uskiusan        (with dative) `to reject'</item>
  </tier>
  <tier id="c" type="odin-clean">
    <item id="c1" line="5700" tag="L-T+EX">uskiusan        (with dative) `to reject</item>
  </tier>
</igt>
<igt id="i65410">
  <metadata type="xigt-meta">
    <meta type="language" name="gothic" iso-639-3="got" tiers="phrases words morphemes"/>
    <meta type="language" name="English" iso-639-3="eng" tiers="translations"/>
    <meta type="odin-source" doc-id="1401" line-range="5704-5704" line-types="L-T+EX"/>
  </metadata>
  <tier id="o" type="odin-raw">
    <item id="o1" line="5704" tag="L-T+EX">           c. hausjan         (with dative) `hear, obey'</item>
  </tier>
  <tier id="c" type="odin-clean">
    <item id="c1" line="5704" tag="L-T+EX">hausjan         (with dative) `hear, obey</item>
  </tier>
</igt>
<igt id="i67742">
  <metadata type="xigt-meta">
    <meta type="language" name="gothic" iso-639-3="got" tiers="phrases words morphemes"/>
    <meta type="language" name="English" iso-639-3="eng" tiers="translations"/>
    <meta type="odin-source" doc-id="1735" line-range="103-105" line-types="L+SY G+SY T+AC"/>
  </metadata>
  <tier id="o" type="odin-raw">
    <item id="o1" line="103" tag="L+SY">         (11)     inufl-flis usdaudjam ... waila ___ galeikan imma.</item>
    <item id="o2" line="104" tag="G+SY">                  because of-this strive-1PL well PRO-NOM please-INF him-DAT</item>
    <item id="o3" line="105" tag="T+AC">                  `Because of this we strive to please him well.' (II Cor. 5:9)</item>
  </tier>
  <tier id="c" type="odin-clean">
    <item id="c1" line="103" tag="L+SY">inufl-flis usdaudjam ... waila ___ galeikan imma.</item>
    <item id="c2" line="104" tag="G+SY">because of-this strive-1PL well PRO-NOM please-INF him-DAT</item>
    <item id="c3" line="105" tag="T+AC">Because of this we strive to please him well.' (II Cor. 5:9)</item>
  </tier>
  <tier id="p" type="phrases" content="c">
    <item id="p0" content="c1[0:49]"/>
  </tier>
  <tier id="g" type="glosses" content="c">
    <item id="g0" content="c2[0:58]" alignment="p1"/>
  </tier>
  <tier id="t" type="translations" content="c">
    <item id="t0" content="c3[0:60]" alignment="p1"/>
  </tier>
</igt>
<igt id="i67743">
  <metadata type="xigt-meta">
    <meta type="language" name="gothic" iso-639-3="got" tiers="phrases words morphemes"/>
    <meta type="language" name="English" iso-639-3="eng" tiers="translations"/>
    <meta type="odin-source" doc-id="1735" line-range="107-109" line-types="L+SY G T+AC"/>
  </metadata>
  <tier id="o" type="odin-raw">
    <item id="o1" line="107" tag="L+SY">         (12)     hvaiwa skulufl gaggan jah ___ galeikan guda ...</item>
    <item id="o2" line="108" tag="G">                  how should-2PL go-INF and please-INF god-DAT</item>
    <item id="o3" line="109" tag="T+AC">                  `How you should live and please God ...' (I Thess. 4:1)</item>
  </tier>
  <tier id="c" type="odin-clean">
    <item id="c1" line="107" tag="L+SY">hvaiwa skulufl gaggan jah ___ galeikan guda ...</item>
    <item id="c2" line="108" tag="G">how should-2PL go-INF and please-INF god-DAT</item>
    <item id="c3" line="109" tag="T+AC">How you should live and please God ...' (I Thess. 4:1)</item>
  </tier>
  <tier id="p" type="phrases" content="c">
    <item id="p0" content="c1[0:47]"/>
  </tier>
  <tier id="g" type="glosses" content="c">
    <item id="g0" content="c2[0:44]" alignment="p1"/>
  </tier>
  <tier id="t" type="translations" content="c">
    <item id="t0" content="c3[0:54]" alignment="p1"/>
  </tier>
</igt>
<igt id="i82841">
  <metadata type="xigt-meta">
    <meta type="language" name="gothic" iso-639-3="got" tiers="phrases words morphemes"/>
    <meta type="language" name="English" iso-639-3="eng" tiers="translations"/>
    <meta type="odin-source" doc-id="3629" line-range="32-34" line-types="L+AC+LN G T"/>
  </metadata>
  <tier id="o" type="odin-raw">
    <item id="o1" line="32" tag="L+AC+LN">  (2)       a. ga ­ h ­ þan ­ miþ ­ sandedidum imma broþar (Gothic; II Cor 8:18; Streitberg 1965)</item>
    <item id="o2" line="33" tag="G">            ga ­ and ­ then ­ with ­ send1PL him brother</item>
    <item id="o3" line="34" tag="T">            'and then we are sending with him a brother'</item>
  </tier>
  <tier id="c" type="odin-clean">
    <item id="c1" line="32" tag="L+AC+LN">a. ga ­ h ­ þan ­ miþ ­ sandedidum imma broþar (Gothic; II Cor 8:18; Streitberg 1965</item>
    <item id="c2" line="33" tag="G">ga ­ and ­ then ­ with ­ send1PL him brother</item>
    <item id="c3" line="34" tag="T">and then we are sending with him a brother</item>
  </tier>
  <tier id="p" type="phrases" content="c">
    <item id="p0" content="c1[0:84]"/>
  </tier>
  <tier id="g" type="glosses" content="c">
    <item id="g0" content="c2[0:44]" alignment="p1"/>
  </tier>
  <tier id="t" type="translations" content="c">
    <item id="t0" content="c3[0:42]" alignment="p1"/>
  </tier>
</igt>
<igt id="i83613">
  <metadata type="xigt-meta">
    <meta type="language" name="gothic" iso-639-3="got" tiers="phrases words morphemes"/>
    <meta type="language" name="English" iso-639-3="eng" tiers="translations"/>
    <meta type="odin-source" doc-id="3628" line-range="15307-15310" line-types="L G+CR G+CR T"/>
  </metadata>
  <tier id="o" type="odin-raw">
    <item id="o1" line="15307" tag="L">  (310) ni    balwjais          mis</item>
    <item id="o2" line="15308" tag="G+CR">                      nd</item>
    <item id="o3" line="15309" tag="G+CR">        NEG ­ torture2 sg-opt ­ me</item>
    <item id="o4" line="15310" tag="T">        "Do not torture me".</item>
  </tier>
  <tier id="c" type="odin-clean">
    <item id="c1" line="15307" tag="L">ni    balwjais          mis</item>
    <item id="c2" line="15308" tag="G+CR">nd</item>
    <item id="c4" line="15310" tag="T">Do not torture me".</item>
  </tier>
  <tier id="p" type="phrases" content="c">
    <item id="p0" content="c1[0:27]"/>
  </tier>
  <tier id="g" type="glosses" content="c">
    <item id="g0" content="c2[0:2]" alignment="p1"/>
  </tier>
  <tier id="t" type="translations" content="c">
    <item id="t0" content="c4[0:19]" alignment="p1"/>
  </tier>
</igt>
<igt id="i89549">
  <metadata type="xigt-meta">
    <meta type="language" name="gothic" iso-639-3="got" tiers="phrases words morphemes"/>
    <meta type="language" name="English" iso-639-3="eng" tiers="translations"/>
    <meta type="odin-source" doc-id="638" line-range="199-203" line-types="M+LN L+CR L+CR G T"/>
  </metadata>
  <tier id="o" type="odin-raw">
    <item id="o1" line="199" tag="M+LN">  (7)   Gothic</item>
    <item id="o2" line="200" tag="L+CR">              ...ai   au                    ata niujo wein  a ns balgins.</item>
    <item id="o3" line="201" tag="L+CR">        (a)                   distair-id</item>
    <item id="o4" line="202" tag="G">              lest            burst-3SG    the   new wine the       bags</item>
    <item id="o5" line="203" tag="T">              `...lest the new wine burst the skin bags (Lk 5,37).'</item>
  </tier>
  <tier id="c" type="odin-clean">
    <item id="c1" line="199" tag="M+LN">Gothic</item>
    <item id="c2" line="200 201" tag="L+CR">...ai   au      distair-id    ata niujo wein  a ns balgins.</item>
    <item id="c4" line="202" tag="G">lest            burst-3SG    the   new wine the       bags</item>
    <item id="c5" line="203" tag="T">...lest the new wine burst the skin bags (Lk 5,37).</item>
  </tier>
  <tier id="p" type="phrases" content="c">
    <item id="p0" content="c2[0:59]"/>
  </tier>
  <tier id="g" type="glosses" content="c">
    <item id="g0" content="c4[0:58]" alignment="p1"/>
  </tier>
  <tier id="t" type="translations" content="c">
    <item id="t0" content="c5[0:51]" alignment="p1"/>
  </tier>
</igt>
<igt id="i89550">
  <metadata type="xigt-meta">
    <meta type="language" name="gothic" iso-639-3="got" tiers="phrases words morphemes"/>
    <meta type="language" name="English" iso-639-3="eng" tiers="translations"/>
    <meta type="odin-source" doc-id="638" line-range="210-213" line-types="L+CR L+CR G T"/>
  </metadata>
  <tier id="o" type="odin-raw">
    <item id="o1" line="210" tag="L+CR">               ... ai   au</item>
    <item id="o2" line="211" tag="L+CR">        (b)                    distaur-n-and        balgeis.</item>
    <item id="o3" line="212" tag="G">               lest            burst-ANTIC-3PL      bags</item>
    <item id="o4" line="213" tag="T">               `...lest the skin bags burst (Mt 9,17).'</item>
  </tier>
  <tier id="c" type="odin-clean">
    <item id="c1" line="210 211" tag="L+CR">ai   au     distaur-n-and        balgeis.</item>
    <item id="c3" line="212" tag="G">lest            burst-ANTIC-3PL      bags</item>
    <item id="c4" line="213" tag="T">...lest the skin bags burst (Mt 9,17).</item>
  </tier>
  <tier id="p" type="phrases" content="c">
    <item id="p0" content="c1[0:41]"/>
  </tier>
  <tier id="g" type="glosses" content="c">
    <item id="g0" content="c3[0:41]" alignment="p1"/>
  </tier>
  <tier id="t" type="translations" content="c">
    <item id="t0" content="c4[0:38]" alignment="p1"/>
  </tier>
</igt>
<igt id="i95907">
  <metadata type="xigt-meta">
    <meta type="language" name="gothic" iso-639-3="got" tiers="phrases words morphemes"/>
    <meta type="language" name="English" iso-639-3="eng" tiers="translations"/>
    <meta type="odin-source" doc-id="357" line-range="602-610" line-types="L B B B B B G T M+AC"/>
  </metadata>
  <tier id="o" type="odin-raw">
    <item id="o1" line="602" tag="L">   (25) i  [ amm-ei leitil fraletada ] leitil friod</item>
    <item id="o2" line="603" tag="B"></item>
    <item id="o3" line="604" tag="B"></item>
    <item id="o4" line="605" tag="B"></item>
    <item id="o5" line="606" tag="B"></item>
    <item id="o6" line="607" tag="B"></item>
    <item id="o7" line="608" tag="G">        but whom-dat little is.forgiven little loves</item>
    <item id="o8" line="609" tag="T">          `But (the one) whom little is forgiven loves little</item>
    <item id="o9" line="610" tag="M+AC">                                                      (Harbert, 1992, 111)</item>
  </tier>
  <tier id="c" type="odin-clean">
    <item id="c1" line="602" tag="L">i  [ amm-ei leitil fraletada ] leitil friod</item>
    <item id="c2" line="603" tag="B"/>
    <item id="c3" line="604" tag="B"/>
    <item id="c4" line="605" tag="B"/>
    <item id="c5" line="606" tag="B"/>
    <item id="c6" line="607" tag="B"/>
    <item id="c7" line="608" tag="G">but whom-dat little is.forgiven little loves</item>
    <item id="c8" line="609" tag="T">But (the one) whom little is forgiven loves little</item>
    <item id="c9" line="610" tag="M+AC">Harbert, 1992, 111</item>
  </tier>
  <tier id="p" type="phrases" content="c">
    <item id="p0" content="c1[0:43]"/>
  </tier>
  <tier id="g" type="glosses" content="c">
    <item id="g0" content="c7[0:44]" alignment="p1"/>
  </tier>
  <tier id="t" type="translations" content="c">
    <item id="t0" content="c8[0:50]" alignment="p1"/>
  </tier>
</igt>
<igt id="i95908">
  <metadata type="xigt-meta">
    <meta type="language" name="gothic" iso-639-3="got" tiers="phrases words morphemes"/>
    <meta type="language" name="English" iso-639-3="eng" tiers="translations"/>
    <meta type="odin-source" doc-id="357" line-range="611-619" line-types="L B B B B B G T M+AC"/>
  </metadata>
  <tier id="o" type="odin-raw">
    <item id="o1" line="611" tag="L">   (26) [ o-ei          ist us Laudeikaiou ] jus ussggwaid</item>
    <item id="o2" line="612" tag="B"></item>
    <item id="o3" line="613" tag="B"></item>
    <item id="o4" line="614" tag="B"></item>
    <item id="o5" line="615" tag="B"></item>
    <item id="o6" line="616" tag="B"></item>
    <item id="o7" line="617" tag="G">         which.acc-comp is from Laodicea     you read</item>
    <item id="o8" line="618" tag="T">          `And read (the one) which is from Laodicea'</item>
    <item id="o9" line="619" tag="M+AC">                                                    (Harbert, 1992, 111)</item>
  </tier>
  <tier id="c" type="odin-clean">
    <item id="c1" line="611" tag="L">[ o-ei          ist us Laudeikaiou ] jus ussggwaid</item>
    <item id="c2" line="612" tag="B"/>
    <item id="c3" line="613" tag="B"/>
    <item id="c4" line="614" tag="B"/>
    <item id="c5" line="615" tag="B"/>
    <item id="c6" line="616" tag="B"/>
    <item id="c7" line="617" tag="G">which.acc-comp is from Laodicea     you read</item>
    <item id="c8" line="618" tag="T">And read (the one) which is from Laodicea</item>
    <item id="c9" line="619" tag="M+AC">Harbert, 1992, 111</item>
  </tier>
  <tier id="p" type="phrases" content="c">
    <item id="p0" content="c1[0:50]"/>
  </tier>
  <tier id="g" type="glosses" content="c">
    <item id="g0" content="c7[0:44]" alignment="p1"/>
  </tier>
  <tier id="t" type="translations" content="c">
    <item id="t0" content="c8[0:41]" alignment="p1"/>
  </tier>
</igt>
<igt id="i122629">
  <metadata type="xigt-meta">
    <meta type="language" name="gothic" iso-639-3="got" tiers="phrases words morphemes"/>
    <meta type="language" name="English" iso-639-3="eng" tiers="translations"/>
    <meta type="odin-source" doc-id="4061" line-range="590-591" line-types="M+LN+DB L-T+DB"/>
  </metadata>
  <tier id="o" type="odin-raw">
    <item id="o1" line="590" tag="M+LN+DB">  (26)    ON          Goth</item>
    <item id="o2" line="591" tag="L-T+DB">          hann        is     `he'</item>
  </tier>
  <tier id="c" type="odin-clean">
    <item id="c1" line="590" tag="M+LN+DB">ON          Goth</item>
    <item id="c2" line="591" tag="L-T+DB">hann        is     `he</item>
  </tier>
</igt>
<igt id="i122630">
  <metadata type="xigt-meta">
    <meta type="language" name="gothic" iso-639-3="got" tiers="phrases words morphemes"/>
    <meta type="language" name="English" iso-639-3="eng" tiers="translations"/>
    <meta type="odin-source" doc-id="4061" line-range="592-592" line-types="L-T+DB"/>
  </metadata>
  <tier id="o" type="odin-raw">
    <item id="o1" line="592" tag="L-T+DB">          honum       imma   `him' (dat. sg.)</item>
  </tier>
  <tier id="c" type="odin-clean">
    <item id="c1" line="592" tag="L-T+DB">honum       imma   `him' (dat. sg.)</item>
  </tier>
</igt>
<igt id="i122631">
  <metadata type="xigt-meta">
    <meta type="language" name="gothic" iso-639-3="got" tiers="phrases words morphemes"/>
    <meta type="language" name="English" iso-639-3="eng" tiers="translations"/>
    <meta type="odin-source" doc-id="4061" line-range="593-593" line-types="L-T+DB"/>
  </metadata>
  <tier id="o" type="odin-raw">
    <item id="o1" line="593" tag="L-T+DB">          hon         si     `she'</item>
  </tier>
  <tier id="c" type="odin-clean">
    <item id="c1" line="593" tag="L-T+DB">hon         si     `she</item>
  </tier>
</igt>
<igt id="i122632">
  <metadata type="xigt-meta">
    <meta type="language" name="gothic" iso-639-3="got" tiers="phrases words morphemes"/>
    <meta type="language" name="English" iso-639-3="eng" tiers="translations"/>
    <meta type="odin-source" doc-id="4061" line-range="594-595" line-types="L-T+DB M+AC"/>
  </metadata>
  <tier id="o" type="odin-raw">
    <item id="o1" line="594" tag="L-T+DB">          hennar      izôs    `her' (gen.sg.)</item>
    <item id="o2" line="595" tag="M+AC">                                                                                  (Walters)</item>
  </tier>
  <tier id="c" type="odin-clean">
    <item id="c1" line="594" tag="L-T+DB">hennar      izôs    `her' (gen.sg.)</item>
    <item id="c2" line="595" tag="M+AC">Walters</item>
  </tier>
</igt>
<igt id="i139108">
  <metadata type="xigt-meta">
    <meta type="language" name="gothic" iso-639-3="got" tiers="phrases words morphemes"/>
    <meta type="language" name="English" iso-639-3="eng" tiers="translations"/>
    <meta type="odin-source" doc-id="2149" line-range="1609-1612" line-types="M+AC+LN L+EX G T"/>
  </metadata>
  <tier id="o" type="odin-raw">
    <item id="o1" line="1609" tag="M+AC+LN">  Gothic (Sauvageot 1929)</item>
    <item id="o2" line="1610" tag="L+EX">  (15) ik im ata weinatriu, i                 jus weinatainos (John 15.5)</item>
    <item id="o3" line="1611" tag="G">          I    am the       vine           but ye   branches</item>
    <item id="o4" line="1612" tag="T">          'I am the vine, ye are the branches.'</item>
  </tier>
  <tier id="c" type="odin-clean">
    <item id="c1" line="1609" tag="M+AC+LN">Gothic (Sauvageot 1929)</item>
    <item id="c2" line="1610" tag="L+EX">ik im ata weinatriu, i                 jus weinatainos (John 15.5</item>
    <item id="c3" line="1611" tag="G">I    am the       vine           but ye   branches</item>
    <item id="c4" line="1612" tag="T">I am the vine, ye are the branches.</item>
  </tier>
  <tier id="p" type="phrases" content="c">
    <item id="p0" content="c2[0:65]"/>
  </tier>
  <tier id="g" type="glosses" content="c">
    <item id="g0" content="c3[0:50]" alignment="p1"/>
  </tier>
  <tier id="t" type="translations" content="c">
    <item id="t0" content="c4[0:35]" alignment="p1"/>
  </tier>
</igt>
<igt id="i139109">
  <metadata type="xigt-meta">
    <meta type="language" name="gothic" iso-639-3="got" tiers="phrases words morphemes"/>
    <meta type="language" name="English" iso-639-3="eng" tiers="translations"/>
    <meta type="odin-source" doc-id="2149" line-range="1614-1616" line-types="L+AC+DB G+DB T+DB"/>
  </metadata>
  <tier id="o" type="odin-raw">
    <item id="o1" line="1614" tag="L+AC+DB">  (16)        a.     mein blo (John 6.54)            b.    so       meina laiseins (John 7.16)</item>
    <item id="o2" line="1615" tag="G+DB">                     my            blood                   the      my        doctrine</item>
    <item id="o3" line="1616" tag="T+DB">                     'my blood'                            'my doctrine'</item>
  </tier>
  <tier id="c" type="odin-clean">
    <item id="c1" line="1614" tag="L+AC+DB">a.     mein blo (John 6.54)            b.    so       meina laiseins (John 7.16</item>
    <item id="c2" line="1615" tag="G+DB">my            blood                   the      my        doctrine</item>
    <item id="c3" line="1616" tag="T+DB">my blood'                            'my doctrine</item>
  </tier>
  <tier id="p" type="phrases" content="c">
    <item id="p0" content="c1[0:79]"/>
  </tier>
  <tier id="g" type="glosses" content="c">
    <item id="g0" content="c2[0:65]" alignment="p1"/>
  </tier>
  <tier id="t" type="translations" content="c">
    <item id="t0" content="c3[0:49]" alignment="p1"/>
  </tier>
</igt>
<igt id="i139110">
  <metadata type="xigt-meta">
    <meta type="language" name="gothic" iso-639-3="got" tiers="phrases words morphemes"/>
    <meta type="language" name="English" iso-639-3="eng" tiers="translations"/>
    <meta type="odin-source" doc-id="2149" line-range="1617-1619" line-types="L+AC+DB+EX G+DB T+DB"/>
  </metadata>
  <tier id="o" type="odin-raw">
    <item id="o1" line="1617" tag="L+AC+DB+EX">              c.     saiwala meina (John 10.15) d.         sa      iumagus            meins (Matth. 8.8)</item>
    <item id="o2" line="1618" tag="G+DB">                     soul          my                      the      servant           my</item>
    <item id="o3" line="1619" tag="T+DB">                     'my soul'                             'my servant'</item>
  </tier>
  <tier id="c" type="odin-clean">
    <item id="c1" line="1617" tag="L+AC+DB+EX">saiwala meina (John 10.15) d.         sa      iumagus            meins (Matth. 8.8)</item>
    <item id="c2" line="1618" tag="G+DB">soul          my                      the      servant           my</item>
    <item id="c3" line="1619" tag="T+DB">my soul'                             'my servant</item>
  </tier>
  <tier id="p" type="phrases" content="c">
    <item id="p0" content="c1[0:83]"/>
  </tier>
  <tier id="g" type="glosses" content="c">
    <item id="g0" content="c2[0:67]" alignment="p1"/>
  </tier>
  <tier id="t" type="translations" content="c">
    <item id="t0" content="c3[0:48]" alignment="p1"/>
  </tier>
</igt>
</xigt-corpus>
