<?xml version="1.0" encoding="UTF-8"?>
<xigt-corpus>
<igt id="i8213">
  <metadata type="xigt-meta">
    <meta type="language" name="german sign language" iso-639-3="gsg" tiers="phrases words morphemes"/>
    <meta type="language" name="English" iso-639-3="eng" tiers="translations"/>
    <meta type="odin-source" doc-id="3208" line-range="451-455" line-types="M+LN+CN+EX L+CR L+CR G T"/>
  </metadata>
  <tier id="o" type="odin-raw">
    <item id="o1" line="451" tag="M+LN+CN+EX">     (9) Agreement verbs and plain verbs in DGS</item>
    <item id="o2" line="452" tag="L+CR">                                          x      y</item>
    <item id="o3" line="453" tag="L+CR">         a. arzt px         mann py      x helfy</item>
    <item id="o4" line="454" tag="G">             doctor index man index agr.s:help:agr.o</item>
    <item id="o5" line="455" tag="T">             `The doctor is helping the man'</item>
  </tier>
  <tier id="c" type="odin-clean">
    <item id="c1" line="451" tag="M+LN+CN+EX">Agreement verbs and plain verbs in DGS</item>
    <item id="c2" line="452 453" tag="L+CR">arzt px         mann py      xxhelfy y</item>
    <item id="c4" line="454" tag="G">doctor index man index agr.s:help:agr.o</item>
    <item id="c5" line="455" tag="T">The doctor is helping the man</item>
  </tier>
  <tier id="p" type="phrases" content="c">
    <item id="p0" content="c2[0:38]"/>
  </tier>
  <tier id="g" type="glosses" content="c">
    <item id="g0" content="c4[0:39]" alignment="p1"/>
  </tier>
  <tier id="t" type="translations" content="c">
    <item id="t0" content="c5[0:29]" alignment="p1"/>
  </tier>
</igt>
<igt id="i8214">
  <metadata type="xigt-meta">
    <meta type="language" name="german sign language" iso-639-3="gsg" tiers="phrases words morphemes"/>
    <meta type="language" name="English" iso-639-3="eng" tiers="translations"/>
    <meta type="odin-source" doc-id="3208" line-range="456-458" line-types="L G T"/>
  </metadata>
  <tier id="o" type="odin-raw">
    <item id="o1" line="456" tag="L">         b. px      py     blume xgeby</item>
    <item id="o2" line="457" tag="G">             index index flower agr.s:give:agr.o</item>
    <item id="o3" line="458" tag="T">             `S/he is giving him/her a flower'</item>
  </tier>
  <tier id="c" type="odin-clean">
    <item id="c1" line="456" tag="L">px      py     blume xgeby</item>
    <item id="c2" line="457" tag="G">index index flower agr.s:give:agr.o</item>
    <item id="c3" line="458" tag="T">S/he is giving him/her a flower</item>
  </tier>
  <tier id="p" type="phrases" content="c">
    <item id="p0" content="c1[0:26]"/>
  </tier>
  <tier id="g" type="glosses" content="c">
    <item id="g0" content="c2[0:35]" alignment="p1"/>
  </tier>
  <tier id="t" type="translations" content="c">
    <item id="t0" content="c3[0:31]" alignment="p1"/>
  </tier>
</igt>
<igt id="i8215">
  <metadata type="xigt-meta">
    <meta type="language" name="german sign language" iso-639-3="gsg" tiers="phrases words morphemes"/>
    <meta type="language" name="English" iso-639-3="eng" tiers="translations"/>
    <meta type="odin-source" doc-id="3208" line-range="460-462" line-types="L G T"/>
  </metadata>
  <tier id="o" type="odin-raw">
    <item id="o1" line="460" tag="L">         c. frau (px)         arzt (py)       1 vertrau2</item>
    <item id="o2" line="461" tag="G">             woman (index) doctor (index) trust</item>
    <item id="o3" line="462" tag="T">             `The woman trusts the doctor'</item>
  </tier>
  <tier id="c" type="odin-clean">
    <item id="c1" line="460" tag="L">frau (px)         arzt (py)       1 vertrau2</item>
    <item id="c2" line="461" tag="G">woman (index) doctor (index) trust</item>
    <item id="c3" line="462" tag="T">The woman trusts the doctor</item>
  </tier>
  <tier id="p" type="phrases" content="c">
    <item id="p0" content="c1[0:44]"/>
  </tier>
  <tier id="g" type="glosses" content="c">
    <item id="g0" content="c2[0:34]" alignment="p1"/>
  </tier>
  <tier id="t" type="translations" content="c">
    <item id="t0" content="c3[0:27]" alignment="p1"/>
  </tier>
</igt>
<igt id="i8216">
  <metadata type="xigt-meta">
    <meta type="language" name="german sign language" iso-639-3="gsg" tiers="phrases words morphemes"/>
    <meta type="language" name="English" iso-639-3="eng" tiers="translations"/>
    <meta type="odin-source" doc-id="3208" line-range="527-530" line-types="M+CN+EX L G T"/>
  </metadata>
  <tier id="o" type="odin-raw">
    <item id="o1" line="527" tag="M+CN+EX">    (10) Conversion with two-handed agreement verbs</item>
    <item id="o2" line="528" tag="L">         a. xwir-beidey buch++ [xxschenkyyschenkxx]</item>
    <item id="o3" line="529" tag="G">            we-two       book:pl [give-as-present:rec</item>
    <item id="o4" line="530" tag="T">            `We are giving books to each other as presents'</item>
  </tier>
  <tier id="c" type="odin-clean">
    <item id="c1" line="527" tag="M+CN+EX">Conversion with two-handed agreement verbs</item>
    <item id="c2" line="528" tag="L">xwir-beidey buch++ [xxschenkyyschenkxx]</item>
    <item id="c3" line="529" tag="G">we-two       book:pl [give-as-present:rec</item>
    <item id="c4" line="530" tag="T">We are giving books to each other as presents</item>
  </tier>
  <tier id="p" type="phrases" content="c">
    <item id="p0" content="c2[0:39]"/>
  </tier>
  <tier id="g" type="glosses" content="c">
    <item id="g0" content="c3[0:41]" alignment="p1"/>
  </tier>
  <tier id="t" type="translations" content="c">
    <item id="t0" content="c4[0:45]" alignment="p1"/>
  </tier>
</igt>
<igt id="i8217">
  <metadata type="xigt-meta">
    <meta type="language" name="german sign language" iso-639-3="gsg" tiers="phrases words morphemes"/>
    <meta type="language" name="English" iso-639-3="eng" tiers="translations"/>
    <meta type="odin-source" doc-id="3208" line-range="531-533" line-types="L G T"/>
  </metadata>
  <tier id="o" type="odin-raw">
    <item id="o1" line="531" tag="L">         b. xwir-beidey [xxhelfyyhelfxx]</item>
    <item id="o2" line="532" tag="G">            we-two       [help:rec</item>
    <item id="o3" line="533" tag="T">            `We are helping each other'</item>
  </tier>
  <tier id="c" type="odin-clean">
    <item id="c1" line="531" tag="L">xwir-beidey [xxhelfyyhelfxx]</item>
    <item id="c2" line="532" tag="G">we-two       [help:rec</item>
    <item id="c3" line="533" tag="T">We are helping each other</item>
  </tier>
  <tier id="p" type="phrases" content="c">
    <item id="p0" content="c1[0:28]"/>
  </tier>
  <tier id="g" type="glosses" content="c">
    <item id="g0" content="c2[0:22]" alignment="p1"/>
  </tier>
  <tier id="t" type="translations" content="c">
    <item id="t0" content="c3[0:25]" alignment="p1"/>
  </tier>
</igt>
<igt id="i8218">
  <metadata type="xigt-meta">
    <meta type="language" name="german sign language" iso-639-3="gsg" tiers="phrases words morphemes"/>
    <meta type="language" name="English" iso-639-3="eng" tiers="translations"/>
    <meta type="odin-source" doc-id="3208" line-range="580-580" line-types="L-T+DB"/>
  </metadata>
  <tier id="o" type="odin-raw">
    <item id="o1" line="580" tag="L-T+DB">                                 helfen `to help'               schenken `to give as a present'</item>
  </tier>
  <tier id="c" type="odin-clean">
    <item id="c1" line="580" tag="L-T+DB">helfen `to help'               schenken `to give as a present</item>
  </tier>
</igt>
<igt id="i8219">
  <metadata type="xigt-meta">
    <meta type="language" name="german sign language" iso-639-3="gsg" tiers="phrases words morphemes"/>
    <meta type="language" name="English" iso-639-3="eng" tiers="translations"/>
    <meta type="odin-source" doc-id="3208" line-range="581-581" line-types="L-T+DB"/>
  </metadata>
  <tier id="o" type="odin-raw">
    <item id="o1" line="581" tag="L-T+DB">                                 erklren `to explain'           beeinflussen `to influence'</item>
  </tier>
  <tier id="c" type="odin-clean">
    <item id="c1" line="581" tag="L-T+DB">erklren `to explain'           beeinflussen `to influence</item>
  </tier>
</igt>
<igt id="i8220">
  <metadata type="xigt-meta">
    <meta type="language" name="german sign language" iso-639-3="gsg" tiers="phrases words morphemes"/>
    <meta type="language" name="English" iso-639-3="eng" tiers="translations"/>
    <meta type="odin-source" doc-id="3208" line-range="582-582" line-types="L-T+DB"/>
  </metadata>
  <tier id="o" type="odin-raw">
    <item id="o1" line="582" tag="L-T+DB">                                 rgern `to tease'               faxen (+)`to fax'</item>
  </tier>
  <tier id="c" type="odin-clean">
    <item id="c1" line="582" tag="L-T+DB">rgern `to tease'               faxen (+)`to fax</item>
  </tier>
</igt>
<igt id="i8221">
  <metadata type="xigt-meta">
    <meta type="language" name="german sign language" iso-639-3="gsg" tiers="phrases words morphemes"/>
    <meta type="language" name="English" iso-639-3="eng" tiers="translations"/>
    <meta type="odin-source" doc-id="3208" line-range="583-583" line-types="L-T+DB"/>
  </metadata>
  <tier id="o" type="odin-raw">
    <item id="o1" line="583" tag="L-T+DB">                                 besuchen (+)`to visit'         zeigen `to show'</item>
  </tier>
  <tier id="c" type="odin-clean">
    <item id="c1" line="583" tag="L-T+DB">besuchen (+)`to visit'         zeigen `to show</item>
  </tier>
</igt>
<igt id="i8222">
  <metadata type="xigt-meta">
    <meta type="language" name="german sign language" iso-639-3="gsg" tiers="phrases words morphemes"/>
    <meta type="language" name="English" iso-639-3="eng" tiers="translations"/>
    <meta type="odin-source" doc-id="3208" line-range="584-584" line-types="L-T+DB"/>
  </metadata>
  <tier id="o" type="odin-raw">
    <item id="o1" line="584" tag="L-T+DB">                                 leihen `to lend'               schubsen (+)`to shove'</item>
  </tier>
  <tier id="c" type="odin-clean">
    <item id="c1" line="584" tag="L-T+DB">leihen `to lend'               schubsen (+)`to shove</item>
  </tier>
</igt>
<igt id="i8223">
  <metadata type="xigt-meta">
    <meta type="language" name="german sign language" iso-639-3="gsg" tiers="phrases words morphemes"/>
    <meta type="language" name="English" iso-639-3="eng" tiers="translations"/>
    <meta type="odin-source" doc-id="3208" line-range="585-585" line-types="L-T"/>
  </metadata>
  <tier id="o" type="odin-raw">
    <item id="o1" line="585" tag="L-T">                                 unterst¸tzen (+)`to support'</item>
  </tier>
  <tier id="c" type="odin-clean">
    <item id="c1" line="585" tag="L-T">unterst¸tzen (+)`to support</item>
  </tier>
</igt>
<igt id="i8224">
  <metadata type="xigt-meta">
    <meta type="language" name="german sign language" iso-639-3="gsg" tiers="phrases words morphemes"/>
    <meta type="language" name="English" iso-639-3="eng" tiers="translations"/>
    <meta type="odin-source" doc-id="3208" line-range="625-627" line-types="L G T"/>
  </metadata>
  <tier id="o" type="odin-raw">
    <item id="o1" line="625" tag="L">         a. arzt px        mann py      x helfy helfx</item>
    <item id="o2" line="626" tag="G">             doctor index man index help:rec</item>
    <item id="o3" line="627" tag="T">             `The doctor and the man are helping each other'</item>
  </tier>
  <tier id="c" type="odin-clean">
    <item id="c1" line="625" tag="L">arzt px        mann py      x helfy helfx</item>
    <item id="c2" line="626" tag="G">doctor index man index help:rec</item>
    <item id="c3" line="627" tag="T">The doctor and the man are helping each other</item>
  </tier>
  <tier id="p" type="phrases" content="c">
    <item id="p0" content="c1[0:41]"/>
  </tier>
  <tier id="g" type="glosses" content="c">
    <item id="g0" content="c2[0:31]" alignment="p1"/>
  </tier>
  <tier id="t" type="translations" content="c">
    <item id="t0" content="c3[0:45]" alignment="p1"/>
  </tier>
</igt>
<igt id="i8225">
  <metadata type="xigt-meta">
    <meta type="language" name="german sign language" iso-639-3="gsg" tiers="phrases words morphemes"/>
    <meta type="language" name="English" iso-639-3="eng" tiers="translations"/>
    <meta type="odin-source" doc-id="3208" line-range="629-634" line-types="L+CR L+CR G L G T"/>
  </metadata>
  <tier id="o" type="odin-raw">
    <item id="o1" line="629" tag="L+CR">         b. [arzt px                     x helfy ]CP,</item>
    <item id="o2" line="630" tag="L+CR">                            mann py</item>
    <item id="o3" line="631" tag="G">             [doctor index man index agr.s:help:agr.o</item>
    <item id="o4" line="632" tag="L">             [proy yyHELFxx          prox]CP</item>
    <item id="o5" line="633" tag="G">             [pro agr.s:help:agr.o pro</item>
    <item id="o6" line="634" tag="T">             `The doctor is helping the man and (then) the man is helping the doctor'</item>
  </tier>
  <tier id="c" type="odin-clean">
    <item id="c1" line="629 630" tag="L+CR">[arzt px        mann py      x helfy ]CP,</item>
    <item id="c3" line="631" tag="G">[doctor index man index agr.s:help:agr.o</item>
    <item id="c4" line="632" tag="L">[proy yyHELFxx          prox]CP</item>
    <item id="c5" line="633" tag="G">[pro agr.s:help:agr.o pro</item>
    <item id="c6" line="634" tag="T">The doctor is helping the man and (then) the man is helping the doctor</item>
  </tier>
  <tier id="p" type="phrases" content="c">
    <item id="p0" content="c1[0:41]"/>
    <item id="p1" content="c4[0:31]"/>
  </tier>
  <tier id="g" type="glosses" content="c">
    <item id="g0" content="c3[0:40]" alignment="p1"/>
    <item id="g1" content="c5[0:25]" alignment="p2"/>
  </tier>
  <tier id="t" type="translations" content="c">
    <item id="t0" content="c6[0:70]" alignment="p2"/>
  </tier>
</igt>
<igt id="i8227">
  <metadata type="xigt-meta">
    <meta type="language" name="german sign language" iso-639-3="gsg" tiers="phrases words morphemes"/>
    <meta type="language" name="English" iso-639-3="eng" tiers="translations"/>
    <meta type="odin-source" doc-id="3208" line-range="674-676" line-types="L G T"/>
  </metadata>
  <tier id="o" type="odin-raw">
    <item id="o1" line="674" tag="L">                a. *arzt px mann py x helf         y helfx</item>
    <item id="o2" line="675" tag="G">                    doctor IX man IX agr.s:help:agr.o/s:help:neg:agr.o</item>
    <item id="o3" line="676" tag="T">                    `The doctor is helping the man and the man is not helping the doctor'</item>
  </tier>
  <tier id="c" type="odin-clean">
    <item id="c1" line="674" tag="L">*arzt px mann py x helf         y helfx</item>
    <item id="c2" line="675" tag="G">doctor IX man IX agr.s:help:agr.o/s:help:neg:agr.o</item>
    <item id="c3" line="676" tag="T">The doctor is helping the man and the man is not helping the doctor</item>
  </tier>
  <tier id="p" type="phrases" content="c">
    <item id="p0" content="c1[0:39]"/>
  </tier>
  <tier id="g" type="glosses" content="c">
    <item id="g0" content="c2[0:50]" alignment="p1"/>
  </tier>
  <tier id="t" type="translations" content="c">
    <item id="t0" content="c3[0:67]" alignment="p1"/>
  </tier>
</igt>
<igt id="i8228">
  <metadata type="xigt-meta">
    <meta type="language" name="german sign language" iso-639-3="gsg" tiers="phrases words morphemes"/>
    <meta type="language" name="English" iso-639-3="eng" tiers="translations"/>
    <meta type="odin-source" doc-id="3208" line-range="677-680" line-types="L G T T"/>
  </metadata>
  <tier id="o" type="odin-raw">
    <item id="o1" line="677" tag="L">                b. *arzt px mann py xxhelf++yyhelfxx</item>
    <item id="o2" line="678" tag="G">                    doctor IX man IX agr.s:help:ite:agr.o/s:help:agr.o</item>
    <item id="o3" line="679" tag="T">                    `The doctor is helping the man over and over again and the man is helping</item>
    <item id="o4" line="680" tag="T">                    the doctor (once)'</item>
  </tier>
  <tier id="c" type="odin-clean">
    <item id="c1" line="677" tag="L">*arzt px mann py xxhelf++yyhelfxx</item>
    <item id="c2" line="678" tag="G">doctor IX man IX agr.s:help:ite:agr.o/s:help:agr.o</item>
    <item id="c3" line="679" tag="T">The doctor is helping the man over and over again and the man is helping</item>
    <item id="c4" line="680" tag="T">the doctor (once)</item>
  </tier>
  <tier id="p" type="phrases" content="c">
    <item id="p0" content="c1[0:33]"/>
  </tier>
  <tier id="g" type="glosses" content="c">
    <item id="g0" content="c2[0:50]" alignment="p1"/>
  </tier>
  <tier id="t" type="translations" content="c">
    <item id="t0" content="c3[0:72]" alignment="p1"/>
    <item id="t1" content="c4[0:17]" alignment="p1"/>
  </tier>
</igt>
<igt id="i8229">
  <metadata type="xigt-meta">
    <meta type="language" name="german sign language" iso-639-3="gsg" tiers="phrases words morphemes"/>
    <meta type="language" name="English" iso-639-3="eng" tiers="translations"/>
    <meta type="odin-source" doc-id="3208" line-range="696-699" line-types="M+EX L G T"/>
  </metadata>
  <tier id="o" type="odin-raw">
    <item id="o1" line="696" tag="M+EX">         (14) Sequential conversion is ungrammatical with one-handed AVs</item>
    <item id="o2" line="697" tag="L">             *xwir-beidey blume++ [xgebygebx]</item>
    <item id="o3" line="698" tag="G">              we-two       flower:pl [give:rec</item>
    <item id="o4" line="699" tag="T">              `We are giving flowers to each other'</item>
  </tier>
  <tier id="c" type="odin-clean">
    <item id="c1" line="696" tag="M+EX">Sequential conversion is ungrammatical with one-handed AVs</item>
    <item id="c2" line="697" tag="L">*xwir-beidey blume++ [xgebygebx]</item>
    <item id="c3" line="698" tag="G">we-two       flower:pl [give:rec</item>
    <item id="c4" line="699" tag="T">We are giving flowers to each other</item>
  </tier>
  <tier id="p" type="phrases" content="c">
    <item id="p0" content="c2[0:32]"/>
  </tier>
  <tier id="g" type="glosses" content="c">
    <item id="g0" content="c3[0:32]" alignment="p1"/>
  </tier>
  <tier id="t" type="translations" content="c">
    <item id="t0" content="c4[0:35]" alignment="p1"/>
  </tier>
</igt>
<igt id="i8230">
  <metadata type="xigt-meta">
    <meta type="language" name="german sign language" iso-639-3="gsg" tiers="phrases words morphemes"/>
    <meta type="language" name="English" iso-639-3="eng" tiers="translations"/>
    <meta type="odin-source" doc-id="3208" line-range="730-733" line-types="M+EX L G T"/>
  </metadata>
  <tier id="o" type="odin-raw">
    <item id="o1" line="730" tag="M+EX">    (15) Conversion and H2-copy with one-handed agreement verbs</item>
    <item id="o2" line="731" tag="L">         a. xwir-beidey blume++ [xygebyx]</item>
    <item id="o3" line="732" tag="G">            we-two        flower:pl [give:rec</item>
    <item id="o4" line="733" tag="T">            `We are giving flowers to each other'</item>
  </tier>
  <tier id="c" type="odin-clean">
    <item id="c1" line="730" tag="M+EX">Conversion and H2-copy with one-handed agreement verbs</item>
    <item id="c2" line="731" tag="L">xwir-beidey blume++ [xygebyx]</item>
    <item id="c3" line="732" tag="G">we-two        flower:pl [give:rec</item>
    <item id="c4" line="733" tag="T">We are giving flowers to each other</item>
  </tier>
  <tier id="p" type="phrases" content="c">
    <item id="p0" content="c2[0:29]"/>
  </tier>
  <tier id="g" type="glosses" content="c">
    <item id="g0" content="c3[0:33]" alignment="p1"/>
  </tier>
  <tier id="t" type="translations" content="c">
    <item id="t0" content="c4[0:35]" alignment="p1"/>
  </tier>
</igt>
<igt id="i8231">
  <metadata type="xigt-meta">
    <meta type="language" name="german sign language" iso-639-3="gsg" tiers="phrases words morphemes"/>
    <meta type="language" name="English" iso-639-3="eng" tiers="translations"/>
    <meta type="odin-source" doc-id="3208" line-range="734-736" line-types="L G T"/>
  </metadata>
  <tier id="o" type="odin-raw">
    <item id="o1" line="734" tag="L">         b. xwir-beidey [xybesuchyx]</item>
    <item id="o2" line="735" tag="G">            we-two        [visit:rec</item>
    <item id="o3" line="736" tag="T">            `We are visiting each other'</item>
  </tier>
  <tier id="c" type="odin-clean">
    <item id="c1" line="734" tag="L">xwir-beidey [xybesuchyx]</item>
    <item id="c2" line="735" tag="G">we-two        [visit:rec</item>
    <item id="c3" line="736" tag="T">We are visiting each other</item>
  </tier>
  <tier id="p" type="phrases" content="c">
    <item id="p0" content="c1[0:24]"/>
  </tier>
  <tier id="g" type="glosses" content="c">
    <item id="g0" content="c2[0:24]" alignment="p1"/>
  </tier>
  <tier id="t" type="translations" content="c">
    <item id="t0" content="c3[0:26]" alignment="p1"/>
  </tier>
</igt>
<igt id="i8232">
  <metadata type="xigt-meta">
    <meta type="language" name="german sign language" iso-639-3="gsg" tiers="phrases words morphemes"/>
    <meta type="language" name="English" iso-639-3="eng" tiers="translations"/>
    <meta type="odin-source" doc-id="3208" line-range="769-772" line-types="M+EX L G T"/>
  </metadata>
  <tier id="o" type="odin-raw">
    <item id="o1" line="769" tag="M+EX">         (16) Simultaneous conversion is ungrammatical with two-handed AVs</item>
    <item id="o2" line="770" tag="L">             *xwir-beidey [xyhelfyx]</item>
    <item id="o3" line="771" tag="G">              we-two       [help:rec</item>
    <item id="o4" line="772" tag="T">              `We are helping each other'</item>
  </tier>
  <tier id="c" type="odin-clean">
    <item id="c1" line="769" tag="M+EX">Simultaneous conversion is ungrammatical with two-handed AVs</item>
    <item id="c2" line="770" tag="L">*xwir-beidey [xyhelfyx]</item>
    <item id="c3" line="771" tag="G">we-two       [help:rec</item>
    <item id="c4" line="772" tag="T">We are helping each other</item>
  </tier>
  <tier id="p" type="phrases" content="c">
    <item id="p0" content="c2[0:23]"/>
  </tier>
  <tier id="g" type="glosses" content="c">
    <item id="g0" content="c3[0:22]" alignment="p1"/>
  </tier>
  <tier id="t" type="translations" content="c">
    <item id="t0" content="c4[0:25]" alignment="p1"/>
  </tier>
</igt>
<igt id="i8233">
  <metadata type="xigt-meta">
    <meta type="language" name="german sign language" iso-639-3="gsg" tiers="phrases words morphemes"/>
    <meta type="language" name="English" iso-639-3="eng" tiers="translations"/>
    <meta type="odin-source" doc-id="3208" line-range="806-807" line-types="M+EX L-T+DB"/>
  </metadata>
  <tier id="o" type="odin-raw">
    <item id="o1" line="806" tag="M+EX">    (17) DGS verbs that undergo conversion and H2-copy</item>
    <item id="o2" line="807" tag="L-T+DB">         k¸ssen `to kiss'               anschauen `to look at'</item>
  </tier>
  <tier id="c" type="odin-clean">
    <item id="c1" line="806" tag="M+EX">DGS verbs that undergo conversion and H2-copy</item>
    <item id="c2" line="807" tag="L-T+DB">k¸ssen `to kiss'               anschauen `to look at</item>
  </tier>
</igt>
<igt id="i8234">
  <metadata type="xigt-meta">
    <meta type="language" name="german sign language" iso-639-3="gsg" tiers="phrases words morphemes"/>
    <meta type="language" name="English" iso-639-3="eng" tiers="translations"/>
    <meta type="odin-source" doc-id="3208" line-range="808-808" line-types="L-T+DB"/>
  </metadata>
  <tier id="o" type="odin-raw">
    <item id="o1" line="808" tag="L-T+DB">         anstarren `to stare at'        schicken `to send'</item>
  </tier>
  <tier id="c" type="odin-clean">
    <item id="c1" line="808" tag="L-T+DB">anstarren `to stare at'        schicken `to send</item>
  </tier>
</igt>
<igt id="i8235">
  <metadata type="xigt-meta">
    <meta type="language" name="german sign language" iso-639-3="gsg" tiers="phrases words morphemes"/>
    <meta type="language" name="English" iso-639-3="eng" tiers="translations"/>
    <meta type="odin-source" doc-id="3208" line-range="809-809" line-types="L-T+DB"/>
  </metadata>
  <tier id="o" type="odin-raw">
    <item id="o1" line="809" tag="L-T+DB">         geben `to give'                bedauern (+)`to feel sorry for'</item>
  </tier>
  <tier id="c" type="odin-clean">
    <item id="c1" line="809" tag="L-T+DB">geben `to give'                bedauern (+)`to feel sorry for</item>
  </tier>
</igt>
<igt id="i8236">
  <metadata type="xigt-meta">
    <meta type="language" name="german sign language" iso-639-3="gsg" tiers="phrases words morphemes"/>
    <meta type="language" name="English" iso-639-3="eng" tiers="translations"/>
    <meta type="odin-source" doc-id="3208" line-range="810-810" line-types="L-T+DB"/>
  </metadata>
  <tier id="o" type="odin-raw">
    <item id="o1" line="810" tag="L-T+DB">         loben (+)`to praise'           besuchen (+)`to visit'</item>
  </tier>
  <tier id="c" type="odin-clean">
    <item id="c1" line="810" tag="L-T+DB">loben (+)`to praise'           besuchen (+)`to visit</item>
  </tier>
</igt>
<igt id="i8237">
  <metadata type="xigt-meta">
    <meta type="language" name="german sign language" iso-639-3="gsg" tiers="phrases words morphemes"/>
    <meta type="language" name="English" iso-639-3="eng" tiers="translations"/>
    <meta type="odin-source" doc-id="3208" line-range="811-811" line-types="L-T+DB"/>
  </metadata>
  <tier id="o" type="odin-raw">
    <item id="o1" line="811" tag="L-T+DB">         zwicken (+)`to pinch'          faxen (+)`to fax'</item>
  </tier>
  <tier id="c" type="odin-clean">
    <item id="c1" line="811" tag="L-T+DB">zwicken (+)`to pinch'          faxen (+)`to fax</item>
  </tier>
</igt>
<igt id="i8238">
  <metadata type="xigt-meta">
    <meta type="language" name="german sign language" iso-639-3="gsg" tiers="phrases words morphemes"/>
    <meta type="language" name="English" iso-639-3="eng" tiers="translations"/>
    <meta type="odin-source" doc-id="3208" line-range="812-812" line-types="L-T+DB"/>
  </metadata>
  <tier id="o" type="odin-raw">
    <item id="o1" line="812" tag="L-T+DB">         e-mailen `to e-mail'           sms schicken `to send an SMS'</item>
  </tier>
  <tier id="c" type="odin-clean">
    <item id="c1" line="812" tag="L-T+DB">e-mailen `to e-mail'           sms schicken `to send an SMS</item>
  </tier>
</igt>
<igt id="i8239">
  <metadata type="xigt-meta">
    <meta type="language" name="german sign language" iso-639-3="gsg" tiers="phrases words morphemes"/>
    <meta type="language" name="English" iso-639-3="eng" tiers="translations"/>
    <meta type="odin-source" doc-id="3208" line-range="863-865" line-types="L G T"/>
  </metadata>
  <tier id="o" type="odin-raw">
    <item id="o1" line="863" tag="L">              a. xwir-beidey 11vertrau22</item>
    <item id="o2" line="864" tag="G">                  we-two       trust</item>
    <item id="o3" line="865" tag="T">                  `We trust each other'</item>
  </tier>
  <tier id="c" type="odin-clean">
    <item id="c1" line="863" tag="L">xwir-beidey 11vertrau22</item>
    <item id="c2" line="864" tag="G">we-two       trust</item>
    <item id="c3" line="865" tag="T">We trust each other</item>
  </tier>
  <tier id="p" type="phrases" content="c">
    <item id="p0" content="c1[0:23]"/>
  </tier>
  <tier id="g" type="glosses" content="c">
    <item id="g0" content="c2[0:18]" alignment="p1"/>
  </tier>
  <tier id="t" type="translations" content="c">
    <item id="t0" content="c3[0:19]" alignment="p1"/>
  </tier>
</igt>
<igt id="i8240">
  <metadata type="xigt-meta">
    <meta type="language" name="german sign language" iso-639-3="gsg" tiers="phrases words morphemes"/>
    <meta type="language" name="English" iso-639-3="eng" tiers="translations"/>
    <meta type="odin-source" doc-id="3208" line-range="866-868" line-types="L G T"/>
  </metadata>
  <tier id="o" type="odin-raw">
    <item id="o1" line="866" tag="L">              b. xwir-beidey 1m^g2</item>
    <item id="o2" line="867" tag="G">                  we-two       like</item>
    <item id="o3" line="868" tag="T">                  `We like each other'</item>
  </tier>
  <tier id="c" type="odin-clean">
    <item id="c1" line="866" tag="L">xwir-beidey 1m^g2</item>
    <item id="c2" line="867" tag="G">we-two       like</item>
    <item id="c3" line="868" tag="T">We like each other</item>
  </tier>
  <tier id="p" type="phrases" content="c">
    <item id="p0" content="c1[0:17]"/>
  </tier>
  <tier id="g" type="glosses" content="c">
    <item id="g0" content="c2[0:17]" alignment="p1"/>
  </tier>
  <tier id="t" type="translations" content="c">
    <item id="t0" content="c3[0:18]" alignment="p1"/>
  </tier>
</igt>
<igt id="i8241">
  <metadata type="xigt-meta">
    <meta type="language" name="german sign language" iso-639-3="gsg" tiers="phrases words morphemes"/>
    <meta type="language" name="English" iso-639-3="eng" tiers="translations"/>
    <meta type="odin-source" doc-id="3208" line-range="904-907" line-types="M+EX L G T"/>
  </metadata>
  <tier id="o" type="odin-raw">
    <item id="o1" line="904" tag="M+EX">                       (19) Reciprocal marking with plain verbs: variety B</item>
    <item id="o2" line="905" tag="L">                            a. xwir-beidey 11vertrau22 xpamypamx</item>
    <item id="o3" line="906" tag="G">                                we-two       trust       pam:rec</item>
    <item id="o4" line="907" tag="T">                                `We trust each other'</item>
  </tier>
  <tier id="c" type="odin-clean">
    <item id="c1" line="904" tag="M+EX">Reciprocal marking with plain verbs: variety B</item>
    <item id="c2" line="905" tag="L">xwir-beidey 11vertrau22 xpamypamx</item>
    <item id="c3" line="906" tag="G">we-two       trust       pam:rec</item>
    <item id="c4" line="907" tag="T">We trust each other</item>
  </tier>
  <tier id="p" type="phrases" content="c">
    <item id="p0" content="c2[0:33]"/>
  </tier>
  <tier id="g" type="glosses" content="c">
    <item id="g0" content="c3[0:32]" alignment="p1"/>
  </tier>
  <tier id="t" type="translations" content="c">
    <item id="t0" content="c4[0:19]" alignment="p1"/>
  </tier>
</igt>
<igt id="i8242">
  <metadata type="xigt-meta">
    <meta type="language" name="german sign language" iso-639-3="gsg" tiers="phrases words morphemes"/>
    <meta type="language" name="English" iso-639-3="eng" tiers="translations"/>
    <meta type="odin-source" doc-id="3208" line-range="908-910" line-types="L G T"/>
  </metadata>
  <tier id="o" type="odin-raw">
    <item id="o1" line="908" tag="L">                            b. xwir-beidey 1m^g2 xpamypamx</item>
    <item id="o2" line="909" tag="G">                                we-two       like pam:rec</item>
    <item id="o3" line="910" tag="T">                                `We like each other'</item>
  </tier>
  <tier id="c" type="odin-clean">
    <item id="c1" line="908" tag="L">xwir-beidey 1m^g2 xpamypamx</item>
    <item id="c2" line="909" tag="G">we-two       like pam:rec</item>
    <item id="c3" line="910" tag="T">We like each other</item>
  </tier>
  <tier id="p" type="phrases" content="c">
    <item id="p0" content="c1[0:27]"/>
  </tier>
  <tier id="g" type="glosses" content="c">
    <item id="g0" content="c2[0:25]" alignment="p1"/>
  </tier>
  <tier id="t" type="translations" content="c">
    <item id="t0" content="c3[0:18]" alignment="p1"/>
  </tier>
</igt>
<igt id="i8243">
  <metadata type="xigt-meta">
    <meta type="language" name="german sign language" iso-639-3="gsg" tiers="phrases words morphemes"/>
    <meta type="language" name="English" iso-639-3="eng" tiers="translations"/>
    <meta type="odin-source" doc-id="3208" line-range="940-941" line-types="M+EX L-T+DB"/>
  </metadata>
  <tier id="o" type="odin-raw">
    <item id="o1" line="940" tag="M+EX">                            (20) DGS verbs that differ in variety A and B with respect to reciprocal marking</item>
    <item id="o2" line="941" tag="L-T+DB">                                 tr^sten `to comfort'                   hassen `to hate'</item>
  </tier>
  <tier id="c" type="odin-clean">
    <item id="c1" line="940" tag="M+EX">DGS verbs that differ in variety A and B with respect to reciprocal marking</item>
    <item id="c2" line="941" tag="L-T+DB">tr^sten `to comfort'                   hassen `to hate</item>
  </tier>
</igt>
<igt id="i8244">
  <metadata type="xigt-meta">
    <meta type="language" name="german sign language" iso-639-3="gsg" tiers="phrases words morphemes"/>
    <meta type="language" name="English" iso-639-3="eng" tiers="translations"/>
    <meta type="odin-source" doc-id="3208" line-range="942-942" line-types="L-T+DB"/>
  </metadata>
  <tier id="o" type="odin-raw">
    <item id="o1" line="942" tag="L-T+DB">                                 h^ren `to hear'                        m^gen `to like'</item>
  </tier>
  <tier id="c" type="odin-clean">
    <item id="c1" line="942" tag="L-T+DB">h^ren `to hear'                        m^gen `to like</item>
  </tier>
</igt>
<igt id="i8245">
  <metadata type="xigt-meta">
    <meta type="language" name="german sign language" iso-639-3="gsg" tiers="phrases words morphemes"/>
    <meta type="language" name="English" iso-639-3="eng" tiers="translations"/>
    <meta type="odin-source" doc-id="3208" line-range="943-943" line-types="L-T+DB"/>
  </metadata>
  <tier id="o" type="odin-raw">
    <item id="o1" line="943" tag="L-T+DB">                                 sehen `to see'                         unterst¸tzen (+) `to support'</item>
  </tier>
  <tier id="c" type="odin-clean">
    <item id="c1" line="943" tag="L-T+DB">sehen `to see'                         unterst¸tzen (+) `to support</item>
  </tier>
</igt>
<igt id="i8246">
  <metadata type="xigt-meta">
    <meta type="language" name="german sign language" iso-639-3="gsg" tiers="phrases words morphemes"/>
    <meta type="language" name="English" iso-639-3="eng" tiers="translations"/>
    <meta type="odin-source" doc-id="3208" line-range="944-944" line-types="L-T+DB"/>
  </metadata>
  <tier id="o" type="odin-raw">
    <item id="o1" line="944" tag="L-T+DB">                                 lieben `to love'                       verachten `to despise'</item>
  </tier>
  <tier id="c" type="odin-clean">
    <item id="c1" line="944" tag="L-T+DB">lieben `to love'                       verachten `to despise</item>
  </tier>
</igt>
<igt id="i8247">
  <metadata type="xigt-meta">
    <meta type="language" name="german sign language" iso-639-3="gsg" tiers="phrases words morphemes"/>
    <meta type="language" name="English" iso-639-3="eng" tiers="translations"/>
    <meta type="odin-source" doc-id="3208" line-range="945-945" line-types="L-T+DB"/>
  </metadata>
  <tier id="o" type="odin-raw">
    <item id="o1" line="945" tag="L-T+DB">                                 vertrauen `to trust'                   bedauern (+) `to feel sorry for'</item>
  </tier>
  <tier id="c" type="odin-clean">
    <item id="c1" line="945" tag="L-T+DB">vertrauen `to trust'                   bedauern (+) `to feel sorry for</item>
  </tier>
</igt>
<igt id="i8248">
  <metadata type="xigt-meta">
    <meta type="language" name="german sign language" iso-639-3="gsg" tiers="phrases words morphemes"/>
    <meta type="language" name="English" iso-639-3="eng" tiers="translations"/>
    <meta type="odin-source" doc-id="3208" line-range="946-946" line-types="L-T+DB"/>
  </metadata>
  <tier id="o" type="odin-raw">
    <item id="o1" line="946" tag="L-T+DB">                                 verstehen `to understand'              schubsen (+) `to shove'</item>
  </tier>
  <tier id="c" type="odin-clean">
    <item id="c1" line="946" tag="L-T+DB">verstehen `to understand'              schubsen (+) `to shove</item>
  </tier>
</igt>
<igt id="i8249">
  <metadata type="xigt-meta">
    <meta type="language" name="german sign language" iso-639-3="gsg" tiers="phrases words morphemes"/>
    <meta type="language" name="English" iso-639-3="eng" tiers="translations"/>
    <meta type="odin-source" doc-id="3208" line-range="947-947" line-types="L-T+DB"/>
  </metadata>
  <tier id="o" type="odin-raw">
    <item id="o1" line="947" tag="L-T+DB">                                 vergessen `to forget'                  suchen `to look for'</item>
  </tier>
  <tier id="c" type="odin-clean">
    <item id="c1" line="947" tag="L-T+DB">vergessen `to forget'                  suchen `to look for</item>
  </tier>
</igt>
<igt id="i8250">
  <metadata type="xigt-meta">
    <meta type="language" name="german sign language" iso-639-3="gsg" tiers="phrases words morphemes"/>
    <meta type="language" name="English" iso-639-3="eng" tiers="translations"/>
    <meta type="odin-source" doc-id="3208" line-range="948-948" line-types="L-T+DB"/>
  </metadata>
  <tier id="o" type="odin-raw">
    <item id="o1" line="948" tag="L-T+DB">                                 ¸berzeugen `to convince'               loben (+) `to praise'</item>
  </tier>
  <tier id="c" type="odin-clean">
    <item id="c1" line="948" tag="L-T+DB">¸berzeugen `to convince'               loben (+) `to praise</item>
  </tier>
</igt>
<igt id="i8251">
  <metadata type="xigt-meta">
    <meta type="language" name="german sign language" iso-639-3="gsg" tiers="phrases words morphemes"/>
    <meta type="language" name="English" iso-639-3="eng" tiers="translations"/>
    <meta type="odin-source" doc-id="3208" line-range="949-949" line-types="L-T+DB"/>
  </metadata>
  <tier id="o" type="odin-raw">
    <item id="o1" line="949" tag="L-T+DB">                                 zwicken (+) `to pinch'                 streicheln `to stroke'</item>
  </tier>
  <tier id="c" type="odin-clean">
    <item id="c1" line="949" tag="L-T+DB">zwicken (+) `to pinch'                 streicheln `to stroke</item>
  </tier>
</igt>
<igt id="i8252">
  <metadata type="xigt-meta">
    <meta type="language" name="german sign language" iso-639-3="gsg" tiers="phrases words morphemes"/>
    <meta type="language" name="English" iso-639-3="eng" tiers="translations"/>
    <meta type="odin-source" doc-id="3208" line-range="950-950" line-types="L-T"/>
  </metadata>
  <tier id="o" type="odin-raw">
    <item id="o1" line="950" tag="L-T">                                 kennen lernen `to get to know'</item>
  </tier>
  <tier id="c" type="odin-clean">
    <item id="c1" line="950" tag="L-T">kennen lernen `to get to know</item>
  </tier>
</igt>
<igt id="i8253">
  <metadata type="xigt-meta">
    <meta type="language" name="german sign language" iso-639-3="gsg" tiers="phrases words morphemes"/>
    <meta type="language" name="English" iso-639-3="eng" tiers="translations"/>
    <meta type="odin-source" doc-id="3208" line-range="969-971" line-types="L+DB G+DB T+DB"/>
  </metadata>
  <tier id="o" type="odin-raw">
    <item id="o1" line="969" tag="L+DB">                          (i) anfang-pam                     (ii)   ich stolz xpamy</item>
    <item id="o2" line="970" tag="G+DB">                              begin-pam                             I proud 1.sg.s:pam:2.sg.o</item>
    <item id="o3" line="971" tag="T+DB">                              `beginner'                            `I am proud of you'</item>
  </tier>
  <tier id="c" type="odin-clean">
    <item id="c1" line="969" tag="L+DB">anfang-pam                     (ii)   ich stolz xpamy</item>
    <item id="c2" line="970" tag="G+DB">begin-pam                             I proud 1.sg.s:pam:2.sg.o</item>
    <item id="c3" line="971" tag="T+DB">beginner'                            `I am proud of you</item>
  </tier>
  <tier id="p" type="phrases" content="c">
    <item id="p0" content="c1[0:53]"/>
  </tier>
  <tier id="g" type="glosses" content="c">
    <item id="g0" content="c2[0:63]" alignment="p1"/>
  </tier>
  <tier id="t" type="translations" content="c">
    <item id="t0" content="c3[0:55]" alignment="p1"/>
  </tier>
</igt>
<igt id="i8254">
  <metadata type="xigt-meta">
    <meta type="language" name="german sign language" iso-639-3="gsg" tiers="phrases words morphemes"/>
    <meta type="language" name="English" iso-639-3="eng" tiers="translations"/>
    <meta type="odin-source" doc-id="3208" line-range="972-974" line-types="L G T"/>
  </metadata>
  <tier id="o" type="odin-raw">
    <item id="o1" line="972" tag="L">                          (iii) ich lieb xpamy</item>
    <item id="o2" line="973" tag="G">                                I love 1.sg.s:pam:2.sg.o</item>
    <item id="o3" line="974" tag="T">                                `I love (only) you'</item>
  </tier>
  <tier id="c" type="odin-clean">
    <item id="c1" line="972" tag="L">ich lieb xpamy</item>
    <item id="c2" line="973" tag="G">I love 1.sg.s:pam:2.sg.o</item>
    <item id="c3" line="974" tag="T">I love (only) you</item>
  </tier>
  <tier id="p" type="phrases" content="c">
    <item id="p0" content="c1[0:14]"/>
  </tier>
  <tier id="g" type="glosses" content="c">
    <item id="g0" content="c2[0:24]" alignment="p1"/>
  </tier>
  <tier id="t" type="translations" content="c">
    <item id="t0" content="c3[0:17]" alignment="p1"/>
  </tier>
</igt>
<igt id="i8255">
  <metadata type="xigt-meta">
    <meta type="language" name="german sign language" iso-639-3="gsg" tiers="phrases words morphemes"/>
    <meta type="language" name="English" iso-639-3="eng" tiers="translations"/>
    <meta type="odin-source" doc-id="3208" line-range="1309-1312" line-types="M+EX L G T"/>
  </metadata>
  <tier id="o" type="odin-raw">
    <item id="o1" line="1309" tag="M+EX">    (23) Ident(F) excludes conversion with plain verbs</item>
    <item id="o2" line="1310" tag="L">         a. xwir-beidey 11vertrau22</item>
    <item id="o3" line="1311" tag="G">             we-two       trust</item>
    <item id="o4" line="1312" tag="T">             `We trust each other'</item>
  </tier>
  <tier id="c" type="odin-clean">
    <item id="c1" line="1309" tag="M+EX">Ident(F) excludes conversion with plain verbs</item>
    <item id="c2" line="1310" tag="L">xwir-beidey 11vertrau22</item>
    <item id="c3" line="1311" tag="G">we-two       trust</item>
    <item id="c4" line="1312" tag="T">We trust each other</item>
  </tier>
  <tier id="p" type="phrases" content="c">
    <item id="p0" content="c2[0:23]"/>
  </tier>
  <tier id="g" type="glosses" content="c">
    <item id="g0" content="c3[0:18]" alignment="p1"/>
  </tier>
  <tier id="t" type="translations" content="c">
    <item id="t0" content="c4[0:19]" alignment="p1"/>
  </tier>
</igt>
<igt id="i8256">
  <metadata type="xigt-meta">
    <meta type="language" name="german sign language" iso-639-3="gsg" tiers="phrases words morphemes"/>
    <meta type="language" name="English" iso-639-3="eng" tiers="translations"/>
    <meta type="odin-source" doc-id="3208" line-range="1313-1314" line-types="L G"/>
  </metadata>
  <tier id="o" type="odin-raw">
    <item id="o1" line="1313" tag="L">         b. *xwir-beidey [xxvertrauyyvertrauxx]</item>
    <item id="o2" line="1314" tag="G">             we-two       [trust:rec</item>
  </tier>
  <tier id="c" type="odin-clean">
    <item id="c1" line="1313" tag="L">*xwir-beidey [xxvertrauyyvertrauxx]</item>
    <item id="c2" line="1314" tag="G">we-two       [trust:rec</item>
  </tier>
  <tier id="p" type="phrases" content="c">
    <item id="p0" content="c1[0:35]"/>
  </tier>
  <tier id="g" type="glosses" content="c">
    <item id="g0" content="c2[0:23]" alignment="p1"/>
  </tier>
</igt>
<igt id="i8257">
  <metadata type="xigt-meta">
    <meta type="language" name="german sign language" iso-639-3="gsg" tiers="phrases words morphemes"/>
    <meta type="language" name="English" iso-639-3="eng" tiers="translations"/>
    <meta type="odin-source" doc-id="3208" line-range="1325-1329" line-types="M+EX M L G T"/>
  </metadata>
  <tier id="o" type="odin-raw">
    <item id="o1" line="1325" tag="M+EX">    (24) Ident(F) does not exclude conversion with two-handed AVs</item>
    <item id="o2" line="1326" tag="M">                        x     y      x</item>
    <item id="o3" line="1327" tag="L">         xwir-beidey [x helfy helfx ]</item>
    <item id="o4" line="1328" tag="G">         we-two       [help:rec</item>
    <item id="o5" line="1329" tag="T">         `We are helping each other'</item>
  </tier>
  <tier id="c" type="odin-clean">
    <item id="c1" line="1325" tag="M+EX">Ident(F) does not exclude conversion with two-handed AVs</item>
    <item id="c2" line="1326" tag="M">x     y      x</item>
    <item id="c3" line="1327" tag="L">xwir-beidey [x helfy helfx ]</item>
    <item id="c4" line="1328" tag="G">we-two       [help:rec</item>
    <item id="c5" line="1329" tag="T">We are helping each other</item>
  </tier>
  <tier id="p" type="phrases" content="c">
    <item id="p0" content="c3[0:28]"/>
  </tier>
  <tier id="g" type="glosses" content="c">
    <item id="g0" content="c4[0:22]" alignment="p1"/>
  </tier>
  <tier id="t" type="translations" content="c">
    <item id="t0" content="c5[0:25]" alignment="p1"/>
  </tier>
</igt>
<igt id="i8258">
  <metadata type="xigt-meta">
    <meta type="language" name="german sign language" iso-639-3="gsg" tiers="phrases words morphemes"/>
    <meta type="language" name="English" iso-639-3="eng" tiers="translations"/>
    <meta type="odin-source" doc-id="3208" line-range="1371-1375" line-types="M+EX M L G T"/>
  </metadata>
  <tier id="o" type="odin-raw">
    <item id="o1" line="1371" tag="M+EX">                            (26) *Move does not exclude simultaneous conversion</item>
    <item id="o2" line="1372" tag="M">                                                            y    x</item>
    <item id="o3" line="1373" tag="L">                                  xwir-beidey blume++ [x geby ]</item>
    <item id="o4" line="1374" tag="G">                                  we-two       flower:pl [give:rec</item>
    <item id="o5" line="1375" tag="T">                                  `We are giving flowers to each other'</item>
  </tier>
  <tier id="c" type="odin-clean">
    <item id="c1" line="1371" tag="M+EX">*Move does not exclude simultaneous conversion</item>
    <item id="c2" line="1372" tag="M">y    x</item>
    <item id="c3" line="1373" tag="L">xwir-beidey blume++ [x geby ]</item>
    <item id="c4" line="1374" tag="G">we-two       flower:pl [give:rec</item>
    <item id="c5" line="1375" tag="T">We are giving flowers to each other</item>
  </tier>
  <tier id="p" type="phrases" content="c">
    <item id="p0" content="c3[0:29]"/>
  </tier>
  <tier id="g" type="glosses" content="c">
    <item id="g0" content="c4[0:32]" alignment="p1"/>
  </tier>
  <tier id="t" type="translations" content="c">
    <item id="t0" content="c5[0:35]" alignment="p1"/>
  </tier>
</igt>
<igt id="i8259">
  <metadata type="xigt-meta">
    <meta type="language" name="german sign language" iso-639-3="gsg" tiers="phrases words morphemes"/>
    <meta type="language" name="English" iso-639-3="eng" tiers="translations"/>
    <meta type="odin-source" doc-id="3208" line-range="1748-1751" line-types="M+EX L G T"/>
  </metadata>
  <tier id="o" type="odin-raw">
    <item id="o1" line="1748" tag="M+EX">                         (29) Copy onto H2 is not possible with pam</item>
    <item id="o2" line="1749" tag="L">                             *xwir-beidey 11vertrau22 [xypamyx]</item>
    <item id="o3" line="1750" tag="G">                              we-two       trust       [pam:rec</item>
    <item id="o4" line="1751" tag="T">                              `We trust each other'</item>
  </tier>
  <tier id="c" type="odin-clean">
    <item id="c1" line="1748" tag="M+EX">Copy onto H2 is not possible with pam</item>
    <item id="c2" line="1749" tag="L">*xwir-beidey 11vertrau22 [xypamyx]</item>
    <item id="c3" line="1750" tag="G">we-two       trust       [pam:rec</item>
    <item id="c4" line="1751" tag="T">We trust each other</item>
  </tier>
  <tier id="p" type="phrases" content="c">
    <item id="p0" content="c2[0:34]"/>
  </tier>
  <tier id="g" type="glosses" content="c">
    <item id="g0" content="c3[0:33]" alignment="p1"/>
  </tier>
  <tier id="t" type="translations" content="c">
    <item id="t0" content="c4[0:19]" alignment="p1"/>
  </tier>
</igt>
<igt id="i23268">
  <metadata type="xigt-meta">
    <meta type="language" name="german sign language" iso-639-3="gsg" tiers="phrases words morphemes"/>
    <meta type="language" name="English" iso-639-3="eng" tiers="translations"/>
    <meta type="odin-source" doc-id="1271" line-range="81-83" line-types="L+LN G T"/>
  </metadata>
  <tier id="o" type="odin-raw">
    <item id="o1" line="81" tag="L+LN">        b. * MUTTER BLUME KAUF NICHT                                                   (DGS)</item>
    <item id="o2" line="82" tag="G">             mother    flower     buy       not</item>
    <item id="o3" line="83" tag="T">             `Mother doesn't buy a flower.'</item>
  </tier>
  <tier id="c" type="odin-clean">
    <item id="c1" line="81" tag="L+LN">* MUTTER BLUME KAUF NICHT                                                   (DGS)</item>
    <item id="c2" line="82" tag="G">mother    flower     buy       not</item>
    <item id="c3" line="83" tag="T">Mother doesn't buy a flower.</item>
  </tier>
  <tier id="p" type="phrases" content="c">
    <item id="p0" content="c1[0:81]"/>
  </tier>
  <tier id="g" type="glosses" content="c">
    <item id="g0" content="c2[0:34]" alignment="p1"/>
  </tier>
  <tier id="t" type="translations" content="c">
    <item id="t0" content="c3[0:28]" alignment="p1"/>
  </tier>
</igt>
<igt id="i23273">
  <metadata type="xigt-meta">
    <meta type="language" name="german sign language" iso-639-3="gsg" tiers="phrases words morphemes"/>
    <meta type="language" name="English" iso-639-3="eng" tiers="translations"/>
    <meta type="odin-source" doc-id="1271" line-range="202-206" line-types="L+CR L+CR G+CR G+CR T"/>
  </metadata>
  <tier id="o" type="odin-raw">
    <item id="o1" line="202" tag="L+CR">                                         hs                 hs         hs</item>
    <item id="o2" line="203" tag="L+CR">        *    ROLAND BIER TRINK                    NICHT               NIE</item>
    <item id="o3" line="204" tag="G+CR">                                                  not                 never</item>
    <item id="o4" line="205" tag="G+CR">             Roland     beer drink.NE         G</item>
    <item id="o5" line="206" tag="T">             `Roland never drinks beer.'</item>
  </tier>
  <tier id="c" type="odin-clean">
    <item id="c1" line="202" tag="L+CR">hs                 hs         hs</item>
    <item id="c3" line="204 205" tag="G+CR">Roland     beer drink.NE         G   not                 never</item>
    <item id="c5" line="206" tag="T">Roland never drinks beer.</item>
  </tier>
  <tier id="p" type="phrases" content="c">
    <item id="p0" content="c1[0:32]"/>
  </tier>
  <tier id="g" type="glosses" content="c">
    <item id="g0" content="c3[0:62]" alignment="p1"/>
  </tier>
  <tier id="t" type="translations" content="c">
    <item id="t0" content="c5[0:25]" alignment="p1"/>
  </tier>
</igt>
<igt id="i23276">
  <metadata type="xigt-meta">
    <meta type="language" name="german sign language" iso-639-3="gsg" tiers="phrases words morphemes"/>
    <meta type="language" name="English" iso-639-3="eng" tiers="translations"/>
    <meta type="odin-source" doc-id="1271" line-range="400-404" line-types="L+CR L+LN+CR G+CR G+CR T"/>
  </metadata>
  <tier id="o" type="odin-raw">
    <item id="o1" line="400" tag="L+CR">                                                                         hs</item>
    <item id="o2" line="401" tag="L+LN+CR">        a. * GARTEN INDEX3 KIND++ SPIEL DARF NICHT                                          (DGS)</item>
    <item id="o3" line="402" tag="G+CR">                                  child.PL play       may not</item>
    <item id="o4" line="403" tag="G+CR">             garden      index</item>
    <item id="o5" line="404" tag="T">             `The children may not play in the garden.'</item>
  </tier>
  <tier id="c" type="odin-clean">
    <item id="c1" line="400 401" tag="L+CR+LN">* GARTEN INDEX3 KIND++ SPIEL DARF NICHT                       hs                 (DGS)</item>
    <item id="c3" line="402 403" tag="G+CR">garden      index    child.PL play       may not</item>
    <item id="c5" line="404" tag="T">The children may not play in the garden.</item>
  </tier>
  <tier id="p" type="phrases" content="c">
    <item id="p0" content="c1[0:86]"/>
  </tier>
  <tier id="g" type="glosses" content="c">
    <item id="g0" content="c3[0:48]" alignment="p1"/>
  </tier>
  <tier id="t" type="translations" content="c">
    <item id="t0" content="c5[0:40]" alignment="p1"/>
  </tier>
</igt>
<igt id="i23277">
  <metadata type="xigt-meta">
    <meta type="language" name="german sign language" iso-639-3="gsg" tiers="phrases words morphemes"/>
    <meta type="language" name="English" iso-639-3="eng" tiers="translations"/>
    <meta type="odin-source" doc-id="1271" line-range="405-408" line-types="L+CR L+LN+CR G T"/>
  </metadata>
  <tier id="o" type="odin-raw">
    <item id="o1" line="405" tag="L+CR">                                                      hs</item>
    <item id="o2" line="406" tag="L+LN+CR">        b. * INDEX1 XINÈS LLEGIR PODER NO                                                   (LSC)</item>
    <item id="o3" line="407" tag="G">             index      Chinese read can not</item>
    <item id="o4" line="408" tag="T">             `I can't read Chinese.'</item>
  </tier>
  <tier id="c" type="odin-clean">
    <item id="c1" line="405 406" tag="L+CR+LN">* INDEX1 XINÈS LLEGIR PODER NO            hs                                     (LSC)</item>
    <item id="c3" line="407" tag="G">index      Chinese read can not</item>
    <item id="c4" line="408" tag="T">I can't read Chinese.</item>
  </tier>
  <tier id="p" type="phrases" content="c">
    <item id="p0" content="c1[0:86]"/>
  </tier>
  <tier id="g" type="glosses" content="c">
    <item id="g0" content="c3[0:31]" alignment="p1"/>
  </tier>
  <tier id="t" type="translations" content="c">
    <item id="t0" content="c4[0:21]" alignment="p1"/>
  </tier>
</igt>
<igt id="i23278">
  <metadata type="xigt-meta">
    <meta type="language" name="german sign language" iso-639-3="gsg" tiers="phrases words morphemes"/>
    <meta type="language" name="English" iso-639-3="eng" tiers="translations"/>
    <meta type="odin-source" doc-id="1271" line-range="419-421" line-types="L+CR L+LN+CR G+CR"/>
  </metadata>
  <tier id="o" type="odin-raw">
    <item id="o1" line="419" tag="L+CR">                                                           hs</item>
    <item id="o2" line="420" tag="L+LN+CR">        a. * GARTEN INDEX3 KIND++ SPIEL DARF                                                (DGS)</item>
    <item id="o3" line="421" tag="G+CR">             garden index  child.PL play may.NE                 G</item>
  </tier>
  <tier id="c" type="odin-clean">
    <item id="c1" line="419 420" tag="L+CR+LN">* GARTEN INDEX3 KIND++ SPIEL DARF               hs                               (DGS)</item>
    <item id="c3" line="421" tag="G+CR">garden index  child.PL play may.NE                 G</item>
  </tier>
  <tier id="p" type="phrases" content="c">
    <item id="p0" content="c1[0:86]"/>
  </tier>
  <tier id="g" type="glosses" content="c">
    <item id="g0" content="c3[0:52]" alignment="p1"/>
  </tier>
</igt>
<igt id="i23279">
  <metadata type="xigt-meta">
    <meta type="language" name="german sign language" iso-639-3="gsg" tiers="phrases words morphemes"/>
    <meta type="language" name="English" iso-639-3="eng" tiers="translations"/>
    <meta type="odin-source" doc-id="1271" line-range="423-425" line-types="L+CR L+LN+CR G"/>
  </metadata>
  <tier id="o" type="odin-raw">
    <item id="o1" line="423" tag="L+CR">                                               hs</item>
    <item id="o2" line="424" tag="L+LN+CR">        b. * INDEX1 XINÈS LLEGIR PODER                                                      (LSC)</item>
    <item id="o3" line="425" tag="G">             index  Chinese read can.NEG</item>
  </tier>
  <tier id="c" type="odin-clean">
    <item id="c1" line="423 424" tag="L+CR+LN">* INDEX1 XINÈS LLEGIR PODER        hs                                            (LSC)</item>
    <item id="c3" line="425" tag="G">index  Chinese read can.NEG</item>
  </tier>
  <tier id="p" type="phrases" content="c">
    <item id="p0" content="c1[0:86]"/>
  </tier>
  <tier id="g" type="glosses" content="c">
    <item id="g0" content="c3[0:27]" alignment="p1"/>
  </tier>
</igt>
<igt id="i23280">
  <metadata type="xigt-meta">
    <meta type="language" name="german sign language" iso-639-3="gsg" tiers="phrases words morphemes"/>
    <meta type="language" name="English" iso-639-3="eng" tiers="translations"/>
    <meta type="odin-source" doc-id="1271" line-range="433-436" line-types="L+CR L+LN+CR G T"/>
  </metadata>
  <tier id="o" type="odin-raw">
    <item id="o1" line="433" tag="L+CR">                                                                    hs</item>
    <item id="o2" line="434" tag="L+LN+CR">        a.   GARTEN INDEX3 KIND++ SPIEL DARF^NEG                                            (DGS)</item>
    <item id="o3" line="435" tag="G">             garden      index    child.PL play       may.NEG</item>
    <item id="o4" line="436" tag="T">             `The children may not play in the garden.'</item>
  </tier>
  <tier id="c" type="odin-clean">
    <item id="c1" line="433 434" tag="L+CR+LN">GARTEN INDEX3 KIND++ SPIEL DARF^NEG                    hs                      (DGS)</item>
    <item id="c3" line="435" tag="G">garden      index    child.PL play       may.NEG</item>
    <item id="c4" line="436" tag="T">The children may not play in the garden.</item>
  </tier>
  <tier id="p" type="phrases" content="c">
    <item id="p0" content="c1[0:84]"/>
  </tier>
  <tier id="g" type="glosses" content="c">
    <item id="g0" content="c3[0:48]" alignment="p1"/>
  </tier>
  <tier id="t" type="translations" content="c">
    <item id="t0" content="c4[0:40]" alignment="p1"/>
  </tier>
</igt>
<igt id="i23281">
  <metadata type="xigt-meta">
    <meta type="language" name="german sign language" iso-639-3="gsg" tiers="phrases words morphemes"/>
    <meta type="language" name="English" iso-639-3="eng" tiers="translations"/>
    <meta type="odin-source" doc-id="1271" line-range="437-441" line-types="L+CR L+CR G+CR G+CR T"/>
  </metadata>
  <tier id="o" type="odin-raw">
    <item id="o1" line="437" tag="L+CR">                                                                                hs</item>
    <item id="o2" line="438" tag="L+CR">        b.   SPIEL INDEX3a INDEX2 2ERKLÄR1                          MUSS^NEG(2h)</item>
    <item id="o3" line="439" tag="G+CR">                                          AGR.S.explain.AGR.        need.NEG</item>
    <item id="o4" line="440" tag="G+CR">             game index        you                              O</item>
    <item id="o5" line="441" tag="T">             `You don't have to explain the game to me.'</item>
  </tier>
  <tier id="c" type="odin-clean">
    <item id="c1" line="437" tag="L+CR">hs</item>
    <item id="c3" line="439 440" tag="G+CR">game index        you        AGR.S.explain.AGR.    O   need.NEG</item>
    <item id="c5" line="441" tag="T">You don't have to explain the game to me.</item>
  </tier>
  <tier id="p" type="phrases" content="c">
    <item id="p0" content="c1[0:2]"/>
  </tier>
  <tier id="g" type="glosses" content="c">
    <item id="g0" content="c3[0:63]" alignment="p1"/>
  </tier>
  <tier id="t" type="translations" content="c">
    <item id="t0" content="c5[0:41]" alignment="p1"/>
  </tier>
</igt>
<igt id="i23285">
  <metadata type="xigt-meta">
    <meta type="language" name="german sign language" iso-639-3="gsg" tiers="phrases words morphemes"/>
    <meta type="language" name="English" iso-639-3="eng" tiers="translations"/>
    <meta type="odin-source" doc-id="1271" line-range="470-473" line-types="L+CR L+LN+CR G T"/>
  </metadata>
  <tier id="o" type="odin-raw">
    <item id="o1" line="470" tag="L+CR">                                              hs        hs</item>
    <item id="o2" line="471" tag="L+LN+CR">        b. * KIND EIS ESS DARF^NEG NICHT                                                      (DGS)</item>
    <item id="o3" line="472" tag="G">             child    ice eat     may.not.NEG not</item>
    <item id="o4" line="473" tag="T">             `The child may not eat icecream.'</item>
  </tier>
  <tier id="c" type="odin-clean">
    <item id="c1" line="470 471" tag="L+CR+LN">* KIND EIS ESS DARF^NEG NICHT      hs        hs                                    (DGS)</item>
    <item id="c3" line="472" tag="G">child    ice eat     may.not.NEG not</item>
    <item id="c4" line="473" tag="T">The child may not eat icecream.</item>
  </tier>
  <tier id="p" type="phrases" content="c">
    <item id="p0" content="c1[0:88]"/>
  </tier>
  <tier id="g" type="glosses" content="c">
    <item id="g0" content="c3[0:36]" alignment="p1"/>
  </tier>
  <tier id="t" type="translations" content="c">
    <item id="t0" content="c4[0:31]" alignment="p1"/>
  </tier>
</igt>
<igt id="i23286">
  <metadata type="xigt-meta">
    <meta type="language" name="german sign language" iso-639-3="gsg" tiers="phrases words morphemes"/>
    <meta type="language" name="English" iso-639-3="eng" tiers="translations"/>
    <meta type="odin-source" doc-id="1271" line-range="474-478" line-types="L+CR L+LN+CR G+CR G+CR T"/>
  </metadata>
  <tier id="o" type="odin-raw">
    <item id="o1" line="474" tag="L+CR">                                                       hs        hs</item>
    <item id="o2" line="475" tag="L+LN+CR">        c. * INDEX1 XINÈS LLEGIR PODER-NO NO                                                  (LSC)</item>
    <item id="o3" line="476" tag="G+CR">                                             not</item>
    <item id="o4" line="477" tag="G+CR">             index      Chinese read can.NEG</item>
    <item id="o5" line="478" tag="T">             `I can't read Chinese.'</item>
  </tier>
  <tier id="c" type="odin-clean">
    <item id="c1" line="474 475" tag="L+CR+LN">* INDEX1 XINÈS LLEGIR PODER-NO NO          hs        hs                            (LSC)</item>
    <item id="c3" line="476 477" tag="G+CR">index      Chinese read can.NEG not</item>
    <item id="c5" line="478" tag="T">I can't read Chinese.</item>
  </tier>
  <tier id="p" type="phrases" content="c">
    <item id="p0" content="c1[0:88]"/>
  </tier>
  <tier id="g" type="glosses" content="c">
    <item id="g0" content="c3[0:35]" alignment="p1"/>
  </tier>
  <tier id="t" type="translations" content="c">
    <item id="t0" content="c5[0:21]" alignment="p1"/>
  </tier>
</igt>
<igt id="i39375">
  <metadata type="xigt-meta">
    <meta type="language" name="german sign language" iso-639-3="gsg" tiers="phrases words morphemes"/>
    <meta type="language" name="English" iso-639-3="eng" tiers="translations"/>
    <meta type="odin-source" doc-id="1197" line-range="9223-9225" line-types="L+SY G T"/>
  </metadata>
  <tier id="o" type="odin-raw">
    <item id="o1" line="9223" tag="L+SY">       (1) a.   HANSi       MARIEji FRAGEN      j</item>
    <item id="o2" line="9224" tag="G">                Hans        Marie     ask</item>
    <item id="o3" line="9225" tag="T">                `Hans asks Marie.'</item>
  </tier>
  <tier id="c" type="odin-clean">
    <item id="c1" line="9223" tag="L+SY">HANSi       MARIEji FRAGEN      j</item>
    <item id="c2" line="9224" tag="G">Hans        Marie     ask</item>
    <item id="c3" line="9225" tag="T">Hans asks Marie.</item>
  </tier>
  <tier id="p" type="phrases" content="c">
    <item id="p0" content="c1[0:33]"/>
  </tier>
  <tier id="g" type="glosses" content="c">
    <item id="g0" content="c2[0:25]" alignment="p1"/>
  </tier>
  <tier id="t" type="translations" content="c">
    <item id="t0" content="c3[0:16]" alignment="p1"/>
  </tier>
</igt>
<igt id="i39376">
  <metadata type="xigt-meta">
    <meta type="language" name="german sign language" iso-639-3="gsg" tiers="phrases words morphemes"/>
    <meta type="language" name="English" iso-639-3="eng" tiers="translations"/>
    <meta type="odin-source" doc-id="1197" line-range="9227-9229" line-types="L+SY G T"/>
  </metadata>
  <tier id="o" type="odin-raw">
    <item id="o1" line="9227" tag="L+SY">           b.   HANSi        MARIEji LEHREN     j</item>
    <item id="o2" line="9228" tag="G">                Hans         Marie    teach</item>
    <item id="o3" line="9229" tag="T">                `Hans teaches Marie.'</item>
  </tier>
  <tier id="c" type="odin-clean">
    <item id="c1" line="9227" tag="L+SY">HANSi        MARIEji LEHREN     j</item>
    <item id="c2" line="9228" tag="G">Hans         Marie    teach</item>
    <item id="c3" line="9229" tag="T">Hans teaches Marie.</item>
  </tier>
  <tier id="p" type="phrases" content="c">
    <item id="p0" content="c1[0:33]"/>
  </tier>
  <tier id="g" type="glosses" content="c">
    <item id="g0" content="c2[0:27]" alignment="p1"/>
  </tier>
  <tier id="t" type="translations" content="c">
    <item id="t0" content="c3[0:19]" alignment="p1"/>
  </tier>
</igt>
<igt id="i39377">
  <metadata type="xigt-meta">
    <meta type="language" name="german sign language" iso-639-3="gsg" tiers="phrases words morphemes"/>
    <meta type="language" name="English" iso-639-3="eng" tiers="translations"/>
    <meta type="odin-source" doc-id="1197" line-range="9259-9261" line-types="L+SY G T"/>
  </metadata>
  <tier id="o" type="odin-raw">
    <item id="o1" line="9259" tag="L+SY">        (2)     a.   HANSi       MARIEji VERSPOTTEN            j</item>
    <item id="o2" line="9260" tag="G">                     Hans        Marie     annoy</item>
    <item id="o3" line="9261" tag="T">                     `Hans annoys Marie.'</item>
  </tier>
  <tier id="c" type="odin-clean">
    <item id="c1" line="9259" tag="L+SY">HANSi       MARIEji VERSPOTTEN            j</item>
    <item id="c2" line="9260" tag="G">Hans        Marie     annoy</item>
    <item id="c3" line="9261" tag="T">Hans annoys Marie.</item>
  </tier>
  <tier id="p" type="phrases" content="c">
    <item id="p0" content="c1[0:43]"/>
  </tier>
  <tier id="g" type="glosses" content="c">
    <item id="g0" content="c2[0:27]" alignment="p1"/>
  </tier>
  <tier id="t" type="translations" content="c">
    <item id="t0" content="c3[0:18]" alignment="p1"/>
  </tier>
</igt>
<igt id="i39378">
  <metadata type="xigt-meta">
    <meta type="language" name="german sign language" iso-639-3="gsg" tiers="phrases words morphemes"/>
    <meta type="language" name="English" iso-639-3="eng" tiers="translations"/>
    <meta type="odin-source" doc-id="1197" line-range="9263-9265" line-types="L+SY G T"/>
  </metadata>
  <tier id="o" type="odin-raw">
    <item id="o1" line="9263" tag="L+SY">                b.   * HANSi     MARIEj VERSPOTTEN</item>
    <item id="o2" line="9264" tag="G">                     Hans        Marie     annoy</item>
    <item id="o3" line="9265" tag="T">                     `Hans annoys Marie.'</item>
  </tier>
  <tier id="c" type="odin-clean">
    <item id="c1" line="9263" tag="L+SY">* HANSi     MARIEj VERSPOTTEN</item>
    <item id="c2" line="9264" tag="G">Hans        Marie     annoy</item>
    <item id="c3" line="9265" tag="T">Hans annoys Marie.</item>
  </tier>
  <tier id="p" type="phrases" content="c">
    <item id="p0" content="c1[0:29]"/>
  </tier>
  <tier id="g" type="glosses" content="c">
    <item id="g0" content="c2[0:27]" alignment="p1"/>
  </tier>
  <tier id="t" type="translations" content="c">
    <item id="t0" content="c3[0:18]" alignment="p1"/>
  </tier>
</igt>
<igt id="i39379">
  <metadata type="xigt-meta">
    <meta type="language" name="german sign language" iso-639-3="gsg" tiers="phrases words morphemes"/>
    <meta type="language" name="English" iso-639-3="eng" tiers="translations"/>
    <meta type="odin-source" doc-id="1197" line-range="9276-9279" line-types="L G G T"/>
  </metadata>
  <tier id="o" type="odin-raw">
    <item id="o1" line="9276" tag="L">        (3)     a.   * HANSi      MARIE            MAG</item>
    <item id="o2" line="9277" tag="G">                                               j</item>
    <item id="o3" line="9278" tag="G">                     Hans         Marie            like</item>
    <item id="o4" line="9279" tag="T">                     `Hans likes Marie.'</item>
  </tier>
  <tier id="c" type="odin-clean">
    <item id="c1" line="9276" tag="L">* HANSi      MARIE            MAG</item>
    <item id="c2" line="9277" tag="G">j</item>
    <item id="c3" line="9278" tag="G">Hans         Marie            like</item>
    <item id="c4" line="9279" tag="T">Hans likes Marie.</item>
  </tier>
  <tier id="p" type="phrases" content="c">
    <item id="p0" content="c1[0:33]"/>
  </tier>
  <tier id="g" type="glosses" content="c">
    <item id="g0" content="c2[0:1]" alignment="p1"/>
    <item id="g1" content="c3[0:34]" alignment="p1"/>
  </tier>
  <tier id="t" type="translations" content="c">
    <item id="t0" content="c4[0:17]" alignment="p1"/>
  </tier>
</igt>
<igt id="i39380">
  <metadata type="xigt-meta">
    <meta type="language" name="german sign language" iso-639-3="gsg" tiers="phrases words morphemes"/>
    <meta type="language" name="English" iso-639-3="eng" tiers="translations"/>
    <meta type="odin-source" doc-id="1197" line-range="9281-9284" line-types="L+CR L+CR G T"/>
  </metadata>
  <tier id="o" type="odin-raw">
    <item id="o1" line="9281" tag="L+CR">                b.   HANSi        iPAM             MARIE           MAG</item>
    <item id="o2" line="9282" tag="L+CR">                                           j               j</item>
    <item id="o3" line="9283" tag="G">                     Hans         PAM              Marie           like</item>
    <item id="o4" line="9284" tag="T">                     `Hans likes Marie.'</item>
  </tier>
  <tier id="c" type="odin-clean">
    <item id="c1" line="9281 9282" tag="L+CR">HANSi        iPAM     j       MARIE   j       MAG</item>
    <item id="c3" line="9283" tag="G">Hans         PAM              Marie           like</item>
    <item id="c4" line="9284" tag="T">Hans likes Marie.</item>
  </tier>
  <tier id="p" type="phrases" content="c">
    <item id="p0" content="c1[0:49]"/>
  </tier>
  <tier id="g" type="glosses" content="c">
    <item id="g0" content="c3[0:50]" alignment="p1"/>
  </tier>
  <tier id="t" type="translations" content="c">
    <item id="t0" content="c4[0:17]" alignment="p1"/>
  </tier>
</igt>
<igt id="i39381">
  <metadata type="xigt-meta">
    <meta type="language" name="german sign language" iso-639-3="gsg" tiers="phrases words morphemes"/>
    <meta type="language" name="English" iso-639-3="eng" tiers="translations"/>
    <meta type="odin-source" doc-id="1197" line-range="9378-9381" line-types="L G T+AL+EX T+EX"/>
  </metadata>
  <tier id="o" type="odin-raw">
    <item id="o1" line="9378" tag="L">        (4)    SOHNj       [MUTTERi 5-JAHRE iLEHRENj]</item>
    <item id="o2" line="9379" tag="G">               son     mother        5 years      teach</item>
    <item id="o3" line="9380" tag="T+AL+EX">               ok `A mother used to teach her son for 5 years' (generic reading)</item>
    <item id="o4" line="9381" tag="T+EX">               ok `A mother has been teaching her son for 5 years' (episodic reading)</item>
  </tier>
  <tier id="c" type="odin-clean">
    <item id="c1" line="9378" tag="L">SOHNj       [MUTTERi 5-JAHRE iLEHRENj]</item>
    <item id="c2" line="9379" tag="G">son     mother        5 years      teach</item>
    <item id="c3" line="9380" tag="T+AL+EX">ok `A mother used to teach her son for 5 years' (generic reading)</item>
    <item id="c4" line="9381" tag="T+EX">ok `A mother has been teaching her son for 5 years' (episodic reading)</item>
  </tier>
  <tier id="p" type="phrases" content="c">
    <item id="p0" content="c1[0:38]"/>
  </tier>
  <tier id="g" type="glosses" content="c">
    <item id="g0" content="c2[0:40]" alignment="p1"/>
  </tier>
  <tier id="t" type="translations" content="c">
    <item id="t0" content="c3[0:65]" alignment="p1"/>
    <item id="t1" content="c4[0:70]" alignment="p1"/>
  </tier>
</igt>
<igt id="i39382">
  <metadata type="xigt-meta">
    <meta type="language" name="german sign language" iso-639-3="gsg" tiers="phrases words morphemes"/>
    <meta type="language" name="English" iso-639-3="eng" tiers="translations"/>
    <meta type="odin-source" doc-id="1197" line-range="9386-9389" line-types="L G T+AL+EX T+EX"/>
  </metadata>
  <tier id="o" type="odin-raw">
    <item id="o1" line="9386" tag="L">        (5)    SOHNj       [MUTTERi 5-JAHRE iPAMj                    iLEHRENj]</item>
    <item id="o2" line="9387" tag="G">               son     mother        5 years       PAM           teach</item>
    <item id="o3" line="9388" tag="T+AL+EX">               ?? `A mother used to teach her son for 5 years' (generic reading)</item>
    <item id="o4" line="9389" tag="T+EX">               ok `A mother has been teaching her son for 5 years' (episodic reading)</item>
  </tier>
  <tier id="c" type="odin-clean">
    <item id="c1" line="9386" tag="L">SOHNj       [MUTTERi 5-JAHRE iPAMj                    iLEHRENj]</item>
    <item id="c2" line="9387" tag="G">son     mother        5 years       PAM           teach</item>
    <item id="c3" line="9388" tag="T+AL+EX">?? `A mother used to teach her son for 5 years' (generic reading)</item>
    <item id="c4" line="9389" tag="T+EX">ok `A mother has been teaching her son for 5 years' (episodic reading)</item>
  </tier>
  <tier id="p" type="phrases" content="c">
    <item id="p0" content="c1[0:63]"/>
  </tier>
  <tier id="g" type="glosses" content="c">
    <item id="g0" content="c2[0:55]" alignment="p1"/>
  </tier>
  <tier id="t" type="translations" content="c">
    <item id="t0" content="c3[0:65]" alignment="p1"/>
    <item id="t1" content="c4[0:70]" alignment="p1"/>
  </tier>
</igt>
<igt id="i39383">
  <metadata type="xigt-meta">
    <meta type="language" name="german sign language" iso-639-3="gsg" tiers="phrases words morphemes"/>
    <meta type="language" name="English" iso-639-3="eng" tiers="translations"/>
    <meta type="odin-source" doc-id="1197" line-range="9398-9401" line-types="L G T+AL+EX T+EX"/>
  </metadata>
  <tier id="o" type="odin-raw">
    <item id="o1" line="9398" tag="L">        (6)    SOHNj [MUTTERi 5-JAHRE iPAMj iLEHRENj] FERTIG</item>
    <item id="o2" line="9399" tag="G">               son mother        5 years       PAM       teach       finish</item>
    <item id="o3" line="9400" tag="T+AL+EX">               * `A mother used to teach her son for 5 years' (generic reading)</item>
    <item id="o4" line="9401" tag="T+EX">               ok `A mother has been teaching her son for 5 years' (successive episodic reading)</item>
  </tier>
  <tier id="c" type="odin-clean">
    <item id="c1" line="9398" tag="L">SOHNj [MUTTERi 5-JAHRE iPAMj iLEHRENj] FERTIG</item>
    <item id="c2" line="9399" tag="G">son mother        5 years       PAM       teach       finish</item>
    <item id="c3" line="9400" tag="T+AL+EX">* `A mother used to teach her son for 5 years' (generic reading)</item>
    <item id="c4" line="9401" tag="T+EX">ok `A mother has been teaching her son for 5 years' (successive episodic reading)</item>
  </tier>
  <tier id="p" type="phrases" content="c">
    <item id="p0" content="c1[0:45]"/>
  </tier>
  <tier id="g" type="glosses" content="c">
    <item id="g0" content="c2[0:60]" alignment="p1"/>
  </tier>
  <tier id="t" type="translations" content="c">
    <item id="t0" content="c3[0:64]" alignment="p1"/>
    <item id="t1" content="c4[0:81]" alignment="p1"/>
  </tier>
</igt>
<igt id="i39384">
  <metadata type="xigt-meta">
    <meta type="language" name="german sign language" iso-639-3="gsg" tiers="phrases words morphemes"/>
    <meta type="language" name="English" iso-639-3="eng" tiers="translations"/>
    <meta type="odin-source" doc-id="1197" line-range="9437-9439" line-types="L+SY G T"/>
  </metadata>
  <tier id="o" type="odin-raw">
    <item id="o1" line="9437" tag="L+SY">      (9)      MARIEi HANSj        [ IXi            IXj KENNEN ]</item>
    <item id="o2" line="9438" tag="G">               Marie Hans             she           him know</item>
    <item id="o3" line="9439" tag="T">               `Marie knows Hans.'</item>
  </tier>
  <tier id="c" type="odin-clean">
    <item id="c1" line="9437" tag="L+SY">MARIEi HANSj        [ IXi            IXj KENNEN ]</item>
    <item id="c2" line="9438" tag="G">Marie Hans             she           him know</item>
    <item id="c3" line="9439" tag="T">Marie knows Hans.</item>
  </tier>
  <tier id="p" type="phrases" content="c">
    <item id="p0" content="c1[0:49]"/>
  </tier>
  <tier id="g" type="glosses" content="c">
    <item id="g0" content="c2[0:45]" alignment="p1"/>
  </tier>
  <tier id="t" type="translations" content="c">
    <item id="t0" content="c3[0:17]" alignment="p1"/>
  </tier>
</igt>
<igt id="i39385">
  <metadata type="xigt-meta">
    <meta type="language" name="german sign language" iso-639-3="gsg" tiers="phrases words morphemes"/>
    <meta type="language" name="English" iso-639-3="eng" tiers="translations"/>
    <meta type="odin-source" doc-id="1197" line-range="9443-9445" line-types="L+SY G T"/>
  </metadata>
  <tier id="o" type="odin-raw">
    <item id="o1" line="9443" tag="L+SY">      (10)     MARIEi HANSj         [iPAMj        KENNEN ]</item>
    <item id="o2" line="9444" tag="G">               Marie Hans             PAM         know</item>
    <item id="o3" line="9445" tag="T">               `Marie knows Hans at a particular moment.'</item>
  </tier>
  <tier id="c" type="odin-clean">
    <item id="c1" line="9443" tag="L+SY">MARIEi HANSj         [iPAMj        KENNEN ]</item>
    <item id="c2" line="9444" tag="G">Marie Hans             PAM         know</item>
    <item id="c3" line="9445" tag="T">Marie knows Hans at a particular moment.</item>
  </tier>
  <tier id="p" type="phrases" content="c">
    <item id="p0" content="c1[0:43]"/>
  </tier>
  <tier id="g" type="glosses" content="c">
    <item id="g0" content="c2[0:39]" alignment="p1"/>
  </tier>
  <tier id="t" type="translations" content="c">
    <item id="t0" content="c3[0:40]" alignment="p1"/>
  </tier>
</igt>
</xigt-corpus>
