<?xml version="1.0" encoding="UTF-8"?>
<xigt-corpus>
<igt id="i10">
  <metadata type="xigt-meta">
    <meta type="language" name="gurindji" iso-639-3="gue" tiers="phrases words morphemes"/>
    <meta type="language" name="English" iso-639-3="eng" tiers="translations"/>
    <meta type="odin-source" doc-id="2984" line-range="262-266" line-types="M+LN+CR M+LN+CR L G T+AC"/>
  </metadata>
  <tier id="o" type="odin-raw">
    <item id="o1" line="262" tag="M+LN+CR">     (9) GUR           [Pama-Nyungan] &lt; JAMINJUNG [Jaminjungan]</item>
    <item id="o2" line="263" tag="M+LN+CR">               INDJI</item>
    <item id="o3" line="264" tag="L">        tibart   wani-nya</item>
    <item id="o4" line="265" tag="G">        jump     fall-PAST</item>
    <item id="o5" line="266" tag="T+AC">        `(S)he    jumped.' (McConvell 2005:3)</item>
  </tier>
  <tier id="c" type="odin-clean">
    <item id="c1" line="262 263" tag="M+LN+CR">GUR   INDJI   [Pama-Nyungan] &lt; JAMINJUNG [Jaminjungan]</item>
    <item id="c3" line="264" tag="L">tibart   wani-nya</item>
    <item id="c4" line="265" tag="G">jump     fall-PAST</item>
    <item id="c5" line="266" tag="T+AC">S)he    jumped.' (McConvell 2005:3</item>
  </tier>
  <tier id="p" type="phrases" content="c">
    <item id="p0" content="c3[0:17]"/>
  </tier>
  <tier id="g" type="glosses" content="c">
    <item id="g0" content="c4[0:18]" alignment="p1"/>
  </tier>
  <tier id="t" type="translations" content="c">
    <item id="t0" content="c5[0:34]" alignment="p1"/>
  </tier>
</igt>
<igt id="i11360">
  <metadata type="xigt-meta">
    <meta type="language" name="gurindji" iso-639-3="gue" tiers="phrases words morphemes"/>
    <meta type="language" name="English" iso-639-3="eng" tiers="translations"/>
    <meta type="odin-source" doc-id="2469" line-range="260-263" line-types="M+LN+DB L G T+AC"/>
  </metadata>
  <tier id="o" type="odin-raw">
    <item id="o1" line="260" tag="M+LN+DB">  (9)      GURINDJI [Pama-Nyungan] &lt; JAMINJUNG [Jaminjungan]</item>
    <item id="o2" line="261" tag="L">           tibart wani-nya</item>
    <item id="o3" line="262" tag="G">           jump fall-PAST</item>
    <item id="o4" line="263" tag="T+AC">           `(S)he jumped.' (McConvell 2005:3)</item>
  </tier>
  <tier id="c" type="odin-clean">
    <item id="c1" line="260" tag="M+LN+DB">GURINDJI [Pama-Nyungan] &lt; JAMINJUNG [Jaminjungan]</item>
    <item id="c2" line="261" tag="L">tibart wani-nya</item>
    <item id="c3" line="262" tag="G">jump fall-PAST</item>
    <item id="c4" line="263" tag="T+AC">S)he jumped.' (McConvell 2005:3</item>
  </tier>
  <tier id="p" type="phrases" content="c">
    <item id="p0" content="c2[0:15]"/>
  </tier>
  <tier id="g" type="glosses" content="c">
    <item id="g0" content="c3[0:14]" alignment="p1"/>
  </tier>
  <tier id="t" type="translations" content="c">
    <item id="t0" content="c4[0:31]" alignment="p1"/>
  </tier>
</igt>
<igt id="i57507">
  <metadata type="xigt-meta">
    <meta type="language" name="gurindji" iso-639-3="gue" tiers="phrases words morphemes"/>
    <meta type="language" name="English" iso-639-3="eng" tiers="translations"/>
    <meta type="odin-source" doc-id="2733" line-range="230-232" line-types="L G T"/>
  </metadata>
  <tier id="o" type="odin-raw">
    <item id="o1" line="230" tag="L">        a.    yirrap-ma           ngu=rna-yina        parik wanyja        VRD-la</item>
    <item id="o2" line="231" tag="G">              one mob-TOP AUX=1SG.S-3PL.O leave leave.PAST VRD-LOC</item>
    <item id="o3" line="232" tag="T">              `One lot I left at VRD.'</item>
  </tier>
  <tier id="c" type="odin-clean">
    <item id="c1" line="230" tag="L">yirrap-ma           ngu=rna-yina        parik wanyja        VRD-la</item>
    <item id="c2" line="231" tag="G">one mob-TOP AUX=1SG.S-3PL.O leave leave.PAST VRD-LOC</item>
    <item id="c3" line="232" tag="T">One lot I left at VRD.</item>
  </tier>
  <tier id="p" type="phrases" content="c">
    <item id="p0" content="c1[0:66]"/>
  </tier>
  <tier id="g" type="glosses" content="c">
    <item id="g0" content="c2[0:52]" alignment="p1"/>
  </tier>
  <tier id="t" type="translations" content="c">
    <item id="t0" content="c3[0:22]" alignment="p1"/>
  </tier>
</igt>
<igt id="i57508">
  <metadata type="xigt-meta">
    <meta type="language" name="gurindji" iso-639-3="gue" tiers="phrases words morphemes"/>
    <meta type="language" name="English" iso-639-3="eng" tiers="translations"/>
    <meta type="odin-source" doc-id="2733" line-range="233-235" line-types="L G T"/>
  </metadata>
  <tier id="o" type="odin-raw">
    <item id="o1" line="233" tag="L">        b.    yirrap-ma=rna-yina                wart     ka-nya        murla-ngkurra</item>
    <item id="o2" line="234" tag="G">              one mob-TOP=1SG.S-3PL.O           back     take-PAST here-ALL</item>
    <item id="o3" line="235" tag="T">              `THE OTHER LOT I brought back here.'</item>
  </tier>
  <tier id="c" type="odin-clean">
    <item id="c1" line="233" tag="L">yirrap-ma=rna-yina                wart     ka-nya        murla-ngkurra</item>
    <item id="c2" line="234" tag="G">one mob-TOP=1SG.S-3PL.O           back     take-PAST here-ALL</item>
    <item id="c3" line="235" tag="T">THE OTHER LOT I brought back here.</item>
  </tier>
  <tier id="p" type="phrases" content="c">
    <item id="p0" content="c1[0:70]"/>
  </tier>
  <tier id="g" type="glosses" content="c">
    <item id="g0" content="c2[0:61]" alignment="p1"/>
  </tier>
  <tier id="t" type="translations" content="c">
    <item id="t0" content="c3[0:34]" alignment="p1"/>
  </tier>
</igt>
<igt id="i57509">
  <metadata type="xigt-meta">
    <meta type="language" name="gurindji" iso-639-3="gue" tiers="phrases words morphemes"/>
    <meta type="language" name="English" iso-639-3="eng" tiers="translations"/>
    <meta type="odin-source" doc-id="2733" line-range="236-238" line-types="L G T"/>
  </metadata>
  <tier id="o" type="odin-raw">
    <item id="o1" line="236" tag="L">        c.    mirnti     kartak-marraj=pa-n</item>
    <item id="o2" line="237" tag="G">              anus       receptacle-LIKE=LINK-2S</item>
    <item id="o3" line="238" tag="T">              `You have an anus like a billy can! (swearing at someone)'</item>
  </tier>
  <tier id="c" type="odin-clean">
    <item id="c1" line="236" tag="L">mirnti     kartak-marraj=pa-n</item>
    <item id="c2" line="237" tag="G">anus       receptacle-LIKE=LINK-2S</item>
    <item id="c3" line="238" tag="T">You have an anus like a billy can! (swearing at someone)</item>
  </tier>
  <tier id="p" type="phrases" content="c">
    <item id="p0" content="c1[0:29]"/>
  </tier>
  <tier id="g" type="glosses" content="c">
    <item id="g0" content="c2[0:34]" alignment="p1"/>
  </tier>
  <tier id="t" type="translations" content="c">
    <item id="t0" content="c3[0:56]" alignment="p1"/>
  </tier>
</igt>
<igt id="i57513">
  <metadata type="xigt-meta">
    <meta type="language" name="malngin" iso-639-3="gue" tiers="phrases words morphemes"/>
    <meta type="language" name="English" iso-639-3="eng" tiers="translations"/>
    <meta type="odin-source" doc-id="2733" line-range="263-267" line-types="M+AC+LN L+CR L+CR G T"/>
  </metadata>
  <tier id="o" type="odin-raw">
    <item id="o1" line="263" tag="M+AC+LN">  (3.1.5) MALNGIN (McConvell 1980: 92)</item>
    <item id="o2" line="264" tag="L+CR">                   yan-ku-lu-(Na)</item>
    <item id="o3" line="265" tag="L+CR">        kayira</item>
    <item id="o4" line="266" tag="G">        north      go-GUT-3P-(DOUBT)</item>
    <item id="o5" line="267" tag="T">        `they will (possibly) go north'</item>
  </tier>
  <tier id="c" type="odin-clean">
    <item id="c1" line="263" tag="M+AC+LN">MALNGIN (McConvell 1980: 92</item>
    <item id="c2" line="264 265" tag="L+CR">kayira     yan-ku-lu-(Na)</item>
    <item id="c4" line="266" tag="G">north      go-GUT-3P-(DOUBT)</item>
    <item id="c5" line="267" tag="T">they will (possibly) go north</item>
  </tier>
  <tier id="p" type="phrases" content="c">
    <item id="p0" content="c2[0:25]"/>
  </tier>
  <tier id="g" type="glosses" content="c">
    <item id="g0" content="c4[0:28]" alignment="p1"/>
  </tier>
  <tier id="t" type="translations" content="c">
    <item id="t0" content="c5[0:29]" alignment="p1"/>
  </tier>
</igt>
<igt id="i84701">
  <metadata type="xigt-meta">
    <meta type="language" name="gurindji" iso-639-3="gue" tiers="phrases words morphemes"/>
    <meta type="language" name="English" iso-639-3="eng" tiers="translations"/>
    <meta type="odin-source" doc-id="3621" line-range="725-730" line-types="M+LN L+CR L+CR G+CR G+CR T"/>
  </metadata>
  <tier id="o" type="odin-raw">
    <item id="o1" line="725" tag="M+LN">                  (c)    Traditional Gurindji</item>
    <item id="o2" line="726" tag="L+CR">                                                                     ngu 0/rna</item>
    <item id="o3" line="727" tag="L+CR">                         (ngayu)                                                   karnti warrkuj   ma-ni</item>
    <item id="o4" line="728" tag="G+CR">                                                                     AUX 0/1sg</item>
    <item id="o5" line="729" tag="G+CR">                         1sg                                                       stick get        get-PST</item>
    <item id="o6" line="730" tag="T">                         `I got a stick.'</item>
  </tier>
  <tier id="c" type="odin-clean">
    <item id="c1" line="725" tag="M+LN">Traditional Gurindji</item>
    <item id="c2" line="726 727" tag="L+CR">(ngayu)                                     ngu 0/rna     karnti warrkuj   ma-ni</item>
    <item id="c4" line="728 729" tag="G+CR">1sg                                         AUX 0/1sg     stick get        get-PST</item>
    <item id="c6" line="730" tag="T">I got a stick.</item>
  </tier>
  <tier id="p" type="phrases" content="c">
    <item id="p0" content="c2[0:80]"/>
  </tier>
  <tier id="g" type="glosses" content="c">
    <item id="g0" content="c4[0:82]" alignment="p1"/>
  </tier>
  <tier id="t" type="translations" content="c">
    <item id="t0" content="c6[0:14]" alignment="p1"/>
  </tier>
</igt>
<igt id="i84703">
  <metadata type="xigt-meta">
    <meta type="language" name="gurindji" iso-639-3="gue" tiers="phrases words morphemes"/>
    <meta type="language" name="English" iso-639-3="eng" tiers="translations"/>
    <meta type="odin-source" doc-id="3621" line-range="744-747" line-types="M+LN L G T"/>
  </metadata>
  <tier id="o" type="odin-raw">
    <item id="o1" line="744" tag="M+LN">                   (b)    Traditional Gurindji</item>
    <item id="o2" line="745" tag="L">                          Nangala                            kutij     karri-nya</item>
    <item id="o3" line="746" tag="G">                          [subsection]                       stand     be-PST</item>
    <item id="o4" line="747" tag="T">                          `Nangala stood up.'</item>
  </tier>
  <tier id="c" type="odin-clean">
    <item id="c1" line="744" tag="M+LN">Traditional Gurindji</item>
    <item id="c2" line="745" tag="L">Nangala                            kutij     karri-nya</item>
    <item id="c3" line="746" tag="G">[subsection]                       stand     be-PST</item>
    <item id="c4" line="747" tag="T">Nangala stood up.</item>
  </tier>
  <tier id="p" type="phrases" content="c">
    <item id="p0" content="c2[0:54]"/>
  </tier>
  <tier id="g" type="glosses" content="c">
    <item id="g0" content="c3[0:51]" alignment="p1"/>
  </tier>
  <tier id="t" type="translations" content="c">
    <item id="t0" content="c4[0:17]" alignment="p1"/>
  </tier>
</igt>
<igt id="i84705">
  <metadata type="xigt-meta">
    <meta type="language" name="gurindji" iso-639-3="gue" tiers="phrases words morphemes"/>
    <meta type="language" name="English" iso-639-3="eng" tiers="translations"/>
    <meta type="odin-source" doc-id="3621" line-range="795-798" line-types="M+LN L G T"/>
  </metadata>
  <tier id="o" type="odin-raw">
    <item id="o1" line="795" tag="M+LN">                  (b)       Traditional Gurindji</item>
    <item id="o2" line="796" tag="L">                            Nangala-lu                       yuwa-nana   ngawa-ngka</item>
    <item id="o3" line="797" tag="G">                            [subsect]-ERG                    put-PRES    water-LOC</item>
    <item id="o4" line="798" tag="T">                            `Nangala is putting it in the water.'</item>
  </tier>
  <tier id="c" type="odin-clean">
    <item id="c1" line="795" tag="M+LN">Traditional Gurindji</item>
    <item id="c2" line="796" tag="L">Nangala-lu                       yuwa-nana   ngawa-ngka</item>
    <item id="c3" line="797" tag="G">[subsect]-ERG                    put-PRES    water-LOC</item>
    <item id="c4" line="798" tag="T">Nangala is putting it in the water.</item>
  </tier>
  <tier id="p" type="phrases" content="c">
    <item id="p0" content="c2[0:55]"/>
  </tier>
  <tier id="g" type="glosses" content="c">
    <item id="g0" content="c3[0:54]" alignment="p1"/>
  </tier>
  <tier id="t" type="translations" content="c">
    <item id="t0" content="c4[0:35]" alignment="p1"/>
  </tier>
</igt>
<igt id="i84709">
  <metadata type="xigt-meta">
    <meta type="language" name="gurindji" iso-639-3="gue" tiers="phrases words morphemes"/>
    <meta type="language" name="English" iso-639-3="eng" tiers="translations"/>
    <meta type="odin-source" doc-id="3621" line-range="875-878" line-types="M+LN L G T"/>
  </metadata>
  <tier id="o" type="odin-raw">
    <item id="o1" line="875" tag="M+LN">              (b)   Traditional Gurindji</item>
    <item id="o2" line="876" tag="L">                    ngu 0/lu    rarraj ya-ni</item>
    <item id="o3" line="877" tag="G">                    CAT 3pls run         go       PST</item>
    <item id="o4" line="878" tag="T">                    `They ran.'</item>
  </tier>
  <tier id="c" type="odin-clean">
    <item id="c1" line="875" tag="M+LN">Traditional Gurindji</item>
    <item id="c2" line="876" tag="L">ngu 0/lu    rarraj ya-ni</item>
    <item id="c3" line="877" tag="G">CAT 3pls run         go       PST</item>
    <item id="c4" line="878" tag="T">They ran.</item>
  </tier>
  <tier id="p" type="phrases" content="c">
    <item id="p0" content="c2[0:24]"/>
  </tier>
  <tier id="g" type="glosses" content="c">
    <item id="g0" content="c3[0:33]" alignment="p1"/>
  </tier>
  <tier id="t" type="translations" content="c">
    <item id="t0" content="c4[0:9]" alignment="p1"/>
  </tier>
</igt>
<igt id="i84712">
  <metadata type="xigt-meta">
    <meta type="language" name="gurindji" iso-639-3="gue" tiers="phrases words morphemes"/>
    <meta type="language" name="English" iso-639-3="eng" tiers="translations"/>
    <meta type="odin-source" doc-id="3621" line-range="898-900" line-types="L G T"/>
  </metadata>
  <tier id="o" type="odin-raw">
    <item id="o1" line="898" tag="L">       (17)   nyawa-ma ola karu warrkap-ta</item>
    <item id="o2" line="899" tag="G">              this-TOP     PL kid        dance-LOC</item>
    <item id="o3" line="900" tag="T">              Here the kids are dancing.</item>
  </tier>
  <tier id="c" type="odin-clean">
    <item id="c1" line="898" tag="L">nyawa-ma ola karu warrkap-ta</item>
    <item id="c2" line="899" tag="G">this-TOP     PL kid        dance-LOC</item>
    <item id="c3" line="900" tag="T">Here the kids are dancing.</item>
  </tier>
  <tier id="p" type="phrases" content="c">
    <item id="p0" content="c1[0:28]"/>
  </tier>
  <tier id="g" type="glosses" content="c">
    <item id="g0" content="c2[0:36]" alignment="p1"/>
  </tier>
  <tier id="t" type="translations" content="c">
    <item id="t0" content="c3[0:26]" alignment="p1"/>
  </tier>
</igt>
<igt id="i84713">
  <metadata type="xigt-meta">
    <meta type="language" name="gurindji" iso-639-3="gue" tiers="phrases words morphemes"/>
    <meta type="language" name="English" iso-639-3="eng" tiers="translations"/>
    <meta type="odin-source" doc-id="3621" line-range="909-913" line-types="L+CR L+CR G+CR G+CR T"/>
  </metadata>
  <tier id="o" type="odin-raw">
    <item id="o1" line="909" tag="L+CR">                                               ngu 0/lu</item>
    <item id="o2" line="910" tag="L+CR">       (18)   karu-walija-rlu     warrkap                   wanyja-nana.</item>
    <item id="o3" line="911" tag="G+CR">                                               CAT 0/3pl</item>
    <item id="o4" line="912" tag="G+CR">              child-PAUC-ERG dance                          leave-PRS</item>
    <item id="o5" line="913" tag="T">              `The kids are dancing.'</item>
  </tier>
  <tier id="c" type="odin-clean">
    <item id="c1" line="909 910" tag="L+CR">karu-walija-rlu     warrkap      ngu 0/lu     wanyja-nana.</item>
    <item id="c3" line="911 912" tag="G+CR">child-PAUC-ERG dance             CAT 0/3pl    leave-PRS</item>
    <item id="c5" line="913" tag="T">The kids are dancing.</item>
  </tier>
  <tier id="p" type="phrases" content="c">
    <item id="p0" content="c1[0:58]"/>
  </tier>
  <tier id="g" type="glosses" content="c">
    <item id="g0" content="c3[0:55]" alignment="p1"/>
  </tier>
  <tier id="t" type="translations" content="c">
    <item id="t0" content="c5[0:21]" alignment="p1"/>
  </tier>
</igt>
<igt id="i84714">
  <metadata type="xigt-meta">
    <meta type="language" name="gurindji" iso-639-3="gue" tiers="phrases words morphemes"/>
    <meta type="language" name="English" iso-639-3="eng" tiers="translations"/>
    <meta type="odin-source" doc-id="3621" line-range="920-923" line-types="L+CR L+CR G T"/>
  </metadata>
  <tier id="o" type="odin-raw">
    <item id="o1" line="920" tag="L+CR">                  karu ngu 0/lu</item>
    <item id="o2" line="921" tag="L+CR">          (19)                     pinka-ka      karri-nyana     warrkap-kula</item>
    <item id="o3" line="922" tag="G">                  child CAT 3pl creek LOC be-PRES                dance LOC</item>
    <item id="o4" line="923" tag="T">                  `The children are in the creek dancing.'</item>
  </tier>
  <tier id="c" type="odin-clean">
    <item id="c1" line="920 921" tag="L+CR">karu ngu 0/lu    pinka-ka      karri-nyana     warrkap-kula</item>
    <item id="c3" line="922" tag="G">child CAT 3pl creek LOC be-PRES                dance LOC</item>
    <item id="c4" line="923" tag="T">The children are in the creek dancing.</item>
  </tier>
  <tier id="p" type="phrases" content="c">
    <item id="p0" content="c1[0:59]"/>
  </tier>
  <tier id="g" type="glosses" content="c">
    <item id="g0" content="c3[0:56]" alignment="p1"/>
  </tier>
  <tier id="t" type="translations" content="c">
    <item id="t0" content="c4[0:38]" alignment="p1"/>
  </tier>
</igt>
<igt id="i90078">
  <metadata type="xigt-meta">
    <meta type="language" name="gurindji" iso-639-3="gue" tiers="phrases words morphemes"/>
    <meta type="language" name="English" iso-639-3="eng" tiers="translations"/>
    <meta type="odin-source" doc-id="2629" line-range="226-229" line-types="L G+CR G+CR T"/>
  </metadata>
  <tier id="o" type="odin-raw">
    <item id="o1" line="226" tag="L">        a.   yirrap-ma         ngu=rna-yina         parik       wanyja     VRD-la</item>
    <item id="o2" line="227" tag="G+CR">             one mob-TOP AUX=1SG.S-3PL.             leave       leave.PAST VRD-LOC</item>
    <item id="o3" line="228" tag="G+CR">                                                O</item>
    <item id="o4" line="229" tag="T">             `One lot I left at VRD.'</item>
  </tier>
  <tier id="c" type="odin-clean">
    <item id="c1" line="226" tag="L">yirrap-ma         ngu=rna-yina         parik       wanyja     VRD-la</item>
    <item id="c2" line="227 228" tag="G+CR">one mob-TOP AUX=1SG.S-3PL.         O   leave       leave.PAST VRD-LOC</item>
    <item id="c4" line="229" tag="T">One lot I left at VRD.</item>
  </tier>
  <tier id="p" type="phrases" content="c">
    <item id="p0" content="c1[0:68]"/>
  </tier>
  <tier id="g" type="glosses" content="c">
    <item id="g0" content="c2[0:69]" alignment="p1"/>
  </tier>
  <tier id="t" type="translations" content="c">
    <item id="t0" content="c4[0:22]" alignment="p1"/>
  </tier>
</igt>
<igt id="i90079">
  <metadata type="xigt-meta">
    <meta type="language" name="gurindji" iso-639-3="gue" tiers="phrases words morphemes"/>
    <meta type="language" name="English" iso-639-3="eng" tiers="translations"/>
    <meta type="odin-source" doc-id="2629" line-range="231-233" line-types="L G T"/>
  </metadata>
  <tier id="o" type="odin-raw">
    <item id="o1" line="231" tag="L">        b.   yirrap-ma=rna-yina        wart     ka-nya    murla-ngkurra</item>
    <item id="o2" line="232" tag="G">             one mob-TOP=1SG.S-3PL.O back       take-PAST here-all</item>
    <item id="o3" line="233" tag="T">             `THE OTHER LOT I brought back here.'</item>
  </tier>
  <tier id="c" type="odin-clean">
    <item id="c1" line="231" tag="L">yirrap-ma=rna-yina        wart     ka-nya    murla-ngkurra</item>
    <item id="c2" line="232" tag="G">one mob-TOP=1SG.S-3PL.O back       take-PAST here-all</item>
    <item id="c3" line="233" tag="T">THE OTHER LOT I brought back here.</item>
  </tier>
  <tier id="p" type="phrases" content="c">
    <item id="p0" content="c1[0:58]"/>
  </tier>
  <tier id="g" type="glosses" content="c">
    <item id="g0" content="c2[0:53]" alignment="p1"/>
  </tier>
  <tier id="t" type="translations" content="c">
    <item id="t0" content="c3[0:34]" alignment="p1"/>
  </tier>
</igt>
<igt id="i90081">
  <metadata type="xigt-meta">
    <meta type="language" name="malngin" iso-639-3="gue" tiers="phrases words morphemes"/>
    <meta type="language" name="English" iso-639-3="eng" tiers="translations"/>
    <meta type="odin-source" doc-id="2629" line-range="260-266" line-types="M+LN M+AC B L+CR L+CR G T"/>
  </metadata>
  <tier id="o" type="odin-raw">
    <item id="o1" line="260" tag="M+LN">  (11) MALNGIN (Ngumpin, Pama-Nyungan; Australia)</item>
    <item id="o2" line="261" tag="M+AC">       (McConvell 1980: 92)</item>
    <item id="o3" line="262" tag="B"></item>
    <item id="o4" line="263" tag="L+CR">                       yan-ku-lu-(a)</item>
    <item id="o5" line="264" tag="L+CR">             kayira</item>
    <item id="o6" line="265" tag="G">             north     go-GUT-3P-(DOUBT)</item>
    <item id="o7" line="266" tag="T">             `They will (possibly) go north.'</item>
  </tier>
  <tier id="c" type="odin-clean">
    <item id="c1" line="260" tag="M+LN">MALNGIN (Ngumpin, Pama-Nyungan; Australia</item>
    <item id="c2" line="261" tag="M+AC">92</item>
    <item id="c3" line="262" tag="B"/>
    <item id="c4" line="263 264" tag="L+CR">kayira    yan-ku-lu-(a)</item>
    <item id="c6" line="265" tag="G">north     go-GUT-3P-(DOUBT)</item>
    <item id="c7" line="266" tag="T">They will (possibly) go north.</item>
  </tier>
  <tier id="p" type="phrases" content="c">
    <item id="p0" content="c4[0:23]"/>
  </tier>
  <tier id="g" type="glosses" content="c">
    <item id="g0" content="c6[0:27]" alignment="p1"/>
  </tier>
  <tier id="t" type="translations" content="c">
    <item id="t0" content="c7[0:30]" alignment="p1"/>
  </tier>
</igt>
<igt id="i90235">
  <metadata type="xigt-meta">
    <meta type="language" name="gurindji" iso-639-3="gue" tiers="phrases words morphemes"/>
    <meta type="language" name="English" iso-639-3="eng" tiers="translations"/>
    <meta type="odin-source" doc-id="2628" line-range="261-264" line-types="L G+CR G+CR T"/>
  </metadata>
  <tier id="o" type="odin-raw">
    <item id="o1" line="261" tag="L">        a.    yirrap-ma         ngu=rna-yina            parik    wanyja     VRD-la</item>
    <item id="o2" line="262" tag="G+CR">              one mob-TOP AUX=1SG.S-3PL.                leave    leave.PAST VRD-LOC</item>
    <item id="o3" line="263" tag="G+CR">                                                   O</item>
    <item id="o4" line="264" tag="T">              `One lot I left at VRD.'</item>
  </tier>
  <tier id="c" type="odin-clean">
    <item id="c1" line="261" tag="L">yirrap-ma         ngu=rna-yina            parik    wanyja     VRD-la</item>
    <item id="c2" line="262 263" tag="G+CR">one mob-TOP AUX=1SG.S-3PL.           O    leave    leave.PAST VRD-LOC</item>
    <item id="c4" line="264" tag="T">One lot I left at VRD.</item>
  </tier>
  <tier id="p" type="phrases" content="c">
    <item id="p0" content="c1[0:68]"/>
  </tier>
  <tier id="g" type="glosses" content="c">
    <item id="g0" content="c2[0:69]" alignment="p1"/>
  </tier>
  <tier id="t" type="translations" content="c">
    <item id="t0" content="c4[0:22]" alignment="p1"/>
  </tier>
</igt>
<igt id="i90236">
  <metadata type="xigt-meta">
    <meta type="language" name="gurindji" iso-639-3="gue" tiers="phrases words morphemes"/>
    <meta type="language" name="English" iso-639-3="eng" tiers="translations"/>
    <meta type="odin-source" doc-id="2628" line-range="266-269" line-types="L G+CR G+CR T"/>
  </metadata>
  <tier id="o" type="odin-raw">
    <item id="o1" line="266" tag="L">        b.    yirrap-ma=rna-yina        wart     ka-nya              murla-ngkurra</item>
    <item id="o2" line="267" tag="G+CR">              one mob-TOP=1SG.S-3PL.O back       take-PAS            here-all</item>
    <item id="o3" line="268" tag="G+CR">                                                                 T</item>
    <item id="o4" line="269" tag="T">              `THE OTHER LOT I brought back here.'</item>
  </tier>
  <tier id="c" type="odin-clean">
    <item id="c1" line="266" tag="L">yirrap-ma=rna-yina        wart     ka-nya              murla-ngkurra</item>
    <item id="c2" line="267 268" tag="G+CR">one mob-TOP=1SG.S-3PL.O back       take-PAS        T   here-all</item>
    <item id="c4" line="269" tag="T">THE OTHER LOT I brought back here.</item>
  </tier>
  <tier id="p" type="phrases" content="c">
    <item id="p0" content="c1[0:68]"/>
  </tier>
  <tier id="g" type="glosses" content="c">
    <item id="g0" content="c2[0:63]" alignment="p1"/>
  </tier>
  <tier id="t" type="translations" content="c">
    <item id="t0" content="c4[0:34]" alignment="p1"/>
  </tier>
</igt>
<igt id="i90238">
  <metadata type="xigt-meta">
    <meta type="language" name="malngin" iso-639-3="gue" tiers="phrases words morphemes"/>
    <meta type="language" name="English" iso-639-3="eng" tiers="translations"/>
    <meta type="odin-source" doc-id="2628" line-range="300-306" line-types="M+LN M+AC B L+CR L+CR G T"/>
  </metadata>
  <tier id="o" type="odin-raw">
    <item id="o1" line="300" tag="M+LN">  (13) MALNGIN (Ngumpin, Pama-Nyungan; Australia)</item>
    <item id="o2" line="301" tag="M+AC">       (McConvell 1980: 92)</item>
    <item id="o3" line="302" tag="B"></item>
    <item id="o4" line="303" tag="L+CR">                         yan-ku-lu-(a)</item>
    <item id="o5" line="304" tag="L+CR">               kayira</item>
    <item id="o6" line="305" tag="G">               north     go-GUT-3P-(DOUBT)</item>
    <item id="o7" line="306" tag="T">               `They will (possibly) go north.'</item>
  </tier>
  <tier id="c" type="odin-clean">
    <item id="c1" line="300" tag="M+LN">MALNGIN (Ngumpin, Pama-Nyungan; Australia</item>
    <item id="c2" line="301" tag="M+AC">92</item>
    <item id="c3" line="302" tag="B"/>
    <item id="c4" line="303 304" tag="L+CR">kayira    yan-ku-lu-(a)</item>
    <item id="c6" line="305" tag="G">north     go-GUT-3P-(DOUBT)</item>
    <item id="c7" line="306" tag="T">They will (possibly) go north.</item>
  </tier>
  <tier id="p" type="phrases" content="c">
    <item id="p0" content="c4[0:23]"/>
  </tier>
  <tier id="g" type="glosses" content="c">
    <item id="g0" content="c6[0:27]" alignment="p1"/>
  </tier>
  <tier id="t" type="translations" content="c">
    <item id="t0" content="c7[0:30]" alignment="p1"/>
  </tier>
</igt>
<igt id="i143928">
  <metadata type="xigt-meta">
    <meta type="language" name="gurindji" iso-639-3="gue" tiers="phrases words morphemes"/>
    <meta type="language" name="English" iso-639-3="eng" tiers="translations"/>
    <meta type="odin-source" doc-id="2357" line-range="202-206" line-types="M+AC+LN B L G T"/>
  </metadata>
  <tier id="o" type="odin-raw">
    <item id="o1" line="202" tag="M+AC+LN">  (12) GURINDJI (McConvell 1996: 318-319)</item>
    <item id="o2" line="203" tag="B"></item>
    <item id="o3" line="204" tag="L">       a.    yirrap-ma         ngu-rna-yina      parik wanyja       VRD-la</item>
    <item id="o4" line="205" tag="G">             one mob-TOP AUX-1SG.S-3PL.O leave leave.PAST VRD-LOC</item>
    <item id="o5" line="206" tag="T">             `One lot I left at VRD.'</item>
  </tier>
  <tier id="c" type="odin-clean">
    <item id="c1" line="202" tag="M+AC+LN">GURINDJI (McConvell 1996: 318-319</item>
    <item id="c2" line="203" tag="B"/>
    <item id="c3" line="204" tag="L">yirrap-ma         ngu-rna-yina      parik wanyja       VRD-la</item>
    <item id="c4" line="205" tag="G">one mob-TOP AUX-1SG.S-3PL.O leave leave.PAST VRD-LOC</item>
    <item id="c5" line="206" tag="T">One lot I left at VRD.</item>
  </tier>
  <tier id="p" type="phrases" content="c">
    <item id="p0" content="c3[0:61]"/>
  </tier>
  <tier id="g" type="glosses" content="c">
    <item id="g0" content="c4[0:52]" alignment="p1"/>
  </tier>
  <tier id="t" type="translations" content="c">
    <item id="t0" content="c5[0:22]" alignment="p1"/>
  </tier>
</igt>
<igt id="i143929">
  <metadata type="xigt-meta">
    <meta type="language" name="gurindji" iso-639-3="gue" tiers="phrases words morphemes"/>
    <meta type="language" name="English" iso-639-3="eng" tiers="translations"/>
    <meta type="odin-source" doc-id="2357" line-range="207-209" line-types="L G T"/>
  </metadata>
  <tier id="o" type="odin-raw">
    <item id="o1" line="207" tag="L">       b.    yirrap-ma-rna-yina             wart ka-nya       murla-ngkurra</item>
    <item id="o2" line="208" tag="G">             one mob-TOP-1SG.S-3PL.O back take-PAST here-ALL</item>
    <item id="o3" line="209" tag="T">             `THE OTHER LOT I brought back here.'</item>
  </tier>
  <tier id="c" type="odin-clean">
    <item id="c1" line="207" tag="L">yirrap-ma-rna-yina             wart ka-nya       murla-ngkurra</item>
    <item id="c2" line="208" tag="G">one mob-TOP-1SG.S-3PL.O back take-PAST here-ALL</item>
    <item id="c3" line="209" tag="T">THE OTHER LOT I brought back here.</item>
  </tier>
  <tier id="p" type="phrases" content="c">
    <item id="p0" content="c1[0:62]"/>
  </tier>
  <tier id="g" type="glosses" content="c">
    <item id="g0" content="c2[0:47]" alignment="p1"/>
  </tier>
  <tier id="t" type="translations" content="c">
    <item id="t0" content="c3[0:34]" alignment="p1"/>
  </tier>
</igt>
</xigt-corpus>
