<?xml version="1.0" encoding="UTF-8"?>
<xigt-corpus>
<igt id="i84687">
  <metadata type="xigt-meta">
    <meta type="language" name="gurindji kriol" iso-639-3="gue:rop" tiers="phrases words morphemes"/>
    <meta type="language" name="English" iso-639-3="eng" tiers="translations"/>
    <meta type="odin-source" doc-id="3621" line-range="134-137" line-types="M+AC L G T"/>
  </metadata>
  <tier id="o" type="odin-raw">
    <item id="o1" line="134" tag="M+AC">       (1)        Gurindji Kriol 2002</item>
    <item id="o2" line="135" tag="L">       (a)        nyawa-ma wan karu bin plei-bat               pak-ta  nyanuny warlaku-yawung-ma .</item>
    <item id="o3" line="136" tag="G">                  this-TOP One         child PST play-CONT park-LOC 3sg.DAT dog-HAVING-TOP</item>
    <item id="o4" line="137" tag="T">                  `This one kid was playing at the park with his dog.'</item>
  </tier>
  <tier id="c" type="odin-clean">
    <item id="c1" line="134" tag="M+AC">Gurindji Kriol 2002</item>
    <item id="c2" line="135" tag="L">nyawa-ma wan karu bin plei-bat               pak-ta  nyanuny warlaku-yawung-ma .</item>
    <item id="c3" line="136" tag="G">this-TOP One         child PST play-CONT park-LOC 3sg.DAT dog-HAVING-TOP</item>
    <item id="c4" line="137" tag="T">This one kid was playing at the park with his dog.</item>
  </tier>
  <tier id="p" type="phrases" content="c">
    <item id="p0" content="c2[0:80]"/>
  </tier>
  <tier id="g" type="glosses" content="c">
    <item id="g0" content="c3[0:72]" alignment="p1"/>
  </tier>
  <tier id="t" type="translations" content="c">
    <item id="t0" content="c4[0:50]" alignment="p1"/>
  </tier>
</igt>
<igt id="i84688">
  <metadata type="xigt-meta">
    <meta type="language" name="gurindji kriol" iso-639-3="gue:rop" tiers="phrases words morphemes"/>
    <meta type="language" name="English" iso-639-3="eng" tiers="translations"/>
    <meta type="odin-source" doc-id="3621" line-range="138-140" line-types="L G T"/>
  </metadata>
  <tier id="o" type="odin-raw">
    <item id="o1" line="138" tag="L">       (b)        tu-bala      bin plei-bat.          I      bin    tok-in                la       im</item>
    <item id="o2" line="139" tag="G">                  two-NUM PST PST play-CONT. 3sg PST talk-PROG                            PREP     3sg</item>
    <item id="o3" line="140" tag="T">                  `The two of them were playing and the kid said to him:'</item>
  </tier>
  <tier id="c" type="odin-clean">
    <item id="c1" line="138" tag="L">tu-bala      bin plei-bat.          I      bin    tok-in                la       im</item>
    <item id="c2" line="139" tag="G">two-NUM PST PST play-CONT. 3sg PST talk-PROG                            PREP     3sg</item>
    <item id="c3" line="140" tag="T">The two of them were playing and the kid said to him:</item>
  </tier>
  <tier id="p" type="phrases" content="c">
    <item id="p0" content="c1[0:83]"/>
  </tier>
  <tier id="g" type="glosses" content="c">
    <item id="g0" content="c2[0:84]" alignment="p1"/>
  </tier>
  <tier id="t" type="translations" content="c">
    <item id="t0" content="c3[0:53]" alignment="p1"/>
  </tier>
</igt>
<igt id="i84689">
  <metadata type="xigt-meta">
    <meta type="language" name="gurindji kriol" iso-639-3="gue:rop" tiers="phrases words morphemes"/>
    <meta type="language" name="English" iso-639-3="eng" tiers="translations"/>
    <meta type="odin-source" doc-id="3621" line-range="141-143" line-types="L G T"/>
  </metadata>
  <tier id="o" type="odin-raw">
    <item id="o1" line="141" tag="L">       (c)        ``kamon       warlaku partaj ngayiny       leg-ta .. ..</item>
    <item id="o2" line="142" tag="G">                  come.on dog go.up 1sg.DAT                  leg-LOC</item>
    <item id="o3" line="143" tag="T">                  `Come on dog jump up on my leg ....'</item>
  </tier>
  <tier id="c" type="odin-clean">
    <item id="c1" line="141" tag="L">``kamon       warlaku partaj ngayiny       leg-ta .. ..</item>
    <item id="c2" line="142" tag="G">come.on dog go.up 1sg.DAT                  leg-LOC</item>
    <item id="c3" line="143" tag="T">Come on dog jump up on my leg ....</item>
  </tier>
  <tier id="p" type="phrases" content="c">
    <item id="p0" content="c1[0:55]"/>
  </tier>
  <tier id="g" type="glosses" content="c">
    <item id="g0" content="c2[0:50]" alignment="p1"/>
  </tier>
  <tier id="t" type="translations" content="c">
    <item id="t0" content="c3[0:34]" alignment="p1"/>
  </tier>
</igt>
<igt id="i84690">
  <metadata type="xigt-meta">
    <meta type="language" name="gurindji kriol" iso-639-3="gue:rop" tiers="phrases words morphemes"/>
    <meta type="language" name="English" iso-639-3="eng" tiers="translations"/>
    <meta type="odin-source" doc-id="3621" line-range="144-146" line-types="L G T"/>
  </metadata>
  <tier id="o" type="odin-raw">
    <item id="o1" line="144" tag="L">       (d)        Ngali    plei-bat      nyawa-ngka .</item>
    <item id="o2" line="145" tag="G">                  1sg.inc play-CONT this-LOC</item>
    <item id="o3" line="146" tag="T">                  `You and me can play here''.'</item>
  </tier>
  <tier id="c" type="odin-clean">
    <item id="c1" line="144" tag="L">Ngali    plei-bat      nyawa-ngka .</item>
    <item id="c2" line="145" tag="G">1sg.inc play-CONT this-LOC</item>
    <item id="c3" line="146" tag="T">You and me can play here''.</item>
  </tier>
  <tier id="p" type="phrases" content="c">
    <item id="p0" content="c1[0:35]"/>
  </tier>
  <tier id="g" type="glosses" content="c">
    <item id="g0" content="c2[0:26]" alignment="p1"/>
  </tier>
  <tier id="t" type="translations" content="c">
    <item id="t0" content="c3[0:27]" alignment="p1"/>
  </tier>
</igt>
<igt id="i84691">
  <metadata type="xigt-meta">
    <meta type="language" name="gurindji kriol" iso-639-3="gue:rop" tiers="phrases words morphemes"/>
    <meta type="language" name="English" iso-639-3="eng" tiers="translations"/>
    <meta type="odin-source" doc-id="3621" line-range="517-519" line-types="L G T"/>
  </metadata>
  <tier id="o" type="odin-raw">
    <item id="o1" line="517" tag="L">       (2)   G:       ail teik-im botum an go bek           ngalking-ku        kungulu-yawung</item>
    <item id="o2" line="518" tag="G">                      I'll take-TRN bottom and go back greedy-DAT              blood-HAVING</item>
    <item id="o3" line="519" tag="T">                      `I'll take the bottom and go back. Bloody meat is for greedy people.'</item>
  </tier>
  <tier id="c" type="odin-clean">
    <item id="c1" line="517" tag="L">ail teik-im botum an go bek           ngalking-ku        kungulu-yawung</item>
    <item id="c2" line="518" tag="G">I'll take-TRN bottom and go back greedy-DAT              blood-HAVING</item>
    <item id="c3" line="519" tag="T">I'll take the bottom and go back. Bloody meat is for greedy people.</item>
  </tier>
  <tier id="p" type="phrases" content="c">
    <item id="p0" content="c1[0:71]"/>
  </tier>
  <tier id="g" type="glosses" content="c">
    <item id="g0" content="c2[0:69]" alignment="p1"/>
  </tier>
  <tier id="t" type="translations" content="c">
    <item id="t0" content="c3[0:67]" alignment="p1"/>
  </tier>
</igt>
<igt id="i84692">
  <metadata type="xigt-meta">
    <meta type="language" name="gurindji kriol" iso-639-3="gue:rop" tiers="phrases words morphemes"/>
    <meta type="language" name="English" iso-639-3="eng" tiers="translations"/>
    <meta type="odin-source" doc-id="3621" line-range="520-522" line-types="L G T"/>
  </metadata>
  <tier id="o" type="odin-raw">
    <item id="o1" line="520" tag="L">             J:       ail av-im kungulu-yawung ;           nyuntu marntaj</item>
    <item id="o2" line="521" tag="G">                      I'll have-TRN blood-HAVING 2sg alright</item>
    <item id="o3" line="522" tag="T">                      `I'll have the bloody meat. You are OK (to go) [joking].'</item>
  </tier>
  <tier id="c" type="odin-clean">
    <item id="c1" line="520" tag="L">ail av-im kungulu-yawung ;           nyuntu marntaj</item>
    <item id="c2" line="521" tag="G">I'll have-TRN blood-HAVING 2sg alright</item>
    <item id="c3" line="522" tag="T">I'll have the bloody meat. You are OK (to go) [joking].</item>
  </tier>
  <tier id="p" type="phrases" content="c">
    <item id="p0" content="c1[0:51]"/>
  </tier>
  <tier id="g" type="glosses" content="c">
    <item id="g0" content="c2[0:38]" alignment="p1"/>
  </tier>
  <tier id="t" type="translations" content="c">
    <item id="t0" content="c3[0:55]" alignment="p1"/>
  </tier>
</igt>
<igt id="i84693">
  <metadata type="xigt-meta">
    <meta type="language" name="gurindji kriol" iso-639-3="gue:rop" tiers="phrases words morphemes"/>
    <meta type="language" name="English" iso-639-3="eng" tiers="translations"/>
    <meta type="odin-source" doc-id="3621" line-range="588-590" line-types="L G T"/>
  </metadata>
  <tier id="o" type="odin-raw">
    <item id="o1" line="588" tag="L">       (3)     karla-rni-yin      tu skin-im      parntara-rni</item>
    <item id="o2" line="589" tag="G">               west-UP-FROM too skin-TRN whole-ONLY</item>
    <item id="o3" line="590" tag="T">               `Skin the whole lot from the upper west too.'</item>
  </tier>
  <tier id="c" type="odin-clean">
    <item id="c1" line="588" tag="L">karla-rni-yin      tu skin-im      parntara-rni</item>
    <item id="c2" line="589" tag="G">west-UP-FROM too skin-TRN whole-ONLY</item>
    <item id="c3" line="590" tag="T">Skin the whole lot from the upper west too.</item>
  </tier>
  <tier id="p" type="phrases" content="c">
    <item id="p0" content="c1[0:47]"/>
  </tier>
  <tier id="g" type="glosses" content="c">
    <item id="g0" content="c2[0:36]" alignment="p1"/>
  </tier>
  <tier id="t" type="translations" content="c">
    <item id="t0" content="c3[0:43]" alignment="p1"/>
  </tier>
</igt>
<igt id="i84694">
  <metadata type="xigt-meta">
    <meta type="language" name="gurindji kriol" iso-639-3="gue:rop" tiers="phrases words morphemes"/>
    <meta type="language" name="English" iso-639-3="eng" tiers="translations"/>
    <meta type="odin-source" doc-id="3621" line-range="605-607" line-types="L G T"/>
  </metadata>
  <tier id="o" type="odin-raw">
    <item id="o1" line="605" tag="L">       (4)   Warlawurru-lu im bin stat laik that ngumpit-ku na</item>
    <item id="o2" line="606" tag="G">             Eagle-ERG         he started like that  person-DAT FOC</item>
    <item id="o3" line="607" tag="T">             `It was Eagle who introduced those practices to the Aborigines.'</item>
  </tier>
  <tier id="c" type="odin-clean">
    <item id="c1" line="605" tag="L">Warlawurru-lu im bin stat laik that ngumpit-ku na</item>
    <item id="c2" line="606" tag="G">Eagle-ERG         he started like that  person-DAT FOC</item>
    <item id="c3" line="607" tag="T">It was Eagle who introduced those practices to the Aborigines.</item>
  </tier>
  <tier id="p" type="phrases" content="c">
    <item id="p0" content="c1[0:49]"/>
  </tier>
  <tier id="g" type="glosses" content="c">
    <item id="g0" content="c2[0:54]" alignment="p1"/>
  </tier>
  <tier id="t" type="translations" content="c">
    <item id="t0" content="c3[0:62]" alignment="p1"/>
  </tier>
</igt>
<igt id="i84695">
  <metadata type="xigt-meta">
    <meta type="language" name="gurindji kriol" iso-639-3="gue:rop" tiers="phrases words morphemes"/>
    <meta type="language" name="English" iso-639-3="eng" tiers="translations"/>
    <meta type="odin-source" doc-id="3621" line-range="632-635" line-types="L+CR L+CR G T"/>
  </metadata>
  <tier id="o" type="odin-raw">
    <item id="o1" line="632" tag="L+CR">                                parra 0/yi</item>
    <item id="o2" line="633" tag="L+CR">       (5)   Niyan kat-im                       ngapu</item>
    <item id="o3" line="634" tag="G">             Flesh   cut-TRN hit-1sgObj         father</item>
    <item id="o4" line="635" tag="T">             `Cut meat for me Dad.'</item>
  </tier>
  <tier id="c" type="odin-clean">
    <item id="c1" line="632 633" tag="L+CR">Niyan kat-im       parra 0/yi      ngapu</item>
    <item id="c3" line="634" tag="G">Flesh   cut-TRN hit-1sgObj         father</item>
    <item id="c4" line="635" tag="T">Cut meat for me Dad.</item>
  </tier>
  <tier id="p" type="phrases" content="c">
    <item id="p0" content="c1[0:40]"/>
  </tier>
  <tier id="g" type="glosses" content="c">
    <item id="g0" content="c3[0:41]" alignment="p1"/>
  </tier>
  <tier id="t" type="translations" content="c">
    <item id="t0" content="c4[0:20]" alignment="p1"/>
  </tier>
</igt>
<igt id="i84696">
  <metadata type="xigt-meta">
    <meta type="language" name="gurindji kriol" iso-639-3="gue:rop" tiers="phrases words morphemes"/>
    <meta type="language" name="English" iso-639-3="eng" tiers="translations"/>
    <meta type="odin-source" doc-id="3621" line-range="649-651" line-types="L G T"/>
  </metadata>
  <tier id="o" type="odin-raw">
    <item id="o1" line="649" tag="L">       (6)   Kaa-rni-mpal        said orait yu tufela     kat-im     ngaji-rlang-kulu</item>
    <item id="o2" line="650" tag="G">             east-UP-ACROSS side alright you two cut-TRN             father-DYAD-ERG</item>
    <item id="o3" line="651" tag="T">             `You two father &amp; son cut it across the east.'</item>
  </tier>
  <tier id="c" type="odin-clean">
    <item id="c1" line="649" tag="L">Kaa-rni-mpal        said orait yu tufela     kat-im     ngaji-rlang-kulu</item>
    <item id="c2" line="650" tag="G">east-UP-ACROSS side alright you two cut-TRN             father-DYAD-ERG</item>
    <item id="c3" line="651" tag="T">You two father &amp; son cut it across the east.</item>
  </tier>
  <tier id="p" type="phrases" content="c">
    <item id="p0" content="c1[0:72]"/>
  </tier>
  <tier id="g" type="glosses" content="c">
    <item id="g0" content="c2[0:71]" alignment="p1"/>
  </tier>
  <tier id="t" type="translations" content="c">
    <item id="t0" content="c3[0:44]" alignment="p1"/>
  </tier>
</igt>
<igt id="i84697">
  <metadata type="xigt-meta">
    <meta type="language" name="gurindji kriol" iso-639-3="gue:rop" tiers="phrases words morphemes"/>
    <meta type="language" name="English" iso-639-3="eng" tiers="translations"/>
    <meta type="odin-source" doc-id="3621" line-range="661-663" line-types="L G T"/>
  </metadata>
  <tier id="o" type="odin-raw">
    <item id="o1" line="661" tag="L">       (7)   wi go        karrawarra pinka-kurra intit?</item>
    <item id="o2" line="662" tag="G">             we go east creek Á/ALL TAG</item>
    <item id="o3" line="663" tag="T">             `We're going east to the creek, aren't we?'</item>
  </tier>
  <tier id="c" type="odin-clean">
    <item id="c1" line="661" tag="L">wi go        karrawarra pinka-kurra intit?</item>
    <item id="c2" line="662" tag="G">we go east creek Á/ALL TAG</item>
    <item id="c3" line="663" tag="T">We're going east to the creek, aren't we?</item>
  </tier>
  <tier id="p" type="phrases" content="c">
    <item id="p0" content="c1[0:42]"/>
  </tier>
  <tier id="g" type="glosses" content="c">
    <item id="g0" content="c2[0:26]" alignment="p1"/>
  </tier>
  <tier id="t" type="translations" content="c">
    <item id="t0" content="c3[0:41]" alignment="p1"/>
  </tier>
</igt>
<igt id="i84698">
  <metadata type="xigt-meta">
    <meta type="language" name="gurindji kriol" iso-639-3="gue:rop" tiers="phrases words morphemes"/>
    <meta type="language" name="English" iso-639-3="eng" tiers="translations"/>
    <meta type="odin-source" doc-id="3621" line-range="674-676" line-types="L G T"/>
  </metadata>
  <tier id="o" type="odin-raw">
    <item id="o1" line="674" tag="L">      (8)   putum        langa kurririj</item>
    <item id="o2" line="675" tag="G">            put.TRN PREP car</item>
    <item id="o3" line="676" tag="T">            `Put it in the car.'</item>
  </tier>
  <tier id="c" type="odin-clean">
    <item id="c1" line="674" tag="L">putum        langa kurririj</item>
    <item id="c2" line="675" tag="G">put.TRN PREP car</item>
    <item id="c3" line="676" tag="T">Put it in the car.</item>
  </tier>
  <tier id="p" type="phrases" content="c">
    <item id="p0" content="c1[0:27]"/>
  </tier>
  <tier id="g" type="glosses" content="c">
    <item id="g0" content="c2[0:16]" alignment="p1"/>
  </tier>
  <tier id="t" type="translations" content="c">
    <item id="t0" content="c3[0:18]" alignment="p1"/>
  </tier>
</igt>
<igt id="i84699">
  <metadata type="xigt-meta">
    <meta type="language" name="gurindji kriol" iso-639-3="gue:rop" tiers="phrases words morphemes"/>
    <meta type="language" name="English" iso-639-3="eng" tiers="translations"/>
    <meta type="odin-source" doc-id="3621" line-range="714-716" line-types="M+LN L G"/>
  </metadata>
  <tier id="o" type="odin-raw">
    <item id="o1" line="714" tag="M+LN">      (9)   (a)   Gurindji Children's Language (GCL)</item>
    <item id="o2" line="715" tag="L">                  ngayu Á/ngku                         bin         kej-im           karnti</item>
    <item id="o3" line="716" tag="G">                  1sg-ERG                              PST         get-TRN          stick</item>
  </tier>
  <tier id="c" type="odin-clean">
    <item id="c1" line="714" tag="M+LN">(a)   Gurindji Children's Language (GCL</item>
    <item id="c2" line="715" tag="L">ngayu Á/ngku                         bin         kej-im           karnti</item>
    <item id="c3" line="716" tag="G">1sg-ERG                              PST         get-TRN          stick</item>
  </tier>
  <tier id="p" type="phrases" content="c">
    <item id="p0" content="c2[0:72]"/>
  </tier>
  <tier id="g" type="glosses" content="c">
    <item id="g0" content="c3[0:71]" alignment="p1"/>
  </tier>
</igt>
<igt id="i84700">
  <metadata type="xigt-meta">
    <meta type="language" name="gurindji kriol" iso-639-3="gue:rop" tiers="phrases words morphemes"/>
    <meta type="language" name="English" iso-639-3="eng" tiers="translations"/>
    <meta type="odin-source" doc-id="3621" line-range="718-720" line-types="M L G"/>
  </metadata>
  <tier id="o" type="odin-raw">
    <item id="o1" line="718" tag="M">            (b)   Alternative GCL</item>
    <item id="o2" line="719" tag="L">                  ai bin                               kej-im      karnti</item>
    <item id="o3" line="720" tag="G">                  1sg PST                              get TRN     stick</item>
  </tier>
  <tier id="c" type="odin-clean">
    <item id="c1" line="718" tag="M">Alternative GCL</item>
    <item id="c2" line="719" tag="L">ai bin                               kej-im      karnti</item>
    <item id="c3" line="720" tag="G">1sg PST                              get TRN     stick</item>
  </tier>
  <tier id="p" type="phrases" content="c">
    <item id="p0" content="c2[0:55]"/>
  </tier>
  <tier id="g" type="glosses" content="c">
    <item id="g0" content="c3[0:54]" alignment="p1"/>
  </tier>
</igt>
<igt id="i84702">
  <metadata type="xigt-meta">
    <meta type="language" name="gurindji kriol" iso-639-3="gue:rop" tiers="phrases words morphemes"/>
    <meta type="language" name="English" iso-639-3="eng" tiers="translations"/>
    <meta type="odin-source" doc-id="3621" line-range="740-742" line-types="M+LN L G"/>
  </metadata>
  <tier id="o" type="odin-raw">
    <item id="o1" line="740" tag="M+LN">           (10)    (a)    Gurindji Children's Language</item>
    <item id="o2" line="741" tag="L">                          Nangala                            bin       kutij</item>
    <item id="o3" line="742" tag="G">                          [subsection]                       PST       stand</item>
  </tier>
  <tier id="c" type="odin-clean">
    <item id="c1" line="740" tag="M+LN">(a)    Gurindji Children's Language</item>
    <item id="c2" line="741" tag="L">Nangala                            bin       kutij</item>
    <item id="c3" line="742" tag="G">[subsection]                       PST       stand</item>
  </tier>
  <tier id="p" type="phrases" content="c">
    <item id="p0" content="c2[0:50]"/>
  </tier>
  <tier id="g" type="glosses" content="c">
    <item id="g0" content="c3[0:50]" alignment="p1"/>
  </tier>
</igt>
<igt id="i84704">
  <metadata type="xigt-meta">
    <meta type="language" name="gurindji kriol" iso-639-3="gue:rop" tiers="phrases words morphemes"/>
    <meta type="language" name="English" iso-639-3="eng" tiers="translations"/>
    <meta type="odin-source" doc-id="3621" line-range="792-794" line-types="M+LN L G"/>
  </metadata>
  <tier id="o" type="odin-raw">
    <item id="o1" line="792" tag="M+LN">       (11)       (a)       Gurindji Children's Language</item>
    <item id="o2" line="793" tag="L">                            Nangala-ngku                   put-im        ngawa-ngka</item>
    <item id="o3" line="794" tag="G">                            [subsect]-ERG                  put-TRN       water-LOC</item>
  </tier>
  <tier id="c" type="odin-clean">
    <item id="c1" line="792" tag="M+LN">(a)       Gurindji Children's Language</item>
    <item id="c2" line="793" tag="L">Nangala-ngku                   put-im        ngawa-ngka</item>
    <item id="c3" line="794" tag="G">[subsect]-ERG                  put-TRN       water-LOC</item>
  </tier>
  <tier id="p" type="phrases" content="c">
    <item id="p0" content="c2[0:55]"/>
  </tier>
  <tier id="g" type="glosses" content="c">
    <item id="g0" content="c3[0:54]" alignment="p1"/>
  </tier>
</igt>
<igt id="i84708">
  <metadata type="xigt-meta">
    <meta type="language" name="gurindji kriol" iso-639-3="gue:rop" tiers="phrases words morphemes"/>
    <meta type="language" name="English" iso-639-3="eng" tiers="translations"/>
    <meta type="odin-source" doc-id="3621" line-range="871-874" line-types="M+LN L G T"/>
  </metadata>
  <tier id="o" type="odin-raw">
    <item id="o1" line="871" tag="M+LN">       (14)   (a)   Gurindji Kriol</item>
    <item id="o2" line="872" tag="L">                    jei         bin     gun     rarraj</item>
    <item id="o3" line="873" tag="G">                    3pl         PST     go      run</item>
    <item id="o4" line="874" tag="T">                    `They went running/They ran.'</item>
  </tier>
  <tier id="c" type="odin-clean">
    <item id="c1" line="871" tag="M+LN">(a)   Gurindji Kriol</item>
    <item id="c2" line="872" tag="L">jei         bin     gun     rarraj</item>
    <item id="c3" line="873" tag="G">3pl         PST     go      run</item>
    <item id="c4" line="874" tag="T">They went running/They ran.</item>
  </tier>
  <tier id="p" type="phrases" content="c">
    <item id="p0" content="c2[0:34]"/>
  </tier>
  <tier id="g" type="glosses" content="c">
    <item id="g0" content="c3[0:31]" alignment="p1"/>
  </tier>
  <tier id="t" type="translations" content="c">
    <item id="t0" content="c4[0:27]" alignment="p1"/>
  </tier>
</igt>
<igt id="i84710">
  <metadata type="xigt-meta">
    <meta type="language" name="gurindji kriol" iso-639-3="gue:rop" tiers="phrases words morphemes"/>
    <meta type="language" name="English" iso-639-3="eng" tiers="translations"/>
    <meta type="odin-source" doc-id="3621" line-range="883-885" line-types="L G T"/>
  </metadata>
  <tier id="o" type="odin-raw">
    <item id="o1" line="883" tag="L">       (15)   jei    bin       rarraj</item>
    <item id="o2" line="884" tag="G">              3pls PST         run</item>
    <item id="o3" line="885" tag="T">              They ran.</item>
  </tier>
  <tier id="c" type="odin-clean">
    <item id="c1" line="883" tag="L">jei    bin       rarraj</item>
    <item id="c2" line="884" tag="G">3pls PST         run</item>
    <item id="c3" line="885" tag="T">They ran.</item>
  </tier>
  <tier id="p" type="phrases" content="c">
    <item id="p0" content="c1[0:23]"/>
  </tier>
  <tier id="g" type="glosses" content="c">
    <item id="g0" content="c2[0:20]" alignment="p1"/>
  </tier>
  <tier id="t" type="translations" content="c">
    <item id="t0" content="c3[0:9]" alignment="p1"/>
  </tier>
</igt>
<igt id="i84711">
  <metadata type="xigt-meta">
    <meta type="language" name="gurindji kriol" iso-639-3="gue:rop" tiers="phrases words morphemes"/>
    <meta type="language" name="English" iso-639-3="eng" tiers="translations"/>
    <meta type="odin-source" doc-id="3621" line-range="887-889" line-types="L G T"/>
  </metadata>
  <tier id="o" type="odin-raw">
    <item id="o1" line="887" tag="L">       (16)   najawan-tu          im-in        jawurra     karu</item>
    <item id="o2" line="888" tag="G">              another.one-ERG 3SG-PST          steal       kid</item>
    <item id="o3" line="889" tag="T">              Another one, he stole a child.</item>
  </tier>
  <tier id="c" type="odin-clean">
    <item id="c1" line="887" tag="L">najawan-tu          im-in        jawurra     karu</item>
    <item id="c2" line="888" tag="G">another.one-ERG 3SG-PST          steal       kid</item>
    <item id="c3" line="889" tag="T">Another one, he stole a child.</item>
  </tier>
  <tier id="p" type="phrases" content="c">
    <item id="p0" content="c1[0:49]"/>
  </tier>
  <tier id="g" type="glosses" content="c">
    <item id="g0" content="c2[0:48]" alignment="p1"/>
  </tier>
  <tier id="t" type="translations" content="c">
    <item id="t0" content="c3[0:30]" alignment="p1"/>
  </tier>
</igt>
<igt id="i84715">
  <metadata type="xigt-meta">
    <meta type="language" name="gurindji kriol" iso-639-3="gue:rop" tiers="phrases words morphemes"/>
    <meta type="language" name="English" iso-639-3="eng" tiers="translations"/>
    <meta type="odin-source" doc-id="3621" line-range="990-992" line-types="L G T"/>
  </metadata>
  <tier id="o" type="odin-raw">
    <item id="o1" line="990" tag="L">       (20)   paka-ngku      turrp im fut-ta</item>
    <item id="o2" line="991" tag="G">              prickle-ERG poke 3sg foot-LOC</item>
    <item id="o3" line="992" tag="T">              `He is standing on a prickle.'</item>
  </tier>
  <tier id="c" type="odin-clean">
    <item id="c1" line="990" tag="L">paka-ngku      turrp im fut-ta</item>
    <item id="c2" line="991" tag="G">prickle-ERG poke 3sg foot-LOC</item>
    <item id="c3" line="992" tag="T">He is standing on a prickle.</item>
  </tier>
  <tier id="p" type="phrases" content="c">
    <item id="p0" content="c1[0:30]"/>
  </tier>
  <tier id="g" type="glosses" content="c">
    <item id="g0" content="c2[0:29]" alignment="p1"/>
  </tier>
  <tier id="t" type="translations" content="c">
    <item id="t0" content="c3[0:28]" alignment="p1"/>
  </tier>
</igt>
<igt id="i84716">
  <metadata type="xigt-meta">
    <meta type="language" name="gurindji kriol" iso-639-3="gue:rop" tiers="phrases words morphemes"/>
    <meta type="language" name="English" iso-639-3="eng" tiers="translations"/>
    <meta type="odin-source" doc-id="3621" line-range="998-1000" line-types="L G T"/>
  </metadata>
  <tier id="o" type="odin-raw">
    <item id="o1" line="998" tag="L">       (21)   ma yu      purrum        kuya ngayu-ngku      purrum    kuya</item>
    <item id="o2" line="999" tag="G">              DIS 2sg put.TRN thus               1sg-ERG    put.TRN   thus</item>
    <item id="o3" line="1000" tag="T">              `You put it like this, I put it like this.'</item>
  </tier>
  <tier id="c" type="odin-clean">
    <item id="c1" line="998" tag="L">ma yu      purrum        kuya ngayu-ngku      purrum    kuya</item>
    <item id="c2" line="999" tag="G">DIS 2sg put.TRN thus               1sg-ERG    put.TRN   thus</item>
    <item id="c3" line="1000" tag="T">You put it like this, I put it like this.</item>
  </tier>
  <tier id="p" type="phrases" content="c">
    <item id="p0" content="c1[0:60]"/>
  </tier>
  <tier id="g" type="glosses" content="c">
    <item id="g0" content="c2[0:60]" alignment="p1"/>
  </tier>
  <tier id="t" type="translations" content="c">
    <item id="t0" content="c3[0:41]" alignment="p1"/>
  </tier>
</igt>
<igt id="i84717">
  <metadata type="xigt-meta">
    <meta type="language" name="gurindji kriol" iso-639-3="gue:rop" tiers="phrases words morphemes"/>
    <meta type="language" name="English" iso-639-3="eng" tiers="translations"/>
    <meta type="odin-source" doc-id="3621" line-range="1020-1022" line-types="L G T"/>
  </metadata>
  <tier id="o" type="odin-raw">
    <item id="o1" line="1020" tag="L">       (22)   det     kaya-ngku i        garra kil-im         yu.</item>
    <item id="o2" line="1021" tag="G">              DEM devil-ERG 3sg FUT               hit-TRN 2sg</item>
    <item id="o3" line="1022" tag="T">              `The devil (kangaroo puppet), he's going to hit you.'</item>
  </tier>
  <tier id="c" type="odin-clean">
    <item id="c1" line="1020" tag="L">det     kaya-ngku i        garra kil-im         yu.</item>
    <item id="c2" line="1021" tag="G">DEM devil-ERG 3sg FUT               hit-TRN 2sg</item>
    <item id="c3" line="1022" tag="T">The devil (kangaroo puppet), he's going to hit you.</item>
  </tier>
  <tier id="p" type="phrases" content="c">
    <item id="p0" content="c1[0:51]"/>
  </tier>
  <tier id="g" type="glosses" content="c">
    <item id="g0" content="c2[0:47]" alignment="p1"/>
  </tier>
  <tier id="t" type="translations" content="c">
    <item id="t0" content="c3[0:51]" alignment="p1"/>
  </tier>
</igt>
<igt id="i84718">
  <metadata type="xigt-meta">
    <meta type="language" name="gurindji kriol" iso-639-3="gue:rop" tiers="phrases words morphemes"/>
    <meta type="language" name="English" iso-639-3="eng" tiers="translations"/>
    <meta type="odin-source" doc-id="3621" line-range="1025-1027" line-types="L G T"/>
  </metadata>
  <tier id="o" type="odin-raw">
    <item id="o1" line="1025" tag="L">       (23)   i     garra karturl yu          nyawa-ngku</item>
    <item id="o2" line="1026" tag="G">              3sg FUT        bite       2sg   DEM-ERG</item>
    <item id="o3" line="1027" tag="T">              `He will bite you, this one'</item>
  </tier>
  <tier id="c" type="odin-clean">
    <item id="c1" line="1025" tag="L">i     garra karturl yu          nyawa-ngku</item>
    <item id="c2" line="1026" tag="G">3sg FUT        bite       2sg   DEM-ERG</item>
    <item id="c3" line="1027" tag="T">He will bite you, this one</item>
  </tier>
  <tier id="p" type="phrases" content="c">
    <item id="p0" content="c1[0:42]"/>
  </tier>
  <tier id="g" type="glosses" content="c">
    <item id="g0" content="c2[0:39]" alignment="p1"/>
  </tier>
  <tier id="t" type="translations" content="c">
    <item id="t0" content="c3[0:26]" alignment="p1"/>
  </tier>
</igt>
<igt id="i84719">
  <metadata type="xigt-meta">
    <meta type="language" name="gurindji kriol" iso-639-3="gue:rop" tiers="phrases words morphemes"/>
    <meta type="language" name="English" iso-639-3="eng" tiers="translations"/>
    <meta type="odin-source" doc-id="3621" line-range="1039-1041" line-types="L G T"/>
  </metadata>
  <tier id="o" type="odin-raw">
    <item id="o1" line="1039" tag="L">      (24)   ma! Ma yu garra toktok             na yu garra toktok nyuntu-ngku toktok.</item>
    <item id="o2" line="1040" tag="G">             DIS DIS 2sg FUT talk.REDUP DIS 2sg FUT talk           2sg-ERG     talk.REDUP</item>
    <item id="o3" line="1041" tag="T">             `You have to talk! You have to talk! You now, talk!'</item>
  </tier>
  <tier id="c" type="odin-clean">
    <item id="c1" line="1039" tag="L">ma! Ma yu garra toktok             na yu garra toktok nyuntu-ngku toktok.</item>
    <item id="c2" line="1040" tag="G">DIS DIS 2sg FUT talk.REDUP DIS 2sg FUT talk           2sg-ERG     talk.REDUP</item>
    <item id="c3" line="1041" tag="T">You have to talk! You have to talk! You now, talk!</item>
  </tier>
  <tier id="p" type="phrases" content="c">
    <item id="p0" content="c1[0:73]"/>
  </tier>
  <tier id="g" type="glosses" content="c">
    <item id="g0" content="c2[0:76]" alignment="p1"/>
  </tier>
  <tier id="t" type="translations" content="c">
    <item id="t0" content="c3[0:50]" alignment="p1"/>
  </tier>
</igt>
<igt id="i84720">
  <metadata type="xigt-meta">
    <meta type="language" name="gurindji kriol" iso-639-3="gue:rop" tiers="phrases words morphemes"/>
    <meta type="language" name="English" iso-639-3="eng" tiers="translations"/>
    <meta type="odin-source" doc-id="3621" line-range="1043-1045" line-types="L G T"/>
  </metadata>
  <tier id="o" type="odin-raw">
    <item id="o1" line="1043" tag="L">      (25)   jat     Jangala-ngku       buldan.</item>
    <item id="o2" line="1044" tag="G">             DEM [subsect]-ERG fall.down</item>
    <item id="o3" line="1045" tag="T">             `That Jangala falls down.'</item>
  </tier>
  <tier id="c" type="odin-clean">
    <item id="c1" line="1043" tag="L">jat     Jangala-ngku       buldan.</item>
    <item id="c2" line="1044" tag="G">DEM [subsect]-ERG fall.down</item>
    <item id="c3" line="1045" tag="T">That Jangala falls down.</item>
  </tier>
  <tier id="p" type="phrases" content="c">
    <item id="p0" content="c1[0:34]"/>
  </tier>
  <tier id="g" type="glosses" content="c">
    <item id="g0" content="c2[0:27]" alignment="p1"/>
  </tier>
  <tier id="t" type="translations" content="c">
    <item id="t0" content="c3[0:24]" alignment="p1"/>
  </tier>
</igt>
<igt id="i84721">
  <metadata type="xigt-meta">
    <meta type="language" name="gurindji kriol" iso-639-3="gue:rop" tiers="phrases words morphemes"/>
    <meta type="language" name="English" iso-639-3="eng" tiers="translations"/>
    <meta type="odin-source" doc-id="3621" line-range="1061-1063" line-types="L G T"/>
  </metadata>
  <tier id="o" type="odin-raw">
    <item id="o1" line="1061" tag="L">      (26)   wanbala      bin    jak      nyanuny shanghai       janyja-ngka</item>
    <item id="o2" line="1062" tag="G">             one-NMZR PST throw 3sg-DAT shanghai                 ground-LOC</item>
    <item id="o3" line="1063" tag="T">             `One of them chucked his shanghai on the ground.'</item>
  </tier>
  <tier id="c" type="odin-clean">
    <item id="c1" line="1061" tag="L">wanbala      bin    jak      nyanuny shanghai       janyja-ngka</item>
    <item id="c2" line="1062" tag="G">one-NMZR PST throw 3sg-DAT shanghai                 ground-LOC</item>
    <item id="c3" line="1063" tag="T">One of them chucked his shanghai on the ground.</item>
  </tier>
  <tier id="p" type="phrases" content="c">
    <item id="p0" content="c1[0:63]"/>
  </tier>
  <tier id="g" type="glosses" content="c">
    <item id="g0" content="c2[0:62]" alignment="p1"/>
  </tier>
  <tier id="t" type="translations" content="c">
    <item id="t0" content="c3[0:47]" alignment="p1"/>
  </tier>
</igt>
<igt id="i84723">
  <metadata type="xigt-meta">
    <meta type="language" name="gurindji kriol" iso-639-3="gue:rop" tiers="phrases words morphemes"/>
    <meta type="language" name="English" iso-639-3="eng" tiers="translations"/>
    <meta type="odin-source" doc-id="3621" line-range="1073-1075" line-types="L G T"/>
  </metadata>
  <tier id="o" type="odin-raw">
    <item id="o1" line="1073" tag="L">      (28)   dey-rra     gu    karnti-yirri</item>
    <item id="o2" line="1074" tag="G">             3pl-FUT Go tree-ALL</item>
    <item id="o3" line="1075" tag="T">             `They will go to the tree.'</item>
  </tier>
  <tier id="c" type="odin-clean">
    <item id="c1" line="1073" tag="L">dey-rra     gu    karnti-yirri</item>
    <item id="c2" line="1074" tag="G">3pl-FUT Go tree-ALL</item>
    <item id="c3" line="1075" tag="T">They will go to the tree.</item>
  </tier>
  <tier id="p" type="phrases" content="c">
    <item id="p0" content="c1[0:30]"/>
  </tier>
  <tier id="g" type="glosses" content="c">
    <item id="g0" content="c2[0:19]" alignment="p1"/>
  </tier>
  <tier id="t" type="translations" content="c">
    <item id="t0" content="c3[0:25]" alignment="p1"/>
  </tier>
</igt>
<igt id="i84724">
  <metadata type="xigt-meta">
    <meta type="language" name="gurindji kriol" iso-639-3="gue:rop" tiers="phrases words morphemes"/>
    <meta type="language" name="English" iso-639-3="eng" tiers="translations"/>
    <meta type="odin-source" doc-id="3621" line-range="1086-1088" line-types="L G T"/>
  </metadata>
  <tier id="o" type="odin-raw">
    <item id="o1" line="1086" tag="L">       (29)   (a)   det     warlaku        bin   gu,      ngalyak im    langa   wartan-ta</item>
    <item id="o2" line="1087" tag="G">                    DEM dog                PST go         lick    3sg   PREP    hand-LOC</item>
    <item id="o3" line="1088" tag="T">                    `The dog went and licked him on the hand.'</item>
  </tier>
  <tier id="c" type="odin-clean">
    <item id="c1" line="1086" tag="L">(a)   det     warlaku        bin   gu,      ngalyak im    langa   wartan-ta</item>
    <item id="c2" line="1087" tag="G">DEM dog                PST go         lick    3sg   PREP    hand-LOC</item>
    <item id="c3" line="1088" tag="T">The dog went and licked him on the hand.</item>
  </tier>
  <tier id="p" type="phrases" content="c">
    <item id="p0" content="c1[0:75]"/>
  </tier>
  <tier id="g" type="glosses" content="c">
    <item id="g0" content="c2[0:68]" alignment="p1"/>
  </tier>
  <tier id="t" type="translations" content="c">
    <item id="t0" content="c3[0:40]" alignment="p1"/>
  </tier>
</igt>
<igt id="i84725">
  <metadata type="xigt-meta">
    <meta type="language" name="gurindji kriol" iso-639-3="gue:rop" tiers="phrases words morphemes"/>
    <meta type="language" name="English" iso-639-3="eng" tiers="translations"/>
    <meta type="odin-source" doc-id="3621" line-range="1089-1091" line-types="L G T"/>
  </metadata>
  <tier id="o" type="odin-raw">
    <item id="o1" line="1089" tag="L">              (b)   imin     .. . ngalyakap im     wartan-ta</item>
    <item id="o2" line="1090" tag="G">                    3g.PST lick             3sg    Hand-LOC</item>
    <item id="o3" line="1091" tag="T">                    `He licked him on the hand.'</item>
  </tier>
  <tier id="c" type="odin-clean">
    <item id="c1" line="1089" tag="L">imin     .. . ngalyakap im     wartan-ta</item>
    <item id="c2" line="1090" tag="G">3g.PST lick             3sg    Hand-LOC</item>
    <item id="c3" line="1091" tag="T">He licked him on the hand.</item>
  </tier>
  <tier id="p" type="phrases" content="c">
    <item id="p0" content="c1[0:40]"/>
  </tier>
  <tier id="g" type="glosses" content="c">
    <item id="g0" content="c2[0:39]" alignment="p1"/>
  </tier>
  <tier id="t" type="translations" content="c">
    <item id="t0" content="c3[0:26]" alignment="p1"/>
  </tier>
</igt>
</xigt-corpus>
