<?xml version="1.0" encoding="UTF-8"?>
<xigt-corpus>
<igt id="i15415">
  <metadata type="xigt-meta">
    <meta type="language" name="mayali" iso-639-3="gup" tiers="phrases words morphemes"/>
    <meta type="language" name="English" iso-639-3="eng" tiers="translations"/>
    <meta type="odin-source" doc-id="3545" line-range="855-857" line-types="L+AC G T"/>
  </metadata>
  <tier id="o" type="odin-raw">
    <item id="o1" line="855" tag="L+AC">       (29) a. Al-ekge al-gohbanj        ba-gurlah-bimbu-ni.                (Evans 2003:451)</item>
    <item id="o2" line="856" tag="G">                 FEM-that FEM-old.person 3S/3O.NON.HUMAN-skin-paint-PI</item>
    <item id="o3" line="857" tag="T">                   `That old lady used to paint buffalo hides.'</item>
  </tier>
  <tier id="c" type="odin-clean">
    <item id="c1" line="855" tag="L+AC">a. Al-ekge al-gohbanj        ba-gurlah-bimbu-ni.                (Evans 2003:451</item>
    <item id="c2" line="856" tag="G">FEM-that FEM-old.person 3S/3O.NON.HUMAN-skin-paint-PI</item>
    <item id="c3" line="857" tag="T">That old lady used to paint buffalo hides.</item>
  </tier>
  <tier id="p" type="phrases" content="c">
    <item id="p0" content="c1[0:79]"/>
  </tier>
  <tier id="g" type="glosses" content="c">
    <item id="g0" content="c2[0:53]" alignment="p1"/>
  </tier>
  <tier id="t" type="translations" content="c">
    <item id="t0" content="c3[0:42]" alignment="p1"/>
  </tier>
</igt>
<igt id="i15416">
  <metadata type="xigt-meta">
    <meta type="language" name="mayali" iso-639-3="gup" tiers="phrases words morphemes"/>
    <meta type="language" name="English" iso-639-3="eng" tiers="translations"/>
    <meta type="odin-source" doc-id="3545" line-range="858-860" line-types="L+AC G T"/>
  </metadata>
  <tier id="o" type="odin-raw">
    <item id="o1" line="858" tag="L+AC">            b. Bi-yau-nguneng              ginga.                           (Evans 2003:472)</item>
    <item id="o2" line="859" tag="G">                 3S/3O.HUMAN-baby-eat.PP crocodile</item>
    <item id="o3" line="860" tag="T">                   `The crocodile ate the child.'</item>
  </tier>
  <tier id="c" type="odin-clean">
    <item id="c1" line="858" tag="L+AC">Bi-yau-nguneng              ginga.                           (Evans 2003:472)</item>
    <item id="c2" line="859" tag="G">3S/3O.HUMAN-baby-eat.PP crocodile</item>
    <item id="c3" line="860" tag="T">The crocodile ate the child.</item>
  </tier>
  <tier id="p" type="phrases" content="c">
    <item id="p0" content="c1[0:77]"/>
  </tier>
  <tier id="g" type="glosses" content="c">
    <item id="g0" content="c2[0:33]" alignment="p1"/>
  </tier>
  <tier id="t" type="translations" content="c">
    <item id="t0" content="c3[0:28]" alignment="p1"/>
  </tier>
</igt>
<igt id="i15435">
  <metadata type="xigt-meta">
    <meta type="language" name="mayali" iso-639-3="gup" tiers="phrases words morphemes"/>
    <meta type="language" name="English" iso-639-3="eng" tiers="translations"/>
    <meta type="odin-source" doc-id="3545" line-range="1302-1304" line-types="L+AC G T"/>
  </metadata>
  <tier id="o" type="odin-raw">
    <item id="o1" line="1302" tag="L+AC">        (48) a. Ga-yau-dolga-n.                                           (Evans 2003:468)</item>
    <item id="o2" line="1303" tag="G">                  3S-baby-get.up-NP</item>
    <item id="o3" line="1304" tag="T">                    `The baby (kangaroo) gets out of its pouch.'</item>
  </tier>
  <tier id="c" type="odin-clean">
    <item id="c1" line="1302" tag="L+AC">a. Ga-yau-dolga-n.                                           (Evans 2003:468</item>
    <item id="c2" line="1303" tag="G">3S-baby-get.up-NP</item>
    <item id="c3" line="1304" tag="T">The baby (kangaroo) gets out of its pouch.</item>
  </tier>
  <tier id="p" type="phrases" content="c">
    <item id="p0" content="c1[0:76]"/>
  </tier>
  <tier id="g" type="glosses" content="c">
    <item id="g0" content="c2[0:17]" alignment="p1"/>
  </tier>
  <tier id="t" type="translations" content="c">
    <item id="t0" content="c3[0:42]" alignment="p1"/>
  </tier>
</igt>
<igt id="i15436">
  <metadata type="xigt-meta">
    <meta type="language" name="mayali" iso-639-3="gup" tiers="phrases words morphemes"/>
    <meta type="language" name="English" iso-639-3="eng" tiers="translations"/>
    <meta type="odin-source" doc-id="3545" line-range="1305-1307" line-types="L+AC G T"/>
  </metadata>
  <tier id="o" type="odin-raw">
    <item id="o1" line="1305" tag="L+AC">              b. Bogen gabani-dulk-di.                                    (Evans 2003:452)</item>
    <item id="o2" line="1306" tag="G">                  two 3dS-tree-stand.NP</item>
    <item id="o3" line="1307" tag="T">                    `There are two trees (standing) there.'</item>
  </tier>
  <tier id="c" type="odin-clean">
    <item id="c1" line="1305" tag="L+AC">Bogen gabani-dulk-di.                                    (Evans 2003:452)</item>
    <item id="c2" line="1306" tag="G">two 3dS-tree-stand.NP</item>
    <item id="c3" line="1307" tag="T">There are two trees (standing) there.</item>
  </tier>
  <tier id="p" type="phrases" content="c">
    <item id="p0" content="c1[0:73]"/>
  </tier>
  <tier id="g" type="glosses" content="c">
    <item id="g0" content="c2[0:21]" alignment="p1"/>
  </tier>
  <tier id="t" type="translations" content="c">
    <item id="t0" content="c3[0:37]" alignment="p1"/>
  </tier>
</igt>
<igt id="i15456">
  <metadata type="xigt-meta">
    <meta type="language" name="mayali" iso-639-3="gup" tiers="phrases words morphemes"/>
    <meta type="language" name="English" iso-639-3="eng" tiers="translations"/>
    <meta type="odin-source" doc-id="3545" line-range="1552-1554" line-types="L+AC+LN G T"/>
  </metadata>
  <tier id="o" type="odin-raw">
    <item id="o1" line="1552" tag="L+AC+LN">         (58) a. Al-wakadj ka-yaw-karrm-e       al-daluk. (adjective,                           Mayali; Evans 1997:400)</item>
    <item id="o2" line="1553" tag="G">                 Al-wakadj 3S/3O-child-have-NP FEM-female</item>
    <item id="o3" line="1554" tag="T">                   `Al-wakadj has a female child.'</item>
  </tier>
  <tier id="c" type="odin-clean">
    <item id="c1" line="1552" tag="L+AC+LN">a. Al-wakadj ka-yaw-karrm-e       al-daluk. (adjective,                           Mayali; Evans 1997:400</item>
    <item id="c2" line="1553" tag="G">Al-wakadj 3S/3O-child-have-NP FEM-female</item>
    <item id="c3" line="1554" tag="T">Al-wakadj has a female child.</item>
  </tier>
  <tier id="p" type="phrases" content="c">
    <item id="p0" content="c1[0:104]"/>
  </tier>
  <tier id="g" type="glosses" content="c">
    <item id="g0" content="c2[0:40]" alignment="p1"/>
  </tier>
  <tier id="t" type="translations" content="c">
    <item id="t0" content="c3[0:29]" alignment="p1"/>
  </tier>
</igt>
<igt id="i15457">
  <metadata type="xigt-meta">
    <meta type="language" name="mayali" iso-639-3="gup" tiers="phrases words morphemes"/>
    <meta type="language" name="English" iso-639-3="eng" tiers="translations"/>
    <meta type="odin-source" doc-id="3545" line-range="1570-1572" line-types="L G+LN+EX T+AC"/>
  </metadata>
  <tier id="o" type="odin-raw">
    <item id="o1" line="1570" tag="L">            b. Ngakngak              boken ka-rrabu-kurrme.</item>
    <item id="o2" line="1571" tag="G+LN+EX">               grey.crowned.warbler two 3S/3O-egg-put.down               (numeral, Mayali;</item>
    <item id="o3" line="1572" tag="T+AC">                 `Grey crowned warblers lay two eggs.'                    Evans 1997:400)</item>
  </tier>
  <tier id="c" type="odin-clean">
    <item id="c1" line="1570" tag="L">Ngakngak              boken ka-rrabu-kurrme.</item>
    <item id="c2" line="1571" tag="G+LN+EX">grey.crowned.warbler two 3S/3O-egg-put.down               (numeral, Mayali;</item>
    <item id="c3" line="1572" tag="T+AC">Grey crowned warblers lay two eggs.'                    Evans 1997:400)</item>
  </tier>
  <tier id="p" type="phrases" content="c">
    <item id="p0" content="c1[0:44]"/>
  </tier>
  <tier id="g" type="glosses" content="c">
    <item id="g0" content="c2[0:75]" alignment="p1"/>
  </tier>
  <tier id="t" type="translations" content="c">
    <item id="t0" content="c3[0:71]" alignment="p1"/>
  </tier>
</igt>
<igt id="i24566">
  <metadata type="xigt-meta">
    <meta type="language" name="bininj gun-wok" iso-639-3="gup" tiers="phrases words morphemes"/>
    <meta type="language" name="English" iso-639-3="eng" tiers="translations"/>
    <meta type="odin-source" doc-id="2111" line-range="1073-1076" line-types="L G+LN T T+AL"/>
  </metadata>
  <tier id="o" type="odin-raw">
    <item id="o1" line="1073" tag="L">  (78b)            Arri-wok-bekka-rr-en.</item>
    <item id="o2" line="1074" tag="G+LN">  Dj               1pl-word-listen-RR-NPST</item>
    <item id="o3" line="1075" tag="T">                   `We listen to each other talking.'</item>
    <item id="o4" line="1076" tag="T+AL">                   OR: `We listen to ourselves talk</item>
  </tier>
  <tier id="c" type="odin-clean">
    <item id="c1" line="1073" tag="L">Arri-wok-bekka-rr-en.</item>
    <item id="c2" line="1074" tag="G+LN">Dj               1pl-word-listen-RR-NPST</item>
    <item id="c3" line="1075" tag="T">We listen to each other talking.</item>
    <item id="c4" line="1076" tag="T+AL">`We listen to ourselves talk</item>
  </tier>
  <tier id="p" type="phrases" content="c">
    <item id="p0" content="c1[0:21]"/>
  </tier>
  <tier id="g" type="glosses" content="c">
    <item id="g0" content="c2[0:40]" alignment="p1"/>
  </tier>
  <tier id="t" type="translations" content="c">
    <item id="t0" content="c3[0:32]" alignment="p1"/>
    <item id="t1" content="c4[0:28]" alignment="p1"/>
  </tier>
</igt>
<igt id="i24567">
  <metadata type="xigt-meta">
    <meta type="language" name="bininj gun-wok" iso-639-3="gup" tiers="phrases words morphemes"/>
    <meta type="language" name="English" iso-639-3="eng" tiers="translations"/>
    <meta type="odin-source" doc-id="2111" line-range="1079-1081" line-types="L G+LN T+EX"/>
  </metadata>
  <tier id="o" type="odin-raw">
    <item id="o1" line="1079" tag="L">  (78c)            Gabarri-djobge-rre-n.</item>
    <item id="o2" line="1080" tag="G+LN">  Dj               3pl-cut-RR-NPST</item>
    <item id="o3" line="1081" tag="T+EX">                   `They are cutting themselves/each other.'6</item>
  </tier>
  <tier id="c" type="odin-clean">
    <item id="c1" line="1079" tag="L">Gabarri-djobge-rre-n.</item>
    <item id="c2" line="1080" tag="G+LN">Dj               3pl-cut-RR-NPST</item>
    <item id="c3" line="1081" tag="T+EX">They are cutting themselves/each other.'6</item>
  </tier>
  <tier id="p" type="phrases" content="c">
    <item id="p0" content="c1[0:21]"/>
  </tier>
  <tier id="g" type="glosses" content="c">
    <item id="g0" content="c2[0:32]" alignment="p1"/>
  </tier>
  <tier id="t" type="translations" content="c">
    <item id="t0" content="c3[0:41]" alignment="p1"/>
  </tier>
</igt>
<igt id="i24568">
  <metadata type="xigt-meta">
    <meta type="language" name="bininj gun-wok" iso-639-3="gup" tiers="phrases words morphemes"/>
    <meta type="language" name="English" iso-639-3="eng" tiers="translations"/>
    <meta type="odin-source" doc-id="2111" line-range="1093-1095" line-types="L G+LN T"/>
  </metadata>
  <tier id="o" type="odin-raw">
    <item id="o1" line="1093" tag="L">  (ii)             Bedman              gabarri-djobge-rre-n.</item>
    <item id="o2" line="1094" tag="G+LN">  Dj               themselves          3a-cut-RR-NP</item>
    <item id="o3" line="1095" tag="T">                   `They are cutting themselves (*each other).'</item>
  </tier>
  <tier id="c" type="odin-clean">
    <item id="c1" line="1093" tag="L">Bedman              gabarri-djobge-rre-n.</item>
    <item id="c2" line="1094" tag="G+LN">Dj               themselves          3a-cut-RR-NP</item>
    <item id="c3" line="1095" tag="T">They are cutting themselves (*each other).</item>
  </tier>
  <tier id="p" type="phrases" content="c">
    <item id="p0" content="c1[0:41]"/>
  </tier>
  <tier id="g" type="glosses" content="c">
    <item id="g0" content="c2[0:49]" alignment="p1"/>
  </tier>
  <tier id="t" type="translations" content="c">
    <item id="t0" content="c3[0:42]" alignment="p1"/>
  </tier>
</igt>
<igt id="i28891">
  <metadata type="xigt-meta">
    <meta type="language" name="bininj gun-wok" iso-639-3="gup" tiers="phrases words morphemes"/>
    <meta type="language" name="English" iso-639-3="eng" tiers="translations"/>
    <meta type="odin-source" doc-id="2794" line-range="99-101" line-types="L G T+AC"/>
  </metadata>
  <tier id="o" type="odin-raw">
    <item id="o1" line="99" tag="L">      (1)   Mayh na-mekke nakka         bininj-ni.</item>
    <item id="o2" line="100" tag="G">            bird masc-dem masc.dem human-past</item>
    <item id="o3" line="101" tag="T+AC">            `Those birds, they were human then,' (Evans in press:680, 13.27b)</item>
  </tier>
  <tier id="c" type="odin-clean">
    <item id="c1" line="99" tag="L">Mayh na-mekke nakka         bininj-ni.</item>
    <item id="c2" line="100" tag="G">bird masc-dem masc.dem human-past</item>
    <item id="c3" line="101" tag="T+AC">Those birds, they were human then,' (Evans in press:680, 13.27b)</item>
  </tier>
  <tier id="p" type="phrases" content="c">
    <item id="p0" content="c1[0:38]"/>
  </tier>
  <tier id="g" type="glosses" content="c">
    <item id="g0" content="c2[0:33]" alignment="p1"/>
  </tier>
  <tier id="t" type="translations" content="c">
    <item id="t0" content="c3[0:64]" alignment="p1"/>
  </tier>
</igt>
<igt id="i28892">
  <metadata type="xigt-meta">
    <meta type="language" name="bininj gun-wok" iso-639-3="gup" tiers="phrases words morphemes"/>
    <meta type="language" name="English" iso-639-3="eng" tiers="translations"/>
    <meta type="odin-source" doc-id="2794" line-range="102-104" line-types="L G T+AC"/>
  </metadata>
  <tier id="o" type="odin-raw">
    <item id="o1" line="102" tag="L">      (2)   Na-mak-ni.</item>
    <item id="o2" line="103" tag="G">            masc-good-past</item>
    <item id="o3" line="104" tag="T+AC">            `He was a good man.' (ibid:682, 13.37c)</item>
  </tier>
  <tier id="c" type="odin-clean">
    <item id="c1" line="102" tag="L">Na-mak-ni.</item>
    <item id="c2" line="103" tag="G">masc-good-past</item>
    <item id="c3" line="104" tag="T+AC">He was a good man.' (ibid:682, 13.37c)</item>
  </tier>
  <tier id="p" type="phrases" content="c">
    <item id="p0" content="c1[0:10]"/>
  </tier>
  <tier id="g" type="glosses" content="c">
    <item id="g0" content="c2[0:14]" alignment="p1"/>
  </tier>
  <tier id="t" type="translations" content="c">
    <item id="t0" content="c3[0:38]" alignment="p1"/>
  </tier>
</igt>
<igt id="i28893">
  <metadata type="xigt-meta">
    <meta type="language" name="bininj gun-wok" iso-639-3="gup" tiers="phrases words morphemes"/>
    <meta type="language" name="English" iso-639-3="eng" tiers="translations"/>
    <meta type="odin-source" doc-id="2794" line-range="105-110" line-types="L G L G T T+AC+LT"/>
  </metadata>
  <tier id="o" type="odin-raw">
    <item id="o1" line="105" tag="L">      (3)   Yawkyawk bokenh na-wu            bene-berd-djenj-ni yimankek</item>
    <item id="o2" line="106" tag="G">            young.girl two      masc-rel 3.du-tail-fish-past ctrfac</item>
    <item id="o3" line="107" tag="L">            kun-dad-niwirrinj.</item>
    <item id="o4" line="108" tag="G">            neut-leg-irr</item>
    <item id="o5" line="109" tag="T">            `There were two young girls who had tails like fish, they didn't have legs.'</item>
    <item id="o6" line="110" tag="T+AC+LT">            [lit. `there were no legs'] (ibid:437, 8.96)</item>
  </tier>
  <tier id="c" type="odin-clean">
    <item id="c1" line="105" tag="L">Yawkyawk bokenh na-wu            bene-berd-djenj-ni yimankek</item>
    <item id="c2" line="106" tag="G">young.girl two      masc-rel 3.du-tail-fish-past ctrfac</item>
    <item id="c3" line="107" tag="L">kun-dad-niwirrinj.</item>
    <item id="c4" line="108" tag="G">neut-leg-irr</item>
    <item id="c5" line="109" tag="T">There were two young girls who had tails like fish, they didn't have legs.</item>
    <item id="c6" line="110" tag="T+AC+LT">[lit. `there were no legs'] (ibid:437, 8.96)</item>
  </tier>
  <tier id="p" type="phrases" content="c">
    <item id="p0" content="c1[0:60]"/>
    <item id="p1" content="c3[0:18]"/>
  </tier>
  <tier id="g" type="glosses" content="c">
    <item id="g0" content="c2[0:55]" alignment="p1"/>
    <item id="g1" content="c4[0:12]" alignment="p2"/>
  </tier>
  <tier id="t" type="translations" content="c">
    <item id="t0" content="c5[0:74]" alignment="p2"/>
    <item id="t1" content="c6[0:44]" alignment="p2"/>
  </tier>
</igt>
<igt id="i28898">
  <metadata type="xigt-meta">
    <meta type="language" name="bininj gun-wok" iso-639-3="gup" tiers="phrases words morphemes"/>
    <meta type="language" name="English" iso-639-3="eng" tiers="translations"/>
    <meta type="odin-source" doc-id="2794" line-range="212-218" line-types="L+DB+CR L+DB+CR L+DB+CR G+DB+CR G+DB+CR T+DB+CR T+DB+CR"/>
  </metadata>
  <tier id="o" type="odin-raw">
    <item id="o1" line="212" tag="L+DB+CR">                  ~ e¸                               (11)   Ki¸´e-rv.</item>
    <item id="o2" line="213" tag="L+DB+CR">                                                               ba</item>
    <item id="o3" line="214" tag="L+DB+CR">          (10)   N´da-he-rae.</item>
    <item id="o4" line="215" tag="G+DB+CR">                                                            man-perf</item>
    <item id="o5" line="216" tag="G+DB+CR">                 road-refl-fut</item>
    <item id="o6" line="217" tag="T+DB+CR">                                                            `It was a man'</item>
    <item id="o7" line="218" tag="T+DB+CR">                 `It will b e a road'</item>
  </tier>
  <tier id="c" type="odin-clean">
    <item id="c1" line="212" tag="L+DB+CR">~ e¸                               (11)   Ki¸´e-rv.</item>
  </tier>
  <tier id="p" type="phrases" content="c">
    <item id="p0" content="c1[0:51]"/>
  </tier>
</igt>
<igt id="i37873">
  <metadata type="xigt-meta">
    <meta type="language" name="bininj gun-wok" iso-639-3="gup" tiers="phrases words morphemes"/>
    <meta type="language" name="English" iso-639-3="eng" tiers="translations"/>
    <meta type="odin-source" doc-id="1189" line-range="1680-1682" line-types="L G+LN T"/>
  </metadata>
  <tier id="o" type="odin-raw">
    <item id="o1" line="1680" tag="L">  (47)      Barri-wo-rre-ni.</item>
    <item id="o2" line="1681" tag="G+LN">  BGW       3plSUBJ-give-RR-PI</item>
    <item id="o3" line="1682" tag="T">            `They used to give it to each other.'</item>
  </tier>
  <tier id="c" type="odin-clean">
    <item id="c1" line="1680" tag="L">Barri-wo-rre-ni.</item>
    <item id="c2" line="1681" tag="G+LN">BGW       3plSUBJ-give-RR-PI</item>
    <item id="c3" line="1682" tag="T">They used to give it to each other.</item>
  </tier>
  <tier id="p" type="phrases" content="c">
    <item id="p0" content="c1[0:16]"/>
  </tier>
  <tier id="g" type="glosses" content="c">
    <item id="g0" content="c2[0:28]" alignment="p1"/>
  </tier>
  <tier id="t" type="translations" content="c">
    <item id="t0" content="c3[0:35]" alignment="p1"/>
  </tier>
</igt>
<igt id="i40116">
  <metadata type="xigt-meta">
    <meta type="language" name="bininj gun-wok" iso-639-3="gup" tiers="phrases words morphemes"/>
    <meta type="language" name="English" iso-639-3="eng" tiers="translations"/>
    <meta type="odin-source" doc-id="2979" line-range="1687-1690" line-types="L G+LN T T+AL"/>
  </metadata>
  <tier id="o" type="odin-raw">
    <item id="o1" line="1687" tag="L">  (47)      Barri-wo-rre-ni.</item>
    <item id="o2" line="1688" tag="G+LN">  BGW       3plSUBJ-give-RR-PI</item>
    <item id="o3" line="1689" tag="T">            `They used to give it to each other.'</item>
    <item id="o4" line="1690" tag="T+AL">            *'They used to give each other to him.'</item>
  </tier>
  <tier id="c" type="odin-clean">
    <item id="c1" line="1687" tag="L">Barri-wo-rre-ni.</item>
    <item id="c2" line="1688" tag="G+LN">BGW       3plSUBJ-give-RR-PI</item>
    <item id="c3" line="1689" tag="T">They used to give it to each other.</item>
    <item id="c4" line="1690" tag="T+AL">*'They used to give each other to him.</item>
  </tier>
  <tier id="p" type="phrases" content="c">
    <item id="p0" content="c1[0:16]"/>
  </tier>
  <tier id="g" type="glosses" content="c">
    <item id="g0" content="c2[0:28]" alignment="p1"/>
  </tier>
  <tier id="t" type="translations" content="c">
    <item id="t0" content="c3[0:35]" alignment="p1"/>
    <item id="t1" content="c4[0:38]" alignment="p1"/>
  </tier>
</igt>
<igt id="i41338">
  <metadata type="xigt-meta">
    <meta type="language" name="mayali" iso-639-3="gup" tiers="phrases words morphemes"/>
    <meta type="language" name="English" iso-639-3="eng" tiers="translations"/>
    <meta type="odin-source" doc-id="3510" line-range="162-164" line-types="L G+CR T+AC"/>
  </metadata>
  <tier id="o" type="odin-raw">
    <item id="o1" line="162" tag="L">     (4)    Mayh na-mekke nakka                  bininj-ni.</item>
    <item id="o2" line="163" tag="G+CR">            bird M A S C - D E M M A S C . D E M human-PA S T</item>
    <item id="o3" line="164" tag="T+AC">            `Those birds, they were human then,' (Evans to appear:680, 13.27b)</item>
  </tier>
  <tier id="c" type="odin-clean">
    <item id="c1" line="162" tag="L">Mayh na-mekke nakka                  bininj-ni.</item>
    <item id="c2" line="163" tag="G+CR">bird M A S C-D E M M A S C . D E M human-PA S T</item>
    <item id="c3" line="164" tag="T+AC">Those birds, they were human then,' (Evans to appear:680, 13.27b)</item>
  </tier>
  <tier id="p" type="phrases" content="c">
    <item id="p0" content="c1[0:47]"/>
  </tier>
  <tier id="g" type="glosses" content="c">
    <item id="g0" content="c2[0:47]" alignment="p1"/>
  </tier>
  <tier id="t" type="translations" content="c">
    <item id="t0" content="c3[0:65]" alignment="p1"/>
  </tier>
</igt>
<igt id="i41339">
  <metadata type="xigt-meta">
    <meta type="language" name="mayali" iso-639-3="gup" tiers="phrases words morphemes"/>
    <meta type="language" name="English" iso-639-3="eng" tiers="translations"/>
    <meta type="odin-source" doc-id="3510" line-range="165-167" line-types="L G+CR T+AC"/>
  </metadata>
  <tier id="o" type="odin-raw">
    <item id="o1" line="165" tag="L">     (5)    Na-mak-ni.</item>
    <item id="o2" line="166" tag="G+CR">            M A S C-good-PA S T</item>
    <item id="o3" line="167" tag="T+AC">            `He was a good man.' (ibid:682, 13.37c)</item>
  </tier>
  <tier id="c" type="odin-clean">
    <item id="c1" line="165" tag="L">Na-mak-ni.</item>
    <item id="c2" line="166" tag="G+CR">M A S C-good-PA S T</item>
    <item id="c3" line="167" tag="T+AC">He was a good man.' (ibid:682, 13.37c)</item>
  </tier>
  <tier id="p" type="phrases" content="c">
    <item id="p0" content="c1[0:10]"/>
  </tier>
  <tier id="g" type="glosses" content="c">
    <item id="g0" content="c2[0:19]" alignment="p1"/>
  </tier>
  <tier id="t" type="translations" content="c">
    <item id="t0" content="c3[0:38]" alignment="p1"/>
  </tier>
</igt>
<igt id="i41340">
  <metadata type="xigt-meta">
    <meta type="language" name="mayali" iso-639-3="gup" tiers="phrases words morphemes"/>
    <meta type="language" name="English" iso-639-3="eng" tiers="translations"/>
    <meta type="odin-source" doc-id="3510" line-range="168-170" line-types="L G+CR T+AC"/>
  </metadata>
  <tier id="o" type="odin-raw">
    <item id="o1" line="168" tag="L">     (6)    . . . nga-wurdurd-ni . . .</item>
    <item id="o2" line="169" tag="G+CR">            . . . 1.S G -child-PA S T</item>
    <item id="o3" line="170" tag="T+AC">            `. . . (when) I was a child . . . ' (ibid:437, 8.95)</item>
  </tier>
  <tier id="c" type="odin-clean">
    <item id="c1" line="168" tag="L">. . . nga-wurdurd-ni . . .</item>
    <item id="c2" line="169" tag="G+CR">. . . 1.S G-child-PA S T</item>
    <item id="c3" line="170" tag="T+AC">. . . (when) I was a child . . . ' (ibid:437, 8.95)</item>
  </tier>
  <tier id="p" type="phrases" content="c">
    <item id="p0" content="c1[0:26]"/>
  </tier>
  <tier id="g" type="glosses" content="c">
    <item id="g0" content="c2[0:24]" alignment="p1"/>
  </tier>
  <tier id="t" type="translations" content="c">
    <item id="t0" content="c3[0:51]" alignment="p1"/>
  </tier>
</igt>
<igt id="i41341">
  <metadata type="xigt-meta">
    <meta type="language" name="mayali" iso-639-3="gup" tiers="phrases words morphemes"/>
    <meta type="language" name="English" iso-639-3="eng" tiers="translations"/>
    <meta type="odin-source" doc-id="3510" line-range="171-174" line-types="L G+CR T T+AC"/>
  </metadata>
  <tier id="o" type="odin-raw">
    <item id="o1" line="171" tag="L">     (7)    Yawkyawk bokenh na-wu              bene-berd-djenj-ni yimankek kun-dad-niwirrinj.</item>
    <item id="o2" line="172" tag="G+CR">            young.girl two     M A S C - R E L 3.D U -tail-fish-PA S T C T R FAC N E U T-leg-I R R</item>
    <item id="o3" line="173" tag="T">            `There were two young girls who had tails like fish, they didn't have legs.' [lit. `there were</item>
    <item id="o4" line="174" tag="T+AC">            no legs'] (ibid:437, 8.96)</item>
  </tier>
  <tier id="c" type="odin-clean">
    <item id="c1" line="171" tag="L">Yawkyawk bokenh na-wu              bene-berd-djenj-ni yimankek kun-dad-niwirrinj.</item>
    <item id="c2" line="172" tag="G+CR">young.girl two     M A S C-R E L 3.D U-tail-fish-PA S T C T R FAC N E U T-leg-I R R</item>
    <item id="c3" line="173" tag="T">There were two young girls who had tails like fish, they didn't have legs.' [lit. `there were</item>
    <item id="c4" line="174" tag="T+AC">no legs'] (ibid:437, 8.96)</item>
  </tier>
  <tier id="p" type="phrases" content="c">
    <item id="p0" content="c1[0:81]"/>
  </tier>
  <tier id="g" type="glosses" content="c">
    <item id="g0" content="c2[0:83]" alignment="p1"/>
  </tier>
  <tier id="t" type="translations" content="c">
    <item id="t0" content="c3[0:93]" alignment="p1"/>
    <item id="t1" content="c4[0:26]" alignment="p1"/>
  </tier>
</igt>
<igt id="i41461">
  <metadata type="xigt-meta">
    <meta type="language" name="bininj gun-wok" iso-639-3="gup" tiers="phrases words morphemes"/>
    <meta type="language" name="English" iso-639-3="eng" tiers="translations"/>
    <meta type="odin-source" doc-id="3510" line-range="1949-1951" line-types="L G+CR T"/>
  </metadata>
  <tier id="o" type="odin-raw">
    <item id="o1" line="1949" tag="L">  (127)   Mayh na-mekke nakka                  bininj-ni.</item>
    <item id="o2" line="1950" tag="G+CR">          bird M A S C - D E M M A S C . D E M human-PA S T</item>
    <item id="o3" line="1951" tag="T">          `Those birds, they were human then,'</item>
  </tier>
  <tier id="c" type="odin-clean">
    <item id="c1" line="1949" tag="L">Mayh na-mekke nakka                  bininj-ni.</item>
    <item id="c2" line="1950" tag="G+CR">bird M A S C-D E M M A S C . D E M human-PA S T</item>
    <item id="c3" line="1951" tag="T">Those birds, they were human then,</item>
  </tier>
  <tier id="p" type="phrases" content="c">
    <item id="p0" content="c1[0:47]"/>
  </tier>
  <tier id="g" type="glosses" content="c">
    <item id="g0" content="c2[0:47]" alignment="p1"/>
  </tier>
  <tier id="t" type="translations" content="c">
    <item id="t0" content="c3[0:34]" alignment="p1"/>
  </tier>
</igt>
<igt id="i42810">
  <metadata type="xigt-meta">
    <meta type="language" name="mayali" iso-639-3="gup" tiers="phrases words morphemes"/>
    <meta type="language" name="English" iso-639-3="eng" tiers="translations"/>
    <meta type="odin-source" doc-id="3507" line-range="600-602" line-types="L G T+AC"/>
  </metadata>
  <tier id="o" type="odin-raw">
    <item id="o1" line="600" tag="L">  (48)      Barri-ganj-ngune-ng</item>
    <item id="o2" line="601" tag="G">            3A/3P-meat-eat-tns</item>
    <item id="o3" line="602" tag="T+AC">            `They ate the meat.'                                                [Evans (2003:330)]</item>
  </tier>
  <tier id="c" type="odin-clean">
    <item id="c1" line="600" tag="L">Barri-ganj-ngune-ng</item>
    <item id="c2" line="601" tag="G">3A/3P-meat-eat-tns</item>
    <item id="c3" line="602" tag="T+AC">They ate the meat.'                                                [Evans (2003:330)]</item>
  </tier>
  <tier id="p" type="phrases" content="c">
    <item id="p0" content="c1[0:19]"/>
  </tier>
  <tier id="g" type="glosses" content="c">
    <item id="g0" content="c2[0:18]" alignment="p1"/>
  </tier>
  <tier id="t" type="translations" content="c">
    <item id="t0" content="c3[0:85]" alignment="p1"/>
  </tier>
</igt>
<igt id="i42811">
  <metadata type="xigt-meta">
    <meta type="language" name="mayali" iso-639-3="gup" tiers="phrases words morphemes"/>
    <meta type="language" name="English" iso-639-3="eng" tiers="translations"/>
    <meta type="odin-source" doc-id="3507" line-range="603-605" line-types="L G T+AC"/>
  </metadata>
  <tier id="o" type="odin-raw">
    <item id="o1" line="603" tag="L">  (49)      Bamurru       a-go dj-bom</item>
    <item id="o2" line="604" tag="G">            magpie.go ose 1/3-head-hit.tns</item>
    <item id="o3" line="605" tag="T+AC">            `They hit the magpie go ose in the head.'                           [Evans (2003:330)]</item>
  </tier>
  <tier id="c" type="odin-clean">
    <item id="c1" line="603" tag="L">Bamurru       a-go dj-bom</item>
    <item id="c2" line="604" tag="G">magpie.go ose 1/3-head-hit.tns</item>
    <item id="c3" line="605" tag="T+AC">They hit the magpie go ose in the head.'                           [Evans (2003:330)]</item>
  </tier>
  <tier id="p" type="phrases" content="c">
    <item id="p0" content="c1[0:25]"/>
  </tier>
  <tier id="g" type="glosses" content="c">
    <item id="g0" content="c2[0:30]" alignment="p1"/>
  </tier>
  <tier id="t" type="translations" content="c">
    <item id="t0" content="c3[0:85]" alignment="p1"/>
  </tier>
</igt>
<igt id="i66087">
  <metadata type="xigt-meta">
    <meta type="language" name="mayali" iso-639-3="gup" tiers="phrases words morphemes"/>
    <meta type="language" name="English" iso-639-3="eng" tiers="translations"/>
    <meta type="odin-source" doc-id="1427" line-range="635-638" line-types="L+LN G T T+AL"/>
  </metadata>
  <tier id="o" type="odin-raw">
    <item id="o1" line="635" tag="L+LN">  (14)   al-   ege   daluk    gaban-     du- ng                      Gun-djeihmi dialect</item>
    <item id="o2" line="636" tag="G">         FEM-DEM     woman 3.SG/3.PL-scold-NON_PAST</item>
    <item id="o3" line="637" tag="T">         (a) `That woman scolds people.'</item>
    <item id="o4" line="638" tag="T+AL">         (b) `That woman scolds them.'</item>
  </tier>
  <tier id="c" type="odin-clean">
    <item id="c1" line="635" tag="L+LN">al-ege   daluk    gaban-du-ng                      Gun-djeihmi dialect</item>
    <item id="c2" line="636" tag="G">FEM-DEM     woman 3.SG/3.PL-scold-NON_PAST</item>
    <item id="c3" line="637" tag="T">`That woman scolds people.</item>
    <item id="c4" line="638" tag="T+AL">`That woman scolds them.</item>
  </tier>
  <tier id="p" type="phrases" content="c">
    <item id="p0" content="c1[0:70]"/>
  </tier>
  <tier id="g" type="glosses" content="c">
    <item id="g0" content="c2[0:42]" alignment="p1"/>
  </tier>
  <tier id="t" type="translations" content="c">
    <item id="t0" content="c3[0:26]" alignment="p1"/>
    <item id="t1" content="c4[0:24]" alignment="p1"/>
  </tier>
</igt>
<igt id="i66088">
  <metadata type="xigt-meta">
    <meta type="language" name="mayali" iso-639-3="gup" tiers="phrases words morphemes"/>
    <meta type="language" name="English" iso-639-3="eng" tiers="translations"/>
    <meta type="odin-source" doc-id="1427" line-range="646-648" line-types="L+LN G T"/>
  </metadata>
  <tier id="o" type="odin-raw">
    <item id="o1" line="646" tag="L+LN">  (15)   al-   ege  daluk     gaban- du- ng        bedda Gun-djeihmi dialect</item>
    <item id="o2" line="647" tag="G">         FEM-DEM    woman 3.SG/3.PL-scold-NON_PAST them</item>
    <item id="o3" line="648" tag="T">         `That woman is scolding them.'</item>
  </tier>
  <tier id="c" type="odin-clean">
    <item id="c1" line="646" tag="L+LN">al-ege  daluk     gaban-du-ng        bedda Gun-djeihmi dialect</item>
    <item id="c2" line="647" tag="G">FEM-DEM    woman 3.SG/3.PL-scold-NON_PAST them</item>
    <item id="c3" line="648" tag="T">That woman is scolding them.</item>
  </tier>
  <tier id="p" type="phrases" content="c">
    <item id="p0" content="c1[0:62]"/>
  </tier>
  <tier id="g" type="glosses" content="c">
    <item id="g0" content="c2[0:46]" alignment="p1"/>
  </tier>
  <tier id="t" type="translations" content="c">
    <item id="t0" content="c3[0:28]" alignment="p1"/>
  </tier>
</igt>
<igt id="i66089">
  <metadata type="xigt-meta">
    <meta type="language" name="mayali" iso-639-3="gup" tiers="phrases words morphemes"/>
    <meta type="language" name="English" iso-639-3="eng" tiers="translations"/>
    <meta type="odin-source" doc-id="1427" line-range="653-656" line-types="L+LN G T T+AL"/>
  </metadata>
  <tier id="o" type="odin-raw">
    <item id="o1" line="653" tag="L+LN">  (16)   Balanda      bi-                      mey         Dulerayek dialect</item>
    <item id="o2" line="654" tag="G">         European 3.SG/3.SG.HIGHER_OBJECT.PAST-marry.PAST_PERFECTIVE</item>
    <item id="o3" line="655" tag="T">         (a) `She married the white man'</item>
    <item id="o4" line="656" tag="T+AL">         (b) `She married a white man'</item>
  </tier>
  <tier id="c" type="odin-clean">
    <item id="c1" line="653" tag="L+LN">Balanda      bi-mey         Dulerayek dialect</item>
    <item id="c2" line="654" tag="G">European 3.SG/3.SG.HIGHER_OBJECT.PAST-marry.PAST_PERFECTIVE</item>
    <item id="c3" line="655" tag="T">`She married the white man</item>
    <item id="c4" line="656" tag="T+AL">`She married a white man</item>
  </tier>
  <tier id="p" type="phrases" content="c">
    <item id="p0" content="c1[0:45]"/>
  </tier>
  <tier id="g" type="glosses" content="c">
    <item id="g0" content="c2[0:59]" alignment="p1"/>
  </tier>
  <tier id="t" type="translations" content="c">
    <item id="t0" content="c3[0:26]" alignment="p1"/>
    <item id="t1" content="c4[0:24]" alignment="p1"/>
  </tier>
</igt>
<igt id="i86420">
  <metadata type="xigt-meta">
    <meta type="language" name="bininj gun-wok" iso-639-3="gup" tiers="phrases words morphemes"/>
    <meta type="language" name="English" iso-639-3="eng" tiers="translations"/>
    <meta type="odin-source" doc-id="308" line-range="18889-18891" line-types="L G T+AC"/>
  </metadata>
  <tier id="o" type="odin-raw">
    <item id="o1" line="18889" tag="L">      (1)   Mayh na-mekke nakka         bininj-ni.</item>
    <item id="o2" line="18890" tag="G">            bird masc-dem masc.dem human-past</item>
    <item id="o3" line="18891" tag="T+AC">            `Those birds, they were human then,' (Evans in press:680, 13.27b)</item>
  </tier>
  <tier id="c" type="odin-clean">
    <item id="c1" line="18889" tag="L">Mayh na-mekke nakka         bininj-ni.</item>
    <item id="c2" line="18890" tag="G">bird masc-dem masc.dem human-past</item>
    <item id="c3" line="18891" tag="T+AC">Those birds, they were human then,' (Evans in press:680, 13.27b)</item>
  </tier>
  <tier id="p" type="phrases" content="c">
    <item id="p0" content="c1[0:38]"/>
  </tier>
  <tier id="g" type="glosses" content="c">
    <item id="g0" content="c2[0:33]" alignment="p1"/>
  </tier>
  <tier id="t" type="translations" content="c">
    <item id="t0" content="c3[0:64]" alignment="p1"/>
  </tier>
</igt>
<igt id="i86421">
  <metadata type="xigt-meta">
    <meta type="language" name="bininj gun-wok" iso-639-3="gup" tiers="phrases words morphemes"/>
    <meta type="language" name="English" iso-639-3="eng" tiers="translations"/>
    <meta type="odin-source" doc-id="308" line-range="18892-18894" line-types="L G T+AC"/>
  </metadata>
  <tier id="o" type="odin-raw">
    <item id="o1" line="18892" tag="L">      (2)   Na-mak-ni.</item>
    <item id="o2" line="18893" tag="G">            masc-good-past</item>
    <item id="o3" line="18894" tag="T+AC">            `He was a good man.' (ibid:682, 13.37c)</item>
  </tier>
  <tier id="c" type="odin-clean">
    <item id="c1" line="18892" tag="L">Na-mak-ni.</item>
    <item id="c2" line="18893" tag="G">masc-good-past</item>
    <item id="c3" line="18894" tag="T+AC">He was a good man.' (ibid:682, 13.37c)</item>
  </tier>
  <tier id="p" type="phrases" content="c">
    <item id="p0" content="c1[0:10]"/>
  </tier>
  <tier id="g" type="glosses" content="c">
    <item id="g0" content="c2[0:14]" alignment="p1"/>
  </tier>
  <tier id="t" type="translations" content="c">
    <item id="t0" content="c3[0:38]" alignment="p1"/>
  </tier>
</igt>
<igt id="i86422">
  <metadata type="xigt-meta">
    <meta type="language" name="bininj gun-wok" iso-639-3="gup" tiers="phrases words morphemes"/>
    <meta type="language" name="English" iso-639-3="eng" tiers="translations"/>
    <meta type="odin-source" doc-id="308" line-range="18895-18900" line-types="L G L G T T+AC+LT"/>
  </metadata>
  <tier id="o" type="odin-raw">
    <item id="o1" line="18895" tag="L">      (3)   Yawkyawk bokenh na-wu            bene-berd-djenj-ni yimankek</item>
    <item id="o2" line="18896" tag="G">            young.girl two      masc-rel 3.du-tail-fish-past ctrfac</item>
    <item id="o3" line="18897" tag="L">            kun-dad-niwirrinj.</item>
    <item id="o4" line="18898" tag="G">            neut-leg-irr</item>
    <item id="o5" line="18899" tag="T">            `There were two young girls who had tails like fish, they didn't have legs.'</item>
    <item id="o6" line="18900" tag="T+AC+LT">            [lit. `there were no legs'] (ibid:437, 8.96)</item>
  </tier>
  <tier id="c" type="odin-clean">
    <item id="c1" line="18895" tag="L">Yawkyawk bokenh na-wu            bene-berd-djenj-ni yimankek</item>
    <item id="c2" line="18896" tag="G">young.girl two      masc-rel 3.du-tail-fish-past ctrfac</item>
    <item id="c3" line="18897" tag="L">kun-dad-niwirrinj.</item>
    <item id="c4" line="18898" tag="G">neut-leg-irr</item>
    <item id="c5" line="18899" tag="T">There were two young girls who had tails like fish, they didn't have legs.</item>
    <item id="c6" line="18900" tag="T+AC+LT">[lit. `there were no legs'] (ibid:437, 8.96)</item>
  </tier>
  <tier id="p" type="phrases" content="c">
    <item id="p0" content="c1[0:60]"/>
    <item id="p1" content="c3[0:18]"/>
  </tier>
  <tier id="g" type="glosses" content="c">
    <item id="g0" content="c2[0:55]" alignment="p1"/>
    <item id="g1" content="c4[0:12]" alignment="p2"/>
  </tier>
  <tier id="t" type="translations" content="c">
    <item id="t0" content="c5[0:74]" alignment="p2"/>
    <item id="t1" content="c6[0:44]" alignment="p2"/>
  </tier>
</igt>
<igt id="i87509">
  <metadata type="xigt-meta">
    <meta type="language" name="bininj gun-wok" iso-639-3="gup" tiers="phrases words morphemes"/>
    <meta type="language" name="English" iso-639-3="eng" tiers="translations"/>
    <meta type="odin-source" doc-id="3275" line-range="190-192" line-types="L G T+AC"/>
  </metadata>
  <tier id="o" type="odin-raw">
    <item id="o1" line="190" tag="L">   (12) ... kun-kerri         ma-ngi      kun-yerrng</item>
    <item id="o2" line="191" tag="G">        ... iv-cooking.stone 3/3p.get-pi iv-wood</item>
    <item id="o3" line="192" tag="T+AC">        `... he got cooking stones, and firewood.' (Evans 2003: 248, ex. 6.64)</item>
  </tier>
  <tier id="c" type="odin-clean">
    <item id="c1" line="190" tag="L">kun-kerri         ma-ngi      kun-yerrng</item>
    <item id="c2" line="191" tag="G">iv-cooking.stone 3/3p.get-pi iv-wood</item>
    <item id="c3" line="192" tag="T+AC">he got cooking stones, and firewood.' (Evans 2003: 248, ex. 6.64)</item>
  </tier>
  <tier id="p" type="phrases" content="c">
    <item id="p0" content="c1[0:40]"/>
  </tier>
  <tier id="g" type="glosses" content="c">
    <item id="g0" content="c2[0:36]" alignment="p1"/>
  </tier>
  <tier id="t" type="translations" content="c">
    <item id="t0" content="c3[0:65]" alignment="p1"/>
  </tier>
</igt>
<igt id="i87510">
  <metadata type="xigt-meta">
    <meta type="language" name="bininj gun-wok" iso-639-3="gup" tiers="phrases words morphemes"/>
    <meta type="language" name="English" iso-639-3="eng" tiers="translations"/>
    <meta type="odin-source" doc-id="3275" line-range="199-202" line-types="L G T T+AC"/>
  </metadata>
  <tier id="o" type="odin-raw">
    <item id="o1" line="199" tag="L">   (13) Man-bardbard la        man-dadjek kabene-djarrk-nguybu-n.</item>
    <item id="o2" line="200" tag="G">        iii-heliosperma conj iii-pteridifolia 3ua-together-flower-np</item>
    <item id="o3" line="201" tag="T">        'The Grevil lea heliosperma and the Grevil lea pteridifolia flower together</item>
    <item id="o4" line="202" tag="T+AC">        (at the same time).' (Evans 2003:249, ex. 6.65)</item>
  </tier>
  <tier id="c" type="odin-clean">
    <item id="c1" line="199" tag="L">Man-bardbard la        man-dadjek kabene-djarrk-nguybu-n.</item>
    <item id="c2" line="200" tag="G">iii-heliosperma conj iii-pteridifolia 3ua-together-flower-np</item>
    <item id="c3" line="201" tag="T">The Grevil lea heliosperma and the Grevil lea pteridifolia flower together</item>
    <item id="c4" line="202" tag="T+AC">at the same time).' (Evans 2003:249, ex. 6.65</item>
  </tier>
  <tier id="p" type="phrases" content="c">
    <item id="p0" content="c1[0:57]"/>
  </tier>
  <tier id="g" type="glosses" content="c">
    <item id="g0" content="c2[0:60]" alignment="p1"/>
  </tier>
  <tier id="t" type="translations" content="c">
    <item id="t0" content="c3[0:74]" alignment="p1"/>
    <item id="t1" content="c4[0:45]" alignment="p1"/>
  </tier>
</igt>
<igt id="i87511">
  <metadata type="xigt-meta">
    <meta type="language" name="bininj gun-wok" iso-639-3="gup" tiers="phrases words morphemes"/>
    <meta type="language" name="English" iso-639-3="eng" tiers="translations"/>
    <meta type="odin-source" doc-id="3275" line-range="203-208" line-types="L G L G T M+AC"/>
  </metadata>
  <tier id="o" type="odin-raw">
    <item id="o1" line="203" tag="L">   (14) Wurdwurd dja teacher kabirri-kuk-djarrangbu-n kabirri-kurrme</item>
    <item id="o2" line="204" tag="G">        children conj teacher 3a/3-body-sort-np             3a/3-putnp</item>
    <item id="o3" line="205" tag="L">        na-yahwurd dja na-kimuk.</item>
    <item id="o4" line="206" tag="G">        ma-small conj ma-big</item>
    <item id="o5" line="207" tag="T">        `The children and teacher sort out the fish into big and little (groups).'</item>
    <item id="o6" line="208" tag="M+AC">        (ibid, ex. 6.66)</item>
  </tier>
  <tier id="c" type="odin-clean">
    <item id="c1" line="203" tag="L">Wurdwurd dja teacher kabirri-kuk-djarrangbu-n kabirri-kurrme</item>
    <item id="c2" line="204" tag="G">children conj teacher 3a/3-body-sort-np             3a/3-putnp</item>
    <item id="c3" line="205" tag="L">na-yahwurd dja na-kimuk.</item>
    <item id="c4" line="206" tag="G">ma-small conj ma-big</item>
    <item id="c5" line="207" tag="T">The children and teacher sort out the fish into big and little (groups).</item>
    <item id="c6" line="208" tag="M+AC">ibid, ex. 6.66</item>
  </tier>
  <tier id="p" type="phrases" content="c">
    <item id="p0" content="c1[0:60]"/>
    <item id="p1" content="c3[0:24]"/>
  </tier>
  <tier id="g" type="glosses" content="c">
    <item id="g0" content="c2[0:62]" alignment="p1"/>
    <item id="g1" content="c4[0:20]" alignment="p2"/>
  </tier>
  <tier id="t" type="translations" content="c">
    <item id="t0" content="c5[0:72]" alignment="p2"/>
  </tier>
</igt>
<igt id="i87526">
  <metadata type="xigt-meta">
    <meta type="language" name="bininj gun-wok" iso-639-3="gup" tiers="phrases words morphemes"/>
    <meta type="language" name="English" iso-639-3="eng" tiers="translations"/>
    <meta type="odin-source" doc-id="3275" line-range="384-387" line-types="L G T+AC C"/>
  </metadata>
  <tier id="o" type="odin-raw">
    <item id="o1" line="384" tag="L">   (29) ... kun-kerri         ma-ngi       kun-yerrng</item>
    <item id="o2" line="385" tag="G">        ... iv-cooking.stone 3/3p.get-pi iv-wood</item>
    <item id="o3" line="386" tag="T+AC">        `... he got cooking stones, and firewood.' (Bininj Gun-Wok, Evans 2003:</item>
    <item id="o4" line="387" tag="C">        248, ex. 6.64)</item>
  </tier>
  <tier id="c" type="odin-clean">
    <item id="c1" line="384" tag="L">kun-kerri         ma-ngi       kun-yerrng</item>
    <item id="c2" line="385" tag="G">iv-cooking.stone 3/3p.get-pi iv-wood</item>
    <item id="c3" line="386" tag="T+AC">he got cooking stones, and firewood.' (Bininj Gun-Wok, Evans 2003:</item>
    <item id="c4" line="387" tag="C">248, ex. 6.64)</item>
  </tier>
  <tier id="p" type="phrases" content="c">
    <item id="p0" content="c1[0:41]"/>
  </tier>
  <tier id="g" type="glosses" content="c">
    <item id="g0" content="c2[0:36]" alignment="p1"/>
  </tier>
  <tier id="t" type="translations" content="c">
    <item id="t0" content="c3[0:66]" alignment="p1"/>
  </tier>
</igt>
<igt id="i98856">
  <metadata type="xigt-meta">
    <meta type="language" name="bininj gun-wok" iso-639-3="gup" tiers="phrases words morphemes"/>
    <meta type="language" name="English" iso-639-3="eng" tiers="translations"/>
    <meta type="odin-source" doc-id="2887" line-range="1680-1682" line-types="L G+LN T"/>
  </metadata>
  <tier id="o" type="odin-raw">
    <item id="o1" line="1680" tag="L">  (47)      Barri-wo-rre-ni.</item>
    <item id="o2" line="1681" tag="G+LN">  BGW       3plSUBJ-give-RR-PI</item>
    <item id="o3" line="1682" tag="T">            `They used to give it to each other.'</item>
  </tier>
  <tier id="c" type="odin-clean">
    <item id="c1" line="1680" tag="L">Barri-wo-rre-ni.</item>
    <item id="c2" line="1681" tag="G+LN">BGW       3plSUBJ-give-RR-PI</item>
    <item id="c3" line="1682" tag="T">They used to give it to each other.</item>
  </tier>
  <tier id="p" type="phrases" content="c">
    <item id="p0" content="c1[0:16]"/>
  </tier>
  <tier id="g" type="glosses" content="c">
    <item id="g0" content="c2[0:28]" alignment="p1"/>
  </tier>
  <tier id="t" type="translations" content="c">
    <item id="t0" content="c3[0:35]" alignment="p1"/>
  </tier>
</igt>
<igt id="i145507">
  <metadata type="xigt-meta">
    <meta type="language" name="mayali" iso-639-3="gup" tiers="phrases words morphemes"/>
    <meta type="language" name="English" iso-639-3="eng" tiers="translations"/>
    <meta type="odin-source" doc-id="3820" line-range="990-994" line-types="M+LN B L G T+AC"/>
  </metadata>
  <tier id="o" type="odin-raw">
    <item id="o1" line="990" tag="M+LN">  Mayali (Gunwinyguan: Australia)</item>
    <item id="o2" line="991" tag="B"></item>
    <item id="o3" line="992" tag="L">   (47)     Barri-ganj-ngune-ng</item>
    <item id="o4" line="993" tag="G">            3A/3P-meat-eat-tns</item>
    <item id="o5" line="994" tag="T+AC">            `They ate the meat.'                                                     (Evans 2003:330)</item>
  </tier>
  <tier id="c" type="odin-clean">
    <item id="c1" line="990" tag="M+LN">Mayali (Gunwinyguan: Australia)</item>
    <item id="c2" line="991" tag="B"/>
    <item id="c3" line="992" tag="L">Barri-ganj-ngune-ng</item>
    <item id="c4" line="993" tag="G">3A/3P-meat-eat-tns</item>
    <item id="c5" line="994" tag="T+AC">They ate the meat.'                                                     (Evans 2003:330)</item>
  </tier>
  <tier id="p" type="phrases" content="c">
    <item id="p0" content="c3[0:19]"/>
  </tier>
  <tier id="g" type="glosses" content="c">
    <item id="g0" content="c4[0:18]" alignment="p1"/>
  </tier>
  <tier id="t" type="translations" content="c">
    <item id="t0" content="c5[0:88]" alignment="p1"/>
  </tier>
</igt>
<igt id="i146411">
  <metadata type="xigt-meta">
    <meta type="language" name="gunwinggu" iso-639-3="gup" tiers="phrases words morphemes"/>
    <meta type="language" name="English" iso-639-3="eng" tiers="translations"/>
    <meta type="odin-source" doc-id="3806" line-range="20453-20457" line-types="M+AC+LN B L G T"/>
  </metadata>
  <tier id="o" type="odin-raw">
    <item id="o1" line="20453" tag="M+AC+LN">  (64)     Gunwinggu (Gerdts 1998:90)</item>
    <item id="o2" line="20454" tag="B"></item>
    <item id="o3" line="20455" tag="L">           bene dulg-na mangaralalymayn</item>
    <item id="o4" line="20456" tag="G">           they.two tree-saw cashew.nut</item>
    <item id="o5" line="20457" tag="T">           `They saw a cashew tree'</item>
  </tier>
  <tier id="c" type="odin-clean">
    <item id="c1" line="20453" tag="M+AC+LN">Gunwinggu (Gerdts 1998:90</item>
    <item id="c2" line="20454" tag="B"/>
    <item id="c3" line="20455" tag="L">bene dulg-na mangaralalymayn</item>
    <item id="c4" line="20456" tag="G">they.two tree-saw cashew.nut</item>
    <item id="c5" line="20457" tag="T">They saw a cashew tree</item>
  </tier>
  <tier id="p" type="phrases" content="c">
    <item id="p0" content="c3[0:28]"/>
  </tier>
  <tier id="g" type="glosses" content="c">
    <item id="g0" content="c4[0:28]" alignment="p1"/>
  </tier>
  <tier id="t" type="translations" content="c">
    <item id="t0" content="c5[0:22]" alignment="p1"/>
  </tier>
</igt>
<igt id="i150733">
  <metadata type="xigt-meta">
    <meta type="language" name="bininj gun-wok" iso-639-3="gup" tiers="phrases words morphemes"/>
    <meta type="language" name="English" iso-639-3="eng" tiers="translations"/>
    <meta type="odin-source" doc-id="2398" line-range="1630-1632" line-types="L G+LN T"/>
  </metadata>
  <tier id="o" type="odin-raw">
    <item id="o1" line="1630" tag="L">  (29a) dabbarrabbolk-ko</item>
    <item id="o2" line="1631" tag="G+LN">  BGW old.person-DU</item>
    <item id="o3" line="1632" tag="T">        `Two old people'</item>
  </tier>
  <tier id="c" type="odin-clean">
    <item id="c1" line="1630" tag="L">dabbarrabbolk-ko</item>
    <item id="c2" line="1631" tag="G+LN">BGW old.person-DU</item>
    <item id="c3" line="1632" tag="T">Two old people</item>
  </tier>
  <tier id="p" type="phrases" content="c">
    <item id="p0" content="c1[0:16]"/>
  </tier>
  <tier id="g" type="glosses" content="c">
    <item id="g0" content="c2[0:17]" alignment="p1"/>
  </tier>
  <tier id="t" type="translations" content="c">
    <item id="t0" content="c3[0:14]" alignment="p1"/>
  </tier>
</igt>
<igt id="i150734">
  <metadata type="xigt-meta">
    <meta type="language" name="bininj gun-wok" iso-639-3="gup" tiers="phrases words morphemes"/>
    <meta type="language" name="English" iso-639-3="eng" tiers="translations"/>
    <meta type="odin-source" doc-id="2398" line-range="1634-1636" line-types="L G+LN T"/>
  </metadata>
  <tier id="o" type="odin-raw">
    <item id="o1" line="1634" tag="L">  (29b) Bani-bei-go</item>
    <item id="o2" line="1635" tag="G+LN">  BGW they.two-child.of.male-DYAD</item>
    <item id="o3" line="1636" tag="T">        `They two are a father / child pair.'</item>
  </tier>
  <tier id="c" type="odin-clean">
    <item id="c1" line="1634" tag="L">Bani-bei-go</item>
    <item id="c2" line="1635" tag="G+LN">BGW they.two-child.of.male-DYAD</item>
    <item id="c3" line="1636" tag="T">They two are a father / child pair.</item>
  </tier>
  <tier id="p" type="phrases" content="c">
    <item id="p0" content="c1[0:11]"/>
  </tier>
  <tier id="g" type="glosses" content="c">
    <item id="g0" content="c2[0:31]" alignment="p1"/>
  </tier>
  <tier id="t" type="translations" content="c">
    <item id="t0" content="c3[0:35]" alignment="p1"/>
  </tier>
</igt>
<igt id="i157162">
  <metadata type="xigt-meta">
    <meta type="language" name="gunwinggu" iso-639-3="gup" tiers="phrases words morphemes"/>
    <meta type="language" name="English" iso-639-3="eng" tiers="translations"/>
    <meta type="odin-source" doc-id="2863" line-range="273-276" line-types="M+AC+LN L G T"/>
  </metadata>
  <tier id="o" type="odin-raw">
    <item id="o1" line="273" tag="M+AC+LN">  (7) Gunwinggu (Oates 1964)</item>
    <item id="o2" line="274" tag="L">     a. ...gene-red-nang             redgerengeni</item>
    <item id="o3" line="275" tag="G">           they.two.NOM-camp-saw camp.new.ACC</item>
    <item id="o4" line="276" tag="T">           `...they saw a new camp.'</item>
  </tier>
  <tier id="c" type="odin-clean">
    <item id="c1" line="273" tag="M+AC+LN">Gunwinggu (Oates 1964</item>
    <item id="c2" line="274" tag="L">...gene-red-nang             redgerengeni</item>
    <item id="c3" line="275" tag="G">they.two.NOM-camp-saw camp.new.ACC</item>
    <item id="c4" line="276" tag="T">...they saw a new camp.</item>
  </tier>
  <tier id="p" type="phrases" content="c">
    <item id="p0" content="c2[0:41]"/>
  </tier>
  <tier id="g" type="glosses" content="c">
    <item id="g0" content="c3[0:34]" alignment="p1"/>
  </tier>
  <tier id="t" type="translations" content="c">
    <item id="t0" content="c4[0:23]" alignment="p1"/>
  </tier>
</igt>
<igt id="i157163">
  <metadata type="xigt-meta">
    <meta type="language" name="gunwinggu" iso-639-3="gup" tiers="phrases words morphemes"/>
    <meta type="language" name="English" iso-639-3="eng" tiers="translations"/>
    <meta type="odin-source" doc-id="2863" line-range="277-279" line-types="L G T"/>
  </metadata>
  <tier id="o" type="odin-raw">
    <item id="o1" line="277" tag="L">     b. ...bene-dulg-nang             mangaralalymayn</item>
    <item id="o2" line="278" tag="G">           they.two.NOM-tree-saw cashew.nut.ACC</item>
    <item id="o3" line="279" tag="T">           `...they saw a cashew tree.'</item>
  </tier>
  <tier id="c" type="odin-clean">
    <item id="c1" line="277" tag="L">...bene-dulg-nang             mangaralalymayn</item>
    <item id="c2" line="278" tag="G">they.two.NOM-tree-saw cashew.nut.ACC</item>
    <item id="c3" line="279" tag="T">...they saw a cashew tree.</item>
  </tier>
  <tier id="p" type="phrases" content="c">
    <item id="p0" content="c1[0:45]"/>
  </tier>
  <tier id="g" type="glosses" content="c">
    <item id="g0" content="c2[0:36]" alignment="p1"/>
  </tier>
  <tier id="t" type="translations" content="c">
    <item id="t0" content="c3[0:26]" alignment="p1"/>
  </tier>
</igt>
</xigt-corpus>
