<?xml version="1.0" encoding="UTF-8"?>
<xigt-corpus>
<igt id="i24593">
  <metadata type="xigt-meta">
    <meta type="language" name="golin" iso-639-3="gvf" tiers="phrases words morphemes"/>
    <meta type="language" name="English" iso-639-3="eng" tiers="translations"/>
    <meta type="odin-source" doc-id="2111" line-range="1297-1306" line-types="L G B L G B L G B T"/>
  </metadata>
  <tier id="o" type="odin-raw">
    <item id="o1" line="1297" tag="L">  (91)   Yal     ta      kol    yau-le          e-ra           aala u-n-g-w-e</item>
    <item id="o2" line="1298" tag="G">         man     one     door   open-SEQ        go-IRR         house come-3-Ass-3-Prox</item>
    <item id="o3" line="1299" tag="B"></item>
    <item id="o4" line="1300" tag="L">         i   yal          ta     aala milu-n-g-w-a             o(?u)-n-g-w-a</item>
    <item id="o5" line="1301" tag="G">         DEM man         one    house be-3-Ass-3-DIST          come-3-Ass-3-Dist</item>
    <item id="o6" line="1302" tag="B"></item>
    <item id="o7" line="1303" tag="L">         kole.kole toone        kar-n-g-w-e</item>
    <item id="o8" line="1304" tag="G">         here.here facing       see-3-Ass-3-DIST</item>
    <item id="o9" line="1305" tag="B"></item>
    <item id="o10" line="1306" tag="T">         `And the other one in the room stands up and they are facing each other.</item>
  </tier>
  <tier id="c" type="odin-clean">
    <item id="c1" line="1297" tag="L">Yal     ta      kol    yau-le          e-ra           aala u-n-g-w-e</item>
    <item id="c2" line="1298" tag="G">man     one     door   open-SEQ        go-IRR         house come-3-Ass-3-Prox</item>
    <item id="c3" line="1299" tag="B"/>
    <item id="c4" line="1300" tag="L">i   yal          ta     aala milu-n-g-w-a             o(?u)-n-g-w-a</item>
    <item id="c5" line="1301" tag="G">DEM man         one    house be-3-Ass-3-DIST          come-3-Ass-3-Dist</item>
    <item id="c6" line="1302" tag="B"/>
    <item id="c7" line="1303" tag="L">kole.kole toone        kar-n-g-w-e</item>
    <item id="c8" line="1304" tag="G">here.here facing       see-3-Ass-3-DIST</item>
    <item id="c9" line="1305" tag="B"/>
    <item id="c10" line="1306" tag="T">And the other one in the room stands up and they are facing each other.</item>
  </tier>
  <tier id="p" type="phrases" content="c">
    <item id="p0" content="c1[0:68]"/>
    <item id="p1" content="c4[0:67]"/>
    <item id="p2" content="c7[0:34]"/>
  </tier>
  <tier id="g" type="glosses" content="c">
    <item id="g0" content="c2[0:77]" alignment="p1"/>
    <item id="g1" content="c5[0:71]" alignment="p2"/>
    <item id="g2" content="c8[0:39]" alignment="p3"/>
  </tier>
  <tier id="t" type="translations" content="c">
    <item id="t0" content="c10[0:71]" alignment="p3"/>
  </tier>
</igt>
<igt id="i32119">
  <metadata type="xigt-meta">
    <meta type="language" name="golin" iso-639-3="gvf" tiers="phrases words morphemes"/>
    <meta type="language" name="English" iso-639-3="eng" tiers="translations"/>
    <meta type="odin-source" doc-id="2020" line-range="894-901" line-types="M+LN L G B L G T T+EX"/>
  </metadata>
  <tier id="o" type="odin-raw">
    <item id="o1" line="894" tag="M+LN">  Golin (Chimbu; Papuan)</item>
    <item id="o2" line="895" tag="L">  (31) Abal su        i  yal paunan               aato-n-g-w-e</item>
    <item id="o3" line="896" tag="G">         woman two DEM man jaw                    touch-3-Ass-3-PROX</item>
    <item id="o4" line="897" tag="B"></item>
    <item id="o5" line="898" tag="L">         i       yal      su      abal su          paunan aato-n-g-w-e.</item>
    <item id="o6" line="899" tag="G">         DEM man two woman two                     jaw    touch-3-Ass-3-PROX</item>
    <item id="o7" line="900" tag="T">         Two girls touch the two men on the       jaws, and the two men touch the two girls'</item>
    <item id="o8" line="901" tag="T+EX">         jaws. [I.e. the girls and the men are   touching each other's jaws]</item>
  </tier>
  <tier id="c" type="odin-clean">
    <item id="c1" line="894" tag="M+LN">Golin (Chimbu; Papuan)</item>
    <item id="c2" line="895" tag="L">Abal su        i  yal paunan               aato-n-g-w-e</item>
    <item id="c3" line="896" tag="G">woman two DEM man jaw                    touch-3-Ass-3-PROX</item>
    <item id="c4" line="897" tag="B"/>
    <item id="c5" line="898" tag="L">i       yal      su      abal su          paunan aato-n-g-w-e.</item>
    <item id="c6" line="899" tag="G">DEM man two woman two                     jaw    touch-3-Ass-3-PROX</item>
    <item id="c7" line="900" tag="T">Two girls touch the two men on the       jaws, and the two men touch the two girls</item>
    <item id="c8" line="901" tag="T+EX">jaws. [I.e. the girls and the men are   touching each other's jaws]</item>
  </tier>
  <tier id="p" type="phrases" content="c">
    <item id="p0" content="c2[0:55]"/>
    <item id="p1" content="c5[0:62]"/>
  </tier>
  <tier id="g" type="glosses" content="c">
    <item id="g0" content="c3[0:59]" alignment="p1"/>
    <item id="g1" content="c6[0:67]" alignment="p2"/>
  </tier>
  <tier id="t" type="translations" content="c">
    <item id="t0" content="c7[0:82]" alignment="p2"/>
    <item id="t1" content="c8[0:67]" alignment="p2"/>
  </tier>
</igt>
<igt id="i41776">
  <metadata type="xigt-meta">
    <meta type="language" name="golin" iso-639-3="gvf" tiers="phrases words morphemes"/>
    <meta type="language" name="English" iso-639-3="eng" tiers="translations"/>
    <meta type="odin-source" doc-id="3501" line-range="1086-1100" line-types="L G B L G B L G B L G B T T+LT+AL C"/>
  </metadata>
  <tier id="o" type="odin-raw">
    <item id="o1" line="1086" tag="L">  (30) Abal su                alemile                      abal               ta       gibl-in igin</item>
    <item id="o2" line="1087" tag="G">  GOL woman two               be.standing:SEQ              woman              one      head-3 hair-3</item>
    <item id="o3" line="1088" tag="B"></item>
    <item id="o4" line="1089" tag="L">           aato-n-g-w-e</item>
    <item id="o5" line="1090" tag="G">           touch-3-Ass-3-Dist</item>
    <item id="o6" line="1091" tag="B"></item>
    <item id="o7" line="1092" tag="L">           abal ta            kwi                abal ta            gibl-in igin aato-n-g-w-e</item>
    <item id="o8" line="1093" tag="G">           woman one          in.return          woman one          head-3 hair-3 touch-3-Ass-3-Dist</item>
    <item id="o9" line="1094" tag="B"></item>
    <item id="o10" line="1095" tag="L">           eri-n-g-w-e.</item>
    <item id="o11" line="1096" tag="G">           go-3-Ass-3-Dist</item>
    <item id="o12" line="1097" tag="B"></item>
    <item id="o13" line="1098" tag="T">           `Two women are touching each other's hair.'</item>
    <item id="o14" line="1099" tag="T+LT+AL">           Literally: `two women are standing and one woman touches her hair and then in</item>
    <item id="o15" line="1100" tag="C">           return one woman touches her back.'</item>
  </tier>
  <tier id="c" type="odin-clean">
    <item id="c1" line="1086" tag="L">Abal su                alemile                      abal               ta       gibl-in igin</item>
    <item id="c2" line="1087" tag="G">GOL woman two               be.standing:SEQ              woman              one      head-3 hair-3</item>
    <item id="c3" line="1088" tag="B"/>
    <item id="c4" line="1089" tag="L">aato-n-g-w-e</item>
    <item id="c5" line="1090" tag="G">touch-3-Ass-3-Dist</item>
    <item id="c6" line="1091" tag="B"/>
    <item id="c7" line="1092" tag="L">abal ta            kwi                abal ta            gibl-in igin aato-n-g-w-e</item>
    <item id="c8" line="1093" tag="G">woman one          in.return          woman one          head-3 hair-3 touch-3-Ass-3-Dist</item>
    <item id="c9" line="1094" tag="B"/>
    <item id="c10" line="1095" tag="L">eri-n-g-w-e.</item>
    <item id="c11" line="1096" tag="G">go-3-Ass-3-Dist</item>
    <item id="c12" line="1097" tag="B"/>
    <item id="c13" line="1098" tag="T">Two women are touching each other's hair.</item>
    <item id="c14" line="1099" tag="T+LT+AL">`two women are standing and one woman touches her hair and then in</item>
    <item id="c15" line="1100" tag="C">return one woman touches her back.</item>
  </tier>
  <tier id="p" type="phrases" content="c">
    <item id="p0" content="c1[0:92]"/>
    <item id="p1" content="c4[0:12]"/>
    <item id="p2" content="c7[0:82]"/>
    <item id="p3" content="c10[0:12]"/>
  </tier>
  <tier id="g" type="glosses" content="c">
    <item id="g0" content="c2[0:98]" alignment="p1"/>
    <item id="g1" content="c5[0:18]" alignment="p2"/>
    <item id="g2" content="c8[0:89]" alignment="p3"/>
    <item id="g3" content="c11[0:15]" alignment="p4"/>
  </tier>
  <tier id="t" type="translations" content="c">
    <item id="t0" content="c13[0:41]" alignment="p4"/>
    <item id="t1" content="c14[0:66]" alignment="p4"/>
  </tier>
</igt>
<igt id="i49236">
  <metadata type="xigt-meta">
    <meta type="language" name="golin" iso-639-3="gvf" tiers="phrases words morphemes"/>
    <meta type="language" name="English" iso-639-3="eng" tiers="translations"/>
    <meta type="odin-source" doc-id="3408" line-range="400-416" line-types="M+LN+CN B L G+LN B L G B L G B L G B T T+LT+AL C"/>
  </metadata>
  <tier id="o" type="odin-raw">
    <item id="o1" line="400" tag="M+LN+CN">  3.2.1 Event chaining. Golin (Chimbu family; Papuan)</item>
    <item id="o2" line="401" tag="B"></item>
    <item id="o3" line="402" tag="L">  (30) Abal su            alemile                 abal           ta    gibl-in igin</item>
    <item id="o4" line="403" tag="G+LN">  GOL woman two           be.standing:SEQ         woman          one   head-3 hair-3</item>
    <item id="o5" line="404" tag="B"></item>
    <item id="o6" line="405" tag="L">          aato-n-g-w-e</item>
    <item id="o7" line="406" tag="G">          touch-3-Ass-3-Dist</item>
    <item id="o8" line="407" tag="B"></item>
    <item id="o9" line="408" tag="L">          abal ta         kwi               abal ta       gibl-in igin aato-n-g-w-e</item>
    <item id="o10" line="409" tag="G">          woman one       in.return         woman one     head-3 hair-3 touch-3-Ass-3-Dist</item>
    <item id="o11" line="410" tag="B"></item>
    <item id="o12" line="411" tag="L">          eri-n-g-w-e.</item>
    <item id="o13" line="412" tag="G">          go-3-Ass-3-Dist</item>
    <item id="o14" line="413" tag="B"></item>
    <item id="o15" line="414" tag="T">          `Two women are touching each other's hair.'</item>
    <item id="o16" line="415" tag="T+LT+AL">          Literally: `two women are standing and one woman touches her hair and then in</item>
    <item id="o17" line="416" tag="C">          return one woman touches her back.'</item>
  </tier>
  <tier id="c" type="odin-clean">
    <item id="c1" line="400" tag="M+LN+CN">3.2.1 Event chaining. Golin (Chimbu family; Papuan)</item>
    <item id="c2" line="401" tag="B"/>
    <item id="c3" line="402" tag="L">Abal su            alemile                 abal           ta    gibl-in igin</item>
    <item id="c4" line="403" tag="G+LN">GOL woman two           be.standing:SEQ         woman          one   head-3 hair-3</item>
    <item id="c5" line="404" tag="B"/>
    <item id="c6" line="405" tag="L">aato-n-g-w-e</item>
    <item id="c7" line="406" tag="G">touch-3-Ass-3-Dist</item>
    <item id="c8" line="407" tag="B"/>
    <item id="c9" line="408" tag="L">abal ta         kwi               abal ta       gibl-in igin aato-n-g-w-e</item>
    <item id="c10" line="409" tag="G">woman one       in.return         woman one     head-3 hair-3 touch-3-Ass-3-Dist</item>
    <item id="c11" line="410" tag="B"/>
    <item id="c12" line="411" tag="L">eri-n-g-w-e.</item>
    <item id="c13" line="412" tag="G">go-3-Ass-3-Dist</item>
    <item id="c14" line="413" tag="B"/>
    <item id="c15" line="414" tag="T">Two women are touching each other's hair.</item>
    <item id="c16" line="415" tag="T+LT+AL">`two women are standing and one woman touches her hair and then in</item>
    <item id="c17" line="416" tag="C">return one woman touches her back.</item>
  </tier>
  <tier id="p" type="phrases" content="c">
    <item id="p0" content="c3[0:76]"/>
    <item id="p1" content="c6[0:12]"/>
    <item id="p2" content="c9[0:73]"/>
    <item id="p3" content="c12[0:12]"/>
  </tier>
  <tier id="g" type="glosses" content="c">
    <item id="g0" content="c4[0:82]" alignment="p1"/>
    <item id="g1" content="c7[0:18]" alignment="p2"/>
    <item id="g2" content="c10[0:80]" alignment="p3"/>
    <item id="g3" content="c13[0:15]" alignment="p4"/>
  </tier>
  <tier id="t" type="translations" content="c">
    <item id="t0" content="c15[0:41]" alignment="p4"/>
    <item id="t1" content="c16[0:66]" alignment="p4"/>
  </tier>
</igt>
<igt id="i118128">
  <metadata type="xigt-meta">
    <meta type="language" name="golin" iso-639-3="gvf" tiers="phrases words morphemes"/>
    <meta type="language" name="English" iso-639-3="eng" tiers="translations"/>
    <meta type="odin-source" doc-id="3657" line-range="3944-3948" line-types="L G T M T+DB+AL"/>
  </metadata>
  <tier id="o" type="odin-raw">
    <item id="o1" line="3944" tag="L">  (1)     abal  i          [awi     na       si-m-u-a]              di-n-g-w-e</item>
    <item id="o2" line="3945" tag="G">          woman TOP        dog      1sg      hit-3-REP-DIST         say-3-AS-3-PROX</item>
    <item id="o3" line="3946" tag="T">          Shei said that the dog bit mej.</item>
    <item id="o4" line="3947" tag="M">          or</item>
    <item id="o5" line="3948" tag="T+DB+AL">          Shei said that the dog bit heri. / Shei said "the dog bit mei".</item>
  </tier>
  <tier id="c" type="odin-clean">
    <item id="c1" line="3944" tag="L">abal  i          [awi     na       si-m-u-a]              di-n-g-w-e</item>
    <item id="c2" line="3945" tag="G">woman TOP        dog      1sg      hit-3-REP-DIST         say-3-AS-3-PROX</item>
    <item id="c3" line="3946" tag="T">Shei said that the dog bit mej.</item>
    <item id="c4" line="3947" tag="M">or</item>
    <item id="c5" line="3948" tag="T+DB+AL">Shei said that the dog bit heri. / Shei said "the dog bit mei".</item>
  </tier>
  <tier id="p" type="phrases" content="c">
    <item id="p0" content="c1[0:68]"/>
  </tier>
  <tier id="g" type="glosses" content="c">
    <item id="g0" content="c2[0:73]" alignment="p1"/>
  </tier>
  <tier id="t" type="translations" content="c">
    <item id="t0" content="c3[0:31]" alignment="p1"/>
    <item id="t1" content="c5[0:63]" alignment="p1"/>
  </tier>
</igt>
<igt id="i118129">
  <metadata type="xigt-meta">
    <meta type="language" name="golin" iso-639-3="gvf" tiers="phrases words morphemes"/>
    <meta type="language" name="English" iso-639-3="eng" tiers="translations"/>
    <meta type="odin-source" doc-id="3657" line-range="3950-3952" line-types="L G T+DB"/>
  </metadata>
  <tier id="o" type="odin-raw">
    <item id="o1" line="3950" tag="L">  (2)     [na     i        yal-su            si-ø-w-a]              di-n-g-e</item>
    <item id="o2" line="3951" tag="G">          1sg     2        man-two           hit-1sg-REP-DIST       say-2-AS-PROX</item>
    <item id="o3" line="3952" tag="T+DB">          Youi said youi hit usj (2)./Youi said "Ii hit youj (2)"</item>
  </tier>
  <tier id="c" type="odin-clean">
    <item id="c1" line="3950" tag="L">[na     i        yal-su            si-ø-w-a]              di-n-g-e</item>
    <item id="c2" line="3951" tag="G">1sg     2        man-two           hit-1sg-REP-DIST       say-2-AS-PROX</item>
    <item id="c3" line="3952" tag="T+DB">Youi said youi hit usj (2)./Youi said "Ii hit youj (2)</item>
  </tier>
  <tier id="p" type="phrases" content="c">
    <item id="p0" content="c1[0:66]"/>
  </tier>
  <tier id="g" type="glosses" content="c">
    <item id="g0" content="c2[0:71]" alignment="p1"/>
  </tier>
  <tier id="t" type="translations" content="c">
    <item id="t0" content="c3[0:54]" alignment="p1"/>
  </tier>
</igt>
<igt id="i118130">
  <metadata type="xigt-meta">
    <meta type="language" name="golin" iso-639-3="gvf" tiers="phrases words morphemes"/>
    <meta type="language" name="English" iso-639-3="eng" tiers="translations"/>
    <meta type="odin-source" doc-id="3657" line-range="3954-3956" line-types="L G T"/>
  </metadata>
  <tier id="o" type="odin-raw">
    <item id="o1" line="3954" tag="L">  (3)     yal     i        [na      na       si-m-u-a]              di-n-g-w-e</item>
    <item id="o2" line="3955" tag="G">          man     T OP     1sg      1sg      hit-3-REP-DIST         say-3-AS-3-PROX</item>
    <item id="o3" line="3956" tag="T">          Hei said Ij hit himi.</item>
  </tier>
  <tier id="c" type="odin-clean">
    <item id="c1" line="3954" tag="L">yal     i        [na      na       si-m-u-a]              di-n-g-w-e</item>
    <item id="c2" line="3955" tag="G">man     T OP     1sg      1sg      hit-3-REP-DIST         say-3-AS-3-PROX</item>
    <item id="c3" line="3956" tag="T">Hei said Ij hit himi.</item>
  </tier>
  <tier id="p" type="phrases" content="c">
    <item id="p0" content="c1[0:68]"/>
  </tier>
  <tier id="g" type="glosses" content="c">
    <item id="g0" content="c2[0:73]" alignment="p1"/>
  </tier>
  <tier id="t" type="translations" content="c">
    <item id="t0" content="c3[0:21]" alignment="p1"/>
  </tier>
</igt>
<igt id="i118131">
  <metadata type="xigt-meta">
    <meta type="language" name="golin" iso-639-3="gvf" tiers="phrases words morphemes"/>
    <meta type="language" name="English" iso-639-3="eng" tiers="translations"/>
    <meta type="odin-source" doc-id="3657" line-range="3958-3960" line-types="L G T"/>
  </metadata>
  <tier id="o" type="odin-raw">
    <item id="o1" line="3958" tag="L">  (4)     yal     kane     [inin    er-o-m-u-a]              di-n-g-w-e</item>
    <item id="o2" line="3959" tag="G">          man     many     1pl      do-go-3-REP-DIST         say-3-AS-3-PROX</item>
    <item id="o3" line="3960" tag="T">          They said we are going.</item>
  </tier>
  <tier id="c" type="odin-clean">
    <item id="c1" line="3958" tag="L">yal     kane     [inin    er-o-m-u-a]              di-n-g-w-e</item>
    <item id="c2" line="3959" tag="G">man     many     1pl      do-go-3-REP-DIST         say-3-AS-3-PROX</item>
    <item id="c3" line="3960" tag="T">They said we are going.</item>
  </tier>
  <tier id="p" type="phrases" content="c">
    <item id="p0" content="c1[0:61]"/>
  </tier>
  <tier id="g" type="glosses" content="c">
    <item id="g0" content="c2[0:66]" alignment="p1"/>
  </tier>
  <tier id="t" type="translations" content="c">
    <item id="t0" content="c3[0:23]" alignment="p1"/>
  </tier>
</igt>
<igt id="i118132">
  <metadata type="xigt-meta">
    <meta type="language" name="golin" iso-639-3="gvf" tiers="phrases words morphemes"/>
    <meta type="language" name="English" iso-639-3="eng" tiers="translations"/>
    <meta type="odin-source" doc-id="3657" line-range="3962-3964" line-types="L G T"/>
  </metadata>
  <tier id="o" type="odin-raw">
    <item id="o1" line="3962" tag="L">  (5)     yal     i        [wan     wa i     n-a-m-a                de]     pru-n-g-w-e</item>
    <item id="o2" line="3963" tag="G">          man     T OP     son      good     go-IRR-3-DIST          say     think-3-AS-3-PROX</item>
    <item id="o3" line="3964" tag="T">          Hei wants his sonj to go well.</item>
  </tier>
  <tier id="c" type="odin-clean">
    <item id="c1" line="3962" tag="L">yal     i        [wan     wa i     n-a-m-a                de]     pru-n-g-w-e</item>
    <item id="c2" line="3963" tag="G">man     T OP     son      good     go-IRR-3-DIST          say     think-3-AS-3-PROX</item>
    <item id="c3" line="3964" tag="T">Hei wants his sonj to go well.</item>
  </tier>
  <tier id="p" type="phrases" content="c">
    <item id="p0" content="c1[0:77]"/>
  </tier>
  <tier id="g" type="glosses" content="c">
    <item id="g0" content="c2[0:83]" alignment="p1"/>
  </tier>
  <tier id="t" type="translations" content="c">
    <item id="t0" content="c3[0:30]" alignment="p1"/>
  </tier>
</igt>
<igt id="i118133">
  <metadata type="xigt-meta">
    <meta type="language" name="golin" iso-639-3="gvf" tiers="phrases words morphemes"/>
    <meta type="language" name="English" iso-639-3="eng" tiers="translations"/>
    <meta type="odin-source" doc-id="3657" line-range="3966-3968" line-types="L G T"/>
  </metadata>
  <tier id="o" type="odin-raw">
    <item id="o1" line="3966" tag="L">  (6)     na      [yal     i        bia      yo-m-a          di ] pri-ø-g-e</item>
    <item id="o2" line="3967" tag="G">          1sg     ma n     T OP     old      be-3-DIST       COMP think-1sg-AS-PROX</item>
    <item id="o3" line="3968" tag="T">          I assume he is old.</item>
  </tier>
  <tier id="c" type="odin-clean">
    <item id="c1" line="3966" tag="L">na      [yal     i        bia      yo-m-a          di ] pri-ø-g-e</item>
    <item id="c2" line="3967" tag="G">1sg     ma n     T OP     old      be-3-DIST       COMP think-1sg-AS-PROX</item>
    <item id="c3" line="3968" tag="T">I assume he is old.</item>
  </tier>
  <tier id="p" type="phrases" content="c">
    <item id="p0" content="c1[0:65]"/>
  </tier>
  <tier id="g" type="glosses" content="c">
    <item id="g0" content="c2[0:73]" alignment="p1"/>
  </tier>
  <tier id="t" type="translations" content="c">
    <item id="t0" content="c3[0:19]" alignment="p1"/>
  </tier>
</igt>
<igt id="i118134">
  <metadata type="xigt-meta">
    <meta type="language" name="golin" iso-639-3="gvf" tiers="phrases words morphemes"/>
    <meta type="language" name="English" iso-639-3="eng" tiers="translations"/>
    <meta type="odin-source" doc-id="3657" line-range="3970-3972" line-types="L G T+DB+SY"/>
  </metadata>
  <tier id="o" type="odin-raw">
    <item id="o1" line="3970" tag="L">  (7)     yal     i         [i       si-ø-w-a]               di-n-g-w-e</item>
    <item id="o2" line="3971" tag="G">          man     T OP 2             hit-1sg-REP-DIST        say-3-AS-3-PROX</item>
    <item id="o3" line="3972" tag="T+DB+SY">          Hei said hei hit youj. / Hei said "Ii hit youj"</item>
  </tier>
  <tier id="c" type="odin-clean">
    <item id="c1" line="3970" tag="L">yal     i         [i       si-ø-w-a]               di-n-g-w-e</item>
    <item id="c2" line="3971" tag="G">man     T OP 2             hit-1sg-REP-DIST        say-3-AS-3-PROX</item>
    <item id="c3" line="3972" tag="T+DB+SY">Hei said hei hit youj. / Hei said "Ii hit youj</item>
  </tier>
  <tier id="p" type="phrases" content="c">
    <item id="p0" content="c1[0:61]"/>
  </tier>
  <tier id="g" type="glosses" content="c">
    <item id="g0" content="c2[0:66]" alignment="p1"/>
  </tier>
  <tier id="t" type="translations" content="c">
    <item id="t0" content="c3[0:46]" alignment="p1"/>
  </tier>
</igt>
<igt id="i118135">
  <metadata type="xigt-meta">
    <meta type="language" name="golin" iso-639-3="gvf" tiers="phrases words morphemes"/>
    <meta type="language" name="English" iso-639-3="eng" tiers="translations"/>
    <meta type="odin-source" doc-id="3657" line-range="3975-3978" line-types="L G T+DB C"/>
  </metadata>
  <tier id="o" type="odin-raw">
    <item id="o1" line="3975" tag="L">  (8)     ebal   benamble           [solwara           kar-a-l-a]           pri-m=ba</item>
    <item id="o2" line="3976" tag="G">          person many               saltwater(TP)      see-IRR-1sg-DIST     think-3=CONC</item>
    <item id="o3" line="3977" tag="T+DB">          Although many people want to see the sea... /Many people think "I will see the</item>
    <item id="o4" line="3978" tag="C">          sea", but...</item>
  </tier>
  <tier id="c" type="odin-clean">
    <item id="c1" line="3975" tag="L">ebal   benamble           [solwara           kar-a-l-a]           pri-m=ba</item>
    <item id="c2" line="3976" tag="G">person many               saltwater(TP)      see-IRR-1sg-DIST     think-3=CONC</item>
    <item id="c3" line="3977" tag="T+DB">Although many people want to see the sea... /Many people think "I will see the</item>
    <item id="c4" line="3978" tag="C">sea", but...</item>
  </tier>
  <tier id="p" type="phrases" content="c">
    <item id="p0" content="c1[0:74]"/>
  </tier>
  <tier id="g" type="glosses" content="c">
    <item id="g0" content="c2[0:78]" alignment="p1"/>
  </tier>
  <tier id="t" type="translations" content="c">
    <item id="t0" content="c3[0:78]" alignment="p1"/>
  </tier>
</igt>
</xigt-corpus>
