<?xml version="1.0" encoding="UTF-8"?>
<xigt-corpus>
<igt id="i2093">
  <metadata type="xigt-meta">
    <meta type="language" name="gugu-yalanji" iso-639-3="gvn" tiers="phrases words morphemes"/>
    <meta type="language" name="English" iso-639-3="eng" tiers="translations"/>
    <meta type="odin-source" doc-id="557" line-range="1652-1654" line-types="L G T"/>
  </metadata>
  <tier id="o" type="odin-raw">
    <item id="o1" line="1652" tag="L">  (93)a. Ko m'ok wiel</item>
    <item id="o2" line="1653" tag="G">             But CONT walk</item>
    <item id="o3" line="1654" tag="T">             `He kept walking'</item>
  </tier>
  <tier id="c" type="odin-clean">
    <item id="c1" line="1652" tag="L">Ko m'ok wiel</item>
    <item id="c2" line="1653" tag="G">But CONT walk</item>
    <item id="c3" line="1654" tag="T">He kept walking</item>
  </tier>
  <tier id="p" type="phrases" content="c">
    <item id="p0" content="c1[0:12]"/>
  </tier>
  <tier id="g" type="glosses" content="c">
    <item id="g0" content="c2[0:13]" alignment="p1"/>
  </tier>
  <tier id="t" type="translations" content="c">
    <item id="t0" content="c3[0:15]" alignment="p1"/>
  </tier>
</igt>
<igt id="i2094">
  <metadata type="xigt-meta">
    <meta type="language" name="gugu-yalanji" iso-639-3="gvn" tiers="phrases words morphemes"/>
    <meta type="language" name="English" iso-639-3="eng" tiers="translations"/>
    <meta type="odin-source" doc-id="557" line-range="1655-1656" line-types="L G"/>
  </metadata>
  <tier id="o" type="odin-raw">
    <item id="o1" line="1655" tag="L">     b.      yirrka-n-yiirka-y</item>
    <item id="o2" line="1656" tag="G">             keep shouting"</item>
  </tier>
  <tier id="c" type="odin-clean">
    <item id="c1" line="1655" tag="L">yirrka-n-yiirka-y</item>
    <item id="c2" line="1656" tag="G">keep shouting</item>
  </tier>
  <tier id="p" type="phrases" content="c">
    <item id="p0" content="c1[0:17]"/>
  </tier>
  <tier id="g" type="glosses" content="c">
    <item id="g0" content="c2[0:13]" alignment="p1"/>
  </tier>
</igt>
</xigt-corpus>
