<?xml version="1.0" encoding="UTF-8"?>
<xigt-corpus>
<igt id="i135386">
  <metadata type="xigt-meta">
    <meta type="language" name="gavião" iso-639-3="gvp" tiers="phrases words morphemes"/>
    <meta type="language" name="English" iso-639-3="eng" tiers="translations"/>
    <meta type="odin-source" doc-id="2369" line-range="6669-6672" line-types="L G+CR G+CR T"/>
  </metadata>
  <tier id="o" type="odin-raw">
    <item id="o1" line="6669" tag="L">        (i) è       bó               tá-máh                 mató-á</item>
    <item id="o2" line="6670" tag="G+CR">                    connector (then) 3PL-DECL+PAS           3SG+show+FINA</item>
    <item id="o3" line="6671" tag="G+CR">            that                                        T                L</item>
    <item id="o4" line="6672" tag="T">            `Then they showed it.'</item>
  </tier>
  <tier id="c" type="odin-clean">
    <item id="c1" line="6669" tag="L">è       bó               tá-máh                 mató-á</item>
    <item id="c2" line="6670 6671" tag="G+CR">that    connector (then) 3PL-DECL+PAS       T   3SG+show+FINAL</item>
    <item id="c4" line="6672" tag="T">Then they showed it.</item>
  </tier>
  <tier id="p" type="phrases" content="c">
    <item id="p0" content="c1[0:54]"/>
  </tier>
  <tier id="g" type="glosses" content="c">
    <item id="g0" content="c2[0:62]" alignment="p1"/>
  </tier>
  <tier id="t" type="translations" content="c">
    <item id="t0" content="c4[0:20]" alignment="p1"/>
  </tier>
</igt>
</xigt-corpus>
