<?xml version="1.0" encoding="UTF-8"?>
<xigt-corpus>
<igt id="i8103">
  <metadata type="xigt-meta">
    <meta type="language" name="gumawana" iso-639-3="gvs" tiers="phrases words morphemes"/>
    <meta type="language" name="English" iso-639-3="eng" tiers="translations"/>
    <meta type="odin-source" doc-id="3214" line-range="1189-1192" line-types="M+AC+LN L G+CR T+CR"/>
  </metadata>
  <tier id="o" type="odin-raw">
    <item id="o1" line="1189" tag="M+AC+LN">              (37) Gumawana(Olson1992:326)</item>
    <item id="o2" line="1190" tag="L">                   a. Kalitoni i-paisewa</item>
    <item id="o3" line="1191" tag="G+CR">                    Kalitoni3sg-work</item>
    <item id="o4" line="1192" tag="T+CR">                    `Kalitoniworked.'</item>
  </tier>
  <tier id="c" type="odin-clean">
    <item id="c1" line="1189" tag="M+AC+LN">Gumawana(Olson1992:326</item>
    <item id="c2" line="1190" tag="L">Kalitoni i-paisewa</item>
    <item id="c3" line="1191" tag="G+CR">Kalitoni3sg-work</item>
    <item id="c4" line="1192" tag="T+CR">Kalitoniworked.</item>
  </tier>
  <tier id="p" type="phrases" content="c">
    <item id="p0" content="c2[0:18]"/>
  </tier>
  <tier id="g" type="glosses" content="c">
    <item id="g0" content="c3[0:16]" alignment="p1"/>
  </tier>
  <tier id="t" type="translations" content="c">
    <item id="t0" content="c4[0:15]" alignment="p1"/>
  </tier>
</igt>
<igt id="i8104">
  <metadata type="xigt-meta">
    <meta type="language" name="gumawana" iso-639-3="gvs" tiers="phrases words morphemes"/>
    <meta type="language" name="English" iso-639-3="eng" tiers="translations"/>
    <meta type="odin-source" doc-id="3214" line-range="1193-1195" line-types="L G+CR T+CR"/>
  </metadata>
  <tier id="o" type="odin-raw">
    <item id="o1" line="1193" tag="L">                   b. i-situ     vada sinae-na</item>
    <item id="o2" line="1194" tag="G+CR">                    3sg-enterhouseinside-3sg(Inal)</item>
    <item id="o3" line="1195" tag="T+CR">                    `Heenteredtheinsideof thehouse.'</item>
  </tier>
  <tier id="c" type="odin-clean">
    <item id="c1" line="1193" tag="L">i-situ     vada sinae-na</item>
    <item id="c2" line="1194" tag="G+CR">3sg-enterhouseinside-3sg(Inal)</item>
    <item id="c3" line="1195" tag="T+CR">Heenteredtheinsideof thehouse.</item>
  </tier>
  <tier id="p" type="phrases" content="c">
    <item id="p0" content="c1[0:24]"/>
  </tier>
  <tier id="g" type="glosses" content="c">
    <item id="g0" content="c2[0:30]" alignment="p1"/>
  </tier>
  <tier id="t" type="translations" content="c">
    <item id="t0" content="c3[0:30]" alignment="p1"/>
  </tier>
</igt>
</xigt-corpus>
