<?xml version="1.0" encoding="UTF-8"?>
<xigt-corpus>
<igt id="i29670">
  <metadata type="xigt-meta">
    <meta type="language" name="|gui" iso-639-3="gwj" tiers="phrases words morphemes"/>
    <meta type="language" name="English" iso-639-3="eng" tiers="translations"/>
    <meta type="odin-source" doc-id="16.txt" line-range="187-190" line-types="L+CR L+CR G T"/>
  </metadata>
  <tier id="o" type="odin-raw">
    <item id="o1" line="187" tag="L+CR">    (5)   Cire     !koo</item>
    <item id="o2" line="188" tag="L+CR">                      ~</item>
    <item id="o3" line="189" tag="G">          1.SG.NOM go</item>
    <item id="o4" line="190" tag="T">          `I go.'</item>
  </tier>
  <tier id="c" type="odin-clean">
    <item id="c1" line="187" tag="L+CR">Cire     !koo</item>
    <item id="c3" line="189" tag="G">1.SG.NOM go</item>
    <item id="c4" line="190" tag="T">I go.</item>
  </tier>
  <tier id="p" type="phrases" content="c">
    <item id="p0" content="c1[0:13]"/>
  </tier>
  <tier id="g" type="glosses" content="c">
    <item id="g0" content="c3[0:11]" alignment="p1"/>
  </tier>
  <tier id="t" type="translations" content="c">
    <item id="t0" content="c4[0:5]" alignment="p1"/>
  </tier>
</igt>
<igt id="i29671">
  <metadata type="xigt-meta">
    <meta type="language" name="|gui" iso-639-3="gwj" tiers="phrases words morphemes"/>
    <meta type="language" name="English" iso-639-3="eng" tiers="translations"/>
    <meta type="odin-source" doc-id="16.txt" line-range="192-195" line-types="L+CR L+CR G T"/>
  </metadata>
  <tier id="o" type="odin-raw">
    <item id="o1" line="192" tag="L+CR">    (6)   Da        !koo.</item>
    <item id="o2" line="193" tag="L+CR">                       ~</item>
    <item id="o3" line="194" tag="G">          1.SG.IMP go</item>
    <item id="o4" line="195" tag="T">          `Let me go.'</item>
  </tier>
  <tier id="c" type="odin-clean">
    <item id="c1" line="192" tag="L+CR">Da        !koo.</item>
    <item id="c3" line="194" tag="G">1.SG.IMP go</item>
    <item id="c4" line="195" tag="T">Let me go.</item>
  </tier>
  <tier id="p" type="phrases" content="c">
    <item id="p0" content="c1[0:15]"/>
  </tier>
  <tier id="g" type="glosses" content="c">
    <item id="g0" content="c3[0:11]" alignment="p1"/>
  </tier>
  <tier id="t" type="translations" content="c">
    <item id="t0" content="c4[0:10]" alignment="p1"/>
  </tier>
</igt>
<igt id="i48235">
  <metadata type="xigt-meta">
    <meta type="language" name="gui" iso-639-3="gwj" tiers="phrases words morphemes"/>
    <meta type="language" name="English" iso-639-3="eng" tiers="translations"/>
    <meta type="odin-source" doc-id="3425" line-range="1480-1483" line-types="L+CR L+CR G T"/>
  </metadata>
  <tier id="o" type="odin-raw">
    <item id="o1" line="1480" tag="L+CR">         (i) Cire        !koo.</item>
    <item id="o2" line="1481" tag="L+CR">                             ~</item>
    <item id="o3" line="1482" tag="G">             1.SG.NOM go</item>
    <item id="o4" line="1483" tag="T">                `I go.'</item>
  </tier>
  <tier id="c" type="odin-clean">
    <item id="c1" line="1480" tag="L+CR">Cire        !koo.</item>
    <item id="c3" line="1482" tag="G">1.SG.NOM go</item>
    <item id="c4" line="1483" tag="T">I go.</item>
  </tier>
  <tier id="p" type="phrases" content="c">
    <item id="p0" content="c1[0:17]"/>
  </tier>
  <tier id="g" type="glosses" content="c">
    <item id="g0" content="c3[0:11]" alignment="p1"/>
  </tier>
  <tier id="t" type="translations" content="c">
    <item id="t0" content="c4[0:5]" alignment="p1"/>
  </tier>
</igt>
<igt id="i48236">
  <metadata type="xigt-meta">
    <meta type="language" name="gui" iso-639-3="gwj" tiers="phrases words morphemes"/>
    <meta type="language" name="English" iso-639-3="eng" tiers="translations"/>
    <meta type="odin-source" doc-id="3425" line-range="1484-1487" line-types="L+CR L+CR G T"/>
  </metadata>
  <tier id="o" type="odin-raw">
    <item id="o1" line="1484" tag="L+CR">        (ii) Da         !koo.</item>
    <item id="o2" line="1485" tag="L+CR">                           ~</item>
    <item id="o3" line="1486" tag="G">             1.SG.IMP go</item>
    <item id="o4" line="1487" tag="T">                `Let me go.'</item>
  </tier>
  <tier id="c" type="odin-clean">
    <item id="c1" line="1484" tag="L+CR">Da         !koo.</item>
    <item id="c3" line="1486" tag="G">1.SG.IMP go</item>
    <item id="c4" line="1487" tag="T">Let me go.</item>
  </tier>
  <tier id="p" type="phrases" content="c">
    <item id="p0" content="c1[0:16]"/>
  </tier>
  <tier id="g" type="glosses" content="c">
    <item id="g0" content="c3[0:11]" alignment="p1"/>
  </tier>
  <tier id="t" type="translations" content="c">
    <item id="t0" content="c4[0:10]" alignment="p1"/>
  </tier>
</igt>
<igt id="i150709">
  <metadata type="xigt-meta">
    <meta type="language" name="|gwi" iso-639-3="gwj" tiers="phrases words morphemes"/>
    <meta type="language" name="English" iso-639-3="eng" tiers="translations"/>
    <meta type="odin-source" doc-id="2398" line-range="826-829" line-types="L+CR L+CR G+LN T+EX"/>
  </metadata>
  <tier id="o" type="odin-raw">
    <item id="o1" line="826" tag="L+CR">                                goa?o-kua-ha</item>
    <item id="o2" line="827" tag="L+CR">  (7)     ?itsebi</item>
    <item id="o3" line="828" tag="G+LN">  | Gui   1.du.exc.masc.NOM have.as.cross.cousin-REC-stative</item>
    <item id="o4" line="829" tag="T+EX">          `We are cross cousins.' [All speakers accept]</item>
  </tier>
  <tier id="c" type="odin-clean">
    <item id="c1" line="826 827" tag="L+CR">?itsebi               goa?o-kua-ha</item>
    <item id="c3" line="828" tag="G+LN">| Gui   1.du.exc.masc.NOM have.as.cross.cousin-REC-stative</item>
    <item id="c4" line="829" tag="T+EX">We are cross cousins.' [All speakers accept]</item>
  </tier>
  <tier id="p" type="phrases" content="c">
    <item id="p0" content="c1[0:34]"/>
  </tier>
  <tier id="g" type="glosses" content="c">
    <item id="g0" content="c3[0:58]" alignment="p1"/>
  </tier>
  <tier id="t" type="translations" content="c">
    <item id="t0" content="c4[0:44]" alignment="p1"/>
  </tier>
</igt>
<igt id="i150710">
  <metadata type="xigt-meta">
    <meta type="language" name="|gwi" iso-639-3="gwj" tiers="phrases words morphemes"/>
    <meta type="language" name="English" iso-639-3="eng" tiers="translations"/>
    <meta type="odin-source" doc-id="2398" line-range="832-834" line-types="L G+LN T+EX"/>
  </metadata>
  <tier id="o" type="odin-raw">
    <item id="o1" line="832" tag="L">  (8)     ?itsebi               |ko -kua-ha</item>
    <item id="o2" line="833" tag="G+LN">  | Gui   1.du.exc.msc.NOM have.as.child-REC-stative</item>
    <item id="o3" line="834" tag="T+EX">          `We are a parent and child.' [Some speakers reject as illogical, others accept]</item>
  </tier>
  <tier id="c" type="odin-clean">
    <item id="c1" line="832" tag="L">?itsebi               |ko-kua-ha</item>
    <item id="c2" line="833" tag="G+LN">| Gui   1.du.exc.msc.NOM have.as.child-REC-stative</item>
    <item id="c3" line="834" tag="T+EX">We are a parent and child.' [Some speakers reject as illogical, others accept]</item>
  </tier>
  <tier id="p" type="phrases" content="c">
    <item id="p0" content="c1[0:32]"/>
  </tier>
  <tier id="g" type="glosses" content="c">
    <item id="g0" content="c2[0:50]" alignment="p1"/>
  </tier>
  <tier id="t" type="translations" content="c">
    <item id="t0" content="c3[0:78]" alignment="p1"/>
  </tier>
</igt>
</xigt-corpus>
