<?xml version="1.0" encoding="UTF-8"?>
<xigt-corpus>
<igt id="i49056">
  <metadata type="xigt-meta">
    <meta type="language" name="oromo" iso-639-3="hae" tiers="phrases words morphemes"/>
    <meta type="language" name="English" iso-639-3="eng" tiers="translations"/>
    <meta type="odin-source" doc-id="3405" line-range="6995-6995" line-types="L-T"/>
  </metadata>
  <tier id="o" type="odin-raw">
    <item id="o1" line="6995" tag="L-T">                      Oromo (Harar)               d'ufa                 xootuu        `come'</item>
  </tier>
  <tier id="c" type="odin-clean">
    <item id="c1" line="6995" tag="L-T">Oromo (Harar)               d'ufa                 xootuu        `come</item>
  </tier>
</igt>
<igt id="i52229">
  <metadata type="xigt-meta">
    <meta type="language" name="harar oromo" iso-639-3="hae" tiers="phrases words morphemes"/>
    <meta type="language" name="English" iso-639-3="eng" tiers="translations"/>
    <meta type="odin-source" doc-id="1215" line-range="875-878" line-types="M+AC+CN L G T"/>
  </metadata>
  <tier id="o" type="odin-raw">
    <item id="o1" line="875" tag="M+AC+CN">   (47) Relativization (Owens 1985, 137)</item>
    <item id="o2" line="876" tag="L">        a. * Nyaan-níi xan namiccá xa nyáacc-úu jir-ú         beexan baréedaa.</item>
    <item id="o3" line="877" tag="G">               food-Nom as man        as eat-VN exist-Dep know.Pl nice</item>
    <item id="o4" line="878" tag="T">               `The food that they know the man who is eating is nice.'</item>
  </tier>
  <tier id="c" type="odin-clean">
    <item id="c1" line="875" tag="M+AC+CN">Relativization (Owens 1985, 137</item>
    <item id="c2" line="876" tag="L">* Nyaan-níi xan namiccá xa nyáacc-úu jir-ú         beexan baréedaa.</item>
    <item id="c3" line="877" tag="G">food-Nom as man        as eat-VN exist-Dep know.Pl nice</item>
    <item id="c4" line="878" tag="T">The food that they know the man who is eating is nice.</item>
  </tier>
  <tier id="p" type="phrases" content="c">
    <item id="p0" content="c2[0:67]"/>
  </tier>
  <tier id="g" type="glosses" content="c">
    <item id="g0" content="c3[0:55]" alignment="p1"/>
  </tier>
  <tier id="t" type="translations" content="c">
    <item id="t0" content="c4[0:54]" alignment="p1"/>
  </tier>
</igt>
<igt id="i52230">
  <metadata type="xigt-meta">
    <meta type="language" name="harar oromo" iso-639-3="hae" tiers="phrases words morphemes"/>
    <meta type="language" name="English" iso-639-3="eng" tiers="translations"/>
    <meta type="odin-source" doc-id="1215" line-range="879-881" line-types="L G T"/>
  </metadata>
  <tier id="o" type="odin-raw">
    <item id="o1" line="879" tag="L">        b. * Gurbáa-n xani-f intalá arke gáarii.</item>
    <item id="o2" line="880" tag="G">               boy-Nom as-and girl saw nice</item>
    <item id="o3" line="881" tag="T">               `The boy who he saw and the girl is nice.'</item>
  </tier>
  <tier id="c" type="odin-clean">
    <item id="c1" line="879" tag="L">* Gurbáa-n xani-f intalá arke gáarii.</item>
    <item id="c2" line="880" tag="G">boy-Nom as-and girl saw nice</item>
    <item id="c3" line="881" tag="T">The boy who he saw and the girl is nice.</item>
  </tier>
  <tier id="p" type="phrases" content="c">
    <item id="p0" content="c1[0:37]"/>
  </tier>
  <tier id="g" type="glosses" content="c">
    <item id="g0" content="c2[0:28]" alignment="p1"/>
  </tier>
  <tier id="t" type="translations" content="c">
    <item id="t0" content="c3[0:40]" alignment="p1"/>
  </tier>
</igt>
<igt id="i52231">
  <metadata type="xigt-meta">
    <meta type="language" name="harar oromo" iso-639-3="hae" tiers="phrases words morphemes"/>
    <meta type="language" name="English" iso-639-3="eng" tiers="translations"/>
    <meta type="odin-source" doc-id="1215" line-range="882-885" line-types="M+AC+CN L G T"/>
  </metadata>
  <tier id="o" type="odin-raw">
    <item id="o1" line="882" tag="M+AC+CN">   (48) Wh-in-situ (Owens 1985, 206)</item>
    <item id="o2" line="883" tag="L">        a.    Sun magalaa éen yúu itt déeme?</item>
    <item id="o3" line="884" tag="G">              that market who to-it went</item>
    <item id="o4" line="885" tag="T">              `That is the market who went to?'</item>
  </tier>
  <tier id="c" type="odin-clean">
    <item id="c1" line="882" tag="M+AC+CN">Wh-in-situ (Owens 1985, 206</item>
    <item id="c2" line="883" tag="L">Sun magalaa éen yúu itt déeme?</item>
    <item id="c3" line="884" tag="G">that market who to-it went</item>
    <item id="c4" line="885" tag="T">That is the market who went to?</item>
  </tier>
  <tier id="p" type="phrases" content="c">
    <item id="p0" content="c2[0:30]"/>
  </tier>
  <tier id="g" type="glosses" content="c">
    <item id="g0" content="c3[0:26]" alignment="p1"/>
  </tier>
  <tier id="t" type="translations" content="c">
    <item id="t0" content="c4[0:31]" alignment="p1"/>
  </tier>
</igt>
<igt id="i52232">
  <metadata type="xigt-meta">
    <meta type="language" name="harar oromo" iso-639-3="hae" tiers="phrases words morphemes"/>
    <meta type="language" name="English" iso-639-3="eng" tiers="translations"/>
    <meta type="odin-source" doc-id="1215" line-range="886-888" line-types="L G T"/>
  </metadata>
  <tier id="o" type="odin-raw">
    <item id="o1" line="886" tag="L">        b.    Eeruu-f bakká xám beet-t-a?</item>
    <item id="o2" line="887" tag="G">              field-and place which know-2-Imp</item>
    <item id="o3" line="888" tag="T">              `You know the field and which place?'</item>
  </tier>
  <tier id="c" type="odin-clean">
    <item id="c1" line="886" tag="L">Eeruu-f bakká xám beet-t-a?</item>
    <item id="c2" line="887" tag="G">field-and place which know-2-Imp</item>
    <item id="c3" line="888" tag="T">You know the field and which place?</item>
  </tier>
  <tier id="p" type="phrases" content="c">
    <item id="p0" content="c1[0:27]"/>
  </tier>
  <tier id="g" type="glosses" content="c">
    <item id="g0" content="c2[0:32]" alignment="p1"/>
  </tier>
  <tier id="t" type="translations" content="c">
    <item id="t0" content="c3[0:35]" alignment="p1"/>
  </tier>
</igt>
<igt id="i52233">
  <metadata type="xigt-meta">
    <meta type="language" name="harar oromo" iso-639-3="hae" tiers="phrases words morphemes"/>
    <meta type="language" name="English" iso-639-3="eng" tiers="translations"/>
    <meta type="odin-source" doc-id="1215" line-range="892-894" line-types="L G T+AC"/>
  </metadata>
  <tier id="o" type="odin-raw">
    <item id="o1" line="892" tag="L">   (49)      Nama takká-llée hin-árkine.</item>
    <item id="o2" line="893" tag="G">             person one-even Neg-saw</item>
    <item id="o3" line="894" tag="T+AC">             `We didn't see anyone.' (Owens 1985, 193)</item>
  </tier>
  <tier id="c" type="odin-clean">
    <item id="c1" line="892" tag="L">Nama takká-llée hin-árkine.</item>
    <item id="c2" line="893" tag="G">person one-even Neg-saw</item>
    <item id="c3" line="894" tag="T+AC">We didn't see anyone.' (Owens 1985, 193)</item>
  </tier>
  <tier id="p" type="phrases" content="c">
    <item id="p0" content="c1[0:27]"/>
  </tier>
  <tier id="g" type="glosses" content="c">
    <item id="g0" content="c2[0:23]" alignment="p1"/>
  </tier>
  <tier id="t" type="translations" content="c">
    <item id="t0" content="c3[0:40]" alignment="p1"/>
  </tier>
</igt>
<igt id="i77868">
  <metadata type="xigt-meta">
    <meta type="language" name="harar oromo" iso-639-3="hae" tiers="phrases words morphemes"/>
    <meta type="language" name="English" iso-639-3="eng" tiers="translations"/>
    <meta type="odin-source" doc-id="2521" line-range="1518-1521" line-types="L G M+SY T"/>
  </metadata>
  <tier id="o" type="odin-raw">
    <item id="o1" line="1518" tag="L">  (96) [akká-n            d'ufé-n] beexa</item>
    <item id="o2" line="1519" tag="G">          COMP-1SG came-1SG know</item>
    <item id="o3" line="1520" tag="M+SY">          Comp          Clause</item>
    <item id="o4" line="1521" tag="T">          `I know that I came'</item>
  </tier>
  <tier id="c" type="odin-clean">
    <item id="c1" line="1518" tag="L">[akká-n            d'ufé-n] beexa</item>
    <item id="c2" line="1519" tag="G">COMP-1SG came-1SG know</item>
    <item id="c3" line="1520" tag="M+SY">Comp          Clause</item>
    <item id="c4" line="1521" tag="T">I know that I came</item>
  </tier>
  <tier id="p" type="phrases" content="c">
    <item id="p0" content="c1[0:33]"/>
  </tier>
  <tier id="g" type="glosses" content="c">
    <item id="g0" content="c2[0:22]" alignment="p1"/>
  </tier>
  <tier id="t" type="translations" content="c">
    <item id="t0" content="c4[0:18]" alignment="p1"/>
  </tier>
</igt>
<igt id="i80154">
  <metadata type="xigt-meta">
    <meta type="language" name="eastern oromo" iso-639-3="hae" tiers="phrases words morphemes"/>
    <meta type="language" name="English" iso-639-3="eng" tiers="translations"/>
    <meta type="odin-source" doc-id="1655" line-range="741-744" line-types="L+CR L+CR G T+CR"/>
  </metadata>
  <tier id="o" type="odin-raw">
    <item id="o1" line="741" tag="L+CR">                      arká- d'olkit i</item>
    <item id="o2" line="742" tag="L+CR">  (36)    húrrée-n</item>
    <item id="o3" line="743" tag="G">          fog -NOM sight-ACC reduces</item>
    <item id="o4" line="744" tag="T+CR">          "Fog reduces visibilit y."</item>
  </tier>
  <tier id="c" type="odin-clean">
    <item id="c1" line="741 742" tag="L+CR">húrrée-n  arká-d'olkit i</item>
    <item id="c3" line="743" tag="G">fog-NOM sight-ACC reduces</item>
    <item id="c4" line="744" tag="T+CR">Fog reduces visibilit y.</item>
  </tier>
  <tier id="p" type="phrases" content="c">
    <item id="p0" content="c1[0:24]"/>
  </tier>
  <tier id="g" type="glosses" content="c">
    <item id="g0" content="c3[0:25]" alignment="p1"/>
  </tier>
  <tier id="t" type="translations" content="c">
    <item id="t0" content="c4[0:24]" alignment="p1"/>
  </tier>
</igt>
<igt id="i80155">
  <metadata type="xigt-meta">
    <meta type="language" name="eastern oromo" iso-639-3="hae" tiers="phrases words morphemes"/>
    <meta type="language" name="English" iso-639-3="eng" tiers="translations"/>
    <meta type="odin-source" doc-id="1655" line-range="748-751" line-types="L+CR L+CR G T"/>
  </metadata>
  <tier id="o" type="odin-raw">
    <item id="o1" line="748" tag="L+CR">          ho mmish-níi barána gáarii-</item>
    <item id="o2" line="749" tag="L+CR">  (37)</item>
    <item id="o3" line="750" tag="G">          harvest -NOM this.year good.ACC</item>
    <item id="o4" line="751" tag="T">          "The harvest is good this year."</item>
  </tier>
  <tier id="c" type="odin-clean">
    <item id="c1" line="748 749" tag="L+CR">ho mmish-níi barána gáarii-</item>
    <item id="c3" line="750" tag="G">harvest-NOM this.year good.ACC</item>
    <item id="c4" line="751" tag="T">The harvest is good this year.</item>
  </tier>
  <tier id="p" type="phrases" content="c">
    <item id="p0" content="c1[0:27]"/>
  </tier>
  <tier id="g" type="glosses" content="c">
    <item id="g0" content="c3[0:30]" alignment="p1"/>
  </tier>
  <tier id="t" type="translations" content="c">
    <item id="t0" content="c4[0:30]" alignment="p1"/>
  </tier>
</igt>
<igt id="i113504">
  <metadata type="xigt-meta">
    <meta type="language" name="harar" iso-639-3="hae" tiers="phrases words morphemes"/>
    <meta type="language" name="English" iso-639-3="eng" tiers="translations"/>
    <meta type="odin-source" doc-id="3382" line-range="1554-1557" line-types="L G M+CN T"/>
  </metadata>
  <tier id="o" type="odin-raw">
    <item id="o1" line="1554" tag="L">  (96) [akk?n          d'uf?n] beexa</item>
    <item id="o2" line="1555" tag="G">          comp-1sg came-1sg know</item>
    <item id="o3" line="1556" tag="M+CN">          Comp         Clause</item>
    <item id="o4" line="1557" tag="T">          `I know that I came'</item>
  </tier>
  <tier id="c" type="odin-clean">
    <item id="c1" line="1554" tag="L">[akk?n          d'uf?n] beexa</item>
    <item id="c2" line="1555" tag="G">comp-1sg came-1sg know</item>
    <item id="c3" line="1556" tag="M+CN">Comp         Clause</item>
    <item id="c4" line="1557" tag="T">I know that I came</item>
  </tier>
  <tier id="p" type="phrases" content="c">
    <item id="p0" content="c1[0:29]"/>
  </tier>
  <tier id="g" type="glosses" content="c">
    <item id="g0" content="c2[0:22]" alignment="p1"/>
  </tier>
  <tier id="t" type="translations" content="c">
    <item id="t0" content="c4[0:18]" alignment="p1"/>
  </tier>
</igt>
</xigt-corpus>
