<?xml version="1.0" encoding="UTF-8"?>
<xigt-corpus>
<igt id="i59625">
  <metadata type="xigt-meta">
    <meta type="language" name="hawaiian" iso-639-3="haw" tiers="phrases words morphemes"/>
    <meta type="language" name="English" iso-639-3="eng" tiers="translations"/>
    <meta type="odin-source" doc-id="3043" line-range="119-121" line-types="L G T+AC"/>
  </metadata>
  <tier id="o" type="odin-raw">
    <item id="o1" line="119" tag="L">         (4) Mâ Pita tênei pukapuka.</item>
    <item id="o2" line="120" tag="G">              poss    Pita   det     book</item>
    <item id="o3" line="121" tag="T+AC">              `This book is for Pita.' (Harlow, 361)</item>
  </tier>
  <tier id="c" type="odin-clean">
    <item id="c1" line="119" tag="L">Mâ Pita tênei pukapuka.</item>
    <item id="c2" line="120" tag="G">poss    Pita   det     book</item>
    <item id="c3" line="121" tag="T+AC">This book is for Pita.' (Harlow, 361)</item>
  </tier>
  <tier id="p" type="phrases" content="c">
    <item id="p0" content="c1[0:23]"/>
  </tier>
  <tier id="g" type="glosses" content="c">
    <item id="g0" content="c2[0:27]" alignment="p1"/>
  </tier>
  <tier id="t" type="translations" content="c">
    <item id="t0" content="c3[0:37]" alignment="p1"/>
  </tier>
</igt>
</xigt-corpus>
