<?xml version="1.0" encoding="UTF-8"?>
<xigt-corpus>
<igt id="i30122">
  <metadata type="xigt-meta">
    <meta type="language" name="haya" iso-639-3="hay" tiers="phrases words morphemes"/>
    <meta type="language" name="English" iso-639-3="eng" tiers="translations"/>
    <meta type="odin-source" doc-id="3.txt" line-range="454-458" line-types="M+AC+LN L G T T+AL"/>
  </metadata>
  <tier id="o" type="odin-raw">
    <item id="o1" line="454" tag="M+AC+LN">  (17) Haya (Bantu-J, Tanzania; Duranti 1979:40)</item>
    <item id="o2" line="455" tag="L">       (3&gt;1) A-ka-mu-n-deet-ela.</item>
    <item id="o3" line="456" tag="G">             3SG . SUBJ - PAST -3 SG . REC-1 SG . THN-bring- APPL</item>
    <item id="o4" line="457" tag="T">             'S/he brought me to him.'</item>
    <item id="o5" line="458" tag="T+AL">             (or: 'S/he brought him/her to me.')</item>
  </tier>
  <tier id="c" type="odin-clean">
    <item id="c1" line="454" tag="M+AC+LN">Haya (Bantu-J, Tanzania; Duranti 1979:40</item>
    <item id="c2" line="455" tag="L">(3&gt;1) A-ka-mu-n-deet-ela.</item>
    <item id="c3" line="456" tag="G">3SG . SUBJ-PAST-3 SG . REC-1 SG . THN-bring-APPL</item>
    <item id="c4" line="457" tag="T">S/he brought me to him.</item>
    <item id="c5" line="458" tag="T+AL">'S/he brought him/her to me.</item>
  </tier>
  <tier id="p" type="phrases" content="c">
    <item id="p0" content="c2[0:25]"/>
  </tier>
  <tier id="g" type="glosses" content="c">
    <item id="g0" content="c3[0:48]" alignment="p1"/>
  </tier>
  <tier id="t" type="translations" content="c">
    <item id="t0" content="c4[0:23]" alignment="p1"/>
    <item id="t1" content="c5[0:28]" alignment="p1"/>
  </tier>
</igt>
<igt id="i33477">
  <metadata type="xigt-meta">
    <meta type="language" name="haya" iso-639-3="hay" tiers="phrases words morphemes"/>
    <meta type="language" name="English" iso-639-3="eng" tiers="translations"/>
    <meta type="odin-source" doc-id="3138" line-range="1195-1199" line-types="M+LN L G T M+AC"/>
  </metadata>
  <tier id="o" type="odin-raw">
    <item id="o1" line="1195" tag="M+LN">                 (31) Haya</item>
    <item id="o2" line="1196" tag="L">                      a-ka-ba-mu-lee't-el-a.</item>
    <item id="o3" line="1197" tag="G">                      3sg-past-3pl-3sg-bring-appl-ind</item>
    <item id="o4" line="1198" tag="T">                      `He brought them to him./He brought him to them.'</item>
    <item id="o5" line="1199" tag="M+AC">                                                  (Hyman and Duranti 1982: 232)</item>
  </tier>
  <tier id="c" type="odin-clean">
    <item id="c1" line="1195" tag="M+LN">Haya</item>
    <item id="c2" line="1196" tag="L">a-ka-ba-mu-lee't-el-a.</item>
    <item id="c3" line="1197" tag="G">3sg-past-3pl-3sg-bring-appl-ind</item>
    <item id="c4" line="1198" tag="T">He brought them to him./He brought him to them.</item>
    <item id="c5" line="1199" tag="M+AC">Hyman and Duranti 1982: 232</item>
  </tier>
  <tier id="p" type="phrases" content="c">
    <item id="p0" content="c2[0:22]"/>
  </tier>
  <tier id="g" type="glosses" content="c">
    <item id="g0" content="c3[0:31]" alignment="p1"/>
  </tier>
  <tier id="t" type="translations" content="c">
    <item id="t0" content="c4[0:47]" alignment="p1"/>
  </tier>
</igt>
<igt id="i78828">
  <metadata type="xigt-meta">
    <meta type="language" name="haya" iso-639-3="hay" tiers="phrases words morphemes"/>
    <meta type="language" name="English" iso-639-3="eng" tiers="translations"/>
    <meta type="odin-source" doc-id="2503" line-range="488-492" line-types="M+AC+LN L G T T+AL"/>
  </metadata>
  <tier id="o" type="odin-raw">
    <item id="o1" line="488" tag="M+AC+LN">  (14) Haya (Bantu-J, Tanzania; Duranti 1979:40)</item>
    <item id="o2" line="489" tag="L">       (3&gt;1) A-ka-mu-n-deet-ela.</item>
    <item id="o3" line="490" tag="G">            3   SG.SUBJ-PAST-3SG.REC-1SG.THM-bring-APPL</item>
    <item id="o4" line="491" tag="T">            'S/he brought me to him.'</item>
    <item id="o5" line="492" tag="T+AL">            (or: 'S/he brought him/her to me.')</item>
  </tier>
  <tier id="c" type="odin-clean">
    <item id="c1" line="488" tag="M+AC+LN">Haya (Bantu-J, Tanzania; Duranti 1979:40</item>
    <item id="c2" line="489" tag="L">(3&gt;1) A-ka-mu-n-deet-ela.</item>
    <item id="c3" line="490" tag="G">3   SG.SUBJ-PAST-3SG.REC-1SG.THM-bring-APPL</item>
    <item id="c4" line="491" tag="T">S/he brought me to him.</item>
    <item id="c5" line="492" tag="T+AL">'S/he brought him/her to me.</item>
  </tier>
  <tier id="p" type="phrases" content="c">
    <item id="p0" content="c2[0:25]"/>
  </tier>
  <tier id="g" type="glosses" content="c">
    <item id="g0" content="c3[0:43]" alignment="p1"/>
  </tier>
  <tier id="t" type="translations" content="c">
    <item id="t0" content="c4[0:23]" alignment="p1"/>
    <item id="t1" content="c5[0:28]" alignment="p1"/>
  </tier>
</igt>
<igt id="i155943">
  <metadata type="xigt-meta">
    <meta type="language" name="haya" iso-639-3="hay" tiers="phrases words morphemes"/>
    <meta type="language" name="English" iso-639-3="eng" tiers="translations"/>
    <meta type="odin-source" doc-id="3302" line-range="710-713" line-types="L+DB+CR L+LN+DB+CR G+DB T+DB"/>
  </metadata>
  <tier id="o" type="odin-raw">
    <item id="o1" line="710" tag="L+DB+CR">                                                                   y-á-á-mu-kôma</item>
    <item id="o2" line="711" tag="L+LN+DB+CR">          b. Haya (E22)         y-a-koma káto</item>
    <item id="o3" line="712" tag="G+DB">                                3-P1-tie Kato                      3- P1-FOC-him-tie</item>
    <item id="o4" line="713" tag="T+DB">                                `He tied Kato'                     `He tied him'</item>
  </tier>
  <tier id="c" type="odin-clean">
    <item id="c1" line="710 711" tag="L+DB+CR+LN">Haya (E22)         y-a-koma káto                     y-á-á-mu-kôma</item>
    <item id="c3" line="712" tag="G+DB">3-P1-tie Kato                      3-P1-FOC-him-tie</item>
    <item id="c4" line="713" tag="T+DB">He tied Kato'                     `He tied him</item>
  </tier>
  <tier id="p" type="phrases" content="c">
    <item id="p0" content="c1[0:66]"/>
  </tier>
  <tier id="g" type="glosses" content="c">
    <item id="g0" content="c3[0:51]" alignment="p1"/>
  </tier>
  <tier id="t" type="translations" content="c">
    <item id="t0" content="c4[0:46]" alignment="p1"/>
  </tier>
</igt>
</xigt-corpus>
