<?xml version="1.0" encoding="UTF-8"?>
<xigt-corpus>
<igt id="i90145">
  <metadata type="xigt-meta">
    <meta type="language" name="huichol" iso-639-3="hch" tiers="phrases words morphemes"/>
    <meta type="language" name="English" iso-639-3="eng" tiers="translations"/>
    <meta type="odin-source" doc-id="2627" line-range="167-171" line-types="M+AC+LN L G+CR G+CR T"/>
  </metadata>
  <tier id="o" type="odin-raw">
    <item id="o1" line="167" tag="M+AC+LN">  (5)   Huichol (Uto-Aztecan; Grimes 1964: 98, quoted in Comrie 1982: 112)</item>
    <item id="o2" line="168" tag="L">        a. Wan maria maa-ti           me-neci-mieni.</item>
    <item id="o3" line="169" tag="G+CR">                                      3PL-1SG-kill.SG</item>
    <item id="o4" line="170" tag="G+CR">           Juan María and-S</item>
    <item id="o5" line="171" tag="T">           `Juan and María are killing me.'</item>
  </tier>
  <tier id="c" type="odin-clean">
    <item id="c1" line="167" tag="M+AC+LN">Huichol (Uto-Aztecan; Grimes 1964: 98, quoted in Comrie 1982: 112</item>
    <item id="c2" line="168" tag="L">Wan maria maa-ti           me-neci-mieni.</item>
    <item id="c3" line="169 170" tag="G+CR">Juan María and-S          3PL-1SG-kill.SG</item>
    <item id="c5" line="171" tag="T">Juan and María are killing me.</item>
  </tier>
  <tier id="p" type="phrases" content="c">
    <item id="p0" content="c2[0:41]"/>
  </tier>
  <tier id="g" type="glosses" content="c">
    <item id="g0" content="c3[0:41]" alignment="p1"/>
  </tier>
  <tier id="t" type="translations" content="c">
    <item id="t0" content="c5[0:30]" alignment="p1"/>
  </tier>
</igt>
<igt id="i90146">
  <metadata type="xigt-meta">
    <meta type="language" name="huichol" iso-639-3="hch" tiers="phrases words morphemes"/>
    <meta type="language" name="English" iso-639-3="eng" tiers="translations"/>
    <meta type="odin-source" doc-id="2627" line-range="172-174" line-types="L G T"/>
  </metadata>
  <tier id="o" type="odin-raw">
    <item id="o1" line="172" tag="L">        b. Nee wan maria maa-me                   ne-wa-qiini.</item>
    <item id="o2" line="173" tag="G">           I    Juan María and-NON.S              1SG-3PL-kill.PL</item>
    <item id="o3" line="174" tag="T">           `I am killing Juan and María.'</item>
  </tier>
  <tier id="c" type="odin-clean">
    <item id="c1" line="172" tag="L">Nee wan maria maa-me                   ne-wa-qiini.</item>
    <item id="c2" line="173" tag="G">I    Juan María and-NON.S              1SG-3PL-kill.PL</item>
    <item id="c3" line="174" tag="T">I am killing Juan and María.</item>
  </tier>
  <tier id="p" type="phrases" content="c">
    <item id="p0" content="c1[0:51]"/>
  </tier>
  <tier id="g" type="glosses" content="c">
    <item id="g0" content="c2[0:54]" alignment="p1"/>
  </tier>
  <tier id="t" type="translations" content="c">
    <item id="t0" content="c3[0:28]" alignment="p1"/>
  </tier>
</igt>
<igt id="i98386">
  <metadata type="xigt-meta">
    <meta type="language" name="huichol" iso-639-3="hch" tiers="phrases words morphemes"/>
    <meta type="language" name="English" iso-639-3="eng" tiers="translations"/>
    <meta type="odin-source" doc-id="2610" line-range="7244-7248" line-types="M+AC+LN L G+CR G+CR T"/>
  </metadata>
  <tier id="o" type="odin-raw">
    <item id="o1" line="7244" tag="M+AC+LN">  (5)   Huichol (Uto-Aztecan; Grimes 1964: 98, quoted in Comrie 1982: 112)</item>
    <item id="o2" line="7245" tag="L">        a. Wan maria maa-ti           me-neci-mieni.</item>
    <item id="o3" line="7246" tag="G+CR">                                      3PL-1SG-kill.SG</item>
    <item id="o4" line="7247" tag="G+CR">           Juan María and-S</item>
    <item id="o5" line="7248" tag="T">           `Juan and María are killing me.'</item>
  </tier>
  <tier id="c" type="odin-clean">
    <item id="c1" line="7244" tag="M+AC+LN">Huichol (Uto-Aztecan; Grimes 1964: 98, quoted in Comrie 1982: 112</item>
    <item id="c2" line="7245" tag="L">Wan maria maa-ti           me-neci-mieni.</item>
    <item id="c3" line="7246 7247" tag="G+CR">Juan María and-S          3PL-1SG-kill.SG</item>
    <item id="c5" line="7248" tag="T">Juan and María are killing me.</item>
  </tier>
  <tier id="p" type="phrases" content="c">
    <item id="p0" content="c2[0:41]"/>
  </tier>
  <tier id="g" type="glosses" content="c">
    <item id="g0" content="c3[0:41]" alignment="p1"/>
  </tier>
  <tier id="t" type="translations" content="c">
    <item id="t0" content="c5[0:30]" alignment="p1"/>
  </tier>
</igt>
<igt id="i98387">
  <metadata type="xigt-meta">
    <meta type="language" name="huichol" iso-639-3="hch" tiers="phrases words morphemes"/>
    <meta type="language" name="English" iso-639-3="eng" tiers="translations"/>
    <meta type="odin-source" doc-id="2610" line-range="7249-7251" line-types="L G T"/>
  </metadata>
  <tier id="o" type="odin-raw">
    <item id="o1" line="7249" tag="L">        b. Nee wan maria maa-me                   ne-wa-qiini.</item>
    <item id="o2" line="7250" tag="G">           I    Juan María and-NON.S              1SG-3PL-kill.PL</item>
    <item id="o3" line="7251" tag="T">           `I am killing Juan and María.'</item>
  </tier>
  <tier id="c" type="odin-clean">
    <item id="c1" line="7249" tag="L">Nee wan maria maa-me                   ne-wa-qiini.</item>
    <item id="c2" line="7250" tag="G">I    Juan María and-NON.S              1SG-3PL-kill.PL</item>
    <item id="c3" line="7251" tag="T">I am killing Juan and María.</item>
  </tier>
  <tier id="p" type="phrases" content="c">
    <item id="p0" content="c1[0:51]"/>
  </tier>
  <tier id="g" type="glosses" content="c">
    <item id="g0" content="c2[0:54]" alignment="p1"/>
  </tier>
  <tier id="t" type="translations" content="c">
    <item id="t0" content="c3[0:28]" alignment="p1"/>
  </tier>
</igt>
<igt id="i142857">
  <metadata type="xigt-meta">
    <meta type="language" name="huichol" iso-639-3="hch" tiers="phrases words morphemes"/>
    <meta type="language" name="English" iso-639-3="eng" tiers="translations"/>
    <meta type="odin-source" doc-id="2343" line-range="142-145" line-types="M+LN+CN L G T"/>
  </metadata>
  <tier id="o" type="odin-raw">
    <item id="o1" line="142" tag="M+LN+CN">  (6) Huichol: neutral flagging, secundative indexing</item>
    <item id="o2" line="143" tag="L">  (m) Uukaraawiciiz                     tri     me-wa-zeiya.</item>
    <item id="o3" line="144" tag="G">         women                          children 3PL.NOM-3PL.PRIM-see</item>
    <item id="o4" line="145" tag="T">         'The women see the children.'</item>
  </tier>
  <tier id="c" type="odin-clean">
    <item id="c1" line="142" tag="M+LN+CN">neutral flagging, secundative indexing</item>
    <item id="c2" line="143" tag="L">Uukaraawiciiz                     tri     me-wa-zeiya.</item>
    <item id="c3" line="144" tag="G">women                          children 3PL.NOM-3PL.PRIM-see</item>
    <item id="c4" line="145" tag="T">The women see the children.</item>
  </tier>
  <tier id="p" type="phrases" content="c">
    <item id="p0" content="c2[0:54]"/>
  </tier>
  <tier id="g" type="glosses" content="c">
    <item id="g0" content="c3[0:60]" alignment="p1"/>
  </tier>
  <tier id="t" type="translations" content="c">
    <item id="t0" content="c4[0:27]" alignment="p1"/>
  </tier>
</igt>
<igt id="i142858">
  <metadata type="xigt-meta">
    <meta type="language" name="huichol" iso-639-3="hch" tiers="phrases words morphemes"/>
    <meta type="language" name="English" iso-639-3="eng" tiers="translations"/>
    <meta type="odin-source" doc-id="2343" line-range="146-149" line-types="L+CR L+CR G T+AC"/>
  </metadata>
  <tier id="o" type="odin-raw">
    <item id="o1" line="146" tag="L+CR">                 tumiini uukari ne-wa-ruzeiyasta.</item>
    <item id="o2" line="147" tag="L+CR">  (d)    Nee</item>
    <item id="o3" line="148" tag="G">         I       money    girls         1SG.NOM-3PL.PRIM- show</item>
    <item id="o4" line="149" tag="T+AC">         'I showed the money to the girls.'                       (Comrie 1982:99, 108)</item>
  </tier>
  <tier id="c" type="odin-clean">
    <item id="c1" line="146 147" tag="L+CR">Nee     tumiini uukari ne-wa-ruzeiyasta.</item>
    <item id="c3" line="148" tag="G">I       money    girls         1SG.NOM-3PL.PRIM-show</item>
    <item id="c4" line="149" tag="T+AC">I showed the money to the girls.'                       (Comrie 1982:99, 108)</item>
  </tier>
  <tier id="p" type="phrases" content="c">
    <item id="p0" content="c1[0:40]"/>
  </tier>
  <tier id="g" type="glosses" content="c">
    <item id="g0" content="c3[0:52]" alignment="p1"/>
  </tier>
  <tier id="t" type="translations" content="c">
    <item id="t0" content="c4[0:77]" alignment="p1"/>
  </tier>
</igt>
</xigt-corpus>
