<?xml version="1.0" encoding="UTF-8"?>
<xigt-corpus>
<igt id="i53805">
  <metadata type="xigt-meta">
    <meta type="language" name="haida" iso-639-3="hdn" tiers="phrases words morphemes"/>
    <meta type="language" name="English" iso-639-3="eng" tiers="translations"/>
    <meta type="odin-source" doc-id="1285" line-range="2540-2543" line-types="L+CR L+CR G T"/>
  </metadata>
  <tier id="o" type="odin-raw">
    <item id="o1" line="2540" tag="L+CR">   (38)      a. 7adaáhl-/uu</item>
    <item id="o2" line="2541" tag="L+CR">                        c     t'sagt'sag-gee gyuùdan-ee 7is-tlagaay-gan</item>
    <item id="o3" line="2542" tag="G">                yesterday-FOC wagon-DEF horse-DEF CA-hurt-PAST</item>
    <item id="o4" line="2543" tag="T">                `The wagon hurt the horse yesterday'</item>
  </tier>
  <tier id="c" type="odin-clean">
    <item id="c1" line="2540" tag="L+CR">7adaáhl-/uu</item>
    <item id="c3" line="2542" tag="G">yesterday-FOC wagon-DEF horse-DEF CA-hurt-PAST</item>
    <item id="c4" line="2543" tag="T">The wagon hurt the horse yesterday</item>
  </tier>
  <tier id="p" type="phrases" content="c">
    <item id="p0" content="c1[0:11]"/>
  </tier>
  <tier id="g" type="glosses" content="c">
    <item id="g0" content="c3[0:46]" alignment="p1"/>
  </tier>
  <tier id="t" type="translations" content="c">
    <item id="t0" content="c4[0:34]" alignment="p1"/>
  </tier>
</igt>
<igt id="i53806">
  <metadata type="xigt-meta">
    <meta type="language" name="haida" iso-639-3="hdn" tiers="phrases words morphemes"/>
    <meta type="language" name="English" iso-639-3="eng" tiers="translations"/>
    <meta type="odin-source" doc-id="1285" line-range="2544-2547" line-types="L+CR L+CR G T"/>
  </metadata>
  <tier id="o" type="odin-raw">
    <item id="o1" line="2544" tag="L+CR">             b. *7adaáhl-/uu gyuùdan-ee t'sagt'sag-gee 7is-tlagaay-gan</item>
    <item id="o2" line="2545" tag="L+CR">                         c</item>
    <item id="o3" line="2546" tag="G">                yesterday-FOC horse-DEF wagon-DEF CA-hurt-PAST</item>
    <item id="o4" line="2547" tag="T">                `The wagon hurt the horse yesterday'</item>
  </tier>
  <tier id="c" type="odin-clean">
    <item id="c1" line="2544" tag="L+CR">*7adaáhl-/uu gyuùdan-ee t'sagt'sag-gee 7is-tlagaay-gan</item>
    <item id="c3" line="2546" tag="G">yesterday-FOC horse-DEF wagon-DEF CA-hurt-PAST</item>
    <item id="c4" line="2547" tag="T">The wagon hurt the horse yesterday</item>
  </tier>
  <tier id="p" type="phrases" content="c">
    <item id="p0" content="c1[0:54]"/>
  </tier>
  <tier id="g" type="glosses" content="c">
    <item id="g0" content="c3[0:46]" alignment="p1"/>
  </tier>
  <tier id="t" type="translations" content="c">
    <item id="t0" content="c4[0:34]" alignment="p1"/>
  </tier>
</igt>
<igt id="i53807">
  <metadata type="xigt-meta">
    <meta type="language" name="haida" iso-639-3="hdn" tiers="phrases words morphemes"/>
    <meta type="language" name="English" iso-639-3="eng" tiers="translations"/>
    <meta type="odin-source" doc-id="1285" line-range="2552-2556" line-types="L+CR L+CR L+CR G T"/>
  </metadata>
  <tier id="o" type="odin-raw">
    <item id="o1" line="2552" tag="L+CR">   (39)      a. --aay</item>
    <item id="o2" line="2553" tag="L+CR">                x       gyuúdan-ee --ing-gan</item>
    <item id="o3" line="2554" tag="L+CR">                                   k</item>
    <item id="o4" line="2555" tag="G">                dog-DEF horse-DEF see-PAST</item>
    <item id="o5" line="2556" tag="T">                `The dog saw the horse'</item>
  </tier>
  <tier id="c" type="odin-clean">
    <item id="c1" line="2552 2554" tag="L+CR">--aay              k</item>
    <item id="c4" line="2555" tag="G">dog-DEF horse-DEF see-PAST</item>
    <item id="c5" line="2556" tag="T">The dog saw the horse</item>
  </tier>
  <tier id="p" type="phrases" content="c">
    <item id="p0" content="c1[0:20]"/>
  </tier>
  <tier id="g" type="glosses" content="c">
    <item id="g0" content="c4[0:26]" alignment="p1"/>
  </tier>
  <tier id="t" type="translations" content="c">
    <item id="t0" content="c5[0:21]" alignment="p1"/>
  </tier>
</igt>
<igt id="i53808">
  <metadata type="xigt-meta">
    <meta type="language" name="haida" iso-639-3="hdn" tiers="phrases words morphemes"/>
    <meta type="language" name="English" iso-639-3="eng" tiers="translations"/>
    <meta type="odin-source" doc-id="1285" line-range="2557-2562" line-types="L+CR L+CR L+CR G T T+AL"/>
  </metadata>
  <tier id="o" type="odin-raw">
    <item id="o1" line="2557" tag="L+CR">             b. gyuúdan-ee --aay</item>
    <item id="o2" line="2558" tag="L+CR">                           x      --ing-gan</item>
    <item id="o3" line="2559" tag="L+CR">                                  k</item>
    <item id="o4" line="2560" tag="G">                horse-DEF dog-DEF see-PAST</item>
    <item id="o5" line="2561" tag="T">                `*The dog saw the horse'</item>
    <item id="o6" line="2562" tag="T+AL">                `The horse saw the dog'</item>
  </tier>
  <tier id="c" type="odin-clean">
    <item id="c1" line="2557 2558" tag="L+CR">gyuúdan-eex--aay--ing-gan</item>
    <item id="c4" line="2560" tag="G">horse-DEF dog-DEF see-PAST</item>
    <item id="c5" line="2561" tag="T">*The dog saw the horse</item>
    <item id="c6" line="2562" tag="T+AL">The horse saw the dog</item>
  </tier>
  <tier id="p" type="phrases" content="c">
    <item id="p0" content="c1[0:25]"/>
  </tier>
  <tier id="g" type="glosses" content="c">
    <item id="g0" content="c4[0:26]" alignment="p1"/>
  </tier>
  <tier id="t" type="translations" content="c">
    <item id="t0" content="c5[0:22]" alignment="p1"/>
    <item id="t1" content="c6[0:21]" alignment="p1"/>
  </tier>
</igt>
<igt id="i53809">
  <metadata type="xigt-meta">
    <meta type="language" name="haida" iso-639-3="hdn" tiers="phrases words morphemes"/>
    <meta type="language" name="English" iso-639-3="eng" tiers="translations"/>
    <meta type="odin-source" doc-id="1285" line-range="2572-2577" line-types="L+CR L+CR L+CR L+CR G T"/>
  </metadata>
  <tier id="o" type="odin-raw">
    <item id="o1" line="2572" tag="L+CR">   (40)      a. 7adaáhl-/uu</item>
    <item id="o2" line="2573" tag="L+CR">                        c     s--aw-ee</item>
    <item id="o3" line="2574" tag="L+CR">                               k          --aay</item>
    <item id="o4" line="2575" tag="L+CR">                                          x       skayj-an</item>
    <item id="o5" line="2576" tag="G">                yesterday-FOC chicken-DEF dog-DEF peck-PAST</item>
    <item id="o6" line="2577" tag="T">                `Yesterday the chicken pecked the dog'</item>
  </tier>
  <tier id="c" type="odin-clean">
    <item id="c1" line="2572 2574" tag="L+CR">7adaáhl-/uu   k--aay</item>
    <item id="c5" line="2576" tag="G">yesterday-FOC chicken-DEF dog-DEF peck-PAST</item>
    <item id="c6" line="2577" tag="T">Yesterday the chicken pecked the dog</item>
  </tier>
  <tier id="p" type="phrases" content="c">
    <item id="p0" content="c1[0:20]"/>
  </tier>
  <tier id="g" type="glosses" content="c">
    <item id="g0" content="c5[0:43]" alignment="p1"/>
  </tier>
  <tier id="t" type="translations" content="c">
    <item id="t0" content="c6[0:36]" alignment="p1"/>
  </tier>
</igt>
<igt id="i53810">
  <metadata type="xigt-meta">
    <meta type="language" name="haida" iso-639-3="hdn" tiers="phrases words morphemes"/>
    <meta type="language" name="English" iso-639-3="eng" tiers="translations"/>
    <meta type="odin-source" doc-id="1285" line-range="2584-2590" line-types="L+CR L+CR L+CR L+CR G T T+AL"/>
  </metadata>
  <tier id="o" type="odin-raw">
    <item id="o1" line="2584" tag="L+CR">          b. 7adaáhl-/uu</item>
    <item id="o2" line="2585" tag="L+CR">                     c     --aay</item>
    <item id="o3" line="2586" tag="L+CR">                           x       s--aw-ee</item>
    <item id="o4" line="2587" tag="L+CR">                                    k          skayj-an</item>
    <item id="o5" line="2588" tag="G">             yesterday-FOC dog-DEF chicken-DEF peck-PAST</item>
    <item id="o6" line="2589" tag="T">              (i) `Yesterday the chicken pecked the dog'</item>
    <item id="o7" line="2590" tag="T+AL">              (ii) #`Yesterday the dog pecked the chicken'</item>
  </tier>
  <tier id="c" type="odin-clean">
    <item id="c1" line="2584 2586" tag="L+CR">7adaáhl-/uu  x       s--aw-ee</item>
    <item id="c5" line="2588" tag="G">yesterday-FOC dog-DEF chicken-DEF peck-PAST</item>
    <item id="c6" line="2589" tag="T">`Yesterday the chicken pecked the dog</item>
    <item id="c7" line="2590" tag="T+AL">#`Yesterday the dog pecked the chicken</item>
  </tier>
  <tier id="p" type="phrases" content="c">
    <item id="p0" content="c1[0:29]"/>
  </tier>
  <tier id="g" type="glosses" content="c">
    <item id="g0" content="c5[0:43]" alignment="p1"/>
  </tier>
  <tier id="t" type="translations" content="c">
    <item id="t0" content="c6[0:37]" alignment="p1"/>
    <item id="t1" content="c7[0:38]" alignment="p1"/>
  </tier>
</igt>
<igt id="i73341">
  <metadata type="xigt-meta">
    <meta type="language" name="haida" iso-639-3="hdn" tiers="phrases words morphemes"/>
    <meta type="language" name="English" iso-639-3="eng" tiers="translations"/>
    <meta type="odin-source" doc-id="990" line-range="1105-1111" line-types="L+DB+CR L+DB+CR L+DB+CR L+DB+CR G+DB+CR G+DB+CR T+DB"/>
  </metadata>
  <tier id="o" type="odin-raw">
    <item id="o1" line="1105" tag="L+DB+CR">  (84) a. Wa´ngn gi´t-ga</item>
    <item id="o2" line="1106" tag="L+DB+CR">                   ·                                     b. d Ì ° go´ñ-ga</item>
    <item id="o3" line="1107" tag="L+DB+CR">                                                                     ª· ª</item>
    <item id="o4" line="1108" tag="L+DB+CR">                                   ª</item>
    <item id="o5" line="1109" tag="G+DB+CR">                                                              1SG father-POSS'D</item>
    <item id="o6" line="1110" tag="G+DB+CR">               Wanagan son-POSS'D</item>
    <item id="o7" line="1111" tag="T+DB">               `Wanagan's son'                                `my father'</item>
  </tier>
  <tier id="c" type="odin-clean">
    <item id="c1" line="1105 1107 1108" tag="L+DB+CR">Wa´ngn gi´t-ga         ª                                ª· ª</item>
    <item id="c7" line="1111" tag="T+DB">Wanagan's son'                                `my father</item>
  </tier>
  <tier id="p" type="phrases" content="c">
    <item id="p0" content="c1[0:60]"/>
  </tier>
  <tier id="t" type="translations" content="c">
    <item id="t0" content="c7[0:56]" alignment="p1"/>
  </tier>
</igt>
</xigt-corpus>
