<?xml version="1.0" encoding="UTF-8"?>
<xigt-corpus>
<igt id="i19077">
  <metadata type="xigt-meta">
    <meta type="language" name="herero" iso-639-3="her" tiers="phrases words morphemes"/>
    <meta type="language" name="English" iso-639-3="eng" tiers="translations"/>
    <meta type="odin-source" doc-id="2902" line-range="129-133" line-types="L+DB M+DB G+DB M+DB T+DB"/>
  </metadata>
  <tier id="o" type="odin-raw">
    <item id="o1" line="129" tag="L+DB">                                                                                          (7)    *John me-mu-vang-a                   Nelson                      [Herero]</item>
    <item id="o2" line="130" tag="M+DB">  Chewa              90%                                   80%           60%</item>
    <item id="o3" line="131" tag="G+DB">                                                                                                 John PRESSC1-OC1-like-FV             Nelson</item>
    <item id="o4" line="132" tag="M+DB">  Bemba              60%               80%                               80%</item>
    <item id="o5" line="133" tag="T+DB">                                                                                                 Intd.: `John likes Nelson'</item>
  </tier>
  <tier id="c" type="odin-clean">
    <item id="c1" line="129" tag="L+DB">*John me-mu-vang-a                   Nelson                      [Herero]</item>
    <item id="c2" line="130" tag="M+DB">Chewa              90%                                   80%           60%</item>
    <item id="c3" line="131" tag="G+DB">John PRESSC1-OC1-like-FV             Nelson</item>
    <item id="c4" line="132" tag="M+DB">Bemba              60%               80%                               80%</item>
    <item id="c5" line="133" tag="T+DB">Intd.: `John likes Nelson</item>
  </tier>
  <tier id="p" type="phrases" content="c">
    <item id="p0" content="c1[0:73]"/>
  </tier>
  <tier id="g" type="glosses" content="c">
    <item id="g0" content="c3[0:43]" alignment="p1"/>
  </tier>
  <tier id="t" type="translations" content="c">
    <item id="t0" content="c5[0:25]" alignment="p1"/>
  </tier>
</igt>
<igt id="i19078">
  <metadata type="xigt-meta">
    <meta type="language" name="herero" iso-639-3="her" tiers="phrases words morphemes"/>
    <meta type="language" name="English" iso-639-3="eng" tiers="translations"/>
    <meta type="odin-source" doc-id="2902" line-range="143-145" line-types="L+DB G+DB T+DB"/>
  </metadata>
  <tier id="o" type="odin-raw">
    <item id="o1" line="143" tag="L+DB">  (8)    John me-mu-vanga,        Nelson                                      [Herero]             yes    Locative objects can have OC      Swahili, Chaga, Bemba,</item>
    <item id="o2" line="144" tag="G+DB">         John PRESSCD1-OCD1-like Nelson                                                                                                     Chewa, Nsenga, Herero</item>
    <item id="o3" line="145" tag="T+DB">         `John likes him, Nelson'                                                                  no     Locative objects do not have OC   Swati, Tswana?, (Lozi, Chasu,</item>
  </tier>
  <tier id="c" type="odin-clean">
    <item id="c1" line="143" tag="L+DB">John me-mu-vanga,        Nelson                                      [Herero]             yes    Locative objects can have OC      Swahili, Chaga, Bemba,</item>
    <item id="c2" line="144" tag="G+DB">John PRESSCD1-OCD1-like Nelson                                                                                                     Chewa, Nsenga, Herero</item>
    <item id="c3" line="145" tag="T+DB">John likes him, Nelson'                                                                  no     Locative objects do not have OC   Swati, Tswana?, (Lozi, Chasu,</item>
  </tier>
  <tier id="p" type="phrases" content="c">
    <item id="p0" content="c1[0:153]"/>
  </tier>
  <tier id="g" type="glosses" content="c">
    <item id="g0" content="c2[0:152]" alignment="p1"/>
  </tier>
  <tier id="t" type="translations" content="c">
    <item id="t0" content="c3[0:159]" alignment="p1"/>
  </tier>
</igt>
<igt id="i19111">
  <metadata type="xigt-meta">
    <meta type="language" name="herero" iso-639-3="her" tiers="phrases words morphemes"/>
    <meta type="language" name="English" iso-639-3="eng" tiers="translations"/>
    <meta type="odin-source" doc-id="2902" line-range="297-299" line-types="L+DB+EX G+DB T+DB"/>
  </metadata>
  <tier id="o" type="odin-raw">
    <item id="o1" line="297" tag="L+DB+EX">  (52)   mávé           tjàng-ér-é              òvà-nâtjé     òm-bàpírà           [Herero]          `the woman whom the girls help ...'</item>
    <item id="o2" line="298" tag="G+DB">         PRESSCD2       write-APPL-FV           NCP2-children NCP9-letter</item>
    <item id="o3" line="299" tag="T+DB">         `They are writing the children a letter'                                            (62)   um-fati      lo-be-ka-natsa       tjwala</item>
  </tier>
  <tier id="c" type="odin-clean">
    <item id="c1" line="297" tag="L+DB+EX">mávé           tjàng-ér-é              òvà-nâtjé     òm-bàpírà           [Herero]          `the woman whom the girls help ...</item>
    <item id="c2" line="298" tag="G+DB">PRESSCD2       write-APPL-FV           NCP2-children NCP9-letter</item>
    <item id="c3" line="299" tag="T+DB">They are writing the children a letter'                                            (62)   um-fati      lo-be-ka-natsa       tjwala</item>
  </tier>
  <tier id="p" type="phrases" content="c">
    <item id="p0" content="c1[0:125]"/>
  </tier>
  <tier id="g" type="glosses" content="c">
    <item id="g0" content="c2[0:64]" alignment="p1"/>
  </tier>
  <tier id="t" type="translations" content="c">
    <item id="t0" content="c3[0:130]" alignment="p1"/>
  </tier>
</igt>
<igt id="i19112">
  <metadata type="xigt-meta">
    <meta type="language" name="herero" iso-639-3="her" tiers="phrases words morphemes"/>
    <meta type="language" name="English" iso-639-3="eng" tiers="translations"/>
    <meta type="odin-source" doc-id="2902" line-range="301-304" line-types="L+DB G+DB M+DB T+DB"/>
  </metadata>
  <tier id="o" type="odin-raw">
    <item id="o1" line="301" tag="L+DB">  (53)   *mave         tjang-er-e              om-bapira      ova-natje                             `the woman who drank alcohol ...'</item>
    <item id="o2" line="302" tag="G+DB">         PRESSCD2      write-APPL-FV           NCP9-letter       2-children</item>
    <item id="o3" line="303" tag="M+DB">                                                              NCP</item>
    <item id="o4" line="304" tag="T+DB">         Intended: `They are writing the children a letter'</item>
  </tier>
  <tier id="c" type="odin-clean">
    <item id="c1" line="301" tag="L+DB">*mave         tjang-er-e              om-bapira      ova-natje                             `the woman who drank alcohol ...</item>
    <item id="c2" line="302" tag="G+DB">PRESSCD2      write-APPL-FV           NCP9-letter       2-children</item>
    <item id="c3" line="303" tag="M+DB">NCP</item>
    <item id="c4" line="304" tag="T+DB">`They are writing the children a letter</item>
  </tier>
  <tier id="p" type="phrases" content="c">
    <item id="p0" content="c1[0:123]"/>
  </tier>
  <tier id="g" type="glosses" content="c">
    <item id="g0" content="c2[0:66]" alignment="p1"/>
  </tier>
  <tier id="t" type="translations" content="c">
    <item id="t0" content="c4[0:39]" alignment="p1"/>
  </tier>
</igt>
<igt id="i19126">
  <metadata type="xigt-meta">
    <meta type="language" name="herero" iso-639-3="her" tiers="phrases words morphemes"/>
    <meta type="language" name="English" iso-639-3="eng" tiers="translations"/>
    <meta type="odin-source" doc-id="2902" line-range="387-396" line-types="L+EX G+CR G+CR B B B B B M+DB T"/>
  </metadata>
  <tier id="o" type="odin-raw">
    <item id="o1" line="387" tag="L+EX">  (83)   è-rúngá        rá             hìtí             m-ón-djúwó                    [Herero]</item>
    <item id="o2" line="388" tag="G+CR">             5-thief    PASTSCD5       enter            NCP18-NCP9-house</item>
    <item id="o3" line="389" tag="G+CR">         NCP</item>
    <item id="o4" line="390" tag="B"></item>
    <item id="o5" line="391" tag="B"></item>
    <item id="o6" line="392" tag="B"></item>
    <item id="o7" line="393" tag="B"></item>
    <item id="o8" line="394" tag="B">                                                                                                                                                                    ¡</item>
    <item id="o9" line="395" tag="M+DB">                                                                                                  (91)   *m-mi-têngo              mu-kú-imb-á                  a-ny ni     [Chichewa]</item>
    <item id="o10" line="396" tag="T">         `The thief entered the house'</item>
  </tier>
  <tier id="c" type="odin-clean">
    <item id="c1" line="387" tag="L+EX">è-rúngá        rá             hìtí             m-ón-djúwó                    [Herero]</item>
    <item id="c2" line="388 389" tag="G+CR">NCP 5-thief    PASTSCD5       enter            NCP18-NCP9-house</item>
    <item id="c4" line="390" tag="B"/>
    <item id="c5" line="391" tag="B"/>
    <item id="c6" line="392" tag="B"/>
    <item id="c7" line="393" tag="B"/>
    <item id="c8" line="394" tag="B">¡</item>
    <item id="c9" line="395" tag="M+DB">*m-mi-têngo              mu-kú-imb-á                  a-ny ni     [Chichewa]</item>
    <item id="c10" line="396" tag="T">The thief entered the house</item>
  </tier>
  <tier id="p" type="phrases" content="c">
    <item id="p0" content="c1[0:85]"/>
  </tier>
  <tier id="g" type="glosses" content="c">
    <item id="g0" content="c2[0:63]" alignment="p1"/>
  </tier>
  <tier id="t" type="translations" content="c">
    <item id="t0" content="c10[0:27]" alignment="p1"/>
  </tier>
</igt>
<igt id="i19127">
  <metadata type="xigt-meta">
    <meta type="language" name="herero" iso-639-3="her" tiers="phrases words morphemes"/>
    <meta type="language" name="English" iso-639-3="eng" tiers="translations"/>
    <meta type="odin-source" doc-id="2902" line-range="399-403" line-types="L+DB M+DB G+DB+CR G+DB+CR T+DB"/>
  </metadata>
  <tier id="o" type="odin-raw">
    <item id="o1" line="399" tag="L+DB">  (84)   m-òn-djúwó             mwá                     hìtí     é-rùngà</item>
    <item id="o2" line="400" tag="M+DB">                                                                                                         (Bresnan and Kanerva 1989)</item>
    <item id="o3" line="401" tag="G+DB+CR">            18-NCP9-house PASTS               18        enter        5-thief</item>
    <item id="o4" line="402" tag="G+DB+CR">         NCP                             CD                      NCP</item>
    <item id="o5" line="403" tag="T+DB">         `The thief entered the house'</item>
  </tier>
  <tier id="c" type="odin-clean">
    <item id="c1" line="399" tag="L+DB">m-òn-djúwó             mwá                     hìtí     é-rùngà</item>
    <item id="c2" line="400 401 402" tag="M+DB+G+CR">NCP18-NCP9-house PASTS          CD   18        enter    NCP 5-thief                             (Bresnan and Kanerva 1989)</item>
    <item id="c5" line="403" tag="T+DB">The thief entered the house</item>
  </tier>
  <tier id="p" type="phrases" content="c">
    <item id="p0" content="c1[0:63]"/>
  </tier>
  <tier id="g" type="glosses" content="c">
    <item id="g0" content="c2[0:122]" alignment="p1"/>
  </tier>
  <tier id="t" type="translations" content="c">
    <item id="t0" content="c5[0:27]" alignment="p1"/>
  </tier>
</igt>
<igt id="i19131">
  <metadata type="xigt-meta">
    <meta type="language" name="herero" iso-639-3="her" tiers="phrases words morphemes"/>
    <meta type="language" name="English" iso-639-3="eng" tiers="translations"/>
    <meta type="odin-source" doc-id="2902" line-range="430-433" line-types="L+DB G+DB M+DB T+DB"/>
  </metadata>
  <tier id="o" type="odin-raw">
    <item id="o1" line="430" tag="L+DB">                  stative (unaccusative) verbs                                                    (94)   p-on-djuwo             pa-rar-a                       erunga         [Herero]</item>
    <item id="o2" line="431" tag="G+DB">                                                                                                         NP16-NP9-house         SC16.rec.past-sleep-fv         thief</item>
    <item id="o3" line="432" tag="M+DB">          no      Locative inversion with any verb Swahili, Chaga, Ha, Bemba,</item>
    <item id="o4" line="433" tag="T+DB">                                                                                                         `At the house slept the thief'</item>
  </tier>
  <tier id="c" type="odin-clean">
    <item id="c1" line="430" tag="L+DB">stative (unaccusative) verbs                                                    (94)   p-on-djuwo             pa-rar-a                       erunga         [Herero]</item>
    <item id="c2" line="431" tag="G+DB">NP16-NP9-house         SC16.rec.past-sleep-fv         thief</item>
    <item id="c3" line="432" tag="M+DB">no      Locative inversion with any verb Swahili, Chaga, Ha, Bemba,</item>
    <item id="c4" line="433" tag="T+DB">At the house slept the thief</item>
  </tier>
  <tier id="p" type="phrases" content="c">
    <item id="p0" content="c1[0:164]"/>
  </tier>
  <tier id="g" type="glosses" content="c">
    <item id="g0" content="c2[0:59]" alignment="p1"/>
  </tier>
  <tier id="t" type="translations" content="c">
    <item id="t0" content="c4[0:28]" alignment="p1"/>
  </tier>
</igt>
<igt id="i19132">
  <metadata type="xigt-meta">
    <meta type="language" name="herero" iso-639-3="her" tiers="phrases words morphemes"/>
    <meta type="language" name="English" iso-639-3="eng" tiers="translations"/>
    <meta type="odin-source" doc-id="2902" line-range="436-440" line-types="L+DB M+DB G+DB M+DB T"/>
  </metadata>
  <tier id="o" type="odin-raw">
    <item id="o1" line="436" tag="L+DB">                                                                                                  (95)   k-omu-ti               kwa-pos-e                      ozondjima</item>
    <item id="o2" line="437" tag="M+DB">  The majority of languages in our sample allow locative inversion with a range of</item>
    <item id="o3" line="438" tag="G+DB">                                                                                                         NP17-NP3-tree          SC17-make_noise-fv             baboons</item>
    <item id="o4" line="439" tag="M+DB">  predicates:</item>
    <item id="o5" line="440" tag="T">                                                                                                         `In the trees the baboons made noise'</item>
  </tier>
  <tier id="c" type="odin-clean">
    <item id="c1" line="436" tag="L+DB">k-omu-ti               kwa-pos-e                      ozondjima</item>
    <item id="c2" line="437" tag="M+DB">The majority of languages in our sample allow locative inversion with a range of</item>
    <item id="c3" line="438" tag="G+DB">NP17-NP3-tree          SC17-make_noise-fv             baboons</item>
    <item id="c4" line="439" tag="M+DB">predicates:</item>
    <item id="c5" line="440" tag="T">In the trees the baboons made noise</item>
  </tier>
  <tier id="p" type="phrases" content="c">
    <item id="p0" content="c1[0:63]"/>
  </tier>
  <tier id="g" type="glosses" content="c">
    <item id="g0" content="c3[0:61]" alignment="p1"/>
  </tier>
  <tier id="t" type="translations" content="c">
    <item id="t0" content="c5[0:35]" alignment="p1"/>
  </tier>
</igt>
</xigt-corpus>
