<?xml version="1.0" encoding="UTF-8"?>
<xigt-corpus>
<igt id="i95300">
  <metadata type="xigt-meta">
    <meta type="language" name="lamang" iso-639-3="hia" tiers="phrases words morphemes"/>
    <meta type="language" name="English" iso-639-3="eng" tiers="translations"/>
    <meta type="odin-source" doc-id="2807" line-range="64-67" line-types="M+LN+CN L G T+AC"/>
  </metadata>
  <tier id="o" type="odin-raw">
    <item id="o1" line="64" tag="M+LN+CN">  (6 )    Lamang (Central Chadic,        Afroasiatic)               Reduced with quotative</item>
    <item id="o2" line="65" tag="L">          ká yághè       m@ mb´$lò         búwó     ...</item>
    <item id="o3" line="66" tag="G">          Q squirrel in bag                PF</item>
    <item id="o4" line="67" tag="T+AC">          Squirrel said in the bag, "   ... (Wolff 1994: 336)</item>
  </tier>
  <tier id="c" type="odin-clean">
    <item id="c1" line="64" tag="M+LN+CN">Lamang (Central Chadic,        Afroasiatic)               Reduced with quotative</item>
    <item id="c2" line="65" tag="L">ká yághè       m@ mb´$lò         búwó     ...</item>
    <item id="c3" line="66" tag="G">Q squirrel in bag                PF</item>
    <item id="c4" line="67" tag="T+AC">Squirrel said in the bag, "   ... (Wolff 1994: 336)</item>
  </tier>
  <tier id="p" type="phrases" content="c">
    <item id="p0" content="c2[0:45]"/>
  </tier>
  <tier id="g" type="glosses" content="c">
    <item id="g0" content="c3[0:35]" alignment="p1"/>
  </tier>
  <tier id="t" type="translations" content="c">
    <item id="t0" content="c4[0:51]" alignment="p1"/>
  </tier>
</igt>
</xigt-corpus>
