<?xml version="1.0" encoding="UTF-8"?>
<xigt-corpus>
<igt id="i24023">
  <metadata type="xigt-meta">
    <meta type="language" name="hindi/urdu" iso-639-3="hin:urd" tiers="phrases words morphemes"/>
    <meta type="language" name="English" iso-639-3="eng" tiers="translations"/>
    <meta type="odin-source" doc-id="1260" line-range="338-341" line-types="L+LN G B T"/>
  </metadata>
  <tier id="o" type="odin-raw">
    <item id="o1" line="338" tag="L+LN">  18) [Hindi/Urdu] a. us-nee puuc-aa [ki kyaa tum aa-oogee]</item>
    <item id="o2" line="339" tag="G">                     3s-Erg ask-Pf that what you come-FUT</item>
    <item id="o3" line="340" tag="B"></item>
    <item id="o4" line="341" tag="T">                          'He asked [whether you will come]</item>
  </tier>
  <tier id="c" type="odin-clean">
    <item id="c1" line="338" tag="L+LN">[Hindi/Urdu] a. us-nee puuc-aa [ki kyaa tum aa-oogee]</item>
    <item id="c2" line="339" tag="G">3s-Erg ask-Pf that what you come-FUT</item>
    <item id="c3" line="340" tag="B"/>
    <item id="c4" line="341" tag="T">He asked [whether you will come]</item>
  </tier>
  <tier id="p" type="phrases" content="c">
    <item id="p0" content="c1[0:53]"/>
  </tier>
  <tier id="g" type="glosses" content="c">
    <item id="g0" content="c2[0:36]" alignment="p1"/>
  </tier>
  <tier id="t" type="translations" content="c">
    <item id="t0" content="c4[0:32]" alignment="p1"/>
  </tier>
</igt>
<igt id="i24024">
  <metadata type="xigt-meta">
    <meta type="language" name="hindi/urdu" iso-639-3="hin:urd" tiers="phrases words morphemes"/>
    <meta type="language" name="English" iso-639-3="eng" tiers="translations"/>
    <meta type="odin-source" doc-id="1260" line-range="343-346" line-types="L+LN G B T"/>
  </metadata>
  <tier id="o" type="odin-raw">
    <item id="o1" line="343" tag="L+LN">   [Hindi/Urdu]          b.. *us-nee puuc-aa [kyaa ki tum aa-oogee]</item>
    <item id="o2" line="344" tag="G">                              3s-Erg ask-Pf what that you come-FUT</item>
    <item id="o3" line="345" tag="B"></item>
    <item id="o4" line="346" tag="T">                              'He asked [whether you will come]</item>
  </tier>
  <tier id="c" type="odin-clean">
    <item id="c1" line="343" tag="L+LN">[Hindi/Urdu]          b.. *us-nee puuc-aa [kyaa ki tum aa-oogee]</item>
    <item id="c2" line="344" tag="G">3s-Erg ask-Pf what that you come-FUT</item>
    <item id="c3" line="345" tag="B"/>
    <item id="c4" line="346" tag="T">He asked [whether you will come]</item>
  </tier>
  <tier id="p" type="phrases" content="c">
    <item id="p0" content="c1[0:64]"/>
  </tier>
  <tier id="g" type="glosses" content="c">
    <item id="g0" content="c2[0:36]" alignment="p1"/>
  </tier>
  <tier id="t" type="translations" content="c">
    <item id="t0" content="c4[0:32]" alignment="p1"/>
  </tier>
</igt>
<igt id="i24052">
  <metadata type="xigt-meta">
    <meta type="language" name="hindi/urdu" iso-639-3="hin:urd" tiers="phrases words morphemes"/>
    <meta type="language" name="English" iso-639-3="eng" tiers="translations"/>
    <meta type="odin-source" doc-id="1260" line-range="801-804" line-types="L+LN G B T"/>
  </metadata>
  <tier id="o" type="odin-raw">
    <item id="o1" line="801" tag="L+LN">  42) [Hindi/Urdu] a. [ (*ki) vee aa rahee haiN] woo aisaa sooc-taa hai</item>
    <item id="o2" line="802" tag="G">                       that 3pl come prog are 3s 3s such think-impf is</item>
    <item id="o3" line="803" tag="B"></item>
    <item id="o4" line="804" tag="T">                  'That they are coming, so he thinks.'</item>
  </tier>
  <tier id="c" type="odin-clean">
    <item id="c1" line="801" tag="L+LN">[Hindi/Urdu] a. [ (*ki) vee aa rahee haiN] woo aisaa sooc-taa hai</item>
    <item id="c2" line="802" tag="G">that 3pl come prog are 3s 3s such think-impf is</item>
    <item id="c3" line="803" tag="B"/>
    <item id="c4" line="804" tag="T">That they are coming, so he thinks.</item>
  </tier>
  <tier id="p" type="phrases" content="c">
    <item id="p0" content="c1[0:65]"/>
  </tier>
  <tier id="g" type="glosses" content="c">
    <item id="g0" content="c2[0:47]" alignment="p1"/>
  </tier>
  <tier id="t" type="translations" content="c">
    <item id="t0" content="c4[0:35]" alignment="p1"/>
  </tier>
</igt>
<igt id="i24053">
  <metadata type="xigt-meta">
    <meta type="language" name="hindi/urdu" iso-639-3="hin:urd" tiers="phrases words morphemes"/>
    <meta type="language" name="English" iso-639-3="eng" tiers="translations"/>
    <meta type="odin-source" doc-id="1260" line-range="806-809" line-types="L+LN G B T"/>
  </metadata>
  <tier id="o" type="odin-raw">
    <item id="o1" line="806" tag="L+LN">      [Hindi/Urdu] b. usee maaluum hai [ki vee aa rahee haiN]</item>
    <item id="o2" line="807" tag="G">                      3s-dat known is that 3pl come prog are</item>
    <item id="o3" line="808" tag="B"></item>
    <item id="o4" line="809" tag="T">                 'He knows [that they are coming].'</item>
  </tier>
  <tier id="c" type="odin-clean">
    <item id="c1" line="806" tag="L+LN">[Hindi/Urdu] b. usee maaluum hai [ki vee aa rahee haiN]</item>
    <item id="c2" line="807" tag="G">3s-dat known is that 3pl come prog are</item>
    <item id="c3" line="808" tag="B"/>
    <item id="c4" line="809" tag="T">He knows [that they are coming].</item>
  </tier>
  <tier id="p" type="phrases" content="c">
    <item id="p0" content="c1[0:55]"/>
  </tier>
  <tier id="g" type="glosses" content="c">
    <item id="g0" content="c2[0:38]" alignment="p1"/>
  </tier>
  <tier id="t" type="translations" content="c">
    <item id="t0" content="c4[0:32]" alignment="p1"/>
  </tier>
</igt>
<igt id="i52327">
  <metadata type="xigt-meta">
    <meta type="language" name="hindi-urdu" iso-639-3="hin:urd" tiers="phrases words morphemes"/>
    <meta type="language" name="English" iso-639-3="eng" tiers="translations"/>
    <meta type="odin-source" doc-id="1218" line-range="206-210" line-types="L+CR L+CR G T T+AL"/>
  </metadata>
  <tier id="o" type="odin-raw">
    <item id="o1" line="206" tag="L+CR">  (8)        Guatami [apnee (aapi)-koo caalaak] samajhtaa         hai, aur Vikram                  bhiiØ.</item>
    <item id="o2" line="207" tag="L+CR">                                                                                               j</item>
    <item id="o3" line="208" tag="G">             Guatam    self's self-dat smart        consider-Impf is   and Vikram                  also</item>
    <item id="o4" line="209" tag="T">             `Guatam considers himself smart, and so does Vikram'</item>
    <item id="o5" line="210" tag="T+AL">             (=Vikram considers Vikram smart; Vikram considers Guatam smart)</item>
  </tier>
  <tier id="c" type="odin-clean">
    <item id="c1" line="206 207" tag="L+CR">Guatami [apnee (aapi)-koo caalaak] samajhtaa         hai, aur Vikram              j   bhiiØ.</item>
    <item id="c3" line="208" tag="G">Guatam    self's self-dat smart        consider-Impf is   and Vikram                  also</item>
    <item id="c4" line="209" tag="T">Guatam considers himself smart, and so does Vikram</item>
    <item id="c5" line="210" tag="T+AL">=Vikram considers Vikram smart; Vikram considers Guatam smart</item>
  </tier>
  <tier id="p" type="phrases" content="c">
    <item id="p0" content="c1[0:92]"/>
  </tier>
  <tier id="g" type="glosses" content="c">
    <item id="g0" content="c3[0:90]" alignment="p1"/>
  </tier>
  <tier id="t" type="translations" content="c">
    <item id="t0" content="c4[0:50]" alignment="p1"/>
    <item id="t1" content="c5[0:61]" alignment="p1"/>
  </tier>
</igt>
<igt id="i79882">
  <metadata type="xigt-meta">
    <meta type="language" name="hindi/urdu" iso-639-3="hin:urd" tiers="phrases words morphemes"/>
    <meta type="language" name="English" iso-639-3="eng" tiers="translations"/>
    <meta type="odin-source" doc-id="1641" line-range="2124-2127" line-types="L G M T"/>
  </metadata>
  <tier id="o" type="odin-raw">
    <item id="o1" line="2124" tag="L">  (104)   a.     Sharukh-ne [tehnii     kaat-nii] chaah-ii     thii</item>
    <item id="o2" line="2125" tag="G">                 Sharukh-Erg ª ranch.F cut-ªInf.F want-Pfv.FSg be.Pst.FSg</item>
    <item id="o3" line="2126" tag="M">                             b</item>
    <item id="o4" line="2127" tag="T">                 `Sharukh wanted to cut the branch.'</item>
  </tier>
  <tier id="c" type="odin-clean">
    <item id="c1" line="2124" tag="L">Sharukh-ne [tehnii     kaat-nii] chaah-ii     thii</item>
    <item id="c2" line="2125" tag="G">Sharukh-Erg ª ranch.F cut-ªInf.F want-Pfv.FSg be.Pst.FSg</item>
    <item id="c3" line="2126" tag="M">b</item>
    <item id="c4" line="2127" tag="T">Sharukh wanted to cut the branch.</item>
  </tier>
  <tier id="p" type="phrases" content="c">
    <item id="p0" content="c1[0:50]"/>
  </tier>
  <tier id="g" type="glosses" content="c">
    <item id="g0" content="c2[0:56]" alignment="p1"/>
  </tier>
  <tier id="t" type="translations" content="c">
    <item id="t0" content="c4[0:33]" alignment="p1"/>
  </tier>
</igt>
<igt id="i79883">
  <metadata type="xigt-meta">
    <meta type="language" name="hindi/urdu" iso-639-3="hin:urd" tiers="phrases words morphemes"/>
    <meta type="language" name="English" iso-639-3="eng" tiers="translations"/>
    <meta type="odin-source" doc-id="1641" line-range="2128-2131" line-types="L+CR L+CR G M"/>
  </metadata>
  <tier id="o" type="odin-raw">
    <item id="o1" line="2128" tag="L+CR">                                                               thii</item>
    <item id="o2" line="2129" tag="L+CR">          b.   * Sharukh-ne [tehnii    kaat-naa] chaah-ii</item>
    <item id="o3" line="2130" tag="G">                 Sharukh-Erg ª ranch.F cut-ªInf.M want-Pfv.FSg be.Pst.FSg</item>
    <item id="o4" line="2131" tag="M">                             b</item>
  </tier>
  <tier id="c" type="odin-clean">
    <item id="c1" line="2128 2129" tag="L+CR">* Sharukh-ne [tehnii    kaat-naa] chaah-ii      thii</item>
    <item id="c3" line="2130" tag="G">Sharukh-Erg ª ranch.F cut-ªInf.M want-Pfv.FSg be.Pst.FSg</item>
    <item id="c4" line="2131" tag="M">b</item>
  </tier>
  <tier id="p" type="phrases" content="c">
    <item id="p0" content="c1[0:52]"/>
  </tier>
  <tier id="g" type="glosses" content="c">
    <item id="g0" content="c3[0:56]" alignment="p1"/>
  </tier>
</igt>
<igt id="i79884">
  <metadata type="xigt-meta">
    <meta type="language" name="hindi/urdu" iso-639-3="hin:urd" tiers="phrases words morphemes"/>
    <meta type="language" name="English" iso-639-3="eng" tiers="translations"/>
    <meta type="odin-source" doc-id="1641" line-range="2134-2138" line-types="L+CR L+CR M G T"/>
  </metadata>
  <tier id="o" type="odin-raw">
    <item id="o1" line="2134" tag="L+CR">  (105)   Shahrukh-ne [tehnii                          thaa</item>
    <item id="o2" line="2135" tag="L+CR">                                  kaat-naa] chaah-aa</item>
    <item id="o3" line="2136" tag="M">                       ª              ª</item>
    <item id="o4" line="2137" tag="G">          Shahrukh-Erg branch.F cut-Inf.M want-Pfv.MSg be.Pst.MSg</item>
    <item id="o5" line="2138" tag="T">          `Shahrukh wanted to cut a/the branch.'</item>
  </tier>
  <tier id="c" type="odin-clean">
    <item id="c1" line="2134 2135" tag="L+CR">Shahrukh-ne [tehnii     kaat-naa] chaah-aa   thaa</item>
    <item id="c3" line="2136" tag="M">ª              ª</item>
    <item id="c4" line="2137" tag="G">Shahrukh-Erg branch.F cut-Inf.M want-Pfv.MSg be.Pst.MSg</item>
    <item id="c5" line="2138" tag="T">Shahrukh wanted to cut a/the branch.</item>
  </tier>
  <tier id="p" type="phrases" content="c">
    <item id="p0" content="c1[0:49]"/>
  </tier>
  <tier id="g" type="glosses" content="c">
    <item id="g0" content="c4[0:55]" alignment="p1"/>
  </tier>
  <tier id="t" type="translations" content="c">
    <item id="t0" content="c5[0:36]" alignment="p1"/>
  </tier>
</igt>
<igt id="i79885">
  <metadata type="xigt-meta">
    <meta type="language" name="hindi/urdu" iso-639-3="hin:urd" tiers="phrases words morphemes"/>
    <meta type="language" name="English" iso-639-3="eng" tiers="translations"/>
    <meta type="odin-source" doc-id="1641" line-range="2148-2151" line-types="L M G T"/>
  </metadata>
  <tier id="o" type="odin-raw">
    <item id="o1" line="2148" tag="L">  (106)    * Shahrukh-ne [tehnii      kaat-nii] chaah-aa  thaa</item>
    <item id="o2" line="2149" tag="M">                          ª              ª</item>
    <item id="o3" line="2150" tag="G">             Shahrukh-Erg branch.F cut-Inf.F want-Pfv.MSg be.Pst.MSg</item>
    <item id="o4" line="2151" tag="T">             `Shahrukh wanted to cut a/the branch.'</item>
  </tier>
  <tier id="c" type="odin-clean">
    <item id="c1" line="2148" tag="L">* Shahrukh-ne [tehnii      kaat-nii] chaah-aa  thaa</item>
    <item id="c2" line="2149" tag="M">ª              ª</item>
    <item id="c3" line="2150" tag="G">Shahrukh-Erg branch.F cut-Inf.F want-Pfv.MSg be.Pst.MSg</item>
    <item id="c4" line="2151" tag="T">Shahrukh wanted to cut a/the branch.</item>
  </tier>
  <tier id="p" type="phrases" content="c">
    <item id="p0" content="c1[0:51]"/>
  </tier>
  <tier id="g" type="glosses" content="c">
    <item id="g0" content="c3[0:55]" alignment="p1"/>
  </tier>
  <tier id="t" type="translations" content="c">
    <item id="t0" content="c4[0:36]" alignment="p1"/>
  </tier>
</igt>
</xigt-corpus>
