<?xml version="1.0" encoding="UTF-8"?>
<xigt-corpus>
<igt id="i18588">
  <metadata type="xigt-meta">
    <meta type="language" name="hanahan" iso-639-3="hla" tiers="phrases words morphemes"/>
    <meta type="language" name="English" iso-639-3="eng" tiers="translations"/>
    <meta type="odin-source" doc-id="2916" line-range="210-212" line-types="L G T+AC+LN"/>
  </metadata>
  <tier id="o" type="odin-raw">
    <item id="o1" line="210" tag="L">         c. nonei e          roro-la-na        tara     man han</item>
    <item id="o2" line="211" tag="G">            he       PM visit-go-3SGS LOC               PL    village</item>
    <item id="o3" line="212" tag="T+AC+LN">            `He is visiting the villages.' (Hanahan - Allen &amp; Allen 1987:71)</item>
  </tier>
  <tier id="c" type="odin-clean">
    <item id="c1" line="210" tag="L">nonei e          roro-la-na        tara     man han</item>
    <item id="c2" line="211" tag="G">he       PM visit-go-3SGS LOC               PL    village</item>
    <item id="c3" line="212" tag="T+AC+LN">He is visiting the villages.' (Hanahan-Allen &amp; Allen 1987:71)</item>
  </tier>
  <tier id="p" type="phrases" content="c">
    <item id="p0" content="c1[0:51]"/>
  </tier>
  <tier id="g" type="glosses" content="c">
    <item id="g0" content="c2[0:57]" alignment="p1"/>
  </tier>
  <tier id="t" type="translations" content="c">
    <item id="t0" content="c3[0:61]" alignment="p1"/>
  </tier>
</igt>
<igt id="i18592">
  <metadata type="xigt-meta">
    <meta type="language" name="hanahan" iso-639-3="hla" tiers="phrases words morphemes"/>
    <meta type="language" name="English" iso-639-3="eng" tiers="translations"/>
    <meta type="odin-source" doc-id="2916" line-range="228-230" line-types="L G T+AC+LN"/>
  </metadata>
  <tier id="o" type="odin-raw">
    <item id="o1" line="228" tag="L">         c. alia e         la-gu-ma       i      mahö</item>
    <item id="o2" line="229" tag="G">            I       PM go-1SGS-hither ART tomorrow</item>
    <item id="o3" line="230" tag="T+AC+LN">            `I will come tomorrow.' (Hanahan - Allen &amp; Allen 1987:69)</item>
  </tier>
  <tier id="c" type="odin-clean">
    <item id="c1" line="228" tag="L">alia e         la-gu-ma       i      mahö</item>
    <item id="c2" line="229" tag="G">I       PM go-1SGS-hither ART tomorrow</item>
    <item id="c3" line="230" tag="T+AC+LN">I will come tomorrow.' (Hanahan-Allen &amp; Allen 1987:69)</item>
  </tier>
  <tier id="p" type="phrases" content="c">
    <item id="p0" content="c1[0:41]"/>
  </tier>
  <tier id="g" type="glosses" content="c">
    <item id="g0" content="c2[0:38]" alignment="p1"/>
  </tier>
  <tier id="t" type="translations" content="c">
    <item id="t0" content="c3[0:54]" alignment="p1"/>
  </tier>
</igt>
<igt id="i18597">
  <metadata type="xigt-meta">
    <meta type="language" name="selau" iso-639-3="hla" tiers="phrases words morphemes"/>
    <meta type="language" name="English" iso-639-3="eng" tiers="translations"/>
    <meta type="odin-source" doc-id="2916" line-range="266-268" line-types="L G T+AC+LN"/>
  </metadata>
  <tier id="o" type="odin-raw">
    <item id="o1" line="266" tag="L">  (22)   a. ala    e       nu-ya-gu          osono</item>
    <item id="o2" line="267" tag="G">            I      PM eat-SGO-1SGS taro</item>
    <item id="o3" line="268" tag="T+AC+LN">            `I am eating taro.' (Selau - Ross 1982:22)</item>
  </tier>
  <tier id="c" type="odin-clean">
    <item id="c1" line="266" tag="L">ala    e       nu-ya-gu          osono</item>
    <item id="c2" line="267" tag="G">I      PM eat-SGO-1SGS taro</item>
    <item id="c3" line="268" tag="T+AC+LN">I am eating taro.' (Selau-Ross 1982:22)</item>
  </tier>
  <tier id="p" type="phrases" content="c">
    <item id="p0" content="c1[0:38]"/>
  </tier>
  <tier id="g" type="glosses" content="c">
    <item id="g0" content="c2[0:27]" alignment="p1"/>
  </tier>
  <tier id="t" type="translations" content="c">
    <item id="t0" content="c3[0:39]" alignment="p1"/>
  </tier>
</igt>
<igt id="i18598">
  <metadata type="xigt-meta">
    <meta type="language" name="hanahan" iso-639-3="hla" tiers="phrases words morphemes"/>
    <meta type="language" name="English" iso-639-3="eng" tiers="translations"/>
    <meta type="odin-source" doc-id="2916" line-range="270-272" line-types="L G T+AC+LN"/>
  </metadata>
  <tier id="o" type="odin-raw">
    <item id="o1" line="270" tag="L">         b. a      pien e         soho noa-na</item>
    <item id="o2" line="271" tag="G">            ART child PM sleep yet-3SGS</item>
    <item id="o3" line="272" tag="T+AC+LN">            `The child is still sleeping.' (Hanahan - Allen &amp; Allen 1987:76)</item>
  </tier>
  <tier id="c" type="odin-clean">
    <item id="c1" line="270" tag="L">a      pien e         soho noa-na</item>
    <item id="c2" line="271" tag="G">ART child PM sleep yet-3SGS</item>
    <item id="c3" line="272" tag="T+AC+LN">The child is still sleeping.' (Hanahan-Allen &amp; Allen 1987:76)</item>
  </tier>
  <tier id="p" type="phrases" content="c">
    <item id="p0" content="c1[0:33]"/>
  </tier>
  <tier id="g" type="glosses" content="c">
    <item id="g0" content="c2[0:27]" alignment="p1"/>
  </tier>
  <tier id="t" type="translations" content="c">
    <item id="t0" content="c3[0:61]" alignment="p1"/>
  </tier>
</igt>
</xigt-corpus>
