<?xml version="1.0" encoding="UTF-8"?>
<xigt-corpus>
<igt id="i77900">
  <metadata type="xigt-meta">
    <meta type="language" name="songhai" iso-639-3="hmb" tiers="phrases words morphemes"/>
    <meta type="language" name="English" iso-639-3="eng" tiers="translations"/>
    <meta type="odin-source" doc-id="2521" line-range="1887-1889" line-types="L G T"/>
  </metadata>
  <tier id="o" type="odin-raw">
    <item id="o1" line="1887" tag="L">  (122) koyra fo-yan               ga n           ga         bisa</item>
    <item id="o2" line="1888" tag="G">           village which-PLUR in 2SG INCOMPL pass</item>
    <item id="o3" line="1889" tag="T">           `by which villages did you pass?'</item>
  </tier>
  <tier id="c" type="odin-clean">
    <item id="c1" line="1887" tag="L">koyra fo-yan               ga n           ga         bisa</item>
    <item id="c2" line="1888" tag="G">village which-PLUR in 2SG INCOMPL pass</item>
    <item id="c3" line="1889" tag="T">by which villages did you pass?</item>
  </tier>
  <tier id="p" type="phrases" content="c">
    <item id="p0" content="c1[0:57]"/>
  </tier>
  <tier id="g" type="glosses" content="c">
    <item id="g0" content="c2[0:38]" alignment="p1"/>
  </tier>
  <tier id="t" type="translations" content="c">
    <item id="t0" content="c3[0:31]" alignment="p1"/>
  </tier>
</igt>
</xigt-corpus>
