<?xml version="1.0" encoding="UTF-8"?>
<xigt-corpus>
<igt id="i102575">
  <metadata type="xigt-meta">
    <meta type="language" name="mina" iso-639-3="hna" tiers="phrases words morphemes"/>
    <meta type="language" name="English" iso-639-3="eng" tiers="translations"/>
    <meta type="odin-source" doc-id="1329" line-range="2406-2408" line-types="L G T"/>
  </metadata>
  <tier id="o" type="odin-raw">
    <item id="o1" line="2406" tag="L">         mEÛkEÛ (yé) Sossi kpÛ èsÛ ò</item>
    <item id="o2" line="2407" tag="G">         who that Sossi see yesterday Typ.</item>
    <item id="o3" line="2408" tag="T">         `Who did Sossi see yesterday?'</item>
  </tier>
  <tier id="c" type="odin-clean">
    <item id="c1" line="2406" tag="L">mEÛkEÛ (yé) Sossi kpÛ èsÛ ò</item>
    <item id="c2" line="2407" tag="G">who that Sossi see yesterday Typ.</item>
    <item id="c3" line="2408" tag="T">Who did Sossi see yesterday?</item>
  </tier>
  <tier id="p" type="phrases" content="c">
    <item id="p0" content="c1[0:27]"/>
  </tier>
  <tier id="g" type="glosses" content="c">
    <item id="g0" content="c2[0:33]" alignment="p1"/>
  </tier>
  <tier id="t" type="translations" content="c">
    <item id="t0" content="c3[0:28]" alignment="p1"/>
  </tier>
</igt>
</xigt-corpus>
