<?xml version="1.0" encoding="UTF-8"?>
<xigt-corpus>
<igt id="i115615">
  <metadata type="xigt-meta">
    <meta type="language" name="hani" iso-639-3="hni" tiers="phrases words morphemes"/>
    <meta type="language" name="English" iso-639-3="eng" tiers="translations"/>
    <meta type="odin-source" doc-id="3380" line-range="2195-2199" line-types="M+LN B L G T+AC"/>
  </metadata>
  <tier id="o" type="odin-raw">
    <item id="o1" line="2195" tag="M+LN">         b.   Hani</item>
    <item id="o2" line="2196" tag="B"></item>
    <item id="o3" line="2197" tag="L">              hal     meeq    zeiq</item>
    <item id="o4" line="2198" tag="G">              most good       more</item>
    <item id="o5" line="2199" tag="T+AC">              `best' (Lewis and Bibo 1996:15)</item>
  </tier>
  <tier id="c" type="odin-clean">
    <item id="c1" line="2195" tag="M+LN">Hani</item>
    <item id="c2" line="2196" tag="B"/>
    <item id="c3" line="2197" tag="L">hal     meeq    zeiq</item>
    <item id="c4" line="2198" tag="G">most good       more</item>
    <item id="c5" line="2199" tag="T+AC">best' (Lewis and Bibo 1996:15)</item>
  </tier>
  <tier id="p" type="phrases" content="c">
    <item id="p0" content="c3[0:20]"/>
  </tier>
  <tier id="g" type="glosses" content="c">
    <item id="g0" content="c4[0:20]" alignment="p1"/>
  </tier>
  <tier id="t" type="translations" content="c">
    <item id="t0" content="c5[0:30]" alignment="p1"/>
  </tier>
</igt>
</xigt-corpus>
