<?xml version="1.0" encoding="UTF-8"?>
<xigt-corpus>
<igt id="i77792">
  <metadata type="xigt-meta">
    <meta type="language" name="hmong njua" iso-639-3="hnj" tiers="phrases words morphemes"/>
    <meta type="language" name="English" iso-639-3="eng" tiers="translations"/>
    <meta type="odin-source" doc-id="2521" line-range="326-329" line-types="L G M+SY T"/>
  </metadata>
  <tier id="o" type="odin-raw">
    <item id="o1" line="326" tag="L">  (30) Peter muab pob khuum rua Maria</item>
    <item id="o2" line="327" tag="G">        Peter give gift                  to Maria</item>
    <item id="o3" line="328" tag="M+SY">          SV                O</item>
    <item id="o4" line="329" tag="T">        `Peter gave a gift to Maria'</item>
  </tier>
  <tier id="c" type="odin-clean">
    <item id="c1" line="326" tag="L">Peter muab pob khuum rua Maria</item>
    <item id="c2" line="327" tag="G">Peter give gift                  to Maria</item>
    <item id="c3" line="328" tag="M+SY">SV                O</item>
    <item id="c4" line="329" tag="T">Peter gave a gift to Maria</item>
  </tier>
  <tier id="p" type="phrases" content="c">
    <item id="p0" content="c1[0:30]"/>
  </tier>
  <tier id="g" type="glosses" content="c">
    <item id="g0" content="c2[0:41]" alignment="p1"/>
  </tier>
  <tier id="t" type="translations" content="c">
    <item id="t0" content="c4[0:26]" alignment="p1"/>
  </tier>
</igt>
<igt id="i77793">
  <metadata type="xigt-meta">
    <meta type="language" name="hmong njua" iso-639-3="hnj" tiers="phrases words morphemes"/>
    <meta type="language" name="English" iso-639-3="eng" tiers="translations"/>
    <meta type="odin-source" doc-id="2521" line-range="333-336" line-types="L G M+SY T"/>
  </metadata>
  <tier id="o" type="odin-raw">
    <item id="o1" line="333" tag="L">  (31) a. Moob lab has lug txawv luag</item>
    <item id="o2" line="334" tag="G">                 Hmoob red speaks strangely</item>
    <item id="o3" line="335" tag="M+SY">                                     V          Adv</item>
    <item id="o4" line="336" tag="T">                 `Red Hmoob speaks strangely'</item>
  </tier>
  <tier id="c" type="odin-clean">
    <item id="c1" line="333" tag="L">Moob lab has lug txawv luag</item>
    <item id="c2" line="334" tag="G">Hmoob red speaks strangely</item>
    <item id="c3" line="335" tag="M+SY">V          Adv</item>
    <item id="c4" line="336" tag="T">Red Hmoob speaks strangely</item>
  </tier>
  <tier id="p" type="phrases" content="c">
    <item id="p0" content="c1[0:27]"/>
  </tier>
  <tier id="g" type="glosses" content="c">
    <item id="g0" content="c2[0:26]" alignment="p1"/>
  </tier>
  <tier id="t" type="translations" content="c">
    <item id="t0" content="c4[0:26]" alignment="p1"/>
  </tier>
</igt>
<igt id="i77794">
  <metadata type="xigt-meta">
    <meta type="language" name="hmong njua" iso-639-3="hnj" tiers="phrases words morphemes"/>
    <meta type="language" name="English" iso-639-3="eng" tiers="translations"/>
    <meta type="odin-source" doc-id="2521" line-range="337-340" line-types="L G M+SY T"/>
  </metadata>
  <tier id="o" type="odin-raw">
    <item id="o1" line="337" tag="L">          b. tsuv luj dula miv                            c. lub         thawv      saab sau</item>
    <item id="o2" line="338" tag="G">                 tiger big than cat                             CLSFR box           cover</item>
    <item id="o3" line="339" tag="M+SY">                        Adj M St                                            G         N</item>
    <item id="o4" line="340" tag="T">                 `a tiger is bigger than a cat'                 `the box's cover'</item>
  </tier>
  <tier id="c" type="odin-clean">
    <item id="c1" line="337" tag="L">tsuv luj dula miv                            c. lub         thawv      saab sau</item>
    <item id="c2" line="338" tag="G">tiger big than cat                             CLSFR box           cover</item>
    <item id="c3" line="339" tag="M+SY">Adj M St                                            G         N</item>
    <item id="c4" line="340" tag="T">a tiger is bigger than a cat'                 `the box's cover</item>
  </tier>
  <tier id="p" type="phrases" content="c">
    <item id="p0" content="c1[0:79]"/>
  </tier>
  <tier id="g" type="glosses" content="c">
    <item id="g0" content="c2[0:72]" alignment="p1"/>
  </tier>
  <tier id="t" type="translations" content="c">
    <item id="t0" content="c4[0:62]" alignment="p1"/>
  </tier>
</igt>
<igt id="i77899">
  <metadata type="xigt-meta">
    <meta type="language" name="hmong njua" iso-639-3="hnj" tiers="phrases words morphemes"/>
    <meta type="language" name="English" iso-639-3="eng" tiers="translations"/>
    <meta type="odin-source" doc-id="2521" line-range="1876-1878" line-types="L G T"/>
  </metadata>
  <tier id="o" type="odin-raw">
    <item id="o1" line="1876" tag="L">  (121) nwg moog ghov twg</item>
    <item id="o2" line="1877" tag="G">           3SG go          where</item>
    <item id="o3" line="1878" tag="T">           `where is he going to?'</item>
  </tier>
  <tier id="c" type="odin-clean">
    <item id="c1" line="1876" tag="L">nwg moog ghov twg</item>
    <item id="c2" line="1877" tag="G">3SG go          where</item>
    <item id="c3" line="1878" tag="T">where is he going to?</item>
  </tier>
  <tier id="p" type="phrases" content="c">
    <item id="p0" content="c1[0:17]"/>
  </tier>
  <tier id="g" type="glosses" content="c">
    <item id="g0" content="c2[0:21]" alignment="p1"/>
  </tier>
  <tier id="t" type="translations" content="c">
    <item id="t0" content="c3[0:21]" alignment="p1"/>
  </tier>
</igt>
</xigt-corpus>
