<?xml version="1.0" encoding="UTF-8"?>
<xigt-corpus>
<igt id="i155939">
  <metadata type="xigt-meta">
    <meta type="language" name="holoholo" iso-639-3="hoo" tiers="phrases words morphemes"/>
    <meta type="language" name="English" iso-639-3="eng" tiers="translations"/>
    <meta type="odin-source" doc-id="3302" line-range="459-459" line-types="L-T+CN"/>
  </metadata>
  <tier id="o" type="odin-raw">
    <item id="o1" line="459" tag="L-T+CN">  (11) a.         Holoholo w-i-mú-ku-keba              `She is searching' (PROG)</item>
  </tier>
  <tier id="c" type="odin-clean">
    <item id="c1" line="459" tag="L-T+CN">a.         Holoholo w-i-mú-ku-keba              `She is searching' (PROG</item>
  </tier>
</igt>
</xigt-corpus>
