<?xml version="1.0" encoding="UTF-8"?>
<xigt-corpus>
<igt id="i19765">
  <metadata type="xigt-meta">
    <meta type="language" name="burgenland croatian" iso-639-3="hrv" tiers="phrases words morphemes"/>
    <meta type="language" name="English" iso-639-3="eng" tiers="translations"/>
    <meta type="odin-source" doc-id="270" line-range="739-742" line-types="L+CR L+CR G T"/>
  </metadata>
  <tier id="o" type="odin-raw">
    <item id="o1" line="739" tag="L+CR">                                                                                (BCr)</item>
    <item id="o2" line="740" tag="L+CR">  (39) Knjizevnost mu       je     bila     nek                 *sredstvom / sredstvo.</item>
    <item id="o3" line="741" tag="G">       literature    CLDAT AUX3:sg COPPST only                    means*INST / NOM</item>
    <item id="o4" line="742" tag="T">       'Literature was only a means to an end for               him.'</item>
  </tier>
  <tier id="c" type="odin-clean">
    <item id="c1" line="739" tag="L+CR">BCr</item>
    <item id="c3" line="741" tag="G">literature    CLDAT AUX3:sg COPPST only                    means*INST / NOM</item>
    <item id="c4" line="742" tag="T">Literature was only a means to an end for               him.</item>
  </tier>
  <tier id="p" type="phrases" content="c">
    <item id="p0" content="c1[0:3]"/>
  </tier>
  <tier id="g" type="glosses" content="c">
    <item id="g0" content="c3[0:75]" alignment="p1"/>
  </tier>
  <tier id="t" type="translations" content="c">
    <item id="t0" content="c4[0:60]" alignment="p1"/>
  </tier>
</igt>
<igt id="i19774">
  <metadata type="xigt-meta">
    <meta type="language" name="burgenland croatian" iso-639-3="hrv" tiers="phrases words morphemes"/>
    <meta type="language" name="English" iso-639-3="eng" tiers="translations"/>
    <meta type="odin-source" doc-id="270" line-range="793-795" line-types="L+LN G T"/>
  </metadata>
  <tier id="o" type="odin-raw">
    <item id="o1" line="793" tag="L+LN">  (44) a. Jive putuje        *(z) autom.                          (BCr)</item>
    <item id="o2" line="794" tag="G">          Jive travelPRS:3:sg z carINST</item>
    <item id="o3" line="795" tag="T">          'Jive travels by car.'</item>
  </tier>
  <tier id="c" type="odin-clean">
    <item id="c1" line="793" tag="L+LN">a. Jive putuje        *(z) autom.                          (BCr</item>
    <item id="c2" line="794" tag="G">Jive travelPRS:3:sg z carINST</item>
    <item id="c3" line="795" tag="T">Jive travels by car.</item>
  </tier>
  <tier id="p" type="phrases" content="c">
    <item id="p0" content="c1[0:63]"/>
  </tier>
  <tier id="g" type="glosses" content="c">
    <item id="g0" content="c2[0:29]" alignment="p1"/>
  </tier>
  <tier id="t" type="translations" content="c">
    <item id="t0" content="c3[0:20]" alignment="p1"/>
  </tier>
</igt>
<igt id="i19775">
  <metadata type="xigt-meta">
    <meta type="language" name="burgenland croatian" iso-639-3="hrv" tiers="phrases words morphemes"/>
    <meta type="language" name="English" iso-639-3="eng" tiers="translations"/>
    <meta type="odin-source" doc-id="270" line-range="796-798" line-types="L G T"/>
  </metadata>
  <tier id="o" type="odin-raw">
    <item id="o1" line="796" tag="L">       b. Nikola tuce        Luku *(z) pesicu.</item>
    <item id="o2" line="797" tag="G">          Nikola hitPRS:3:sg Luka z fistINST</item>
    <item id="o3" line="798" tag="T">          'Nikola hits Luka with his fist.'</item>
  </tier>
  <tier id="c" type="odin-clean">
    <item id="c1" line="796" tag="L">Nikola tuce        Luku *(z) pesicu.</item>
    <item id="c2" line="797" tag="G">Nikola hitPRS:3:sg Luka z fistINST</item>
    <item id="c3" line="798" tag="T">Nikola hits Luka with his fist.</item>
  </tier>
  <tier id="p" type="phrases" content="c">
    <item id="p0" content="c1[0:36]"/>
  </tier>
  <tier id="g" type="glosses" content="c">
    <item id="g0" content="c2[0:34]" alignment="p1"/>
  </tier>
  <tier id="t" type="translations" content="c">
    <item id="t0" content="c3[0:31]" alignment="p1"/>
  </tier>
</igt>
<igt id="i23918">
  <metadata type="xigt-meta">
    <meta type="language" name="croatian" iso-639-3="hrv" tiers="phrases words morphemes"/>
    <meta type="language" name="English" iso-639-3="eng" tiers="translations"/>
    <meta type="odin-source" doc-id="1270" line-range="277-279" line-types="L+AC+LN G T"/>
  </metadata>
  <tier id="o" type="odin-raw">
    <item id="o1" line="277" tag="L+AC+LN">      d. Ja sam            spavao.                                         Croatian [avar (1999:26)]</item>
    <item id="o2" line="278" tag="G">          I be-1.SG. sleep-PAST PRT</item>
    <item id="o3" line="279" tag="T">          `I have slept'</item>
  </tier>
  <tier id="c" type="odin-clean">
    <item id="c1" line="277" tag="L+AC+LN">Ja sam            spavao.                                         Croatian [avar (1999:26)]</item>
    <item id="c2" line="278" tag="G">I be-1.SG. sleep-PAST PRT</item>
    <item id="c3" line="279" tag="T">I have slept</item>
  </tier>
  <tier id="p" type="phrases" content="c">
    <item id="p0" content="c1[0:91]"/>
  </tier>
  <tier id="g" type="glosses" content="c">
    <item id="g0" content="c2[0:25]" alignment="p1"/>
  </tier>
  <tier id="t" type="translations" content="c">
    <item id="t0" content="c3[0:12]" alignment="p1"/>
  </tier>
</igt>
<igt id="i23920">
  <metadata type="xigt-meta">
    <meta type="language" name="croatian" iso-639-3="hrv" tiers="phrases words morphemes"/>
    <meta type="language" name="English" iso-639-3="eng" tiers="translations"/>
    <meta type="odin-source" doc-id="1270" line-range="289-291" line-types="L+AC+LN G T"/>
  </metadata>
  <tier id="o" type="odin-raw">
    <item id="o1" line="289" tag="L+AC+LN">      b. Ti bi                    citao                       novine.      Croatian [avar (1999:33)]</item>
    <item id="o2" line="290" tag="G">          you COND+2.SG read-PAST PRT newspaper</item>
    <item id="o3" line="291" tag="T">          `You would read the newspaper'</item>
  </tier>
  <tier id="c" type="odin-clean">
    <item id="c1" line="289" tag="L+AC+LN">Ti bi                    citao                       novine.      Croatian [avar (1999:33)]</item>
    <item id="c2" line="290" tag="G">you COND+2.SG read-PAST PRT newspaper</item>
    <item id="c3" line="291" tag="T">You would read the newspaper</item>
  </tier>
  <tier id="p" type="phrases" content="c">
    <item id="p0" content="c1[0:91]"/>
  </tier>
  <tier id="g" type="glosses" content="c">
    <item id="g0" content="c2[0:37]" alignment="p1"/>
  </tier>
  <tier id="t" type="translations" content="c">
    <item id="t0" content="c3[0:28]" alignment="p1"/>
  </tier>
</igt>
<igt id="i23926">
  <metadata type="xigt-meta">
    <meta type="language" name="croatian" iso-639-3="hrv" tiers="phrases words morphemes"/>
    <meta type="language" name="English" iso-639-3="eng" tiers="translations"/>
    <meta type="odin-source" doc-id="1270" line-range="415-416" line-types="L G"/>
  </metadata>
  <tier id="o" type="odin-raw">
    <item id="o1" line="415" tag="L">  (13) a. Ivan je/j spavao.</item>
    <item id="o2" line="416" tag="G">             Ivan has/HAS slept</item>
  </tier>
  <tier id="c" type="odin-clean">
    <item id="c1" line="415" tag="L">Ivan je/j spavao.</item>
    <item id="c2" line="416" tag="G">Ivan has/HAS slept</item>
  </tier>
  <tier id="p" type="phrases" content="c">
    <item id="p0" content="c1[0:17]"/>
  </tier>
  <tier id="g" type="glosses" content="c">
    <item id="g0" content="c2[0:18]" alignment="p1"/>
  </tier>
</igt>
<igt id="i24138">
  <metadata type="xigt-meta">
    <meta type="language" name="croatian" iso-639-3="hrv" tiers="phrases words morphemes"/>
    <meta type="language" name="English" iso-639-3="eng" tiers="translations"/>
    <meta type="odin-source" doc-id="1265" line-range="950-952" line-types="L G T"/>
  </metadata>
  <tier id="o" type="odin-raw">
    <item id="o1" line="950" tag="L">  (34) Cr a.       Lav je Tolstoi veliki ruski pisac</item>
    <item id="o2" line="951" tag="G">                   Leo is Tolstoi great Russian writer</item>
    <item id="o3" line="952" tag="T">                   `Leo Tolstoi is a great Russian writer'</item>
  </tier>
  <tier id="c" type="odin-clean">
    <item id="c1" line="950" tag="L">Cr a.       Lav je Tolstoi veliki ruski pisac</item>
    <item id="c2" line="951" tag="G">Leo is Tolstoi great Russian writer</item>
    <item id="c3" line="952" tag="T">Leo Tolstoi is a great Russian writer</item>
  </tier>
  <tier id="p" type="phrases" content="c">
    <item id="p0" content="c1[0:45]"/>
  </tier>
  <tier id="g" type="glosses" content="c">
    <item id="g0" content="c2[0:35]" alignment="p1"/>
  </tier>
  <tier id="t" type="translations" content="c">
    <item id="t0" content="c3[0:37]" alignment="p1"/>
  </tier>
</igt>
<igt id="i24139">
  <metadata type="xigt-meta">
    <meta type="language" name="croatian" iso-639-3="hrv" tiers="phrases words morphemes"/>
    <meta type="language" name="English" iso-639-3="eng" tiers="translations"/>
    <meta type="odin-source" doc-id="1265" line-range="953-955" line-types="L G T"/>
  </metadata>
  <tier id="o" type="odin-raw">
    <item id="o1" line="953" tag="L">          b.       U ovu je veliku sobu usao.</item>
    <item id="o2" line="954" tag="G">                   in that is big room entered</item>
    <item id="o3" line="955" tag="T">                   `(He) entered that big room'</item>
  </tier>
  <tier id="c" type="odin-clean">
    <item id="c1" line="953" tag="L">U ovu je veliku sobu usao.</item>
    <item id="c2" line="954" tag="G">in that is big room entered</item>
    <item id="c3" line="955" tag="T">(He) entered that big room</item>
  </tier>
  <tier id="p" type="phrases" content="c">
    <item id="p0" content="c1[0:26]"/>
  </tier>
  <tier id="g" type="glosses" content="c">
    <item id="g0" content="c2[0:27]" alignment="p1"/>
  </tier>
  <tier id="t" type="translations" content="c">
    <item id="t0" content="c3[0:26]" alignment="p1"/>
  </tier>
</igt>
<igt id="i35521">
  <metadata type="xigt-meta">
    <meta type="language" name="kroatisch" iso-639-3="hrv" tiers="phrases words morphemes"/>
    <meta type="language" name="English" iso-639-3="eng" tiers="translations"/>
    <meta type="odin-source" doc-id="602" line-range="355-357" line-types="L+LN G T"/>
  </metadata>
  <tier id="o" type="odin-raw">
    <item id="o1" line="355" tag="L+LN">  (30)    a.       Ivan     je/j              spavao.                                 (Kroatisch)</item>
    <item id="o2" line="356" tag="G">                     Ivan   ist               geschlafen</item>
    <item id="o3" line="357" tag="T">                     `Ivan hat/HAT geschlafen.'</item>
  </tier>
  <tier id="c" type="odin-clean">
    <item id="c1" line="355" tag="L+LN">a.       Ivan     je/j              spavao.                                 (Kroatisch</item>
    <item id="c2" line="356" tag="G">Ivan   ist               geschlafen</item>
    <item id="c3" line="357" tag="T">Ivan hat/HAT geschlafen.</item>
  </tier>
  <tier id="p" type="phrases" content="c">
    <item id="p0" content="c1[0:86]"/>
  </tier>
  <tier id="g" type="glosses" content="c">
    <item id="g0" content="c2[0:35]" alignment="p1"/>
  </tier>
  <tier id="t" type="translations" content="c">
    <item id="t0" content="c3[0:24]" alignment="p1"/>
  </tier>
</igt>
<igt id="i35522">
  <metadata type="xigt-meta">
    <meta type="language" name="kroatisch" iso-639-3="hrv" tiers="phrases words morphemes"/>
    <meta type="language" name="English" iso-639-3="eng" tiers="translations"/>
    <meta type="odin-source" doc-id="602" line-range="358-360" line-types="L G T"/>
  </metadata>
  <tier id="o" type="odin-raw">
    <item id="o1" line="358" tag="L">          b.         Marija i        Ivan     jesu     citali          novine.</item>
    <item id="o2" line="359" tag="G">                     Maria und       Ivan     sind     gelesen         Zeitung</item>
    <item id="o3" line="360" tag="T">                     `Maria und Ivan haben eine Zeitung gelesen.'</item>
  </tier>
  <tier id="c" type="odin-clean">
    <item id="c1" line="358" tag="L">Marija i        Ivan     jesu     citali          novine.</item>
    <item id="c2" line="359" tag="G">Maria und       Ivan     sind     gelesen         Zeitung</item>
    <item id="c3" line="360" tag="T">Maria und Ivan haben eine Zeitung gelesen.</item>
  </tier>
  <tier id="p" type="phrases" content="c">
    <item id="p0" content="c1[0:57]"/>
  </tier>
  <tier id="g" type="glosses" content="c">
    <item id="g0" content="c2[0:57]" alignment="p1"/>
  </tier>
  <tier id="t" type="translations" content="c">
    <item id="t0" content="c3[0:42]" alignment="p1"/>
  </tier>
</igt>
<igt id="i35523">
  <metadata type="xigt-meta">
    <meta type="language" name="kroatisch" iso-639-3="hrv" tiers="phrases words morphemes"/>
    <meta type="language" name="English" iso-639-3="eng" tiers="translations"/>
    <meta type="odin-source" doc-id="602" line-range="361-363" line-types="L G T"/>
  </metadata>
  <tier id="o" type="odin-raw">
    <item id="o1" line="361" tag="L">          c.         Ivan   n-je              skocio             sa    mosta.</item>
    <item id="o2" line="362" tag="G">                     Ivan   NEG-ist           gesprungen         von   Brücke</item>
    <item id="o3" line="363" tag="T">                     `Ivan ist von der Brücke nicht gesprungen.'</item>
  </tier>
  <tier id="c" type="odin-clean">
    <item id="c1" line="361" tag="L">Ivan   n-je              skocio             sa    mosta.</item>
    <item id="c2" line="362" tag="G">Ivan   NEG-ist           gesprungen         von   Brücke</item>
    <item id="c3" line="363" tag="T">Ivan ist von der Brücke nicht gesprungen.</item>
  </tier>
  <tier id="p" type="phrases" content="c">
    <item id="p0" content="c1[0:56]"/>
  </tier>
  <tier id="g" type="glosses" content="c">
    <item id="g0" content="c2[0:56]" alignment="p1"/>
  </tier>
  <tier id="t" type="translations" content="c">
    <item id="t0" content="c3[0:41]" alignment="p1"/>
  </tier>
</igt>
<igt id="i44606">
  <metadata type="xigt-meta">
    <meta type="language" name="croatian" iso-639-3="hrv" tiers="phrases words morphemes"/>
    <meta type="language" name="English" iso-639-3="eng" tiers="translations"/>
    <meta type="odin-source" doc-id="4020" line-range="194-197" line-types="M+CN L+LN+SY G T"/>
  </metadata>
  <tier id="o" type="odin-raw">
    <item id="o1" line="194" tag="M+CN">  Long Head Movement</item>
    <item id="o2" line="195" tag="L+LN+SY">   (3) daoi mu ga je Ivan ti                          (Croatian)</item>
    <item id="o3" line="196" tag="G">       given him it         is Ivan t</item>
    <item id="o4" line="197" tag="T">       "Ivan has given it to him"</item>
  </tier>
  <tier id="c" type="odin-clean">
    <item id="c1" line="194" tag="M+CN">Long Head Movement</item>
    <item id="c2" line="195" tag="L+LN+SY">daoi mu ga je Ivan ti                          (Croatian</item>
    <item id="c3" line="196" tag="G">given him it         is Ivan t</item>
    <item id="c4" line="197" tag="T">Ivan has given it to him</item>
  </tier>
  <tier id="p" type="phrases" content="c">
    <item id="p0" content="c2[0:56]"/>
  </tier>
  <tier id="g" type="glosses" content="c">
    <item id="g0" content="c3[0:30]" alignment="p1"/>
  </tier>
  <tier id="t" type="translations" content="c">
    <item id="t0" content="c4[0:24]" alignment="p1"/>
  </tier>
</igt>
<igt id="i49821">
  <metadata type="xigt-meta">
    <meta type="language" name="croatian" iso-639-3="hrv" tiers="phrases words morphemes"/>
    <meta type="language" name="English" iso-639-3="eng" tiers="translations"/>
    <meta type="odin-source" doc-id="1806" line-range="37-51" line-types="L M M M M B M M M B M M B B T"/>
  </metadata>
  <tier id="o" type="odin-raw">
    <item id="o1" line="37" tag="L">                 (1) a. Kolega muDat je otisao iz kue prije njega.</item>
    <item id="o2" line="38" tag="M">  1</item>
    <item id="o3" line="39" tag="M">   The dative of possession is a means of expressing the attributive possession (Cro pas         Ivanu         `Ivan's</item>
    <item id="o4" line="40" tag="M">                                                                                           Nom           Dat</item>
    <item id="o5" line="41" tag="M">  dog'). The first component of the NP need not be nominative.</item>
    <item id="o6" line="42" tag="B"></item>
    <item id="o7" line="43" tag="M">                                   The Slavic and East European Language Resource Center</item>
    <item id="o8" line="44" tag="M">                     © 2002</item>
    <item id="o9" line="45" tag="M">                   Glossos is the registered trademark of Duke University. All rights reserved.</item>
    <item id="o10" line="46" tag="B"></item>
    <item id="o11" line="47" tag="M">                                                                                                         2</item>
    <item id="o12" line="48" tag="M">  L. Sari, On the semantics of the "dative of possession" in the Slavic languages</item>
    <item id="o13" line="49" tag="B"></item>
    <item id="o14" line="50" tag="B"></item>
    <item id="o15" line="51" tag="T">                   `His colleague had left the house before he did. '</item>
  </tier>
  <tier id="c" type="odin-clean">
    <item id="c1" line="37" tag="L">Kolega muDat je otisao iz kue prije njega.</item>
    <item id="c2" line="38" tag="M">1</item>
    <item id="c3" line="39" tag="M">The dative of possession is a means of expressing the attributive possession (Cro pas         Ivanu         `Ivan's</item>
    <item id="c4" line="40" tag="M">Nom           Dat</item>
    <item id="c5" line="41" tag="M">dog'). The first component of the NP need not be nominative.</item>
    <item id="c6" line="42" tag="B"/>
    <item id="c7" line="43" tag="M">The Slavic and East European Language Resource Center</item>
    <item id="c8" line="44" tag="M">© 2002</item>
    <item id="c9" line="45" tag="M">Glossos is the registered trademark of Duke University. All rights reserved.</item>
    <item id="c10" line="46" tag="B"/>
    <item id="c11" line="47" tag="M">2</item>
    <item id="c12" line="48" tag="M">Sari, On the semantics of the "dative of possession" in the Slavic languages</item>
    <item id="c13" line="49" tag="B"/>
    <item id="c14" line="50" tag="B"/>
    <item id="c15" line="51" tag="T">His colleague had left the house before he did.</item>
  </tier>
  <tier id="p" type="phrases" content="c">
    <item id="p0" content="c1[0:42]"/>
  </tier>
  <tier id="t" type="translations" content="c">
    <item id="t0" content="c15[0:47]" alignment="p1"/>
  </tier>
</igt>
<igt id="i49832">
  <metadata type="xigt-meta">
    <meta type="language" name="croatian" iso-639-3="hrv" tiers="phrases words morphemes"/>
    <meta type="language" name="English" iso-639-3="eng" tiers="translations"/>
    <meta type="odin-source" doc-id="1806" line-range="281-286" line-types="L+CR L+CR B M+EX T T"/>
  </metadata>
  <tier id="o" type="odin-raw">
    <item id="o1" line="281" tag="L+CR">                                                                                          je udarila u lice.</item>
    <item id="o2" line="282" tag="L+CR">                  b. Prisao sam prozoru. I uplasio se mjesecine sto mi              Dat</item>
    <item id="o3" line="283" tag="B"></item>
    <item id="o4" line="284" tag="M+EX">                     (Selimovi)</item>
    <item id="o5" line="285" tag="T">                     `I went to the window and became frightened because of the moonshine,</item>
    <item id="o6" line="286" tag="T">                     that hit into my face.'</item>
  </tier>
  <tier id="c" type="odin-clean">
    <item id="c1" line="281 282" tag="L+CR">Prisao sam prozoru. I uplasio se mjesecine sto mi              Dat   je udarila u lice.</item>
    <item id="c3" line="283" tag="B"/>
    <item id="c4" line="284" tag="M+EX">Selimovi</item>
    <item id="c5" line="285" tag="T">I went to the window and became frightened because of the moonshine,</item>
    <item id="c6" line="286" tag="T">that hit into my face.</item>
  </tier>
  <tier id="p" type="phrases" content="c">
    <item id="p0" content="c1[0:87]"/>
  </tier>
  <tier id="t" type="translations" content="c">
    <item id="t0" content="c5[0:68]" alignment="p1"/>
    <item id="t1" content="c6[0:22]" alignment="p1"/>
  </tier>
</igt>
<igt id="i49837">
  <metadata type="xigt-meta">
    <meta type="language" name="croatian" iso-639-3="hrv" tiers="phrases words morphemes"/>
    <meta type="language" name="English" iso-639-3="eng" tiers="translations"/>
    <meta type="odin-source" doc-id="1806" line-range="367-372" line-types="L+CR L+CR B L+EX T T"/>
  </metadata>
  <tier id="o" type="odin-raw">
    <item id="o1" line="367" tag="L+CR">                                                                                       odjednom oslabise i</item>
    <item id="o2" line="368" tag="L+CR">                (6) Slusam i trudim se da budem pribrana, a noge mi              Dat</item>
    <item id="o3" line="369" tag="B"></item>
    <item id="o4" line="370" tag="L+EX">                     klecave jedva me drze. (Bozovi)</item>
    <item id="o5" line="371" tag="T">                     `I am listening and trying to be concentrated, but my legs are suddenly</item>
    <item id="o6" line="372" tag="T">                     weak and trembling, they hardly hold me.'</item>
  </tier>
  <tier id="c" type="odin-clean">
    <item id="c1" line="367 368" tag="L+CR">Slusam i trudim se da budem pribrana, a noge mi              Dat   odjednom oslabise i</item>
    <item id="c3" line="369" tag="B"/>
    <item id="c4" line="370" tag="L+EX">klecave jedva me drze. (Bozovi)</item>
    <item id="c5" line="371" tag="T">I am listening and trying to be concentrated, but my legs are suddenly</item>
    <item id="c6" line="372" tag="T">weak and trembling, they hardly hold me.</item>
  </tier>
  <tier id="p" type="phrases" content="c">
    <item id="p0" content="c1[0:86]"/>
    <item id="p1" content="c4[0:31]"/>
  </tier>
  <tier id="t" type="translations" content="c">
    <item id="t0" content="c5[0:70]" alignment="p2"/>
    <item id="t1" content="c6[0:40]" alignment="p2"/>
  </tier>
</igt>
<igt id="i49838">
  <metadata type="xigt-meta">
    <meta type="language" name="croatian" iso-639-3="hrv" tiers="phrases words morphemes"/>
    <meta type="language" name="English" iso-639-3="eng" tiers="translations"/>
    <meta type="odin-source" doc-id="1806" line-range="377-378" line-types="L+EX T"/>
  </metadata>
  <tier id="o" type="odin-raw">
    <item id="o1" line="377" tag="L+EX">                (7) Lice muDat bijase opusteno [...] (Barbieri)</item>
    <item id="o2" line="378" tag="T">                   `His face was relaxed.'</item>
  </tier>
  <tier id="c" type="odin-clean">
    <item id="c1" line="377" tag="L+EX">Lice muDat bijase opusteno [...] (Barbieri</item>
    <item id="c2" line="378" tag="T">His face was relaxed.</item>
  </tier>
  <tier id="p" type="phrases" content="c">
    <item id="p0" content="c1[0:42]"/>
  </tier>
  <tier id="t" type="translations" content="c">
    <item id="t0" content="c2[0:21]" alignment="p1"/>
  </tier>
</igt>
<igt id="i49839">
  <metadata type="xigt-meta">
    <meta type="language" name="croatian" iso-639-3="hrv" tiers="phrases words morphemes"/>
    <meta type="language" name="English" iso-639-3="eng" tiers="translations"/>
    <meta type="odin-source" doc-id="1806" line-range="385-388" line-types="L+CR+EX L+CR B T"/>
  </metadata>
  <tier id="o" type="odin-raw">
    <item id="o1" line="385" tag="L+CR+EX">                                        ubili komite jos prije. (Krleza)</item>
    <item id="o2" line="386" tag="L+CR">                (8) I oca su mi   Dat</item>
    <item id="o3" line="387" tag="B"></item>
    <item id="o4" line="388" tag="T">                   `Earlier the Komitadji killed my father too.'</item>
  </tier>
  <tier id="c" type="odin-clean">
    <item id="c1" line="385 386" tag="L+CR+EX">I oca su mi   Dat   ubili komite jos prije. (Krleza</item>
    <item id="c3" line="387" tag="B"/>
    <item id="c4" line="388" tag="T">Earlier the Komitadji killed my father too.</item>
  </tier>
  <tier id="p" type="phrases" content="c">
    <item id="p0" content="c1[0:51]"/>
  </tier>
  <tier id="t" type="translations" content="c">
    <item id="t0" content="c4[0:43]" alignment="p1"/>
  </tier>
</igt>
<igt id="i49869">
  <metadata type="xigt-meta">
    <meta type="language" name="croatian" iso-639-3="hrv" tiers="phrases words morphemes"/>
    <meta type="language" name="English" iso-639-3="eng" tiers="translations"/>
    <meta type="odin-source" doc-id="1806" line-range="722-725" line-types="L+LN+CR L+CR B T"/>
  </metadata>
  <tier id="o" type="odin-raw">
    <item id="o1" line="722" tag="L+LN+CR">                                            presijece ostar vrisak sirene. (Marinkovi)   [Cro]</item>
    <item id="o2" line="723" tag="L+CR">                (23) [...] glas joj   Dat</item>
    <item id="o3" line="724" tag="B"></item>
    <item id="o4" line="725" tag="T">                   `Her voice cut the shrill screeching of the siren.'</item>
  </tier>
  <tier id="c" type="odin-clean">
    <item id="c1" line="722 723" tag="L+LN+CR">[...] glas joj   Dat   presijece ostar vrisak sirene. (Marinkovi)   [Cro]</item>
    <item id="c3" line="724" tag="B"/>
    <item id="c4" line="725" tag="T">Her voice cut the shrill screeching of the siren.</item>
  </tier>
  <tier id="p" type="phrases" content="c">
    <item id="p0" content="c1[0:73]"/>
  </tier>
  <tier id="t" type="translations" content="c">
    <item id="t0" content="c4[0:49]" alignment="p1"/>
  </tier>
</igt>
<igt id="i49871">
  <metadata type="xigt-meta">
    <meta type="language" name="croatian" iso-639-3="hrv" tiers="phrases words morphemes"/>
    <meta type="language" name="English" iso-639-3="eng" tiers="translations"/>
    <meta type="odin-source" doc-id="1806" line-range="755-758" line-types="L+LN+CR L+CR B T+DB"/>
  </metadata>
  <tier id="o" type="odin-raw">
    <item id="o1" line="755" tag="L+LN+CR">                (24) Ocistio mi          je sobu.                                                        [Cro]</item>
    <item id="o2" line="756" tag="L+CR">                                   Dat</item>
    <item id="o3" line="757" tag="B"></item>
    <item id="o4" line="758" tag="T+DB">                     `He cleaned my room/He cleaned the room for me.'</item>
  </tier>
  <tier id="c" type="odin-clean">
    <item id="c1" line="755 756" tag="L+LN+CR">Ocistio mi    Dat   je sobu.                                                        [Cro]</item>
    <item id="c3" line="757" tag="B"/>
    <item id="c4" line="758" tag="T+DB">He cleaned my room/He cleaned the room for me.</item>
  </tier>
  <tier id="p" type="phrases" content="c">
    <item id="p0" content="c1[0:89]"/>
  </tier>
  <tier id="t" type="translations" content="c">
    <item id="t0" content="c4[0:46]" alignment="p1"/>
  </tier>
</igt>
<igt id="i49872">
  <metadata type="xigt-meta">
    <meta type="language" name="croatian" iso-639-3="hrv" tiers="phrases words morphemes"/>
    <meta type="language" name="English" iso-639-3="eng" tiers="translations"/>
    <meta type="odin-source" doc-id="1806" line-range="779-780" line-types="L T"/>
  </metadata>
  <tier id="o" type="odin-raw">
    <item id="o1" line="779" tag="L">                (25) a. Kerka muDat je otisla u Indiju.</item>
    <item id="o2" line="780" tag="T">                   `His daughter went to India.'</item>
  </tier>
  <tier id="c" type="odin-clean">
    <item id="c1" line="779" tag="L">Kerka muDat je otisla u Indiju.</item>
    <item id="c2" line="780" tag="T">His daughter went to India.</item>
  </tier>
  <tier id="p" type="phrases" content="c">
    <item id="p0" content="c1[0:31]"/>
  </tier>
  <tier id="t" type="translations" content="c">
    <item id="t0" content="c2[0:27]" alignment="p1"/>
  </tier>
</igt>
<igt id="i49873">
  <metadata type="xigt-meta">
    <meta type="language" name="croatian" iso-639-3="hrv" tiers="phrases words morphemes"/>
    <meta type="language" name="English" iso-639-3="eng" tiers="translations"/>
    <meta type="odin-source" doc-id="1806" line-range="781-782" line-types="L+LN T"/>
  </metadata>
  <tier id="o" type="odin-raw">
    <item id="o1" line="781" tag="L+LN">                   b. Kolegica muDat je otisla u Indiju.                                                 [Cro]</item>
    <item id="o2" line="782" tag="T">                   `His colleague went to India.'</item>
  </tier>
  <tier id="c" type="odin-clean">
    <item id="c1" line="781" tag="L+LN">Kolegica muDat je otisla u Indiju.                                                 [Cro]</item>
    <item id="c2" line="782" tag="T">His colleague went to India.</item>
  </tier>
  <tier id="p" type="phrases" content="c">
    <item id="p0" content="c1[0:88]"/>
  </tier>
  <tier id="t" type="translations" content="c">
    <item id="t0" content="c2[0:28]" alignment="p1"/>
  </tier>
</igt>
<igt id="i84857">
  <metadata type="xigt-meta">
    <meta type="language" name="croatian" iso-639-3="hrv" tiers="phrases words morphemes"/>
    <meta type="language" name="English" iso-639-3="eng" tiers="translations"/>
    <meta type="odin-source" doc-id="3630" line-range="203-205" line-types="L+LN G T"/>
  </metadata>
  <tier id="o" type="odin-raw">
    <item id="o1" line="203" tag="L+LN">  (10) Ima/evo       kruh-a.                    (Croatian)</item>
    <item id="o2" line="204" tag="G">       There-is/here breag-GEN.</item>
    <item id="o3" line="205" tag="T">       `There is bread./Here's bread'.</item>
  </tier>
  <tier id="c" type="odin-clean">
    <item id="c1" line="203" tag="L+LN">Ima/evo       kruh-a.                    (Croatian</item>
    <item id="c2" line="204" tag="G">There-is/here breag-GEN.</item>
    <item id="c3" line="205" tag="T">There is bread./Here's bread'.</item>
  </tier>
  <tier id="p" type="phrases" content="c">
    <item id="p0" content="c1[0:50]"/>
  </tier>
  <tier id="g" type="glosses" content="c">
    <item id="g0" content="c2[0:24]" alignment="p1"/>
  </tier>
  <tier id="t" type="translations" content="c">
    <item id="t0" content="c3[0:30]" alignment="p1"/>
  </tier>
</igt>
<igt id="i88792">
  <metadata type="xigt-meta">
    <meta type="language" name="croatian" iso-639-3="hrv" tiers="phrases words morphemes"/>
    <meta type="language" name="English" iso-639-3="eng" tiers="translations"/>
    <meta type="odin-source" doc-id="666" line-range="673-675" line-types="L G T"/>
  </metadata>
  <tier id="o" type="odin-raw">
    <item id="o1" line="673" tag="L">       a. Unuc-i                 su    bak-i                darova-l-i              cvijec-e.</item>
    <item id="o2" line="674" tag="G">          grandson-MplNOM be.3pl grandmother-FsgDAT give-PAST-pl                    flower-MplACC</item>
    <item id="o3" line="675" tag="T">          `The grandsons gave flowers to [their] grandmother.'</item>
  </tier>
  <tier id="c" type="odin-clean">
    <item id="c1" line="673" tag="L">Unuc-i                 su    bak-i                darova-l-i              cvijec-e.</item>
    <item id="c2" line="674" tag="G">grandson-MplNOM be.3pl grandmother-FsgDAT give-PAST-pl                    flower-MplACC</item>
    <item id="c3" line="675" tag="T">The grandsons gave flowers to [their] grandmother.</item>
  </tier>
  <tier id="p" type="phrases" content="c">
    <item id="p0" content="c1[0:83]"/>
  </tier>
  <tier id="g" type="glosses" content="c">
    <item id="g0" content="c2[0:87]" alignment="p1"/>
  </tier>
  <tier id="t" type="translations" content="c">
    <item id="t0" content="c3[0:50]" alignment="p1"/>
  </tier>
</igt>
<igt id="i88793">
  <metadata type="xigt-meta">
    <meta type="language" name="croatian" iso-639-3="hrv" tiers="phrases words morphemes"/>
    <meta type="language" name="English" iso-639-3="eng" tiers="translations"/>
    <meta type="odin-source" doc-id="666" line-range="676-678" line-types="L G T"/>
  </metadata>
  <tier id="o" type="odin-raw">
    <item id="o1" line="676" tag="L">       b. Unuc-i                su     bak-u                darova-l-i              cvijec-em.</item>
    <item id="o2" line="677" tag="G">          grandson-MplNOM be.3pl grandmother-FsgACC give-PAST-pl                    flower-MplINST</item>
    <item id="o3" line="678" tag="T">          `The grandsons gave [their] grandmother flowers.'</item>
  </tier>
  <tier id="c" type="odin-clean">
    <item id="c1" line="676" tag="L">Unuc-i                su     bak-u                darova-l-i              cvijec-em.</item>
    <item id="c2" line="677" tag="G">grandson-MplNOM be.3pl grandmother-FsgACC give-PAST-pl                    flower-MplINST</item>
    <item id="c3" line="678" tag="T">The grandsons gave [their] grandmother flowers.</item>
  </tier>
  <tier id="p" type="phrases" content="c">
    <item id="p0" content="c1[0:84]"/>
  </tier>
  <tier id="g" type="glosses" content="c">
    <item id="g0" content="c2[0:88]" alignment="p1"/>
  </tier>
  <tier id="t" type="translations" content="c">
    <item id="t0" content="c3[0:47]" alignment="p1"/>
  </tier>
</igt>
<igt id="i97829">
  <metadata type="xigt-meta">
    <meta type="language" name="croatian" iso-639-3="hrv" tiers="phrases words morphemes"/>
    <meta type="language" name="English" iso-639-3="eng" tiers="translations"/>
    <meta type="odin-source" doc-id="2607" line-range="1308-1310" line-types="L G T"/>
  </metadata>
  <tier id="o" type="odin-raw">
    <item id="o1" line="1308" tag="L">   (26) a. Nazvali smo klijenticu (od) [ [ odvjetnice ] s&lt;to pus&lt;i   paket cigareta dnevno ]</item>
    <item id="o2" line="1309" tag="G">           phoned are client      (of)     lawyer[Gen] that smokes pack cigarettes daily</item>
    <item id="o3" line="1310" tag="T">           'We phoned the client of a lawyer; the lawyer smokes a pack of cigarettes a day.'</item>
  </tier>
  <tier id="c" type="odin-clean">
    <item id="c1" line="1308" tag="L">Nazvali smo klijenticu (od) [ [ odvjetnice ] s&lt;to pus&lt;i   paket cigareta dnevno ]</item>
    <item id="c2" line="1309" tag="G">phoned are client      (of)     lawyer[Gen] that smokes pack cigarettes daily</item>
    <item id="c3" line="1310" tag="T">We phoned the client of a lawyer; the lawyer smokes a pack of cigarettes a day.</item>
  </tier>
  <tier id="p" type="phrases" content="c">
    <item id="p0" content="c1[0:81]"/>
  </tier>
  <tier id="g" type="glosses" content="c">
    <item id="g0" content="c2[0:77]" alignment="p1"/>
  </tier>
  <tier id="t" type="translations" content="c">
    <item id="t0" content="c3[0:79]" alignment="p1"/>
  </tier>
</igt>
<igt id="i97830">
  <metadata type="xigt-meta">
    <meta type="language" name="croatian" iso-639-3="hrv" tiers="phrases words morphemes"/>
    <meta type="language" name="English" iso-639-3="eng" tiers="translations"/>
    <meta type="odin-source" doc-id="2607" line-range="1312-1314" line-types="L G T"/>
  </metadata>
  <tier id="o" type="odin-raw">
    <item id="o1" line="1312" tag="L">          b. Nazvali smo [ [ klijenticu (od) odvjetnice ] s&lt;to pus&lt;i   paket cigareta dnevno ]</item>
    <item id="o2" line="1313" tag="G">             phoned are      client     (of) lawyer[Gen] that smokes pack cigarettes daily</item>
    <item id="o3" line="1314" tag="T">             'We phoned the client of a lawyer; the client smokes a pack of cigarettes a day.'</item>
  </tier>
  <tier id="c" type="odin-clean">
    <item id="c1" line="1312" tag="L">Nazvali smo [ [ klijenticu (od) odvjetnice ] s&lt;to pus&lt;i   paket cigareta dnevno ]</item>
    <item id="c2" line="1313" tag="G">phoned are      client     (of) lawyer[Gen] that smokes pack cigarettes daily</item>
    <item id="c3" line="1314" tag="T">We phoned the client of a lawyer; the client smokes a pack of cigarettes a day.</item>
  </tier>
  <tier id="p" type="phrases" content="c">
    <item id="p0" content="c1[0:81]"/>
  </tier>
  <tier id="g" type="glosses" content="c">
    <item id="g0" content="c2[0:77]" alignment="p1"/>
  </tier>
  <tier id="t" type="translations" content="c">
    <item id="t0" content="c3[0:79]" alignment="p1"/>
  </tier>
</igt>
<igt id="i97831">
  <metadata type="xigt-meta">
    <meta type="language" name="croatian" iso-639-3="hrv" tiers="phrases words morphemes"/>
    <meta type="language" name="English" iso-639-3="eng" tiers="translations"/>
    <meta type="odin-source" doc-id="2607" line-range="1378-1380" line-types="L G T"/>
  </metadata>
  <tier id="o" type="odin-raw">
    <item id="o1" line="1378" tag="L">   (27) Nazvali smo klijenticu (od) odvjetnice s&lt;to pus&lt;i.</item>
    <item id="o2" line="1379" tag="G">        phoned are client       (of) lawyer[Gen] that smokes</item>
    <item id="o3" line="1380" tag="T">        'We phoned the client of a lawyer; the lawyer smokes.'</item>
  </tier>
  <tier id="c" type="odin-clean">
    <item id="c1" line="1378" tag="L">Nazvali smo klijenticu (od) odvjetnice s&lt;to pus&lt;i.</item>
    <item id="c2" line="1379" tag="G">phoned are client       (of) lawyer[Gen] that smokes</item>
    <item id="c3" line="1380" tag="T">We phoned the client of a lawyer; the lawyer smokes.</item>
  </tier>
  <tier id="p" type="phrases" content="c">
    <item id="p0" content="c1[0:50]"/>
  </tier>
  <tier id="g" type="glosses" content="c">
    <item id="g0" content="c2[0:52]" alignment="p1"/>
  </tier>
  <tier id="t" type="translations" content="c">
    <item id="t0" content="c3[0:52]" alignment="p1"/>
  </tier>
</igt>
<igt id="i102881">
  <metadata type="xigt-meta">
    <meta type="language" name="croatian" iso-639-3="hrv" tiers="phrases words morphemes"/>
    <meta type="language" name="English" iso-639-3="eng" tiers="translations"/>
    <meta type="odin-source" doc-id="1327" line-range="1381-1383" line-types="L+AC G T"/>
  </metadata>
  <tier id="o" type="odin-raw">
    <item id="o1" line="1381" tag="L+AC">  (71)   a.      Mario *(ne) vidi ni(t)koga.                     (Progovac 1994: 37)</item>
    <item id="o2" line="1382" tag="G">                 Mario not see.3sg n-person</item>
    <item id="o3" line="1383" tag="T">                 'Mario cannot see anyone.'</item>
  </tier>
  <tier id="c" type="odin-clean">
    <item id="c1" line="1381" tag="L+AC">a.      Mario *(ne) vidi ni(t)koga.                     (Progovac 1994: 37</item>
    <item id="c2" line="1382" tag="G">Mario not see.3sg n-person</item>
    <item id="c3" line="1383" tag="T">Mario cannot see anyone.</item>
  </tier>
  <tier id="p" type="phrases" content="c">
    <item id="p0" content="c1[0:74]"/>
  </tier>
  <tier id="g" type="glosses" content="c">
    <item id="g0" content="c2[0:26]" alignment="p1"/>
  </tier>
  <tier id="t" type="translations" content="c">
    <item id="t0" content="c3[0:24]" alignment="p1"/>
  </tier>
</igt>
<igt id="i102882">
  <metadata type="xigt-meta">
    <meta type="language" name="croatian" iso-639-3="hrv" tiers="phrases words morphemes"/>
    <meta type="language" name="English" iso-639-3="eng" tiers="translations"/>
    <meta type="odin-source" doc-id="1327" line-range="1384-1386" line-types="L+AC G T"/>
  </metadata>
  <tier id="o" type="odin-raw">
    <item id="o1" line="1384" tag="L+AC">         b.      Ni(t)ko *(ne) vidi Mario.                       (Progovac 1994: 37)</item>
    <item id="o2" line="1385" tag="G">                 n-person not see.3sg Mario</item>
    <item id="o3" line="1386" tag="T">                 'Nobody can see Mario.'</item>
  </tier>
  <tier id="c" type="odin-clean">
    <item id="c1" line="1384" tag="L+AC">Ni(t)ko *(ne) vidi Mario.                       (Progovac 1994: 37)</item>
    <item id="c2" line="1385" tag="G">n-person not see.3sg Mario</item>
    <item id="c3" line="1386" tag="T">Nobody can see Mario.</item>
  </tier>
  <tier id="p" type="phrases" content="c">
    <item id="p0" content="c1[0:67]"/>
  </tier>
  <tier id="g" type="glosses" content="c">
    <item id="g0" content="c2[0:26]" alignment="p1"/>
  </tier>
  <tier id="t" type="translations" content="c">
    <item id="t0" content="c3[0:21]" alignment="p1"/>
  </tier>
</igt>
<igt id="i132650">
  <metadata type="xigt-meta">
    <meta type="language" name="croatian" iso-639-3="hrv" tiers="phrases words morphemes"/>
    <meta type="language" name="English" iso-639-3="eng" tiers="translations"/>
    <meta type="odin-source" doc-id="195.txt" line-range="9811-9814" line-types="L G T M+AC+LN"/>
  </metadata>
  <tier id="o" type="odin-raw">
    <item id="o1" line="9811" tag="L">  (15)   a.    Taj mu-je pjesnik dao autogram</item>
    <item id="o2" line="9812" tag="G">               this him-is poet give.ptc autograph</item>
    <item id="o3" line="9813" tag="T">               `This poet has given him an autograph.'</item>
    <item id="o4" line="9814" tag="M+AC+LN">                                                   (Croatian: avar &amp; Wilder 1994)</item>
  </tier>
  <tier id="c" type="odin-clean">
    <item id="c1" line="9811" tag="L">Taj mu-je pjesnik dao autogram</item>
    <item id="c2" line="9812" tag="G">this him-is poet give.ptc autograph</item>
    <item id="c3" line="9813" tag="T">This poet has given him an autograph.</item>
    <item id="c4" line="9814" tag="M+AC+LN">avar &amp; Wilder 1994</item>
  </tier>
  <tier id="p" type="phrases" content="c">
    <item id="p0" content="c1[0:30]"/>
  </tier>
  <tier id="g" type="glosses" content="c">
    <item id="g0" content="c2[0:35]" alignment="p1"/>
  </tier>
  <tier id="t" type="translations" content="c">
    <item id="t0" content="c3[0:37]" alignment="p1"/>
  </tier>
</igt>
<igt id="i132662">
  <metadata type="xigt-meta">
    <meta type="language" name="croatian" iso-639-3="hrv" tiers="phrases words morphemes"/>
    <meta type="language" name="English" iso-639-3="eng" tiers="translations"/>
    <meta type="odin-source" doc-id="195.txt" line-range="10618-10620" line-types="L G T"/>
  </metadata>
  <tier id="o" type="odin-raw">
    <item id="o1" line="10618" tag="L">  (44)   a.    Ivan ga je esto itao</item>
    <item id="o2" line="10619" tag="G">               Ivan it be.3s often read.ptc</item>
    <item id="o3" line="10620" tag="T">               `Ivan often read it.'</item>
  </tier>
  <tier id="c" type="odin-clean">
    <item id="c1" line="10618" tag="L">Ivan ga je esto itao</item>
    <item id="c2" line="10619" tag="G">Ivan it be.3s often read.ptc</item>
    <item id="c3" line="10620" tag="T">Ivan often read it.</item>
  </tier>
  <tier id="p" type="phrases" content="c">
    <item id="p0" content="c1[0:20]"/>
  </tier>
  <tier id="g" type="glosses" content="c">
    <item id="g0" content="c2[0:28]" alignment="p1"/>
  </tier>
  <tier id="t" type="translations" content="c">
    <item id="t0" content="c3[0:19]" alignment="p1"/>
  </tier>
</igt>
<igt id="i132663">
  <metadata type="xigt-meta">
    <meta type="language" name="croatian" iso-639-3="hrv" tiers="phrases words morphemes"/>
    <meta type="language" name="English" iso-639-3="eng" tiers="translations"/>
    <meta type="odin-source" doc-id="195.txt" line-range="10622-10623" line-types="L G"/>
  </metadata>
  <tier id="o" type="odin-raw">
    <item id="o1" line="10622" tag="L">         b.     esto ga je Ivan itao</item>
    <item id="o2" line="10623" tag="G">               often it be.3s Ivan read.ptc</item>
  </tier>
  <tier id="c" type="odin-clean">
    <item id="c1" line="10622" tag="L">esto ga je Ivan itao</item>
    <item id="c2" line="10623" tag="G">often it be.3s Ivan read.ptc</item>
  </tier>
  <tier id="p" type="phrases" content="c">
    <item id="p0" content="c1[0:20]"/>
  </tier>
  <tier id="g" type="glosses" content="c">
    <item id="g0" content="c2[0:28]" alignment="p1"/>
  </tier>
</igt>
<igt id="i132664">
  <metadata type="xigt-meta">
    <meta type="language" name="croatian" iso-639-3="hrv" tiers="phrases words morphemes"/>
    <meta type="language" name="English" iso-639-3="eng" tiers="translations"/>
    <meta type="odin-source" doc-id="195.txt" line-range="10625-10626" line-types="L G"/>
  </metadata>
  <tier id="o" type="odin-raw">
    <item id="o1" line="10625" tag="L">  (45)          itao ga je Ivan esto</item>
    <item id="o2" line="10626" tag="G">               read.ptc it be.3s Ivan often</item>
  </tier>
  <tier id="c" type="odin-clean">
    <item id="c1" line="10625" tag="L">itao ga je Ivan esto</item>
    <item id="c2" line="10626" tag="G">read.ptc it be.3s Ivan often</item>
  </tier>
  <tier id="p" type="phrases" content="c">
    <item id="p0" content="c1[0:20]"/>
  </tier>
  <tier id="g" type="glosses" content="c">
    <item id="g0" content="c2[0:28]" alignment="p1"/>
  </tier>
</igt>
<igt id="i132665">
  <metadata type="xigt-meta">
    <meta type="language" name="croatian" iso-639-3="hrv" tiers="phrases words morphemes"/>
    <meta type="language" name="English" iso-639-3="eng" tiers="translations"/>
    <meta type="odin-source" doc-id="195.txt" line-range="10637-10639" line-types="L G T"/>
  </metadata>
  <tier id="o" type="odin-raw">
    <item id="o1" line="10637" tag="L">  (47)   a.    Jesam      itao knjigu.</item>
    <item id="o2" line="10638" tag="G">               pos.be.1s read.ptc book</item>
    <item id="o3" line="10639" tag="T">               `I HAVE read the book.'</item>
  </tier>
  <tier id="c" type="odin-clean">
    <item id="c1" line="10637" tag="L">Jesam      itao knjigu.</item>
    <item id="c2" line="10638" tag="G">pos.be.1s read.ptc book</item>
    <item id="c3" line="10639" tag="T">I HAVE read the book.</item>
  </tier>
  <tier id="p" type="phrases" content="c">
    <item id="p0" content="c1[0:23]"/>
  </tier>
  <tier id="g" type="glosses" content="c">
    <item id="g0" content="c2[0:23]" alignment="p1"/>
  </tier>
  <tier id="t" type="translations" content="c">
    <item id="t0" content="c3[0:21]" alignment="p1"/>
  </tier>
</igt>
<igt id="i132666">
  <metadata type="xigt-meta">
    <meta type="language" name="croatian" iso-639-3="hrv" tiers="phrases words morphemes"/>
    <meta type="language" name="English" iso-639-3="eng" tiers="translations"/>
    <meta type="odin-source" doc-id="195.txt" line-range="10656-10658" line-types="L G T+LN"/>
  </metadata>
  <tier id="o" type="odin-raw">
    <item id="o1" line="10656" tag="L">         b.     Nisam        itao knjigu.</item>
    <item id="o2" line="10657" tag="G">                not.be.1s read.ptc book</item>
    <item id="o3" line="10658" tag="T+LN">                `I didn't read the book.'                                    (Croatian)</item>
  </tier>
  <tier id="c" type="odin-clean">
    <item id="c1" line="10656" tag="L">Nisam        itao knjigu.</item>
    <item id="c2" line="10657" tag="G">not.be.1s read.ptc book</item>
    <item id="c3" line="10658" tag="T+LN">I didn't read the book.'                                    (Croatian)</item>
  </tier>
  <tier id="p" type="phrases" content="c">
    <item id="p0" content="c1[0:25]"/>
  </tier>
  <tier id="g" type="glosses" content="c">
    <item id="g0" content="c2[0:23]" alignment="p1"/>
  </tier>
  <tier id="t" type="translations" content="c">
    <item id="t0" content="c3[0:70]" alignment="p1"/>
  </tier>
</igt>
<igt id="i132667">
  <metadata type="xigt-meta">
    <meta type="language" name="croatian" iso-639-3="hrv" tiers="phrases words morphemes"/>
    <meta type="language" name="English" iso-639-3="eng" tiers="translations"/>
    <meta type="odin-source" doc-id="195.txt" line-range="10672-10674" line-types="L+CN G T"/>
  </metadata>
  <tier id="o" type="odin-raw">
    <item id="o1" line="10672" tag="L+CN">  (48)   a.     Marija i Ivan su bili itali knjigu                    Locality Obeyed</item>
    <item id="o2" line="10673" tag="G">                M. and I. be.3p be.ptc read.ptc book</item>
    <item id="o3" line="10674" tag="T">                `Maria and Ivan had read the book.'</item>
  </tier>
  <tier id="c" type="odin-clean">
    <item id="c1" line="10672" tag="L+CN">Marija i Ivan su bili itali knjigu                    Locality Obeyed</item>
    <item id="c2" line="10673" tag="G">and I. be.3p be.ptc read.ptc book</item>
    <item id="c3" line="10674" tag="T">Maria and Ivan had read the book.</item>
  </tier>
  <tier id="p" type="phrases" content="c">
    <item id="p0" content="c1[0:69]"/>
  </tier>
  <tier id="g" type="glosses" content="c">
    <item id="g0" content="c2[0:33]" alignment="p1"/>
  </tier>
  <tier id="t" type="translations" content="c">
    <item id="t0" content="c3[0:33]" alignment="p1"/>
  </tier>
</igt>
<igt id="i132668">
  <metadata type="xigt-meta">
    <meta type="language" name="croatian" iso-639-3="hrv" tiers="phrases words morphemes"/>
    <meta type="language" name="English" iso-639-3="eng" tiers="translations"/>
    <meta type="odin-source" doc-id="195.txt" line-range="10676-10677" line-types="L G"/>
  </metadata>
  <tier id="o" type="odin-raw">
    <item id="o1" line="10676" tag="L">         b.     Bili su itali knjigu.</item>
    <item id="o2" line="10677" tag="G">                be.ptc be.3p read.ptc book</item>
  </tier>
  <tier id="c" type="odin-clean">
    <item id="c1" line="10676" tag="L">Bili su itali knjigu.</item>
    <item id="c2" line="10677" tag="G">be.ptc be.3p read.ptc book</item>
  </tier>
  <tier id="p" type="phrases" content="c">
    <item id="p0" content="c1[0:21]"/>
  </tier>
  <tier id="g" type="glosses" content="c">
    <item id="g0" content="c2[0:26]" alignment="p1"/>
  </tier>
</igt>
<igt id="i132703">
  <metadata type="xigt-meta">
    <meta type="language" name="croatian" iso-639-3="hrv" tiers="phrases words morphemes"/>
    <meta type="language" name="English" iso-639-3="eng" tiers="translations"/>
    <meta type="odin-source" doc-id="195.txt" line-range="11547-11549" line-types="L G T"/>
  </metadata>
  <tier id="o" type="odin-raw">
    <item id="o1" line="11547" tag="L">  (82)   a.    Taj pjesnik mu-je dao       autogram</item>
    <item id="o2" line="11548" tag="G">               this poet him-is give.ptc autograph</item>
    <item id="o3" line="11549" tag="T">               `This poet has given him an autograph.'</item>
  </tier>
  <tier id="c" type="odin-clean">
    <item id="c1" line="11547" tag="L">Taj pjesnik mu-je dao       autogram</item>
    <item id="c2" line="11548" tag="G">this poet him-is give.ptc autograph</item>
    <item id="c3" line="11549" tag="T">This poet has given him an autograph.</item>
  </tier>
  <tier id="p" type="phrases" content="c">
    <item id="p0" content="c1[0:36]"/>
  </tier>
  <tier id="g" type="glosses" content="c">
    <item id="g0" content="c2[0:35]" alignment="p1"/>
  </tier>
  <tier id="t" type="translations" content="c">
    <item id="t0" content="c3[0:37]" alignment="p1"/>
  </tier>
</igt>
<igt id="i132704">
  <metadata type="xigt-meta">
    <meta type="language" name="croatian" iso-639-3="hrv" tiers="phrases words morphemes"/>
    <meta type="language" name="English" iso-639-3="eng" tiers="translations"/>
    <meta type="odin-source" doc-id="195.txt" line-range="11554-11556" line-types="L G T"/>
  </metadata>
  <tier id="o" type="odin-raw">
    <item id="o1" line="11554" tag="L">  (83)   a.    U zelonoj ku i je stanovao.</item>
    <item id="o2" line="11555" tag="G">               in green house is stayed</item>
    <item id="o3" line="11556" tag="T">               `He stayed in the green house.'</item>
  </tier>
  <tier id="c" type="odin-clean">
    <item id="c1" line="11554" tag="L">U zelonoj ku i je stanovao.</item>
    <item id="c2" line="11555" tag="G">in green house is stayed</item>
    <item id="c3" line="11556" tag="T">He stayed in the green house.</item>
  </tier>
  <tier id="p" type="phrases" content="c">
    <item id="p0" content="c1[0:27]"/>
  </tier>
  <tier id="g" type="glosses" content="c">
    <item id="g0" content="c2[0:24]" alignment="p1"/>
  </tier>
  <tier id="t" type="translations" content="c">
    <item id="t0" content="c3[0:29]" alignment="p1"/>
  </tier>
</igt>
<igt id="i132705">
  <metadata type="xigt-meta">
    <meta type="language" name="croatian" iso-639-3="hrv" tiers="phrases words morphemes"/>
    <meta type="language" name="English" iso-639-3="eng" tiers="translations"/>
    <meta type="odin-source" doc-id="195.txt" line-range="11584-11586" line-types="L G T"/>
  </metadata>
  <tier id="o" type="odin-raw">
    <item id="o1" line="11584" tag="L">  (84)   a.    Ivan je kupio zeleno auto.</item>
    <item id="o2" line="11585" tag="G">               Ivan be.3s buy.ptc green car</item>
    <item id="o3" line="11586" tag="T">               `Ivan bought a green car.'</item>
  </tier>
  <tier id="c" type="odin-clean">
    <item id="c1" line="11584" tag="L">Ivan je kupio zeleno auto.</item>
    <item id="c2" line="11585" tag="G">Ivan be.3s buy.ptc green car</item>
    <item id="c3" line="11586" tag="T">Ivan bought a green car.</item>
  </tier>
  <tier id="p" type="phrases" content="c">
    <item id="p0" content="c1[0:26]"/>
  </tier>
  <tier id="g" type="glosses" content="c">
    <item id="g0" content="c2[0:28]" alignment="p1"/>
  </tier>
  <tier id="t" type="translations" content="c">
    <item id="t0" content="c3[0:24]" alignment="p1"/>
  </tier>
</igt>
<igt id="i132706">
  <metadata type="xigt-meta">
    <meta type="language" name="croatian" iso-639-3="hrv" tiers="phrases words morphemes"/>
    <meta type="language" name="English" iso-639-3="eng" tiers="translations"/>
    <meta type="odin-source" doc-id="195.txt" line-range="11590-11592" line-types="L G T"/>
  </metadata>
  <tier id="o" type="odin-raw">
    <item id="o1" line="11590" tag="L">  (85)   a.    Ivan je razbio tatino auto.</item>
    <item id="o2" line="11591" tag="G">               Ivan be.3s ruin.ptc fathers car</item>
    <item id="o3" line="11592" tag="T">               `Ivan has ruined his father's car.'</item>
  </tier>
  <tier id="c" type="odin-clean">
    <item id="c1" line="11590" tag="L">Ivan je razbio tatino auto.</item>
    <item id="c2" line="11591" tag="G">Ivan be.3s ruin.ptc fathers car</item>
    <item id="c3" line="11592" tag="T">Ivan has ruined his father's car.</item>
  </tier>
  <tier id="p" type="phrases" content="c">
    <item id="p0" content="c1[0:27]"/>
  </tier>
  <tier id="g" type="glosses" content="c">
    <item id="g0" content="c2[0:31]" alignment="p1"/>
  </tier>
  <tier id="t" type="translations" content="c">
    <item id="t0" content="c3[0:33]" alignment="p1"/>
  </tier>
</igt>
<igt id="i132764">
  <metadata type="xigt-meta">
    <meta type="language" name="croatian" iso-639-3="hrv" tiers="phrases words morphemes"/>
    <meta type="language" name="English" iso-639-3="eng" tiers="translations"/>
    <meta type="odin-source" doc-id="195.txt" line-range="13705-13707" line-types="L G T"/>
  </metadata>
  <tier id="o" type="odin-raw">
    <item id="o1" line="13705" tag="L">  (150) a.      itao sam ga esto.</item>
    <item id="o2" line="13706" tag="G">               read.ptc be.1s it often</item>
    <item id="o3" line="13707" tag="T">               `I have often read it.'</item>
  </tier>
  <tier id="c" type="odin-clean">
    <item id="c1" line="13705" tag="L">itao sam ga esto.</item>
    <item id="c2" line="13706" tag="G">read.ptc be.1s it often</item>
    <item id="c3" line="13707" tag="T">I have often read it.</item>
  </tier>
  <tier id="p" type="phrases" content="c">
    <item id="p0" content="c1[0:17]"/>
  </tier>
  <tier id="g" type="glosses" content="c">
    <item id="g0" content="c2[0:23]" alignment="p1"/>
  </tier>
  <tier id="t" type="translations" content="c">
    <item id="t0" content="c3[0:21]" alignment="p1"/>
  </tier>
</igt>
<igt id="i132765">
  <metadata type="xigt-meta">
    <meta type="language" name="croatian" iso-639-3="hrv" tiers="phrases words morphemes"/>
    <meta type="language" name="English" iso-639-3="eng" tiers="translations"/>
    <meta type="odin-source" doc-id="195.txt" line-range="13711-13713" line-types="L G T"/>
  </metadata>
  <tier id="o" type="odin-raw">
    <item id="o1" line="13711" tag="L">  (151) a. *    itao je ga Ivan esto.</item>
    <item id="o2" line="13712" tag="G">               read.ptc be.3s it Ivan often</item>
    <item id="o3" line="13713" tag="T">               `Ivan has often read it.'</item>
  </tier>
  <tier id="c" type="odin-clean">
    <item id="c1" line="13711" tag="L">*    itao je ga Ivan esto.</item>
    <item id="c2" line="13712" tag="G">read.ptc be.3s it Ivan often</item>
    <item id="c3" line="13713" tag="T">Ivan has often read it.</item>
  </tier>
  <tier id="p" type="phrases" content="c">
    <item id="p0" content="c1[0:26]"/>
  </tier>
  <tier id="g" type="glosses" content="c">
    <item id="g0" content="c2[0:28]" alignment="p1"/>
  </tier>
  <tier id="t" type="translations" content="c">
    <item id="t0" content="c3[0:23]" alignment="p1"/>
  </tier>
</igt>
<igt id="i142468">
  <metadata type="xigt-meta">
    <meta type="language" name="croatian" iso-639-3="hrv" tiers="phrases words morphemes"/>
    <meta type="language" name="English" iso-639-3="eng" tiers="translations"/>
    <meta type="odin-source" doc-id="56" line-range="884-886" line-types="L G T"/>
  </metadata>
  <tier id="o" type="odin-raw">
    <item id="o1" line="884" tag="L">  (1.12)a. Marij-a            je    kupi-l-a         knjig-u.</item>
    <item id="o2" line="885" tag="G">            Maria-FsgNOM be.3sg buy-PAST-Fsg book-FsgACC</item>
    <item id="o3" line="886" tag="T">            `Maria bought the book.'</item>
  </tier>
  <tier id="c" type="odin-clean">
    <item id="c1" line="884" tag="L">Marij-a            je    kupi-l-a         knjig-u.</item>
    <item id="c2" line="885" tag="G">Maria-FsgNOM be.3sg buy-PAST-Fsg book-FsgACC</item>
    <item id="c3" line="886" tag="T">Maria bought the book.</item>
  </tier>
  <tier id="p" type="phrases" content="c">
    <item id="p0" content="c1[0:50]"/>
  </tier>
  <tier id="g" type="glosses" content="c">
    <item id="g0" content="c2[0:44]" alignment="p1"/>
  </tier>
  <tier id="t" type="translations" content="c">
    <item id="t0" content="c3[0:22]" alignment="p1"/>
  </tier>
</igt>
<igt id="i142469">
  <metadata type="xigt-meta">
    <meta type="language" name="croatian" iso-639-3="hrv" tiers="phrases words morphemes"/>
    <meta type="language" name="English" iso-639-3="eng" tiers="translations"/>
    <meta type="odin-source" doc-id="56" line-range="887-889" line-types="L G T"/>
  </metadata>
  <tier id="o" type="odin-raw">
    <item id="o1" line="887" tag="L">        a´. Ona je       kupi-l-a        knjig-u.</item>
    <item id="o2" line="888" tag="G">            3sgF be.3sg buy-PAST-Fsg book-FsgACC</item>
    <item id="o3" line="889" tag="T">            `She bought the book.'</item>
  </tier>
  <tier id="c" type="odin-clean">
    <item id="c1" line="887" tag="L">a´. Ona je       kupi-l-a        knjig-u.</item>
    <item id="c2" line="888" tag="G">3sgF be.3sg buy-PAST-Fsg book-FsgACC</item>
    <item id="c3" line="889" tag="T">She bought the book.</item>
  </tier>
  <tier id="p" type="phrases" content="c">
    <item id="p0" content="c1[0:41]"/>
  </tier>
  <tier id="g" type="glosses" content="c">
    <item id="g0" content="c2[0:36]" alignment="p1"/>
  </tier>
  <tier id="t" type="translations" content="c">
    <item id="t0" content="c3[0:20]" alignment="p1"/>
  </tier>
</igt>
<igt id="i142470">
  <metadata type="xigt-meta">
    <meta type="language" name="croatian" iso-639-3="hrv" tiers="phrases words morphemes"/>
    <meta type="language" name="English" iso-639-3="eng" tiers="translations"/>
    <meta type="odin-source" doc-id="56" line-range="890-891" line-types="L T"/>
  </metadata>
  <tier id="o" type="odin-raw">
    <item id="o1" line="890" tag="L">        a´´.Kupila je knjigu.</item>
    <item id="o2" line="891" tag="T">            `She bought the book.'</item>
  </tier>
  <tier id="c" type="odin-clean">
    <item id="c1" line="890" tag="L">a´´.Kupila je knjigu.</item>
    <item id="c2" line="891" tag="T">She bought the book.</item>
  </tier>
  <tier id="p" type="phrases" content="c">
    <item id="p0" content="c1[0:21]"/>
  </tier>
  <tier id="t" type="translations" content="c">
    <item id="t0" content="c2[0:20]" alignment="p1"/>
  </tier>
</igt>
<igt id="i142471">
  <metadata type="xigt-meta">
    <meta type="language" name="croatian" iso-639-3="hrv" tiers="phrases words morphemes"/>
    <meta type="language" name="English" iso-639-3="eng" tiers="translations"/>
    <meta type="odin-source" doc-id="56" line-range="892-894" line-types="L G T"/>
  </metadata>
  <tier id="o" type="odin-raw">
    <item id="o1" line="892" tag="L">        b. Ja         sam kupi-l-a            knjig-u.</item>
    <item id="o2" line="893" tag="G">            1sgNOM be.1sg buy-PAST-Fsg book-FsgACC</item>
    <item id="o3" line="894" tag="T">            `I bought the book.' (female speaker)</item>
  </tier>
  <tier id="c" type="odin-clean">
    <item id="c1" line="892" tag="L">Ja         sam kupi-l-a            knjig-u.</item>
    <item id="c2" line="893" tag="G">1sgNOM be.1sg buy-PAST-Fsg book-FsgACC</item>
    <item id="c3" line="894" tag="T">I bought the book.' (female speaker)</item>
  </tier>
  <tier id="p" type="phrases" content="c">
    <item id="p0" content="c1[0:43]"/>
  </tier>
  <tier id="g" type="glosses" content="c">
    <item id="g0" content="c2[0:38]" alignment="p1"/>
  </tier>
  <tier id="t" type="translations" content="c">
    <item id="t0" content="c3[0:36]" alignment="p1"/>
  </tier>
</igt>
<igt id="i142472">
  <metadata type="xigt-meta">
    <meta type="language" name="croatian" iso-639-3="hrv" tiers="phrases words morphemes"/>
    <meta type="language" name="English" iso-639-3="eng" tiers="translations"/>
    <meta type="odin-source" doc-id="56" line-range="895-896" line-types="L T"/>
  </metadata>
  <tier id="o" type="odin-raw">
    <item id="o1" line="895" tag="L">        b´. Kupila sam knjigu .</item>
    <item id="o2" line="896" tag="T">            `I bought the book.'</item>
  </tier>
  <tier id="c" type="odin-clean">
    <item id="c1" line="895" tag="L">b´. Kupila sam knjigu .</item>
    <item id="c2" line="896" tag="T">I bought the book.</item>
  </tier>
  <tier id="p" type="phrases" content="c">
    <item id="p0" content="c1[0:23]"/>
  </tier>
  <tier id="t" type="translations" content="c">
    <item id="t0" content="c2[0:18]" alignment="p1"/>
  </tier>
</igt>
<igt id="i143970">
  <metadata type="xigt-meta">
    <meta type="language" name="croatian" iso-639-3="hrv" tiers="phrases words morphemes"/>
    <meta type="language" name="English" iso-639-3="eng" tiers="translations"/>
    <meta type="odin-source" doc-id="2345" line-range="1311-1313" line-types="L G T"/>
  </metadata>
  <tier id="o" type="odin-raw">
    <item id="o1" line="1311" tag="L">   (26) a. Nazvali smo klijenticu (od) [ [ odvjetnice ] s&lt;to pus&lt;i   paket cigareta dnevno ]</item>
    <item id="o2" line="1312" tag="G">           phoned are client      (of)     lawyer[Gen] that smokes pack cigarettes daily</item>
    <item id="o3" line="1313" tag="T">           'We phoned the client of a lawyer; the lawyer smokes a pack of cigarettes a day.'</item>
  </tier>
  <tier id="c" type="odin-clean">
    <item id="c1" line="1311" tag="L">Nazvali smo klijenticu (od) [ [ odvjetnice ] s&lt;to pus&lt;i   paket cigareta dnevno ]</item>
    <item id="c2" line="1312" tag="G">phoned are client      (of)     lawyer[Gen] that smokes pack cigarettes daily</item>
    <item id="c3" line="1313" tag="T">We phoned the client of a lawyer; the lawyer smokes a pack of cigarettes a day.</item>
  </tier>
  <tier id="p" type="phrases" content="c">
    <item id="p0" content="c1[0:81]"/>
  </tier>
  <tier id="g" type="glosses" content="c">
    <item id="g0" content="c2[0:77]" alignment="p1"/>
  </tier>
  <tier id="t" type="translations" content="c">
    <item id="t0" content="c3[0:79]" alignment="p1"/>
  </tier>
</igt>
<igt id="i143971">
  <metadata type="xigt-meta">
    <meta type="language" name="croatian" iso-639-3="hrv" tiers="phrases words morphemes"/>
    <meta type="language" name="English" iso-639-3="eng" tiers="translations"/>
    <meta type="odin-source" doc-id="2345" line-range="1315-1317" line-types="L G T"/>
  </metadata>
  <tier id="o" type="odin-raw">
    <item id="o1" line="1315" tag="L">          b. Nazvali smo [ [ klijenticu (od) odvjetnice ] s&lt;to pus&lt;i   paket cigareta dnevno ]</item>
    <item id="o2" line="1316" tag="G">             phoned are      client     (of) lawyer[Gen] that smokes pack cigarettes daily</item>
    <item id="o3" line="1317" tag="T">             'We phoned the client of a lawyer; the client smokes a pack of cigarettes a day.'</item>
  </tier>
  <tier id="c" type="odin-clean">
    <item id="c1" line="1315" tag="L">Nazvali smo [ [ klijenticu (od) odvjetnice ] s&lt;to pus&lt;i   paket cigareta dnevno ]</item>
    <item id="c2" line="1316" tag="G">phoned are      client     (of) lawyer[Gen] that smokes pack cigarettes daily</item>
    <item id="c3" line="1317" tag="T">We phoned the client of a lawyer; the client smokes a pack of cigarettes a day.</item>
  </tier>
  <tier id="p" type="phrases" content="c">
    <item id="p0" content="c1[0:81]"/>
  </tier>
  <tier id="g" type="glosses" content="c">
    <item id="g0" content="c2[0:77]" alignment="p1"/>
  </tier>
  <tier id="t" type="translations" content="c">
    <item id="t0" content="c3[0:79]" alignment="p1"/>
  </tier>
</igt>
<igt id="i143972">
  <metadata type="xigt-meta">
    <meta type="language" name="croatian" iso-639-3="hrv" tiers="phrases words morphemes"/>
    <meta type="language" name="English" iso-639-3="eng" tiers="translations"/>
    <meta type="odin-source" doc-id="2345" line-range="1381-1383" line-types="L G T"/>
  </metadata>
  <tier id="o" type="odin-raw">
    <item id="o1" line="1381" tag="L">   (27) Nazvali smo klijenticu (od) odvjetnice s&lt;to pus&lt;i.</item>
    <item id="o2" line="1382" tag="G">        phoned are client       (of) lawyer[Gen] that smokes</item>
    <item id="o3" line="1383" tag="T">        'We phoned the client of a lawyer; the lawyer smokes.'</item>
  </tier>
  <tier id="c" type="odin-clean">
    <item id="c1" line="1381" tag="L">Nazvali smo klijenticu (od) odvjetnice s&lt;to pus&lt;i.</item>
    <item id="c2" line="1382" tag="G">phoned are client       (of) lawyer[Gen] that smokes</item>
    <item id="c3" line="1383" tag="T">We phoned the client of a lawyer; the lawyer smokes.</item>
  </tier>
  <tier id="p" type="phrases" content="c">
    <item id="p0" content="c1[0:50]"/>
  </tier>
  <tier id="g" type="glosses" content="c">
    <item id="g0" content="c2[0:52]" alignment="p1"/>
  </tier>
  <tier id="t" type="translations" content="c">
    <item id="t0" content="c3[0:52]" alignment="p1"/>
  </tier>
</igt>
<igt id="i144653">
  <metadata type="xigt-meta">
    <meta type="language" name="croatian" iso-639-3="hrv" tiers="phrases words morphemes"/>
    <meta type="language" name="English" iso-639-3="eng" tiers="translations"/>
    <meta type="odin-source" doc-id="1573" line-range="819-823" line-types="L+SY B G B T"/>
  </metadata>
  <tier id="o" type="odin-raw">
    <item id="o1" line="819" tag="L+SY">  (25)a. Zorani je         obeao       Simunuj sei/*j dobro       oprati.</item>
    <item id="o2" line="820" tag="B"></item>
    <item id="o3" line="821" tag="G">         Zoran    CL-AUX   promised Simun         self carefully wash</item>
    <item id="o4" line="822" tag="B"></item>
    <item id="o5" line="823" tag="T">         `Zoran promised Simun to wash himself carefully.'</item>
  </tier>
  <tier id="c" type="odin-clean">
    <item id="c1" line="819" tag="L+SY">Zorani je         obeao       Simunuj sei/*j dobro       oprati.</item>
    <item id="c2" line="820" tag="B"/>
    <item id="c3" line="821" tag="G">Zoran    CL-AUX   promised Simun         self carefully wash</item>
    <item id="c4" line="822" tag="B"/>
    <item id="c5" line="823" tag="T">Zoran promised Simun to wash himself carefully.</item>
  </tier>
  <tier id="p" type="phrases" content="c">
    <item id="p0" content="c1[0:64]"/>
  </tier>
  <tier id="g" type="glosses" content="c">
    <item id="g0" content="c3[0:60]" alignment="p1"/>
  </tier>
  <tier id="t" type="translations" content="c">
    <item id="t0" content="c5[0:47]" alignment="p1"/>
  </tier>
</igt>
<igt id="i144654">
  <metadata type="xigt-meta">
    <meta type="language" name="croatian" iso-639-3="hrv" tiers="phrases words morphemes"/>
    <meta type="language" name="English" iso-639-3="eng" tiers="translations"/>
    <meta type="odin-source" doc-id="1573" line-range="826-830" line-types="L B G B T"/>
  </metadata>
  <tier id="o" type="odin-raw">
    <item id="o1" line="826" tag="L">      b. Zoran je           obeao        se    dobro            oprati.</item>
    <item id="o2" line="827" tag="B"></item>
    <item id="o3" line="828" tag="G">         Zoran    CL-AUX    promised self carefully wash</item>
    <item id="o4" line="829" tag="B"></item>
    <item id="o5" line="830" tag="T">         `Zoran promised to wash himself carefully.'</item>
  </tier>
  <tier id="c" type="odin-clean">
    <item id="c1" line="826" tag="L">Zoran je           obeao        se    dobro            oprati.</item>
    <item id="c2" line="827" tag="B"/>
    <item id="c3" line="828" tag="G">Zoran    CL-AUX    promised self carefully wash</item>
    <item id="c4" line="829" tag="B"/>
    <item id="c5" line="830" tag="T">Zoran promised to wash himself carefully.</item>
  </tier>
  <tier id="p" type="phrases" content="c">
    <item id="p0" content="c1[0:62]"/>
  </tier>
  <tier id="g" type="glosses" content="c">
    <item id="g0" content="c3[0:47]" alignment="p1"/>
  </tier>
  <tier id="t" type="translations" content="c">
    <item id="t0" content="c5[0:41]" alignment="p1"/>
  </tier>
</igt>
<igt id="i145120">
  <metadata type="xigt-meta">
    <meta type="language" name="croatian" iso-639-3="hrv" tiers="phrases words morphemes"/>
    <meta type="language" name="English" iso-639-3="eng" tiers="translations"/>
    <meta type="odin-source" doc-id="1554" line-range="16113-16115" line-types="L G T"/>
  </metadata>
  <tier id="o" type="odin-raw">
    <item id="o1" line="16113" tag="L">        radio/radila/radilo; vien/viena/vieno</item>
    <item id="o2" line="16114" tag="G">      worked-present part.3.m.sg./f/n; seen-past part.3.m.sg/f/n</item>
    <item id="o3" line="16115" tag="T">      he/she/it worked; he/she/it is seen</item>
  </tier>
  <tier id="c" type="odin-clean">
    <item id="c1" line="16113" tag="L">radio/radila/radilo; vien/viena/vieno</item>
    <item id="c2" line="16114" tag="G">worked-present part.3.m.sg./f/n; seen-past part.3.m.sg/f/n</item>
    <item id="c3" line="16115" tag="T">he/she/it worked; he/she/it is seen</item>
  </tier>
  <tier id="p" type="phrases" content="c">
    <item id="p0" content="c1[0:37]"/>
  </tier>
  <tier id="g" type="glosses" content="c">
    <item id="g0" content="c2[0:58]" alignment="p1"/>
  </tier>
  <tier id="t" type="translations" content="c">
    <item id="t0" content="c3[0:35]" alignment="p1"/>
  </tier>
</igt>
<igt id="i145121">
  <metadata type="xigt-meta">
    <meta type="language" name="croatian" iso-639-3="hrv" tiers="phrases words morphemes"/>
    <meta type="language" name="English" iso-639-3="eng" tiers="translations"/>
    <meta type="odin-source" doc-id="1554" line-range="16117-16119" line-types="L G T"/>
  </metadata>
  <tier id="o" type="odin-raw">
    <item id="o1" line="16117" tag="L">        sam/jesam</item>
    <item id="o2" line="16118" tag="G">      am-pres.1.sg.nonemphatic/emphatic</item>
    <item id="o3" line="16119" tag="T">      I am</item>
  </tier>
  <tier id="c" type="odin-clean">
    <item id="c1" line="16117" tag="L">sam/jesam</item>
    <item id="c2" line="16118" tag="G">am-pres.1.sg.nonemphatic/emphatic</item>
    <item id="c3" line="16119" tag="T">I am</item>
  </tier>
  <tier id="p" type="phrases" content="c">
    <item id="p0" content="c1[0:9]"/>
  </tier>
  <tier id="g" type="glosses" content="c">
    <item id="g0" content="c2[0:33]" alignment="p1"/>
  </tier>
  <tier id="t" type="translations" content="c">
    <item id="t0" content="c3[0:4]" alignment="p1"/>
  </tier>
</igt>
<igt id="i145122">
  <metadata type="xigt-meta">
    <meta type="language" name="croatian" iso-639-3="hrv" tiers="phrases words morphemes"/>
    <meta type="language" name="English" iso-639-3="eng" tiers="translations"/>
    <meta type="odin-source" doc-id="1554" line-range="16121-16123" line-types="L G T"/>
  </metadata>
  <tier id="o" type="odin-raw">
    <item id="o1" line="16121" tag="L">        u/hou</item>
    <item id="o2" line="16122" tag="G">      want-pres.1.sg.nonemphatic/emphatic</item>
    <item id="o3" line="16123" tag="T">      I want</item>
  </tier>
  <tier id="c" type="odin-clean">
    <item id="c1" line="16121" tag="L">u/hou</item>
    <item id="c2" line="16122" tag="G">want-pres.1.sg.nonemphatic/emphatic</item>
    <item id="c3" line="16123" tag="T">I want</item>
  </tier>
  <tier id="p" type="phrases" content="c">
    <item id="p0" content="c1[0:5]"/>
  </tier>
  <tier id="g" type="glosses" content="c">
    <item id="g0" content="c2[0:35]" alignment="p1"/>
  </tier>
  <tier id="t" type="translations" content="c">
    <item id="t0" content="c3[0:6]" alignment="p1"/>
  </tier>
</igt>
<igt id="i156094">
  <metadata type="xigt-meta">
    <meta type="language" name="croatian" iso-639-3="hrv" tiers="phrases words morphemes"/>
    <meta type="language" name="English" iso-639-3="eng" tiers="translations"/>
    <meta type="odin-source" doc-id="3303" line-range="345-347" line-types="L G T"/>
  </metadata>
  <tier id="o" type="odin-raw">
    <item id="o1" line="345" tag="L">        (17) a.     JOVANA savjetuje.</item>
    <item id="o2" line="346" tag="G">                    Jovan.ACC advises</item>
    <item id="o3" line="347" tag="T">                    `(S)he advises Jovan.'</item>
  </tier>
  <tier id="c" type="odin-clean">
    <item id="c1" line="345" tag="L">JOVANA savjetuje.</item>
    <item id="c2" line="346" tag="G">Jovan.ACC advises</item>
    <item id="c3" line="347" tag="T">he advises Jovan.</item>
  </tier>
  <tier id="p" type="phrases" content="c">
    <item id="p0" content="c1[0:17]"/>
  </tier>
  <tier id="g" type="glosses" content="c">
    <item id="g0" content="c2[0:17]" alignment="p1"/>
  </tier>
  <tier id="t" type="translations" content="c">
    <item id="t0" content="c3[0:17]" alignment="p1"/>
  </tier>
</igt>
</xigt-corpus>
