<?xml version="1.0" encoding="UTF-8"?>
<xigt-corpus>
<igt id="i19764">
  <metadata type="xigt-meta">
    <meta type="language" name="upper sorbian" iso-639-3="hsb" tiers="phrases words morphemes"/>
    <meta type="language" name="English" iso-639-3="eng" tiers="translations"/>
    <meta type="odin-source" doc-id="270" line-range="735-738" line-types="L+CR L+LN+CR G T"/>
  </metadata>
  <tier id="o" type="odin-raw">
    <item id="o1" line="735" tag="L+CR">                        *peelom / peel.12</item>
    <item id="o2" line="736" tag="L+LN+CR">  (38) Michal je                                                                     (US)</item>
    <item id="o3" line="737" tag="G">       Michal COPPRS friend*INST / NOM</item>
    <item id="o4" line="738" tag="T">       'Michal is a friend.'</item>
  </tier>
  <tier id="c" type="odin-clean">
    <item id="c1" line="735 736" tag="L+CR+LN">Michal je        *peelom / peel.12                                            (US</item>
    <item id="c3" line="737" tag="G">Michal COPPRS friend*INST / NOM</item>
    <item id="c4" line="738" tag="T">Michal is a friend.</item>
  </tier>
  <tier id="p" type="phrases" content="c">
    <item id="p0" content="c1[0:81]"/>
  </tier>
  <tier id="g" type="glosses" content="c">
    <item id="g0" content="c3[0:31]" alignment="p1"/>
  </tier>
  <tier id="t" type="translations" content="c">
    <item id="t0" content="c4[0:19]" alignment="p1"/>
  </tier>
</igt>
<igt id="i19768">
  <metadata type="xigt-meta">
    <meta type="language" name="upper sorbian" iso-639-3="hsb" tiers="phrases words morphemes"/>
    <meta type="language" name="English" iso-639-3="eng" tiers="translations"/>
    <meta type="odin-source" doc-id="270" line-range="759-761" line-types="L+LN G+SY T"/>
  </metadata>
  <tier id="o" type="odin-raw">
    <item id="o1" line="759" tag="L+LN">  (i)    Michal je             z peelom.                                               (US)</item>
    <item id="o2" line="760" tag="G+SY">         Michal COPPRS [PP z FreundINST]</item>
    <item id="o3" line="761" tag="T">         'Michal is a friend.'</item>
  </tier>
  <tier id="c" type="odin-clean">
    <item id="c1" line="759" tag="L+LN">Michal je             z peelom.                                               (US</item>
    <item id="c2" line="760" tag="G+SY">Michal COPPRS [PP z FreundINST]</item>
    <item id="c3" line="761" tag="T">Michal is a friend.</item>
  </tier>
  <tier id="p" type="phrases" content="c">
    <item id="p0" content="c1[0:81]"/>
  </tier>
  <tier id="g" type="glosses" content="c">
    <item id="g0" content="c2[0:31]" alignment="p1"/>
  </tier>
  <tier id="t" type="translations" content="c">
    <item id="t0" content="c3[0:19]" alignment="p1"/>
  </tier>
</igt>
<igt id="i19772">
  <metadata type="xigt-meta">
    <meta type="language" name="upper sorbian" iso-639-3="hsb" tiers="phrases words morphemes"/>
    <meta type="language" name="English" iso-639-3="eng" tiers="translations"/>
    <meta type="odin-source" doc-id="270" line-range="786-788" line-types="L+LN G T"/>
  </metadata>
  <tier id="o" type="odin-raw">
    <item id="o1" line="786" tag="L+LN">  (43) a. Mózes      *(z) ahom puowa.                             (US)</item>
    <item id="o2" line="787" tag="G">          MayPRS:2:sg z trainINST travel</item>
    <item id="o3" line="788" tag="T">          'You may travel by train.'</item>
  </tier>
  <tier id="c" type="odin-clean">
    <item id="c1" line="786" tag="L+LN">a. Mózes      *(z) ahom puowa.                             (US</item>
    <item id="c2" line="787" tag="G">MayPRS:2:sg z trainINST travel</item>
    <item id="c3" line="788" tag="T">You may travel by train.</item>
  </tier>
  <tier id="p" type="phrases" content="c">
    <item id="p0" content="c1[0:62]"/>
  </tier>
  <tier id="g" type="glosses" content="c">
    <item id="g0" content="c2[0:30]" alignment="p1"/>
  </tier>
  <tier id="t" type="translations" content="c">
    <item id="t0" content="c3[0:24]" alignment="p1"/>
  </tier>
</igt>
<igt id="i19773">
  <metadata type="xigt-meta">
    <meta type="language" name="upper sorbian" iso-639-3="hsb" tiers="phrases words morphemes"/>
    <meta type="language" name="English" iso-639-3="eng" tiers="translations"/>
    <meta type="odin-source" doc-id="270" line-range="789-791" line-types="L G T"/>
  </metadata>
  <tier id="o" type="odin-raw">
    <item id="o1" line="789" tag="L">       b. Miklaws bije        Jana *(z) pjasu.</item>
    <item id="o2" line="790" tag="G">          Miklaws hitPRS:3:sg Jan    z fistINST</item>
    <item id="o3" line="791" tag="T">          'Miklaws hits Jan with his fist.'</item>
  </tier>
  <tier id="c" type="odin-clean">
    <item id="c1" line="789" tag="L">Miklaws bije        Jana *(z) pjasu.</item>
    <item id="c2" line="790" tag="G">Miklaws hitPRS:3:sg Jan    z fistINST</item>
    <item id="c3" line="791" tag="T">Miklaws hits Jan with his fist.</item>
  </tier>
  <tier id="p" type="phrases" content="c">
    <item id="p0" content="c1[0:36]"/>
  </tier>
  <tier id="g" type="glosses" content="c">
    <item id="g0" content="c2[0:37]" alignment="p1"/>
  </tier>
  <tier id="t" type="translations" content="c">
    <item id="t0" content="c3[0:31]" alignment="p1"/>
  </tier>
</igt>
<igt id="i23086">
  <metadata type="xigt-meta">
    <meta type="language" name="upper sorbian" iso-639-3="hsb" tiers="phrases words morphemes"/>
    <meta type="language" name="English" iso-639-3="eng" tiers="translations"/>
    <meta type="odin-source" doc-id="1241" line-range="2376-2379" line-types="M+LN+CN L G T"/>
  </metadata>
  <tier id="o" type="odin-raw">
    <item id="o1" line="2376" tag="M+LN+CN">  Upper Sorbian - du + du = pl:</item>
    <item id="o2" line="2377" tag="L">  Ruce a noze mje bola</item>
    <item id="o3" line="2378" tag="G">  hands.DUAL and feet.DUAL me hurt.PL</item>
    <item id="o4" line="2379" tag="T">  `my hands and feet hurt'</item>
  </tier>
  <tier id="c" type="odin-clean">
    <item id="c1" line="2376" tag="M+LN+CN">Upper Sorbian-du + du = pl:</item>
    <item id="c2" line="2377" tag="L">Ruce a noze mje bola</item>
    <item id="c3" line="2378" tag="G">hands.DUAL and feet.DUAL me hurt.PL</item>
    <item id="c4" line="2379" tag="T">my hands and feet hurt</item>
  </tier>
  <tier id="p" type="phrases" content="c">
    <item id="p0" content="c2[0:20]"/>
  </tier>
  <tier id="g" type="glosses" content="c">
    <item id="g0" content="c3[0:35]" alignment="p1"/>
  </tier>
  <tier id="t" type="translations" content="c">
    <item id="t0" content="c4[0:22]" alignment="p1"/>
  </tier>
</igt>
<igt id="i23108">
  <metadata type="xigt-meta">
    <meta type="language" name="upper sorbian" iso-639-3="hsb" tiers="phrases words morphemes"/>
    <meta type="language" name="English" iso-639-3="eng" tiers="translations"/>
    <meta type="odin-source" doc-id="1241" line-range="2555-2557" line-types="L G T"/>
  </metadata>
  <tier id="o" type="odin-raw">
    <item id="o1" line="2555" tag="L">  Jan-ow-a kniha</item>
    <item id="o2" line="2556" tag="G">  Jan-POSS-NOM.FEM.SG book.FEM.NOM.SG</item>
    <item id="o3" line="2557" tag="T">  `Jan's book'</item>
  </tier>
  <tier id="c" type="odin-clean">
    <item id="c1" line="2555" tag="L">Jan-ow-a kniha</item>
    <item id="c2" line="2556" tag="G">Jan-POSS-NOM.FEM.SG book.FEM.NOM.SG</item>
    <item id="c3" line="2557" tag="T">Jan's book</item>
  </tier>
  <tier id="p" type="phrases" content="c">
    <item id="p0" content="c1[0:14]"/>
  </tier>
  <tier id="g" type="glosses" content="c">
    <item id="g0" content="c2[0:35]" alignment="p1"/>
  </tier>
  <tier id="t" type="translations" content="c">
    <item id="t0" content="c3[0:10]" alignment="p1"/>
  </tier>
</igt>
<igt id="i23109">
  <metadata type="xigt-meta">
    <meta type="language" name="upper sorbian" iso-639-3="hsb" tiers="phrases words morphemes"/>
    <meta type="language" name="English" iso-639-3="eng" tiers="translations"/>
    <meta type="odin-source" doc-id="1241" line-range="2559-2561" line-types="L G T"/>
  </metadata>
  <tier id="o" type="odin-raw">
    <item id="o1" line="2559" tag="L">  moj-eho              muz       -ow -a          sotr-a</item>
    <item id="o2" line="2560" tag="G">  my -MASC.GEN.SG husband-POSS-FEM.NOM.SG. sister-FEM.NOM.SG</item>
    <item id="o3" line="2561" tag="T">  `my husband's sister'</item>
  </tier>
  <tier id="c" type="odin-clean">
    <item id="c1" line="2559" tag="L">moj-eho              muz-ow-a          sotr-a</item>
    <item id="c2" line="2560" tag="G">my-MASC.GEN.SG husband-POSS-FEM.NOM.SG. sister-FEM.NOM.SG</item>
    <item id="c3" line="2561" tag="T">my husband's sister</item>
  </tier>
  <tier id="p" type="phrases" content="c">
    <item id="p0" content="c1[0:45]"/>
  </tier>
  <tier id="g" type="glosses" content="c">
    <item id="g0" content="c2[0:57]" alignment="p1"/>
  </tier>
  <tier id="t" type="translations" content="c">
    <item id="t0" content="c3[0:19]" alignment="p1"/>
  </tier>
</igt>
</xigt-corpus>
