<?xml version="1.0" encoding="UTF-8"?>
<xigt-corpus>
<igt id="i58682">
  <metadata type="xigt-meta">
    <meta type="language" name="hula" iso-639-3="hul" tiers="phrases words morphemes"/>
    <meta type="language" name="English" iso-639-3="eng" tiers="translations"/>
    <meta type="odin-source" doc-id="3183" line-range="654-656" line-types="L G+CR T+AC+LN"/>
  </metadata>
  <tier id="o" type="odin-raw">
    <item id="o1" line="654" tag="L">  (24)        Kila na pae p-ene-piti-a.</item>
    <item id="o2" line="655" tag="G+CR">              (name) E R G pig T N S - 3 S G-shoot-3   SG</item>
    <item id="o3" line="656" tag="T+AC+LN">              `Kila will shoot the pig.'                                                                  Hula: Pat 1996, 274</item>
  </tier>
  <tier id="c" type="odin-clean">
    <item id="c1" line="654" tag="L">Kila na pae p-ene-piti-a.</item>
    <item id="c2" line="655" tag="G+CR">(name) E R G pig T N S-3 S G-shoot-3   SG</item>
    <item id="c3" line="656" tag="T+AC+LN">Kila will shoot the pig.'                                                                  Hula: Pat 1996, 274</item>
  </tier>
  <tier id="p" type="phrases" content="c">
    <item id="p0" content="c1[0:25]"/>
  </tier>
  <tier id="g" type="glosses" content="c">
    <item id="g0" content="c2[0:41]" alignment="p1"/>
  </tier>
  <tier id="t" type="translations" content="c">
    <item id="t0" content="c3[0:110]" alignment="p1"/>
  </tier>
</igt>
</xigt-corpus>
