<?xml version="1.0" encoding="UTF-8"?>
<xigt-corpus>
<igt id="i35789">
  <metadata type="xigt-meta">
    <meta type="language" name="iaai" iso-639-3="iai" tiers="phrases words morphemes"/>
    <meta type="language" name="English" iso-639-3="eng" tiers="translations"/>
    <meta type="odin-source" doc-id="592" line-range="98-100" line-types="L+CN G T"/>
  </metadata>
  <tier id="o" type="odin-raw">
    <item id="o1" line="98" tag="L+CN">  (2)      a.   A-me            kot.                                            Class I</item>
    <item id="o2" line="99" tag="G">                3SG-PROC hit</item>
    <item id="o3" line="100" tag="T">                `He is hitting something/him/her/it/them.'</item>
  </tier>
  <tier id="c" type="odin-clean">
    <item id="c1" line="98" tag="L+CN">A-me            kot.                                            Class I</item>
    <item id="c2" line="99" tag="G">3SG-PROC hit</item>
    <item id="c3" line="100" tag="T">He is hitting something/him/her/it/them.</item>
  </tier>
  <tier id="p" type="phrases" content="c">
    <item id="p0" content="c1[0:71]"/>
  </tier>
  <tier id="g" type="glosses" content="c">
    <item id="g0" content="c2[0:12]" alignment="p1"/>
  </tier>
  <tier id="t" type="translations" content="c">
    <item id="t0" content="c3[0:40]" alignment="p1"/>
  </tier>
</igt>
<igt id="i35790">
  <metadata type="xigt-meta">
    <meta type="language" name="iaai" iso-639-3="iai" tiers="phrases words morphemes"/>
    <meta type="language" name="English" iso-639-3="eng" tiers="translations"/>
    <meta type="odin-source" doc-id="592" line-range="101-104" line-types="L+CR L+CR G+CR T"/>
  </metadata>
  <tier id="o" type="odin-raw">
    <item id="o1" line="101" tag="L+CR">                              kot tep.</item>
    <item id="o2" line="102" tag="L+CR">           b.   A-me</item>
    <item id="o3" line="103" tag="G+CR">                3 SG - PROC hit rat</item>
    <item id="o4" line="104" tag="T">                `He is killing the rat.'</item>
  </tier>
  <tier id="c" type="odin-clean">
    <item id="c1" line="101 102" tag="L+CR">A-me          kot tep.</item>
    <item id="c3" line="103" tag="G+CR">3 SG-PROC hit rat</item>
    <item id="c4" line="104" tag="T">He is killing the rat.</item>
  </tier>
  <tier id="p" type="phrases" content="c">
    <item id="p0" content="c1[0:22]"/>
  </tier>
  <tier id="g" type="glosses" content="c">
    <item id="g0" content="c3[0:17]" alignment="p1"/>
  </tier>
  <tier id="t" type="translations" content="c">
    <item id="t0" content="c4[0:22]" alignment="p1"/>
  </tier>
</igt>
<igt id="i35791">
  <metadata type="xigt-meta">
    <meta type="language" name="iaai" iso-639-3="iai" tiers="phrases words morphemes"/>
    <meta type="language" name="English" iso-639-3="eng" tiers="translations"/>
    <meta type="odin-source" doc-id="592" line-range="105-108" line-types="L+CR L+CR G+CR T"/>
  </metadata>
  <tier id="o" type="odin-raw">
    <item id="o1" line="105" tag="L+CR">                              kot ke      tep.</item>
    <item id="o2" line="106" tag="L+CR">           c.   A-me</item>
    <item id="o3" line="107" tag="G+CR">                3 SG - PROC hit INDE F rat</item>
    <item id="o4" line="108" tag="T">                `He is killing a rat.'</item>
  </tier>
  <tier id="c" type="odin-clean">
    <item id="c1" line="105 106" tag="L+CR">A-me          kot ke      tep.</item>
    <item id="c3" line="107" tag="G+CR">3 SG-PROC hit INDE F rat</item>
    <item id="c4" line="108" tag="T">He is killing a rat.</item>
  </tier>
  <tier id="p" type="phrases" content="c">
    <item id="p0" content="c1[0:30]"/>
  </tier>
  <tier id="g" type="glosses" content="c">
    <item id="g0" content="c3[0:24]" alignment="p1"/>
  </tier>
  <tier id="t" type="translations" content="c">
    <item id="t0" content="c4[0:20]" alignment="p1"/>
  </tier>
</igt>
<igt id="i35792">
  <metadata type="xigt-meta">
    <meta type="language" name="iaai" iso-639-3="iai" tiers="phrases words morphemes"/>
    <meta type="language" name="English" iso-639-3="eng" tiers="translations"/>
    <meta type="odin-source" doc-id="592" line-range="109-112" line-types="L+CR L+CN+CR G+CR T"/>
  </metadata>
  <tier id="o" type="odin-raw">
    <item id="o1" line="109" tag="L+CR">                              kuc u.</item>
    <item id="o2" line="110" tag="L+CN+CR">  (3)      a.   A-me                                                            Class I</item>
    <item id="o3" line="111" tag="G+CR">                3 SG - PROC hit 2 SG</item>
    <item id="o4" line="112" tag="T">                `He is hitting you.'</item>
  </tier>
  <tier id="c" type="odin-clean">
    <item id="c1" line="109 110" tag="L+CR+CN">A-me          kuc u.                                            Class I</item>
    <item id="c3" line="111" tag="G+CR">3 SG-PROC hit 2 SG</item>
    <item id="c4" line="112" tag="T">He is hitting you.</item>
  </tier>
  <tier id="p" type="phrases" content="c">
    <item id="p0" content="c1[0:71]"/>
  </tier>
  <tier id="g" type="glosses" content="c">
    <item id="g0" content="c3[0:18]" alignment="p1"/>
  </tier>
  <tier id="t" type="translations" content="c">
    <item id="t0" content="c4[0:18]" alignment="p1"/>
  </tier>
</igt>
<igt id="i35793">
  <metadata type="xigt-meta">
    <meta type="language" name="iaai" iso-639-3="iai" tiers="phrases words morphemes"/>
    <meta type="language" name="English" iso-639-3="eng" tiers="translations"/>
    <meta type="odin-source" doc-id="592" line-range="113-116" line-types="L+CR L+CR G+CR T"/>
  </metadata>
  <tier id="o" type="odin-raw">
    <item id="o1" line="113" tag="L+CR">                              kuc Poou.</item>
    <item id="o2" line="114" tag="L+CR">           b.   A-me</item>
    <item id="o3" line="115" tag="G+CR">                3 SG - PROC hit Poou</item>
    <item id="o4" line="116" tag="T">                `He is hitting Poou.'</item>
  </tier>
  <tier id="c" type="odin-clean">
    <item id="c1" line="113 114" tag="L+CR">A-me          kuc Poou.</item>
    <item id="c3" line="115" tag="G+CR">3 SG-PROC hit Poou</item>
    <item id="c4" line="116" tag="T">He is hitting Poou.</item>
  </tier>
  <tier id="p" type="phrases" content="c">
    <item id="p0" content="c1[0:23]"/>
  </tier>
  <tier id="g" type="glosses" content="c">
    <item id="g0" content="c3[0:18]" alignment="p1"/>
  </tier>
  <tier id="t" type="translations" content="c">
    <item id="t0" content="c4[0:19]" alignment="p1"/>
  </tier>
</igt>
<igt id="i35794">
  <metadata type="xigt-meta">
    <meta type="language" name="iaai" iso-639-3="iai" tiers="phrases words morphemes"/>
    <meta type="language" name="English" iso-639-3="eng" tiers="translations"/>
    <meta type="odin-source" doc-id="592" line-range="117-120" line-types="L+CR L+CN+CR G+CR T"/>
  </metadata>
  <tier id="o" type="odin-raw">
    <item id="o1" line="117" tag="L+CR">                         xuc tep.</item>
    <item id="o2" line="118" tag="L+CN+CR">  (4)      A-me                                                               Class III</item>
    <item id="o3" line="119" tag="G+CR">           3 SG - PROC hit rat</item>
    <item id="o4" line="120" tag="T">           `He is killing rats.'/`He is rat killing.'</item>
  </tier>
  <tier id="c" type="odin-clean">
    <item id="c1" line="117 118" tag="L+CR+CN">A-me          xuc tep.                                             Class III</item>
    <item id="c3" line="119" tag="G+CR">3 SG-PROC hit rat</item>
    <item id="c4" line="120" tag="T">He is killing rats.'/`He is rat killing.</item>
  </tier>
  <tier id="p" type="phrases" content="c">
    <item id="p0" content="c1[0:76]"/>
  </tier>
  <tier id="g" type="glosses" content="c">
    <item id="g0" content="c3[0:17]" alignment="p1"/>
  </tier>
  <tier id="t" type="translations" content="c">
    <item id="t0" content="c4[0:40]" alignment="p1"/>
  </tier>
</igt>
<igt id="i35795">
  <metadata type="xigt-meta">
    <meta type="language" name="iaai" iso-639-3="iai" tiers="phrases words morphemes"/>
    <meta type="language" name="English" iso-639-3="eng" tiers="translations"/>
    <meta type="odin-source" doc-id="592" line-range="134-141" line-types="L+CR L+CR G+CR G+CR L G T M+AC"/>
  </metadata>
  <tier id="o" type="odin-raw">
    <item id="o1" line="134" tag="L+CR">                                              he ka hna     but   li</item>
    <item id="o2" line="135" tag="L+CR">  (5)      sumatâ [me         e-me</item>
    <item id="o3" line="136" tag="G+CR">                              3 SG -          go to abandon COMPL DU</item>
    <item id="o4" line="137" tag="G+CR">           ask       that              PROC</item>
    <item id="o5" line="138" tag="L">           gugumelan]</item>
    <item id="o6" line="139" tag="G">           siamese twins</item>
    <item id="o7" line="140" tag="T">           `(and) ask that    he abandon the two siamese twins'</item>
    <item id="o8" line="141" tag="M+AC">           [Rivierre et al.   1980: 199,22]</item>
  </tier>
  <tier id="c" type="odin-clean">
    <item id="c1" line="134 135" tag="L+CR">sumatâ [me         e-me           he ka hna     but   li</item>
    <item id="c3" line="136 137" tag="G+CR">ask       that     3 SG-PROC   go to abandon COMPL DU</item>
    <item id="c5" line="138" tag="L">gugumelan]</item>
    <item id="c6" line="139" tag="G">siamese twins</item>
    <item id="c7" line="140" tag="T">(and) ask that    he abandon the two siamese twins</item>
    <item id="c8" line="141" tag="M+AC">[Rivierre et al.   1980: 199,22]</item>
  </tier>
  <tier id="p" type="phrases" content="c">
    <item id="p0" content="c1[0:56]"/>
    <item id="p1" content="c5[0:10]"/>
  </tier>
  <tier id="g" type="glosses" content="c">
    <item id="g0" content="c3[0:53]" alignment="p1"/>
    <item id="g1" content="c6[0:13]" alignment="p2"/>
  </tier>
  <tier id="t" type="translations" content="c">
    <item id="t0" content="c7[0:50]" alignment="p2"/>
  </tier>
</igt>
<igt id="i35796">
  <metadata type="xigt-meta">
    <meta type="language" name="iaai" iso-639-3="iai" tiers="phrases words morphemes"/>
    <meta type="language" name="English" iso-639-3="eng" tiers="translations"/>
    <meta type="odin-source" doc-id="592" line-range="142-146" line-types="L+CR L+CR G T M+AC"/>
  </metadata>
  <tier id="o" type="odin-raw">
    <item id="o1" line="142" tag="L+CR">                       sumatöö nya</item>
    <item id="o2" line="143" tag="L+CR">  (6)      A-me</item>
    <item id="o3" line="144" tag="G">           3 SG - PROC ask      1 SG</item>
    <item id="o4" line="145" tag="T">           `He asks me.'</item>
    <item id="o5" line="146" tag="M+AC">           [Ozanne-Rivierre 1984]</item>
  </tier>
  <tier id="c" type="odin-clean">
    <item id="c1" line="142 143" tag="L+CR">A-me        sumatöö nya</item>
    <item id="c3" line="144" tag="G">3 SG-PROC ask      1 SG</item>
    <item id="c4" line="145" tag="T">He asks me.</item>
    <item id="c5" line="146" tag="M+AC">[Ozanne-Rivierre 1984]</item>
  </tier>
  <tier id="p" type="phrases" content="c">
    <item id="p0" content="c1[0:23]"/>
  </tier>
  <tier id="g" type="glosses" content="c">
    <item id="g0" content="c3[0:23]" alignment="p1"/>
  </tier>
  <tier id="t" type="translations" content="c">
    <item id="t0" content="c4[0:11]" alignment="p1"/>
  </tier>
</igt>
<igt id="i35797">
  <metadata type="xigt-meta">
    <meta type="language" name="iaai" iso-639-3="iai" tiers="phrases words morphemes"/>
    <meta type="language" name="English" iso-639-3="eng" tiers="translations"/>
    <meta type="odin-source" doc-id="592" line-range="170-174" line-types="M+CN L+CR L+CR G+CR T"/>
  </metadata>
  <tier id="o" type="odin-raw">
    <item id="o1" line="170" tag="M+CN">  (7)      Class I</item>
    <item id="o2" line="171" tag="L+CR">                              an dö          jee    wââ.</item>
    <item id="o3" line="172" tag="L+CR">           a. A-me</item>
    <item id="o4" line="173" tag="G+CR">                3 SG - PROC eat PUNCT PAU C fish</item>
    <item id="o5" line="174" tag="T">                `He ate the fish.'</item>
  </tier>
  <tier id="c" type="odin-clean">
    <item id="c1" line="170" tag="M+CN">Class I</item>
    <item id="c2" line="171 172" tag="L+CR">A-me            an dö          jee    wââ.</item>
    <item id="c4" line="173" tag="G+CR">3 SG-PROC eat PUNCT PAU C fish</item>
    <item id="c5" line="174" tag="T">He ate the fish.</item>
  </tier>
  <tier id="p" type="phrases" content="c">
    <item id="p0" content="c2[0:42]"/>
  </tier>
  <tier id="g" type="glosses" content="c">
    <item id="g0" content="c4[0:30]" alignment="p1"/>
  </tier>
  <tier id="t" type="translations" content="c">
    <item id="t0" content="c5[0:16]" alignment="p1"/>
  </tier>
</igt>
<igt id="i35798">
  <metadata type="xigt-meta">
    <meta type="language" name="iaai" iso-639-3="iai" tiers="phrases words morphemes"/>
    <meta type="language" name="English" iso-639-3="eng" tiers="translations"/>
    <meta type="odin-source" doc-id="592" line-range="175-178" line-types="L+CR L+CR G T+AC"/>
  </metadata>
  <tier id="o" type="odin-raw">
    <item id="o1" line="175" tag="L+CR">                                  wââ!</item>
    <item id="o2" line="176" tag="L+CR">           b. Dââ but</item>
    <item id="o3" line="177" tag="G">                prick COMPL fish</item>
    <item id="o4" line="178" tag="T+AC">                `Prick the fish!' [Ozanne-Rivierre 1976: 147]</item>
  </tier>
  <tier id="c" type="odin-clean">
    <item id="c1" line="175 176" tag="L+CR">Dââ but           wââ!</item>
    <item id="c3" line="177" tag="G">prick COMPL fish</item>
    <item id="c4" line="178" tag="T+AC">Prick the fish!' [Ozanne-Rivierre 1976: 147]</item>
  </tier>
  <tier id="p" type="phrases" content="c">
    <item id="p0" content="c1[0:22]"/>
  </tier>
  <tier id="g" type="glosses" content="c">
    <item id="g0" content="c3[0:16]" alignment="p1"/>
  </tier>
  <tier id="t" type="translations" content="c">
    <item id="t0" content="c4[0:44]" alignment="p1"/>
  </tier>
</igt>
<igt id="i35799">
  <metadata type="xigt-meta">
    <meta type="language" name="iaai" iso-639-3="iai" tiers="phrases words morphemes"/>
    <meta type="language" name="English" iso-639-3="eng" tiers="translations"/>
    <meta type="odin-source" doc-id="592" line-range="179-182" line-types="L+CR L+CR G+CR T+AC"/>
  </metadata>
  <tier id="o" type="odin-raw">
    <item id="o1" line="179" tag="L+CR">                              uny      jut        anyin ûxaaû.</item>
    <item id="o2" line="180" tag="L+CR">           c. A-me</item>
    <item id="o3" line="181" tag="G+CR">                3 SG - PROC take off COMPL his            shirt</item>
    <item id="o4" line="182" tag="T+AC">                `He is taking off his shirt.' [Ozanne-Rivierre 1976: 229]</item>
  </tier>
  <tier id="c" type="odin-clean">
    <item id="c1" line="179 180" tag="L+CR">A-me            uny      jut        anyin ûxaaû.</item>
    <item id="c3" line="181" tag="G+CR">3 SG-PROC take off COMPL his            shirt</item>
    <item id="c4" line="182" tag="T+AC">He is taking off his shirt.' [Ozanne-Rivierre 1976: 229]</item>
  </tier>
  <tier id="p" type="phrases" content="c">
    <item id="p0" content="c1[0:48]"/>
  </tier>
  <tier id="g" type="glosses" content="c">
    <item id="g0" content="c3[0:45]" alignment="p1"/>
  </tier>
  <tier id="t" type="translations" content="c">
    <item id="t0" content="c4[0:56]" alignment="p1"/>
  </tier>
</igt>
<igt id="i35800">
  <metadata type="xigt-meta">
    <meta type="language" name="iaai" iso-639-3="iai" tiers="phrases words morphemes"/>
    <meta type="language" name="English" iso-639-3="eng" tiers="translations"/>
    <meta type="odin-source" doc-id="592" line-range="183-185" line-types="L G T+AC"/>
  </metadata>
  <tier id="o" type="odin-raw">
    <item id="o1" line="183" tag="L">           d. ke ödra ka              hom thidhö wanakat</item>
    <item id="o2" line="184" tag="G">                but 3 PL SIMUL take PUNCT child</item>
    <item id="o3" line="185" tag="T+AC">                `but they took the child' [Rivierre et al. 1980: 193, 86]</item>
  </tier>
  <tier id="c" type="odin-clean">
    <item id="c1" line="183" tag="L">ke ödra ka              hom thidhö wanakat</item>
    <item id="c2" line="184" tag="G">but 3 PL SIMUL take PUNCT child</item>
    <item id="c3" line="185" tag="T+AC">but they took the child' [Rivierre et al. 1980: 193, 86]</item>
  </tier>
  <tier id="p" type="phrases" content="c">
    <item id="p0" content="c1[0:42]"/>
  </tier>
  <tier id="g" type="glosses" content="c">
    <item id="g0" content="c2[0:31]" alignment="p1"/>
  </tier>
  <tier id="t" type="translations" content="c">
    <item id="t0" content="c3[0:56]" alignment="p1"/>
  </tier>
</igt>
<igt id="i35801">
  <metadata type="xigt-meta">
    <meta type="language" name="iaai" iso-639-3="iai" tiers="phrases words morphemes"/>
    <meta type="language" name="English" iso-639-3="eng" tiers="translations"/>
    <meta type="odin-source" doc-id="592" line-range="186-189" line-types="M+CN L G+CR T+AC"/>
  </metadata>
  <tier id="o" type="odin-raw">
    <item id="o1" line="186" tag="M+CN">  (8)      Class II</item>
    <item id="o2" line="187" tag="L">           a. me tubwii ödrin but</item>
    <item id="o3" line="188" tag="G+CR">                and cover 3 PAU C COMPL</item>
    <item id="o4" line="189" tag="T+AC">                `and (it) covers them up' [Ozanne-Rivierre n.d.: 94, 12]</item>
  </tier>
  <tier id="c" type="odin-clean">
    <item id="c1" line="186" tag="M+CN">Class II</item>
    <item id="c2" line="187" tag="L">me tubwii ödrin but</item>
    <item id="c3" line="188" tag="G+CR">and cover 3 PAU C COMPL</item>
    <item id="c4" line="189" tag="T+AC">and (it) covers them up' [Ozanne-Rivierre n.d.: 94, 12]</item>
  </tier>
  <tier id="p" type="phrases" content="c">
    <item id="p0" content="c2[0:19]"/>
  </tier>
  <tier id="g" type="glosses" content="c">
    <item id="g0" content="c3[0:23]" alignment="p1"/>
  </tier>
  <tier id="t" type="translations" content="c">
    <item id="t0" content="c4[0:55]" alignment="p1"/>
  </tier>
</igt>
<igt id="i35802">
  <metadata type="xigt-meta">
    <meta type="language" name="iaai" iso-639-3="iai" tiers="phrases words morphemes"/>
    <meta type="language" name="English" iso-639-3="eng" tiers="translations"/>
    <meta type="odin-source" doc-id="592" line-range="190-192" line-types="L G T+AC"/>
  </metadata>
  <tier id="o" type="odin-raw">
    <item id="o1" line="190" tag="L">           b. Kuc ödrin dö!</item>
    <item id="o2" line="191" tag="G">                strike 3 PAU C PUNCT</item>
    <item id="o3" line="192" tag="T+AC">                `Strike them!' [Ozanne-Rivierre 1976: 147]</item>
  </tier>
  <tier id="c" type="odin-clean">
    <item id="c1" line="190" tag="L">Kuc ödrin dö!</item>
    <item id="c2" line="191" tag="G">strike 3 PAU C PUNCT</item>
    <item id="c3" line="192" tag="T+AC">Strike them!' [Ozanne-Rivierre 1976: 147]</item>
  </tier>
  <tier id="p" type="phrases" content="c">
    <item id="p0" content="c1[0:13]"/>
  </tier>
  <tier id="g" type="glosses" content="c">
    <item id="g0" content="c2[0:20]" alignment="p1"/>
  </tier>
  <tier id="t" type="translations" content="c">
    <item id="t0" content="c3[0:41]" alignment="p1"/>
  </tier>
</igt>
<igt id="i35803">
  <metadata type="xigt-meta">
    <meta type="language" name="iaai" iso-639-3="iai" tiers="phrases words morphemes"/>
    <meta type="language" name="English" iso-639-3="eng" tiers="translations"/>
    <meta type="odin-source" doc-id="592" line-range="193-196" line-types="L+CR L+CR G+CR T+AC"/>
  </metadata>
  <tier id="o" type="odin-raw">
    <item id="o1" line="193" tag="L+CR">                             ka       kuc Pou thibut</item>
    <item id="o2" line="194" tag="L+CR">           c. a-me</item>
    <item id="o3" line="195" tag="G+CR">                3 SG - PROC SIMUL hit Pou COMPL</item>
    <item id="o4" line="196" tag="T+AC">                `and he hit Pou' [Wahéo 1989: 97]</item>
  </tier>
  <tier id="c" type="odin-clean">
    <item id="c1" line="193 194" tag="L+CR">a-me           ka       kuc Pou thibut</item>
    <item id="c3" line="195" tag="G+CR">3 SG-PROC SIMUL hit Pou COMPL</item>
    <item id="c4" line="196" tag="T+AC">and he hit Pou' [Wahéo 1989: 97]</item>
  </tier>
  <tier id="p" type="phrases" content="c">
    <item id="p0" content="c1[0:38]"/>
  </tier>
  <tier id="g" type="glosses" content="c">
    <item id="g0" content="c3[0:29]" alignment="p1"/>
  </tier>
  <tier id="t" type="translations" content="c">
    <item id="t0" content="c4[0:32]" alignment="p1"/>
  </tier>
</igt>
<igt id="i35804">
  <metadata type="xigt-meta">
    <meta type="language" name="iaai" iso-639-3="iai" tiers="phrases words morphemes"/>
    <meta type="language" name="English" iso-639-3="eng" tiers="translations"/>
    <meta type="odin-source" doc-id="592" line-range="200-204" line-types="M+CN L+CR L+CR G+CR T"/>
  </metadata>
  <tier id="o" type="odin-raw">
    <item id="o1" line="200" tag="M+CN">  (9)      Class III</item>
    <item id="o2" line="201" tag="L+CR">                              han wââ dhö.</item>
    <item id="o3" line="202" tag="L+CR">           a. A-me</item>
    <item id="o4" line="203" tag="G+CR">                3 SG - PROC eat fish PUNCT</item>
    <item id="o5" line="204" tag="T">                `He ate fish.'</item>
  </tier>
  <tier id="c" type="odin-clean">
    <item id="c1" line="200" tag="M+CN">Class III</item>
    <item id="c2" line="201 202" tag="L+CR">A-me            han wââ dhö.</item>
    <item id="c4" line="203" tag="G+CR">3 SG-PROC eat fish PUNCT</item>
    <item id="c5" line="204" tag="T">He ate fish.</item>
  </tier>
  <tier id="p" type="phrases" content="c">
    <item id="p0" content="c2[0:28]"/>
  </tier>
  <tier id="g" type="glosses" content="c">
    <item id="g0" content="c4[0:24]" alignment="p1"/>
  </tier>
  <tier id="t" type="translations" content="c">
    <item id="t0" content="c5[0:12]" alignment="p1"/>
  </tier>
</igt>
<igt id="i35805">
  <metadata type="xigt-meta">
    <meta type="language" name="iaai" iso-639-3="iai" tiers="phrases words morphemes"/>
    <meta type="language" name="English" iso-639-3="eng" tiers="translations"/>
    <meta type="odin-source" doc-id="592" line-range="205-207" line-types="L G+CR T+AC"/>
  </metadata>
  <tier id="o" type="odin-raw">
    <item id="o1" line="205" tag="L">           b. mw-ödrin sitr           eet tö      kâu</item>
    <item id="o2" line="206" tag="G+CR">                and-3 PAU C make net PUNCT INST R</item>
    <item id="o3" line="207" tag="T+AC">                `and they made nets with it' [Wahéo 1989: 93]</item>
  </tier>
  <tier id="c" type="odin-clean">
    <item id="c1" line="205" tag="L">mw-ödrin sitr           eet tö      kâu</item>
    <item id="c2" line="206" tag="G+CR">and-3 PAU C make net PUNCT INST R</item>
    <item id="c3" line="207" tag="T+AC">and they made nets with it' [Wahéo 1989: 93]</item>
  </tier>
  <tier id="p" type="phrases" content="c">
    <item id="p0" content="c1[0:39]"/>
  </tier>
  <tier id="g" type="glosses" content="c">
    <item id="g0" content="c2[0:33]" alignment="p1"/>
  </tier>
  <tier id="t" type="translations" content="c">
    <item id="t0" content="c3[0:44]" alignment="p1"/>
  </tier>
</igt>
<igt id="i35806">
  <metadata type="xigt-meta">
    <meta type="language" name="iaai" iso-639-3="iai" tiers="phrases words morphemes"/>
    <meta type="language" name="English" iso-639-3="eng" tiers="translations"/>
    <meta type="odin-source" doc-id="592" line-range="208-211" line-types="L+CR L+CR G T+AC"/>
  </metadata>
  <tier id="o" type="odin-raw">
    <item id="o1" line="208" tag="L+CR">                         hwenyii ien      thidhö me "Oûang"</item>
    <item id="o2" line="209" tag="L+CR">           c. me</item>
    <item id="o3" line="210" tag="G">                COMP give          name PUNCT with Oûang</item>
    <item id="o4" line="211" tag="T+AC">                `that (they) called "Oûang" ' [Wahéo 1989: 25]</item>
  </tier>
  <tier id="c" type="odin-clean">
    <item id="c1" line="208 209" tag="L+CR">me         hwenyii ien      thidhö me "Oûang</item>
    <item id="c3" line="210" tag="G">COMP give          name PUNCT with Oûang</item>
    <item id="c4" line="211" tag="T+AC">that (they) called "Oûang" ' [Wahéo 1989: 25]</item>
  </tier>
  <tier id="p" type="phrases" content="c">
    <item id="p0" content="c1[0:44]"/>
  </tier>
  <tier id="g" type="glosses" content="c">
    <item id="g0" content="c3[0:40]" alignment="p1"/>
  </tier>
  <tier id="t" type="translations" content="c">
    <item id="t0" content="c4[0:45]" alignment="p1"/>
  </tier>
</igt>
<igt id="i35807">
  <metadata type="xigt-meta">
    <meta type="language" name="iaai" iso-639-3="iai" tiers="phrases words morphemes"/>
    <meta type="language" name="English" iso-639-3="eng" tiers="translations"/>
    <meta type="odin-source" doc-id="592" line-range="250-253" line-types="L+CR L+CR G+CR T+CR"/>
  </metadata>
  <tier id="o" type="odin-raw">
    <item id="o1" line="250" tag="L+CR">                                    kot oong tep.</item>
    <item id="o2" line="251" tag="L+CR">  (12)         a.  A-me</item>
    <item id="o3" line="252" tag="G+CR">                   3 SG - PROC      hit little rat</item>
    <item id="o4" line="253" tag="T+CR">                   `He is killin   g the little rat.'</item>
  </tier>
  <tier id="c" type="odin-clean">
    <item id="c1" line="250 251" tag="L+CR">A-me             kot oong tep.</item>
    <item id="c3" line="252" tag="G+CR">3 SG-PROC      hit little rat</item>
    <item id="c4" line="253" tag="T+CR">He is killin   g the little rat.</item>
  </tier>
  <tier id="p" type="phrases" content="c">
    <item id="p0" content="c1[0:30]"/>
  </tier>
  <tier id="g" type="glosses" content="c">
    <item id="g0" content="c3[0:29]" alignment="p1"/>
  </tier>
  <tier id="t" type="translations" content="c">
    <item id="t0" content="c4[0:32]" alignment="p1"/>
  </tier>
</igt>
<igt id="i35808">
  <metadata type="xigt-meta">
    <meta type="language" name="iaai" iso-639-3="iai" tiers="phrases words morphemes"/>
    <meta type="language" name="English" iso-639-3="eng" tiers="translations"/>
    <meta type="odin-source" doc-id="592" line-range="254-257" line-types="L+CR L+CR G+CR T+CR"/>
  </metadata>
  <tier id="o" type="odin-raw">
    <item id="o1" line="254" tag="L+CR">                                    xuc oong tep.</item>
    <item id="o2" line="255" tag="L+CR">               b. *A-me</item>
    <item id="o3" line="256" tag="G+CR">                   3 SG - PROC      hit little rat</item>
    <item id="o4" line="257" tag="T+CR">                   `He is killin   g little rats.'</item>
  </tier>
  <tier id="c" type="odin-clean">
    <item id="c1" line="254 255" tag="L+CR">*A-me             xuc oong tep.</item>
    <item id="c3" line="256" tag="G+CR">3 SG-PROC      hit little rat</item>
    <item id="c4" line="257" tag="T+CR">He is killin   g little rats.</item>
  </tier>
  <tier id="p" type="phrases" content="c">
    <item id="p0" content="c1[0:31]"/>
  </tier>
  <tier id="g" type="glosses" content="c">
    <item id="g0" content="c3[0:29]" alignment="p1"/>
  </tier>
  <tier id="t" type="translations" content="c">
    <item id="t0" content="c4[0:29]" alignment="p1"/>
  </tier>
</igt>
<igt id="i35809">
  <metadata type="xigt-meta">
    <meta type="language" name="iaai" iso-639-3="iai" tiers="phrases words morphemes"/>
    <meta type="language" name="English" iso-639-3="eng" tiers="translations"/>
    <meta type="odin-source" doc-id="592" line-range="258-261" line-types="L+CR L+CR G+CR T+CR"/>
  </metadata>
  <tier id="o" type="odin-raw">
    <item id="o1" line="258" tag="L+CR">                                    kot jee       tep ejii adre-me                     han wââ.</item>
    <item id="o2" line="259" tag="L+CR">  (13)         a.  A-me</item>
    <item id="o3" line="260" tag="G+CR">                   3 SG - PROC      hit PAU C rat there 3 PAU C - PROC                 eat fish</item>
    <item id="o4" line="261" tag="T+CR">                   `He is killin   g (the) rats that eat fish.'</item>
  </tier>
  <tier id="c" type="odin-clean">
    <item id="c1" line="258 259" tag="L+CR">A-me             kot jee       tep ejii adre-me                     han wââ.</item>
    <item id="c3" line="260" tag="G+CR">3 SG-PROC      hit PAU C rat there 3 PAU C-PROC                 eat fish</item>
    <item id="c4" line="261" tag="T+CR">He is killin   g (the) rats that eat fish.</item>
  </tier>
  <tier id="p" type="phrases" content="c">
    <item id="p0" content="c1[0:76]"/>
  </tier>
  <tier id="g" type="glosses" content="c">
    <item id="g0" content="c3[0:72]" alignment="p1"/>
  </tier>
  <tier id="t" type="translations" content="c">
    <item id="t0" content="c4[0:42]" alignment="p1"/>
  </tier>
</igt>
<igt id="i35810">
  <metadata type="xigt-meta">
    <meta type="language" name="iaai" iso-639-3="iai" tiers="phrases words morphemes"/>
    <meta type="language" name="English" iso-639-3="eng" tiers="translations"/>
    <meta type="odin-source" doc-id="592" line-range="262-265" line-types="L+CR L+CR G+CR T+CR"/>
  </metadata>
  <tier id="o" type="odin-raw">
    <item id="o1" line="262" tag="L+CR">                                    xuc tep ejii adre-me           han               wââ.</item>
    <item id="o2" line="263" tag="L+CR">               b. *A-me</item>
    <item id="o3" line="264" tag="G+CR">                   3 SG - PROC      hit rat there 3 PAU C - PROC eat                 fish</item>
    <item id="o4" line="265" tag="T+CR">                   `He is killin   g rats that eat fish.'</item>
  </tier>
  <tier id="c" type="odin-clean">
    <item id="c1" line="262 263" tag="L+CR">*A-me             xuc tep ejii adre-me           han               wââ.</item>
    <item id="c3" line="264" tag="G+CR">3 SG-PROC      hit rat there 3 PAU C-PROC eat                 fish</item>
    <item id="c4" line="265" tag="T+CR">He is killin   g rats that eat fish.</item>
  </tier>
  <tier id="p" type="phrases" content="c">
    <item id="p0" content="c1[0:71]"/>
  </tier>
  <tier id="g" type="glosses" content="c">
    <item id="g0" content="c3[0:66]" alignment="p1"/>
  </tier>
  <tier id="t" type="translations" content="c">
    <item id="t0" content="c4[0:36]" alignment="p1"/>
  </tier>
</igt>
<igt id="i35811">
  <metadata type="xigt-meta">
    <meta type="language" name="iaai" iso-639-3="iai" tiers="phrases words morphemes"/>
    <meta type="language" name="English" iso-639-3="eng" tiers="translations"/>
    <meta type="odin-source" doc-id="592" line-range="291-296" line-types="L G+CR L G+CR T M+AC"/>
  </metadata>
  <tier id="o" type="odin-raw">
    <item id="o1" line="291" tag="L">        (i)     ka hnyi wâ hna-hlingâ li            gugumelam       ge jee       thaan me</item>
    <item id="o2" line="292" tag="G+CR">                to also see NMZ-kill           DU siamese twins by PAU C chief with</item>
    <item id="o3" line="293" tag="L">                lakei-drin</item>
    <item id="o4" line="294" tag="G+CR">                subject-3 P L</item>
    <item id="o5" line="295" tag="T">                `to also observe the execution by the chiefs and their subjects of the siamese twins'</item>
    <item id="o6" line="296" tag="M+AC">                [Rivierre et al. 1980: 199, 26]</item>
  </tier>
  <tier id="c" type="odin-clean">
    <item id="c1" line="291" tag="L">ka hnyi wâ hna-hlingâ li            gugumelam       ge jee       thaan me</item>
    <item id="c2" line="292" tag="G+CR">to also see NMZ-kill           DU siamese twins by PAU C chief with</item>
    <item id="c3" line="293" tag="L">lakei-drin</item>
    <item id="c4" line="294" tag="G+CR">subject-3 P L</item>
    <item id="c5" line="295" tag="T">to also observe the execution by the chiefs and their subjects of the siamese twins</item>
    <item id="c6" line="296" tag="M+AC">[Rivierre et al. 1980: 199, 26]</item>
  </tier>
  <tier id="p" type="phrases" content="c">
    <item id="p0" content="c1[0:73]"/>
    <item id="p1" content="c3[0:10]"/>
  </tier>
  <tier id="g" type="glosses" content="c">
    <item id="g0" content="c2[0:67]" alignment="p1"/>
    <item id="g1" content="c4[0:13]" alignment="p2"/>
  </tier>
  <tier id="t" type="translations" content="c">
    <item id="t0" content="c5[0:83]" alignment="p2"/>
  </tier>
</igt>
<igt id="i35812">
  <metadata type="xigt-meta">
    <meta type="language" name="iaai" iso-639-3="iai" tiers="phrases words morphemes"/>
    <meta type="language" name="English" iso-639-3="eng" tiers="translations"/>
    <meta type="odin-source" doc-id="592" line-range="320-321" line-types="M+CN L-T"/>
  </metadata>
  <tier id="o" type="odin-raw">
    <item id="o1" line="320" tag="M+CN">  (14)        Fixed V-N expressions:</item>
    <item id="o2" line="321" tag="L-T">              hii nu        `grate coconut'</item>
  </tier>
  <tier id="c" type="odin-clean">
    <item id="c1" line="320" tag="M+CN">Fixed V-N expressions:</item>
    <item id="c2" line="321" tag="L-T">hii nu        `grate coconut</item>
  </tier>
</igt>
<igt id="i35813">
  <metadata type="xigt-meta">
    <meta type="language" name="iaai" iso-639-3="iai" tiers="phrases words morphemes"/>
    <meta type="language" name="English" iso-639-3="eng" tiers="translations"/>
    <meta type="odin-source" doc-id="592" line-range="322-322" line-types="L-T"/>
  </metadata>
  <tier id="o" type="odin-raw">
    <item id="o1" line="322" tag="L-T">              hune nöng `chase flies'</item>
  </tier>
  <tier id="c" type="odin-clean">
    <item id="c1" line="322" tag="L-T">hune nöng `chase flies</item>
  </tier>
</igt>
<igt id="i35814">
  <metadata type="xigt-meta">
    <meta type="language" name="iaai" iso-639-3="iai" tiers="phrases words morphemes"/>
    <meta type="language" name="English" iso-639-3="eng" tiers="translations"/>
    <meta type="odin-source" doc-id="592" line-range="323-323" line-types="L-T"/>
  </metadata>
  <tier id="o" type="odin-raw">
    <item id="o1" line="323" tag="L-T">              höu ot        `pull out straw'</item>
  </tier>
  <tier id="c" type="odin-clean">
    <item id="c1" line="323" tag="L-T">höu ot        `pull out straw</item>
  </tier>
</igt>
<igt id="i35815">
  <metadata type="xigt-meta">
    <meta type="language" name="iaai" iso-639-3="iai" tiers="phrases words morphemes"/>
    <meta type="language" name="English" iso-639-3="eng" tiers="translations"/>
    <meta type="odin-source" doc-id="592" line-range="324-325" line-types="T+CR L+CR"/>
  </metadata>
  <tier id="o" type="odin-raw">
    <item id="o1" line="324" tag="T+CR">                      5     `go looking for water'</item>
    <item id="o2" line="325" tag="L+CR">              se köiö</item>
  </tier>
  <tier id="c" type="odin-clean">
    <item id="c1" line="324" tag="T+CR">5     `go looking for water</item>
    <item id="c2" line="325" tag="L+CR">se köiö</item>
  </tier>
  <tier id="p" type="phrases" content="c">
    <item id="p0" content="c2[0:7]"/>
  </tier>
  <tier id="t" type="translations" content="c">
    <item id="t0" content="c1[0:27]"/>
  </tier>
</igt>
<igt id="i35816">
  <metadata type="xigt-meta">
    <meta type="language" name="iaai" iso-639-3="iai" tiers="phrases words morphemes"/>
    <meta type="language" name="English" iso-639-3="eng" tiers="translations"/>
    <meta type="odin-source" doc-id="592" line-range="351-353" line-types="L G T"/>
  </metadata>
  <tier id="o" type="odin-raw">
    <item id="o1" line="351" tag="L">           b.   heleû         an     / utöö</item>
    <item id="o2" line="352" tag="G">                go look for food       wood</item>
    <item id="o3" line="353" tag="T">                `look for food/wood'</item>
  </tier>
  <tier id="c" type="odin-clean">
    <item id="c1" line="351" tag="L">heleû         an     / utöö</item>
    <item id="c2" line="352" tag="G">go look for food       wood</item>
    <item id="c3" line="353" tag="T">look for food/wood</item>
  </tier>
  <tier id="p" type="phrases" content="c">
    <item id="p0" content="c1[0:27]"/>
  </tier>
  <tier id="g" type="glosses" content="c">
    <item id="g0" content="c2[0:27]" alignment="p1"/>
  </tier>
  <tier id="t" type="translations" content="c">
    <item id="t0" content="c3[0:18]" alignment="p1"/>
  </tier>
</igt>
<igt id="i35817">
  <metadata type="xigt-meta">
    <meta type="language" name="iaai" iso-639-3="iai" tiers="phrases words morphemes"/>
    <meta type="language" name="English" iso-639-3="eng" tiers="translations"/>
    <meta type="odin-source" doc-id="592" line-range="354-357" line-types="L G T M+AC"/>
  </metadata>
  <tier id="o" type="odin-raw">
    <item id="o1" line="354" tag="L">           c.   hook wiiny / wanakat</item>
    <item id="o2" line="355" tag="G">                take rudder        child</item>
    <item id="o3" line="356" tag="T">                `steer the boat'/`transport children'</item>
    <item id="o4" line="357" tag="M+AC">                [Ozanne-Rivierre 1976: 203­4]</item>
  </tier>
  <tier id="c" type="odin-clean">
    <item id="c1" line="354" tag="L">hook wiiny / wanakat</item>
    <item id="c2" line="355" tag="G">take rudder        child</item>
    <item id="c3" line="356" tag="T">steer the boat'/`transport children</item>
    <item id="c4" line="357" tag="M+AC">[Ozanne-Rivierre 1976: 203­4]</item>
  </tier>
  <tier id="p" type="phrases" content="c">
    <item id="p0" content="c1[0:20]"/>
  </tier>
  <tier id="g" type="glosses" content="c">
    <item id="g0" content="c2[0:24]" alignment="p1"/>
  </tier>
  <tier id="t" type="translations" content="c">
    <item id="t0" content="c3[0:35]" alignment="p1"/>
  </tier>
</igt>
<igt id="i35818">
  <metadata type="xigt-meta">
    <meta type="language" name="iaai" iso-639-3="iai" tiers="phrases words morphemes"/>
    <meta type="language" name="English" iso-639-3="eng" tiers="translations"/>
    <meta type="odin-source" doc-id="592" line-range="369-372" line-types="L+CR L+CR G+CR T+AC"/>
  </metadata>
  <tier id="o" type="odin-raw">
    <item id="o1" line="369" tag="L+CR">                             xaû wanakat.</item>
    <item id="o2" line="370" tag="L+CR">  (16)     a.   A-me</item>
    <item id="o3" line="371" tag="G+CR">                3 SG - PROC slap child</item>
    <item id="o4" line="372" tag="T+AC">                `He slaps the child.' [Ozanne-Rivierre 1984]</item>
  </tier>
  <tier id="c" type="odin-clean">
    <item id="c1" line="369 370" tag="L+CR">A-me         xaû wanakat.</item>
    <item id="c3" line="371" tag="G+CR">3 SG-PROC slap child</item>
    <item id="c4" line="372" tag="T+AC">He slaps the child.' [Ozanne-Rivierre 1984]</item>
  </tier>
  <tier id="p" type="phrases" content="c">
    <item id="p0" content="c1[0:25]"/>
  </tier>
  <tier id="g" type="glosses" content="c">
    <item id="g0" content="c3[0:20]" alignment="p1"/>
  </tier>
  <tier id="t" type="translations" content="c">
    <item id="t0" content="c4[0:43]" alignment="p1"/>
  </tier>
</igt>
<igt id="i35819">
  <metadata type="xigt-meta">
    <meta type="language" name="iaai" iso-639-3="iai" tiers="phrases words morphemes"/>
    <meta type="language" name="English" iso-639-3="eng" tiers="translations"/>
    <meta type="odin-source" doc-id="592" line-range="373-376" line-types="L+CR L+CR G+CR T+AC"/>
  </metadata>
  <tier id="o" type="odin-raw">
    <item id="o1" line="373" tag="L+CR">                             xöûxöû       hnyaam.</item>
    <item id="o2" line="374" tag="L+CR">           b.   A-me</item>
    <item id="o3" line="375" tag="G+CR">                3 SG - PROC tap.RE DUP palm</item>
    <item id="o4" line="376" tag="T+AC">                `He applauds.' [Ozanne-Rivierre 1976: 135]</item>
  </tier>
  <tier id="c" type="odin-clean">
    <item id="c1" line="373 374" tag="L+CR">A-me         xöûxöû       hnyaam.</item>
    <item id="c3" line="375" tag="G+CR">3 SG-PROC tap.RE DUP palm</item>
    <item id="c4" line="376" tag="T+AC">He applauds.' [Ozanne-Rivierre 1976: 135]</item>
  </tier>
  <tier id="p" type="phrases" content="c">
    <item id="p0" content="c1[0:33]"/>
  </tier>
  <tier id="g" type="glosses" content="c">
    <item id="g0" content="c3[0:25]" alignment="p1"/>
  </tier>
  <tier id="t" type="translations" content="c">
    <item id="t0" content="c4[0:41]" alignment="p1"/>
  </tier>
</igt>
<igt id="i35820">
  <metadata type="xigt-meta">
    <meta type="language" name="iaai" iso-639-3="iai" tiers="phrases words morphemes"/>
    <meta type="language" name="English" iso-639-3="eng" tiers="translations"/>
    <meta type="odin-source" doc-id="592" line-range="377-380" line-types="L+CR L+CR G+CR T+AC"/>
  </metadata>
  <tier id="o" type="odin-raw">
    <item id="o1" line="377" tag="L+CR">                             xöûxöû       hnyaam-â ke        xumwöng.</item>
    <item id="o2" line="378" tag="L+CR">           c.   A-me</item>
    <item id="o3" line="379" tag="G+CR">                3 SG - PROC tap.RE DUP palm-TR INDE F song</item>
    <item id="o4" line="380" tag="T+AC">                `He applauds a song.' [Ozanne-Rivierre 1976: 135]</item>
  </tier>
  <tier id="c" type="odin-clean">
    <item id="c1" line="377 378" tag="L+CR">A-me         xöûxöû       hnyaam-â ke        xumwöng.</item>
    <item id="c3" line="379" tag="G+CR">3 SG-PROC tap.RE DUP palm-TR INDE F song</item>
    <item id="c4" line="380" tag="T+AC">He applauds a song.' [Ozanne-Rivierre 1976: 135]</item>
  </tier>
  <tier id="p" type="phrases" content="c">
    <item id="p0" content="c1[0:53]"/>
  </tier>
  <tier id="g" type="glosses" content="c">
    <item id="g0" content="c3[0:40]" alignment="p1"/>
  </tier>
  <tier id="t" type="translations" content="c">
    <item id="t0" content="c4[0:48]" alignment="p1"/>
  </tier>
</igt>
<igt id="i35821">
  <metadata type="xigt-meta">
    <meta type="language" name="iaai" iso-639-3="iai" tiers="phrases words morphemes"/>
    <meta type="language" name="English" iso-639-3="eng" tiers="translations"/>
    <meta type="odin-source" doc-id="592" line-range="381-383" line-types="L G T+AC+EX"/>
  </metadata>
  <tier id="o" type="odin-raw">
    <item id="o1" line="381" tag="L">  (17)     a.   xuc bwöö</item>
    <item id="o2" line="382" tag="G">                hit leaf</item>
    <item id="o3" line="383" tag="T+AC+EX">                `spit leaves' (medicinal technique) [Ozanne-Rivierre 1976: 231]</item>
  </tier>
  <tier id="c" type="odin-clean">
    <item id="c1" line="381" tag="L">xuc bwöö</item>
    <item id="c2" line="382" tag="G">hit leaf</item>
    <item id="c3" line="383" tag="T+AC+EX">spit leaves' (medicinal technique) [Ozanne-Rivierre 1976: 231]</item>
  </tier>
  <tier id="p" type="phrases" content="c">
    <item id="p0" content="c1[0:8]"/>
  </tier>
  <tier id="g" type="glosses" content="c">
    <item id="g0" content="c2[0:8]" alignment="p1"/>
  </tier>
  <tier id="t" type="translations" content="c">
    <item id="t0" content="c3[0:62]" alignment="p1"/>
  </tier>
</igt>
<igt id="i35822">
  <metadata type="xigt-meta">
    <meta type="language" name="iaai" iso-639-3="iai" tiers="phrases words morphemes"/>
    <meta type="language" name="English" iso-639-3="eng" tiers="translations"/>
    <meta type="odin-source" doc-id="592" line-range="384-387" line-types="L+CR L+CR G+CR T+AC"/>
  </metadata>
  <tier id="o" type="odin-raw">
    <item id="o1" line="384" tag="L+CR">                              xuc bwöö-â ke           komok.</item>
    <item id="o2" line="385" tag="L+CR">           b.   A-me</item>
    <item id="o3" line="386" tag="G+CR">                3 SG - PROC hit leaf-TR INDE F sick            person</item>
    <item id="o4" line="387" tag="T+AC">                `He treats a patient by spitting leaves.' [Ozanne-Rivierre 1976: 231]</item>
  </tier>
  <tier id="c" type="odin-clean">
    <item id="c1" line="384 385" tag="L+CR">A-me          xuc bwöö-â ke           komok.</item>
    <item id="c3" line="386" tag="G+CR">3 SG-PROC hit leaf-TR INDE F sick            person</item>
    <item id="c4" line="387" tag="T+AC">He treats a patient by spitting leaves.' [Ozanne-Rivierre 1976: 231]</item>
  </tier>
  <tier id="p" type="phrases" content="c">
    <item id="p0" content="c1[0:44]"/>
  </tier>
  <tier id="g" type="glosses" content="c">
    <item id="g0" content="c3[0:51]" alignment="p1"/>
  </tier>
  <tier id="t" type="translations" content="c">
    <item id="t0" content="c4[0:68]" alignment="p1"/>
  </tier>
</igt>
<igt id="i35824">
  <metadata type="xigt-meta">
    <meta type="language" name="iaai" iso-639-3="iai" tiers="phrases words morphemes"/>
    <meta type="language" name="English" iso-639-3="eng" tiers="translations"/>
    <meta type="odin-source" doc-id="592" line-range="477-479" line-types="L G+CR T+AC"/>
  </metadata>
  <tier id="o" type="odin-raw">
    <item id="o1" line="477" tag="L">        (i)      a.   ke ötin              outen thaan Bahitr</item>
    <item id="o2" line="478" tag="G+CR">                      but 1 PAU C . IN C L fear     chief Bahitr</item>
    <item id="o3" line="479" tag="T+AC">                      `but we fear chief Bakitr' [Rivierre et al. 1980: 183, 25]</item>
  </tier>
  <tier id="c" type="odin-clean">
    <item id="c1" line="477" tag="L">ke ötin              outen thaan Bahitr</item>
    <item id="c2" line="478" tag="G+CR">but 1 PAU C . IN C L fear     chief Bahitr</item>
    <item id="c3" line="479" tag="T+AC">but we fear chief Bakitr' [Rivierre et al. 1980: 183, 25]</item>
  </tier>
  <tier id="p" type="phrases" content="c">
    <item id="p0" content="c1[0:39]"/>
  </tier>
  <tier id="g" type="glosses" content="c">
    <item id="g0" content="c2[0:42]" alignment="p1"/>
  </tier>
  <tier id="t" type="translations" content="c">
    <item id="t0" content="c3[0:57]" alignment="p1"/>
  </tier>
</igt>
<igt id="i35825">
  <metadata type="xigt-meta">
    <meta type="language" name="iaai" iso-639-3="iai" tiers="phrases words morphemes"/>
    <meta type="language" name="English" iso-639-3="eng" tiers="translations"/>
    <meta type="odin-source" doc-id="592" line-range="480-482" line-types="L G+CR T+AC"/>
  </metadata>
  <tier id="o" type="odin-raw">
    <item id="o1" line="480" tag="L">                 b.   me ödra outen thaan</item>
    <item id="o2" line="481" tag="G+CR">                      and 3 PL fear        chief</item>
    <item id="o3" line="482" tag="T+AC">                      `and they fear the chief ' [Rivierre et al. 1980: 183, 29]</item>
  </tier>
  <tier id="c" type="odin-clean">
    <item id="c1" line="480" tag="L">me ödra outen thaan</item>
    <item id="c2" line="481" tag="G+CR">and 3 PL fear        chief</item>
    <item id="c3" line="482" tag="T+AC">and they fear the chief ' [Rivierre et al. 1980: 183, 29]</item>
  </tier>
  <tier id="p" type="phrases" content="c">
    <item id="p0" content="c1[0:19]"/>
  </tier>
  <tier id="g" type="glosses" content="c">
    <item id="g0" content="c2[0:26]" alignment="p1"/>
  </tier>
  <tier id="t" type="translations" content="c">
    <item id="t0" content="c3[0:57]" alignment="p1"/>
  </tier>
</igt>
<igt id="i35826">
  <metadata type="xigt-meta">
    <meta type="language" name="iaai" iso-639-3="iai" tiers="phrases words morphemes"/>
    <meta type="language" name="English" iso-639-3="eng" tiers="translations"/>
    <meta type="odin-source" doc-id="592" line-range="483-485" line-types="L G+CR T+AC"/>
  </metadata>
  <tier id="o" type="odin-raw">
    <item id="o1" line="483" tag="L">                 c.   a-me         outöön nya</item>
    <item id="o2" line="484" tag="G+CR">                      3 SG - PRO C fear      1 SG</item>
    <item id="o3" line="485" tag="T+AC">                      `he fears me' [Ozanne-Rivierre 1984]</item>
  </tier>
  <tier id="c" type="odin-clean">
    <item id="c1" line="483" tag="L">a-me         outöön nya</item>
    <item id="c2" line="484" tag="G+CR">3 SG-PRO C fear      1 SG</item>
    <item id="c3" line="485" tag="T+AC">he fears me' [Ozanne-Rivierre 1984]</item>
  </tier>
  <tier id="p" type="phrases" content="c">
    <item id="p0" content="c1[0:23]"/>
  </tier>
  <tier id="g" type="glosses" content="c">
    <item id="g0" content="c2[0:25]" alignment="p1"/>
  </tier>
  <tier id="t" type="translations" content="c">
    <item id="t0" content="c3[0:35]" alignment="p1"/>
  </tier>
</igt>
<igt id="i35827">
  <metadata type="xigt-meta">
    <meta type="language" name="iaai" iso-639-3="iai" tiers="phrases words morphemes"/>
    <meta type="language" name="English" iso-639-3="eng" tiers="translations"/>
    <meta type="odin-source" doc-id="592" line-range="494-496" line-types="L G+CR T+AC"/>
  </metadata>
  <tier id="o" type="odin-raw">
    <item id="o1" line="494" tag="L">        (ii)     ödree          hum Ciau thidhö me nokon                  daa hootai</item>
    <item id="o2" line="495" tag="G+CR">                 3 DU . COMP L carry Ciau P UNCT with child. 3 SG boy land.to</item>
    <item id="o3" line="496" tag="T+AC">                 `they carried Ciau and her son on to the land' [Wahéo 1989: 58]</item>
  </tier>
  <tier id="c" type="odin-clean">
    <item id="c1" line="494" tag="L">ödree          hum Ciau thidhö me nokon                  daa hootai</item>
    <item id="c2" line="495" tag="G+CR">3 DU . COMP L carry Ciau P UNCT with child. 3 SG boy land.to</item>
    <item id="c3" line="496" tag="T+AC">they carried Ciau and her son on to the land' [Wahéo 1989: 58]</item>
  </tier>
  <tier id="p" type="phrases" content="c">
    <item id="p0" content="c1[0:67]"/>
  </tier>
  <tier id="g" type="glosses" content="c">
    <item id="g0" content="c2[0:60]" alignment="p1"/>
  </tier>
  <tier id="t" type="translations" content="c">
    <item id="t0" content="c3[0:62]" alignment="p1"/>
  </tier>
</igt>
<igt id="i35828">
  <metadata type="xigt-meta">
    <meta type="language" name="iaai" iso-639-3="iai" tiers="phrases words morphemes"/>
    <meta type="language" name="English" iso-639-3="eng" tiers="translations"/>
    <meta type="odin-source" doc-id="592" line-range="536-538" line-types="L G+CR T+AC"/>
  </metadata>
  <tier id="o" type="odin-raw">
    <item id="o1" line="536" tag="L">      (iii)    a.    haba Ciau me            he thibut      me noko-n           daa</item>
    <item id="o2" line="537" tag="G+CR">                     as for Ciau PRO C go COMP L with child-3 SG boy</item>
    <item id="o3" line="538" tag="T+AC">                     `as for Ciau she left with her son' [Rivierre et al. 1980: 187, 50]</item>
  </tier>
  <tier id="c" type="odin-clean">
    <item id="c1" line="536" tag="L">haba Ciau me            he thibut      me noko-n           daa</item>
    <item id="c2" line="537" tag="G+CR">as for Ciau PRO C go COMP L with child-3 SG boy</item>
    <item id="c3" line="538" tag="T+AC">as for Ciau she left with her son' [Rivierre et al. 1980: 187, 50]</item>
  </tier>
  <tier id="p" type="phrases" content="c">
    <item id="p0" content="c1[0:62]"/>
  </tier>
  <tier id="g" type="glosses" content="c">
    <item id="g0" content="c2[0:47]" alignment="p1"/>
  </tier>
  <tier id="t" type="translations" content="c">
    <item id="t0" content="c3[0:66]" alignment="p1"/>
  </tier>
</igt>
<igt id="i35829">
  <metadata type="xigt-meta">
    <meta type="language" name="iaai" iso-639-3="iai" tiers="phrases words morphemes"/>
    <meta type="language" name="English" iso-639-3="eng" tiers="translations"/>
    <meta type="odin-source" doc-id="592" line-range="539-541" line-types="L G+CR T+AC"/>
  </metadata>
  <tier id="o" type="odin-raw">
    <item id="o1" line="539" tag="L">               b.    Ieû     ang oge-me          labaa me nöku-k             daa</item>
    <item id="o2" line="540" tag="G+CR">                     what here 1 SG - PRO C remain with son-1 SG boy</item>
    <item id="o3" line="541" tag="T+AC">                     `For what would I remain here with my son?' [Rivierre et al. 1980: 189, 62]</item>
  </tier>
  <tier id="c" type="odin-clean">
    <item id="c1" line="539" tag="L">Ieû     ang oge-me          labaa me nöku-k             daa</item>
    <item id="c2" line="540" tag="G+CR">what here 1 SG-PRO C remain with son-1 SG boy</item>
    <item id="c3" line="541" tag="T+AC">For what would I remain here with my son?' [Rivierre et al. 1980: 189, 62]</item>
  </tier>
  <tier id="p" type="phrases" content="c">
    <item id="p0" content="c1[0:59]"/>
  </tier>
  <tier id="g" type="glosses" content="c">
    <item id="g0" content="c2[0:45]" alignment="p1"/>
  </tier>
  <tier id="t" type="translations" content="c">
    <item id="t0" content="c3[0:74]" alignment="p1"/>
  </tier>
</igt>
<igt id="i35830">
  <metadata type="xigt-meta">
    <meta type="language" name="iaai" iso-639-3="iai" tiers="phrases words morphemes"/>
    <meta type="language" name="English" iso-639-3="eng" tiers="translations"/>
    <meta type="odin-source" doc-id="592" line-range="547-549" line-types="L G+CR G+CR"/>
  </metadata>
  <tier id="o" type="odin-raw">
    <item id="o1" line="547" tag="L">      (iv)    *ödree              hum Paulo thidhö mëëny        hootai</item>
    <item id="o2" line="548" tag="G+CR">               3 DU . COMP        carry Paulo P UNCT collective land.to</item>
    <item id="o3" line="549" tag="G+CR">                             L</item>
  </tier>
  <tier id="c" type="odin-clean">
    <item id="c1" line="547" tag="L">*ödree              hum Paulo thidhö mëëny        hootai</item>
    <item id="c2" line="548 549" tag="G+CR">3 DU . COMP   L    carry Paulo P UNCT collective land.to</item>
  </tier>
  <tier id="p" type="phrases" content="c">
    <item id="p0" content="c1[0:56]"/>
  </tier>
  <tier id="g" type="glosses" content="c">
    <item id="g0" content="c2[0:56]" alignment="p1"/>
  </tier>
</igt>
<igt id="i35831">
  <metadata type="xigt-meta">
    <meta type="language" name="iaai" iso-639-3="iai" tiers="phrases words morphemes"/>
    <meta type="language" name="English" iso-639-3="eng" tiers="translations"/>
    <meta type="odin-source" doc-id="592" line-range="577-585" line-types="L+CR L+CR G+CR G+CR L+CR L+CR G+CR G+CR T+AC"/>
  </metadata>
  <tier id="o" type="odin-raw">
    <item id="o1" line="577" tag="L+CR">                                     thidhö ke        venyâ a          e      hlitr</item>
    <item id="o2" line="578" tag="L+CR">  (22)      ke ka         lölö</item>
    <item id="o3" line="579" tag="G+CR">                                 up PUNCT INDE F eel           which 3 SG black</item>
    <item id="o4" line="580" tag="G+CR">            but then      pull</item>
    <item id="o5" line="581" tag="L+CR">                                        ûhnyikong</item>
    <item id="o6" line="582" tag="L+CR">            hnalimen      ke     e</item>
    <item id="o7" line="583" tag="G+CR">                                 3 SG little</item>
    <item id="o8" line="584" tag="G+CR">            colour        but</item>
    <item id="o9" line="585" tag="T+AC">            `but pulled   up a   n eel which was black but little' [Sam n.d.: 64]</item>
  </tier>
  <tier id="c" type="odin-clean">
    <item id="c1" line="577 578" tag="L+CR">ke ka         lölö     thidhö ke        venyâ a          e      hlitr</item>
    <item id="c3" line="579 580" tag="G+CR">but then      pull   up PUNCT INDE F eel           which 3 SG black</item>
    <item id="c5" line="581 582" tag="L+CR">hnalimen      ke     e      ûhnyikong</item>
    <item id="c7" line="583 584" tag="G+CR">colour        but    3 SG little</item>
    <item id="c9" line="585" tag="T+AC">but pulled   up a   n eel which was black but little' [Sam n.d.: 64]</item>
  </tier>
  <tier id="p" type="phrases" content="c">
    <item id="p0" content="c1[0:69]"/>
    <item id="p1" content="c5[0:37]"/>
  </tier>
  <tier id="g" type="glosses" content="c">
    <item id="g0" content="c3[0:67]" alignment="p1"/>
    <item id="g1" content="c7[0:32]" alignment="p2"/>
  </tier>
  <tier id="t" type="translations" content="c">
    <item id="t0" content="c9[0:68]" alignment="p2"/>
  </tier>
</igt>
<igt id="i35832">
  <metadata type="xigt-meta">
    <meta type="language" name="iaai" iso-639-3="iai" tiers="phrases words morphemes"/>
    <meta type="language" name="English" iso-639-3="eng" tiers="translations"/>
    <meta type="odin-source" doc-id="592" line-range="614-617" line-types="L+CR L+CR G+CR T"/>
  </metadata>
  <tier id="o" type="odin-raw">
    <item id="o1" line="614" tag="L+CR">                                    wâ?</item>
    <item id="o2" line="615" tag="L+CR">  (23)      a.    Ieû u-mwe</item>
    <item id="o3" line="616" tag="G+CR">                  what 2 SG - PROC see</item>
    <item id="o4" line="617" tag="T">                  `What do you see?'</item>
  </tier>
  <tier id="c" type="odin-clean">
    <item id="c1" line="614 615" tag="L+CR">Ieû u-mwe        wâ?</item>
    <item id="c3" line="616" tag="G+CR">what 2 SG-PROC see</item>
    <item id="c4" line="617" tag="T">What do you see?</item>
  </tier>
  <tier id="p" type="phrases" content="c">
    <item id="p0" content="c1[0:20]"/>
  </tier>
  <tier id="g" type="glosses" content="c">
    <item id="g0" content="c3[0:18]" alignment="p1"/>
  </tier>
  <tier id="t" type="translations" content="c">
    <item id="t0" content="c4[0:16]" alignment="p1"/>
  </tier>
</igt>
<igt id="i35833">
  <metadata type="xigt-meta">
    <meta type="language" name="iaai" iso-639-3="iai" tiers="phrases words morphemes"/>
    <meta type="language" name="English" iso-639-3="eng" tiers="translations"/>
    <meta type="odin-source" doc-id="592" line-range="618-621" line-types="L+CR L+CR G+CR T+AC"/>
  </metadata>
  <tier id="o" type="odin-raw">
    <item id="o1" line="618" tag="L+CR">                               oo iaa?</item>
    <item id="o2" line="619" tag="L+CR">            b.    U-mwe</item>
    <item id="o3" line="620" tag="G+CR">                  2 SG - PROC see who</item>
    <item id="o4" line="621" tag="T+AC">                  `Who do you see?' [Ozanne-Rivierre 1976: 145]</item>
  </tier>
  <tier id="c" type="odin-clean">
    <item id="c1" line="618 619" tag="L+CR">U-mwe        oo iaa?</item>
    <item id="c3" line="620" tag="G+CR">2 SG-PROC see who</item>
    <item id="c4" line="621" tag="T+AC">Who do you see?' [Ozanne-Rivierre 1976: 145]</item>
  </tier>
  <tier id="p" type="phrases" content="c">
    <item id="p0" content="c1[0:20]"/>
  </tier>
  <tier id="g" type="glosses" content="c">
    <item id="g0" content="c3[0:17]" alignment="p1"/>
  </tier>
  <tier id="t" type="translations" content="c">
    <item id="t0" content="c4[0:44]" alignment="p1"/>
  </tier>
</igt>
<igt id="i35834">
  <metadata type="xigt-meta">
    <meta type="language" name="iaai" iso-639-3="iai" tiers="phrases words morphemes"/>
    <meta type="language" name="English" iso-639-3="eng" tiers="translations"/>
    <meta type="odin-source" doc-id="592" line-range="627-630" line-types="L G+CR G+CR T+CR"/>
  </metadata>
  <tier id="o" type="odin-raw">
    <item id="o1" line="627" tag="L">  (24)      a.    Iaa     a-me            an     ieû?</item>
    <item id="o2" line="628" tag="G+CR">                          3 SG - PROC</item>
    <item id="o3" line="629" tag="G+CR">                  who                     eat    what</item>
    <item id="o4" line="630" tag="T+CR">                  `Wh   o is eating w   hat?'</item>
  </tier>
  <tier id="c" type="odin-clean">
    <item id="c1" line="627" tag="L">Iaa     a-me            an     ieû?</item>
    <item id="c2" line="628 629" tag="G+CR">who     3 SG-PROC     eat    what</item>
    <item id="c4" line="630" tag="T+CR">Wh   o is eating w   hat?</item>
  </tier>
  <tier id="p" type="phrases" content="c">
    <item id="p0" content="c1[0:35]"/>
  </tier>
  <tier id="g" type="glosses" content="c">
    <item id="g0" content="c2[0:33]" alignment="p1"/>
  </tier>
  <tier id="t" type="translations" content="c">
    <item id="t0" content="c4[0:25]" alignment="p1"/>
  </tier>
</igt>
<igt id="i35835">
  <metadata type="xigt-meta">
    <meta type="language" name="iaai" iso-639-3="iai" tiers="phrases words morphemes"/>
    <meta type="language" name="English" iso-639-3="eng" tiers="translations"/>
    <meta type="odin-source" doc-id="592" line-range="631-635" line-types="L+CR L+CR G+CR G+CR T+CR"/>
  </metadata>
  <tier id="o" type="odin-raw">
    <item id="o1" line="631" tag="L+CR">                                          ön     iaa?</item>
    <item id="o2" line="632" tag="L+CR">            b.    Iaa     a-me</item>
    <item id="o3" line="633" tag="G+CR">                          3 SG - PROC     eat    who</item>
    <item id="o4" line="634" tag="G+CR">                  who</item>
    <item id="o5" line="635" tag="T+CR">                  `Wh   o is eating w   h o ?'</item>
  </tier>
  <tier id="c" type="odin-clean">
    <item id="c1" line="631 632" tag="L+CR">Iaa     a-me            ön     iaa?</item>
    <item id="c3" line="633 634" tag="G+CR">who     3 SG-PROC     eat    who</item>
    <item id="c5" line="635" tag="T+CR">Wh   o is eating w   h o ?</item>
  </tier>
  <tier id="p" type="phrases" content="c">
    <item id="p0" content="c1[0:35]"/>
  </tier>
  <tier id="g" type="glosses" content="c">
    <item id="g0" content="c3[0:32]" alignment="p1"/>
  </tier>
  <tier id="t" type="translations" content="c">
    <item id="t0" content="c5[0:26]" alignment="p1"/>
  </tier>
</igt>
<igt id="i35836">
  <metadata type="xigt-meta">
    <meta type="language" name="iaai" iso-639-3="iai" tiers="phrases words morphemes"/>
    <meta type="language" name="English" iso-639-3="eng" tiers="translations"/>
    <meta type="odin-source" doc-id="592" line-range="675-680" line-types="L+CR L+CR G+CR G+CR G+CR T"/>
  </metadata>
  <tier id="o" type="odin-raw">
    <item id="o1" line="675" tag="L+CR">                                                        hadruâ me                    e        gaan.</item>
    <item id="o2" line="676" tag="L+CR">  (26)         a.    Haba daa eang oge-e</item>
    <item id="o3" line="677" tag="G+CR">                     as for boy here 1 SG - COMPL help                                        big</item>
    <item id="o4" line="678" tag="G+CR">                                                                                     3</item>
    <item id="o5" line="679" tag="G+CR">                                                                COMP                     SG</item>
    <item id="o6" line="680" tag="T">                     `The boy that I helped was big.'</item>
  </tier>
  <tier id="c" type="odin-clean">
    <item id="c1" line="675 676" tag="L+CR">Haba daa eang oge-e                hadruâ me                    e        gaan.</item>
    <item id="c3" line="677 678 679" tag="G+CR">as for boy here 1 SG-COMPL help          COMP                 3   SG   big</item>
    <item id="c6" line="680" tag="T">The boy that I helped was big.</item>
  </tier>
  <tier id="p" type="phrases" content="c">
    <item id="p0" content="c1[0:78]"/>
  </tier>
  <tier id="g" type="glosses" content="c">
    <item id="g0" content="c3[0:74]" alignment="p1"/>
  </tier>
  <tier id="t" type="translations" content="c">
    <item id="t0" content="c6[0:30]" alignment="p1"/>
  </tier>
</igt>
<igt id="i35837">
  <metadata type="xigt-meta">
    <meta type="language" name="iaai" iso-639-3="iai" tiers="phrases words morphemes"/>
    <meta type="language" name="English" iso-639-3="eng" tiers="translations"/>
    <meta type="odin-source" doc-id="592" line-range="681-687" line-types="L+CR L+CR G+CR G+CR L G+CR T"/>
  </metadata>
  <tier id="o" type="odin-raw">
    <item id="o1" line="681" tag="L+CR">                                    wanakat oge-e           hadruöö                 ödrin me</item>
    <item id="o2" line="682" tag="L+CR">               b.    Haba jee</item>
    <item id="o3" line="683" tag="G+CR">                                               1 SG - COMPL help</item>
    <item id="o4" line="684" tag="G+CR">                     as for PAU C child                                             3 PAU C COMP</item>
    <item id="o5" line="685" tag="L">                     ödrin gaan.</item>
    <item id="o6" line="686" tag="G+CR">                     3 PAU C big</item>
    <item id="o7" line="687" tag="T">                     `The children that I helped were big.'</item>
  </tier>
  <tier id="c" type="odin-clean">
    <item id="c1" line="681 682" tag="L+CR">Haba jee       wanakat oge-e           hadruöö                 ödrin me</item>
    <item id="c3" line="683 684" tag="G+CR">as for PAU C child        1 SG-COMPL help                    3 PAU C COMP</item>
    <item id="c5" line="685" tag="L">ödrin gaan.</item>
    <item id="c6" line="686" tag="G+CR">3 PAU C big</item>
    <item id="c7" line="687" tag="T">The children that I helped were big.</item>
  </tier>
  <tier id="p" type="phrases" content="c">
    <item id="p0" content="c1[0:71]"/>
    <item id="p1" content="c5[0:11]"/>
  </tier>
  <tier id="g" type="glosses" content="c">
    <item id="g0" content="c3[0:73]" alignment="p1"/>
    <item id="g1" content="c6[0:11]" alignment="p2"/>
  </tier>
  <tier id="t" type="translations" content="c">
    <item id="t0" content="c7[0:36]" alignment="p2"/>
  </tier>
</igt>
<igt id="i35838">
  <metadata type="xigt-meta">
    <meta type="language" name="iaai" iso-639-3="iai" tiers="phrases words morphemes"/>
    <meta type="language" name="English" iso-639-3="eng" tiers="translations"/>
    <meta type="odin-source" doc-id="592" line-range="696-698" line-types="L G T"/>
  </metadata>
  <tier id="o" type="odin-raw">
    <item id="o1" line="696" tag="L">        (i)     a.    kun ta          uutap eang</item>
    <item id="o2" line="697" tag="G">                      three DEF chair here</item>
    <item id="o3" line="698" tag="T">                      `these three chairs'</item>
  </tier>
  <tier id="c" type="odin-clean">
    <item id="c1" line="696" tag="L">kun ta          uutap eang</item>
    <item id="c2" line="697" tag="G">three DEF chair here</item>
    <item id="c3" line="698" tag="T">these three chairs</item>
  </tier>
  <tier id="p" type="phrases" content="c">
    <item id="p0" content="c1[0:26]"/>
  </tier>
  <tier id="g" type="glosses" content="c">
    <item id="g0" content="c2[0:20]" alignment="p1"/>
  </tier>
  <tier id="t" type="translations" content="c">
    <item id="t0" content="c3[0:18]" alignment="p1"/>
  </tier>
</igt>
<igt id="i35839">
  <metadata type="xigt-meta">
    <meta type="language" name="iaai" iso-639-3="iai" tiers="phrases words morphemes"/>
    <meta type="language" name="English" iso-639-3="eng" tiers="translations"/>
    <meta type="odin-source" doc-id="592" line-range="699-701" line-types="L G+CR T+AC"/>
  </metadata>
  <tier id="o" type="odin-raw">
    <item id="o1" line="699" tag="L">                b.    anyi-k               jee uutap eang</item>
    <item id="o2" line="700" tag="G+CR">                      CLAS S I FI ER -1 SG PL chair here</item>
    <item id="o3" line="701" tag="T+AC">                      `these chairs of mine' [Ford 2000: (12), (24b)]</item>
  </tier>
  <tier id="c" type="odin-clean">
    <item id="c1" line="699" tag="L">anyi-k               jee uutap eang</item>
    <item id="c2" line="700" tag="G+CR">CLAS S I FI ER-1 SG PL chair here</item>
    <item id="c3" line="701" tag="T+AC">these chairs of mine' [Ford 2000: (12), (24b)]</item>
  </tier>
  <tier id="p" type="phrases" content="c">
    <item id="p0" content="c1[0:35]"/>
  </tier>
  <tier id="g" type="glosses" content="c">
    <item id="g0" content="c2[0:33]" alignment="p1"/>
  </tier>
  <tier id="t" type="translations" content="c">
    <item id="t0" content="c3[0:46]" alignment="p1"/>
  </tier>
</igt>
<igt id="i35840">
  <metadata type="xigt-meta">
    <meta type="language" name="iaai" iso-639-3="iai" tiers="phrases words morphemes"/>
    <meta type="language" name="English" iso-639-3="eng" tiers="translations"/>
    <meta type="odin-source" doc-id="592" line-range="723-729" line-types="L+CR L+CR G+CR G+CR L G+CR T"/>
  </metadata>
  <tier id="o" type="odin-raw">
    <item id="o1" line="723" tag="L+CR">                            thaatûnyi oge-e           hneû ge    usop me</item>
    <item id="o2" line="724" tag="L+CR">  (28)       Haba jee</item>
    <item id="o3" line="725" tag="G+CR">                                       1 SG - COMPL wash with soap COMP</item>
    <item id="o4" line="726" tag="G+CR">             as for PAU C thing</item>
    <item id="o5" line="727" tag="L">             anyin       hinyök.</item>
    <item id="o6" line="728" tag="G+CR">             POSS .3 SG mother. 3 SG</item>
    <item id="o7" line="729" tag="T">             `The things that I washed with the soap are my mother's.'</item>
  </tier>
  <tier id="c" type="odin-clean">
    <item id="c1" line="723 724" tag="L+CR">Haba jee       thaatûnyi oge-e           hneû ge    usop me</item>
    <item id="c3" line="725 726" tag="G+CR">as for PAU C thing        1 SG-COMPL wash with soap COMP</item>
    <item id="c5" line="727" tag="L">anyin       hinyök.</item>
    <item id="c6" line="728" tag="G+CR">POSS .3 SG mother. 3 SG</item>
    <item id="c7" line="729" tag="T">The things that I washed with the soap are my mother's.</item>
  </tier>
  <tier id="p" type="phrases" content="c">
    <item id="p0" content="c1[0:59]"/>
    <item id="p1" content="c5[0:19]"/>
  </tier>
  <tier id="g" type="glosses" content="c">
    <item id="g0" content="c3[0:56]" alignment="p1"/>
    <item id="g1" content="c6[0:23]" alignment="p2"/>
  </tier>
  <tier id="t" type="translations" content="c">
    <item id="t0" content="c7[0:55]" alignment="p2"/>
  </tier>
</igt>
<igt id="i35841">
  <metadata type="xigt-meta">
    <meta type="language" name="iaai" iso-639-3="iai" tiers="phrases words morphemes"/>
    <meta type="language" name="English" iso-639-3="eng" tiers="translations"/>
    <meta type="odin-source" doc-id="592" line-range="730-739" line-types="L+CR L+CR L+CR G+CR G+CR G+CR L G T T+AC"/>
  </metadata>
  <tier id="o" type="odin-raw">
    <item id="o1" line="730" tag="L+CR">                                                                  Draume me Ihili</item>
    <item id="o2" line="731" tag="L+CR">                            caa     hnyi hlingâ la-kei</item>
    <item id="o3" line="732" tag="L+CR">  (29)       ödru-mwe</item>
    <item id="o4" line="733" tag="G+CR">             3 DU - PROC                          COL L -subject Draume with Ihili</item>
    <item id="o5" line="734" tag="G+CR">                                    also kill</item>
    <item id="o6" line="735" tag="G+CR">                            NE G</item>
    <item id="o7" line="736" tag="L">             ka thâân              me an</item>
    <item id="o8" line="737" tag="G">             to cook in     oven and eat</item>
    <item id="o9" line="738" tag="T">             `they (two)    did not kill the subjects of Draume and of Ihili in order to</item>
    <item id="o10" line="739" tag="T+AC">             roast them a   nd eat them' [Rivierre et al. 1980: 197, 17]</item>
  </tier>
  <tier id="c" type="odin-clean">
    <item id="c1" line="730 731 732" tag="L+CR">ödru-mwe      caa     hnyi hlingâ la-kei           Draume me Ihili</item>
    <item id="c4" line="733 734 735" tag="G+CR">3 DU-PROC    NE G    also kill     COL L-subject Draume with Ihili</item>
    <item id="c7" line="736" tag="L">ka thâân              me an</item>
    <item id="c8" line="737" tag="G">to cook in     oven and eat</item>
    <item id="c9" line="738" tag="T">they (two)    did not kill the subjects of Draume and of Ihili in order to</item>
    <item id="c10" line="739" tag="T+AC">roast them a   nd eat them' [Rivierre et al. 1980: 197, 17]</item>
  </tier>
  <tier id="p" type="phrases" content="c">
    <item id="p0" content="c1[0:66]"/>
    <item id="p1" content="c7[0:27]"/>
  </tier>
  <tier id="g" type="glosses" content="c">
    <item id="g0" content="c4[0:66]" alignment="p1"/>
    <item id="g1" content="c8[0:27]" alignment="p2"/>
  </tier>
  <tier id="t" type="translations" content="c">
    <item id="t0" content="c9[0:74]" alignment="p2"/>
    <item id="t1" content="c10[0:59]" alignment="p2"/>
  </tier>
</igt>
</xigt-corpus>
