<?xml version="1.0" encoding="UTF-8"?>
<xigt-corpus>
<igt id="i8281">
  <metadata type="xigt-meta">
    <meta type="language" name="iatmul" iso-639-3="ian" tiers="phrases words morphemes"/>
    <meta type="language" name="English" iso-639-3="eng" tiers="translations"/>
    <meta type="odin-source" doc-id="3209" line-range="448-450" line-types="L G T+AC"/>
  </metadata>
  <tier id="o" type="odin-raw">
    <item id="o1" line="448" tag="L">  (27) VI-laa   ya-wun.</item>
    <item id="o2" line="449" tag="G">        see-CONV come-1s</item>
    <item id="o3" line="450" tag="T+AC">       'Having seen it I come.' (Staalsen 1972)</item>
  </tier>
  <tier id="c" type="odin-clean">
    <item id="c1" line="448" tag="L">VI-laa   ya-wun.</item>
    <item id="c2" line="449" tag="G">see-CONV come-1s</item>
    <item id="c3" line="450" tag="T+AC">Having seen it I come.' (Staalsen 1972)</item>
  </tier>
  <tier id="p" type="phrases" content="c">
    <item id="p0" content="c1[0:16]"/>
  </tier>
  <tier id="g" type="glosses" content="c">
    <item id="g0" content="c2[0:16]" alignment="p1"/>
  </tier>
  <tier id="t" type="translations" content="c">
    <item id="t0" content="c3[0:39]" alignment="p1"/>
  </tier>
</igt>
<igt id="i8282">
  <metadata type="xigt-meta">
    <meta type="language" name="iatmul" iso-639-3="ian" tiers="phrases words morphemes"/>
    <meta type="language" name="English" iso-639-3="eng" tiers="translations"/>
    <meta type="odin-source" doc-id="3209" line-range="455-458" line-types="L G T M+AC"/>
  </metadata>
  <tier id="o" type="odin-raw">
    <item id="o1" line="455" tag="L">  (28) Gay-at yi-ka           waala kla-laa     ya-d-ey-an            dI-gat vI   -kiyo-wun.</item>
    <item id="o2" line="456" tag="G">        house-to go-CONV dog get-CONV come-3s-FUT-COND he-for see-FUT-1s</item>
    <item id="o3" line="457" tag="T">        'If he comes after he has gone to the house and got the dog, I will see him.'</item>
    <item id="o4" line="458" tag="M+AC">                                                                              (Staalsen 1972, 176)</item>
  </tier>
  <tier id="c" type="odin-clean">
    <item id="c1" line="455" tag="L">Gay-at yi-ka           waala kla-laa     ya-d-ey-an            dI-gat vI-kiyo-wun.</item>
    <item id="c2" line="456" tag="G">house-to go-CONV dog get-CONV come-3s-FUT-COND he-for see-FUT-1s</item>
    <item id="c3" line="457" tag="T">If he comes after he has gone to the house and got the dog, I will see him.</item>
    <item id="c4" line="458" tag="M+AC">Staalsen 1972, 176</item>
  </tier>
  <tier id="p" type="phrases" content="c">
    <item id="p0" content="c1[0:82]"/>
  </tier>
  <tier id="g" type="glosses" content="c">
    <item id="g0" content="c2[0:64]" alignment="p1"/>
  </tier>
  <tier id="t" type="translations" content="c">
    <item id="t0" content="c3[0:75]" alignment="p1"/>
  </tier>
</igt>
<igt id="i58704">
  <metadata type="xigt-meta">
    <meta type="language" name="iatmul" iso-639-3="ian" tiers="phrases words morphemes"/>
    <meta type="language" name="English" iso-639-3="eng" tiers="translations"/>
    <meta type="odin-source" doc-id="3182" line-range="966-972" line-types="M+AC+LN B L B G B T"/>
  </metadata>
  <tier id="o" type="odin-raw">
    <item id="o1" line="966" tag="M+AC+LN">  (25) Iatmul (Staalsen 1972):</item>
    <item id="o2" line="967" tag="B"></item>
    <item id="o3" line="968" tag="L">       V^-laa      ya-wun.</item>
    <item id="o4" line="969" tag="B"></item>
    <item id="o5" line="970" tag="G">       see-CONV come-1s</item>
    <item id="o6" line="971" tag="B"></item>
    <item id="o7" line="972" tag="T">       `Having seen it I come.'</item>
  </tier>
  <tier id="c" type="odin-clean">
    <item id="c1" line="966" tag="M+AC+LN">Iatmul (Staalsen 1972):</item>
    <item id="c2" line="967" tag="B"/>
    <item id="c3" line="968" tag="L">V^-laa      ya-wun.</item>
    <item id="c4" line="969" tag="B"/>
    <item id="c5" line="970" tag="G">see-CONV come-1s</item>
    <item id="c6" line="971" tag="B"/>
    <item id="c7" line="972" tag="T">Having seen it I come.</item>
  </tier>
  <tier id="p" type="phrases" content="c">
    <item id="p0" content="c3[0:19]"/>
  </tier>
  <tier id="g" type="glosses" content="c">
    <item id="g0" content="c5[0:16]" alignment="p1"/>
  </tier>
  <tier id="t" type="translations" content="c">
    <item id="t0" content="c7[0:22]" alignment="p1"/>
  </tier>
</igt>
</xigt-corpus>
