<?xml version="1.0" encoding="UTF-8"?>
<xigt-corpus>
<igt id="i32127">
  <metadata type="xigt-meta">
    <meta type="language" name="iwaidja" iso-639-3="ibd" tiers="phrases words morphemes"/>
    <meta type="language" name="English" iso-639-3="eng" tiers="translations"/>
    <meta type="odin-source" doc-id="2020" line-range="1028-1030" line-types="L G T"/>
  </metadata>
  <tier id="o" type="odin-raw">
    <item id="o1" line="1028" tag="L">  (37)  ngabi          j-ara-n              ajbut lda                          jamin     yaw-urraka</item>
    <item id="o2" line="1029" tag="G">  Iwa   1sg            1sg.away-go-PST      beach and                          3sg:CONTR 3sg.away-go.home</item>
    <item id="o3" line="1030" tag="T">        `I went        to the beach and he went home.'</item>
  </tier>
  <tier id="c" type="odin-clean">
    <item id="c1" line="1028" tag="L">ngabi          j-ara-n              ajbut lda                          jamin     yaw-urraka</item>
    <item id="c2" line="1029" tag="G">Iwa   1sg            1sg.away-go-PST      beach and                          3sg:CONTR 3sg.away-go.home</item>
    <item id="c3" line="1030" tag="T">I went        to the beach and he went home.</item>
  </tier>
  <tier id="p" type="phrases" content="c">
    <item id="p0" content="c1[0:91]"/>
  </tier>
  <tier id="g" type="glosses" content="c">
    <item id="g0" content="c2[0:103]" alignment="p1"/>
  </tier>
  <tier id="t" type="translations" content="c">
    <item id="t0" content="c3[0:44]" alignment="p1"/>
  </tier>
</igt>
<igt id="i32128">
  <metadata type="xigt-meta">
    <meta type="language" name="iwaidja" iso-639-3="ibd" tiers="phrases words morphemes"/>
    <meta type="language" name="English" iso-639-3="eng" tiers="translations"/>
    <meta type="odin-source" doc-id="2020" line-range="1037-1042" line-types="L G+LN T T+LT+AL T+LT+AL T+LT+AL"/>
  </metadata>
  <tier id="o" type="odin-raw">
    <item id="o1" line="1037" tag="L">  (38a) a-ldindi            k-aya-n                    lda     jamin                                             kurrkbung</item>
    <item id="o2" line="1038" tag="G+LN">  Iw    3plS-stand:DU 3FemsgA&gt;3sgO-see-NPst and                3sgCONTR                                          louse</item>
    <item id="o3" line="1039" tag="T">        `They (two) are delousing one another.'</item>
    <item id="o4" line="1040" tag="T+LT+AL">        [lit. `they.two stand, she looks at him ­ and he in return ­ for lice',                                 but all under</item>
    <item id="o5" line="1041" tag="T+LT+AL">        one intonation contour, and inside overt clausal NPs such as object                                     or (in other</item>
    <item id="o6" line="1042" tag="T+LT+AL">        examples) subject]</item>
  </tier>
  <tier id="c" type="odin-clean">
    <item id="c1" line="1037" tag="L">a-ldindi            k-aya-n                    lda     jamin                                             kurrkbung</item>
    <item id="c2" line="1038" tag="G+LN">Iw    3plS-stand:DU 3FemsgA&gt;3sgO-see-NPst and                3sgCONTR                                          louse</item>
    <item id="c3" line="1039" tag="T">They (two) are delousing one another.</item>
    <item id="c4" line="1040" tag="T+LT+AL">[lit. `they.two stand, she looks at him ­ and he in return ­ for lice',                                 but all under</item>
    <item id="c5" line="1041" tag="T+LT+AL">one intonation contour, and inside overt clausal NPs such as object                                     or (in other</item>
    <item id="c6" line="1042" tag="T+LT+AL">examples) subject]</item>
  </tier>
  <tier id="p" type="phrases" content="c">
    <item id="p0" content="c1[0:114]"/>
  </tier>
  <tier id="g" type="glosses" content="c">
    <item id="g0" content="c2[0:116]" alignment="p1"/>
  </tier>
  <tier id="t" type="translations" content="c">
    <item id="t0" content="c3[0:37]" alignment="p1"/>
    <item id="t1" content="c4[0:117]" alignment="p1"/>
    <item id="t2" content="c5[0:116]" alignment="p1"/>
    <item id="t3" content="c6[0:18]" alignment="p1"/>
  </tier>
</igt>
<igt id="i32129">
  <metadata type="xigt-meta">
    <meta type="language" name="iwaidja" iso-639-3="ibd" tiers="phrases words morphemes"/>
    <meta type="language" name="English" iso-639-3="eng" tiers="translations"/>
    <meta type="odin-source" doc-id="2020" line-range="1044-1046" line-types="L G+LN T"/>
  </metadata>
  <tier id="o" type="odin-raw">
    <item id="o1" line="1044" tag="L">  (38b) anb-uku-n                     lda     wamin                                        a-ngurnaj</item>
    <item id="o2" line="1045" tag="G+LN">  Iw    3plA&gt;3plO-give-NPST           and     3plCONTR                                     3pl-name</item>
    <item id="o3" line="1046" tag="T">        `They used to give each other their (clan) names.'</item>
  </tier>
  <tier id="c" type="odin-clean">
    <item id="c1" line="1044" tag="L">anb-uku-n                     lda     wamin                                        a-ngurnaj</item>
    <item id="c2" line="1045" tag="G+LN">Iw    3plA&gt;3plO-give-NPST           and     3plCONTR                                     3pl-name</item>
    <item id="c3" line="1046" tag="T">They used to give each other their (clan) names.</item>
  </tier>
  <tier id="p" type="phrases" content="c">
    <item id="p0" content="c1[0:92]"/>
  </tier>
  <tier id="g" type="glosses" content="c">
    <item id="g0" content="c2[0:97]" alignment="p1"/>
  </tier>
  <tier id="t" type="translations" content="c">
    <item id="t0" content="c3[0:48]" alignment="p1"/>
  </tier>
</igt>
<igt id="i41785">
  <metadata type="xigt-meta">
    <meta type="language" name="iwaidja" iso-639-3="ibd" tiers="phrases words morphemes"/>
    <meta type="language" name="English" iso-639-3="eng" tiers="translations"/>
    <meta type="odin-source" doc-id="3501" line-range="1296-1298" line-types="L G+LN T"/>
  </metadata>
  <tier id="o" type="odin-raw">
    <item id="o1" line="1296" tag="L">   (39)   ngabi j-ara-n                ajbud lda       jamin     yaw-urraka</item>
    <item id="o2" line="1297" tag="G+LN">  Iwa     1sg     1sg.away-go-PST      beach and       3sg:CONTR 3sg.away-go.home</item>
    <item id="o3" line="1298" tag="T">          `I went to the beach and he went home.'</item>
  </tier>
  <tier id="c" type="odin-clean">
    <item id="c1" line="1296" tag="L">ngabi j-ara-n                ajbud lda       jamin     yaw-urraka</item>
    <item id="c2" line="1297" tag="G+LN">Iwa     1sg     1sg.away-go-PST      beach and       3sg:CONTR 3sg.away-go.home</item>
    <item id="c3" line="1298" tag="T">I went to the beach and he went home.</item>
  </tier>
  <tier id="p" type="phrases" content="c">
    <item id="p0" content="c1[0:65]"/>
  </tier>
  <tier id="g" type="glosses" content="c">
    <item id="g0" content="c2[0:79]" alignment="p1"/>
  </tier>
  <tier id="t" type="translations" content="c">
    <item id="t0" content="c3[0:37]" alignment="p1"/>
  </tier>
</igt>
<igt id="i41786">
  <metadata type="xigt-meta">
    <meta type="language" name="iwaidja" iso-639-3="ibd" tiers="phrases words morphemes"/>
    <meta type="language" name="English" iso-639-3="eng" tiers="translations"/>
    <meta type="odin-source" doc-id="3501" line-range="1311-1314" line-types="L G+LN T T+LT+AL"/>
  </metadata>
  <tier id="o" type="odin-raw">
    <item id="o1" line="1311" tag="L">  (40a) K-aya-n                         lda     jamin.</item>
    <item id="o2" line="1312" tag="G+LN">  Iw    3FemsgA&gt;3sgO-see-NPst           and     3sgCONTR</item>
    <item id="o3" line="1313" tag="T">        `They two (including at least one female) are looking at/seeing one another.'</item>
    <item id="o4" line="1314" tag="T+LT+AL">        [Literally: `she is looking at him/her and (s)he in turn' ....]</item>
  </tier>
  <tier id="c" type="odin-clean">
    <item id="c1" line="1311" tag="L">K-aya-n                         lda     jamin.</item>
    <item id="c2" line="1312" tag="G+LN">Iw    3FemsgA&gt;3sgO-see-NPst           and     3sgCONTR</item>
    <item id="c3" line="1313" tag="T">They two (including at least one female) are looking at/seeing one another.</item>
    <item id="c4" line="1314" tag="T+LT+AL">[Literally: `she is looking at him/her and (s)he in turn' ....]</item>
  </tier>
  <tier id="p" type="phrases" content="c">
    <item id="p0" content="c1[0:46]"/>
  </tier>
  <tier id="g" type="glosses" content="c">
    <item id="g0" content="c2[0:54]" alignment="p1"/>
  </tier>
  <tier id="t" type="translations" content="c">
    <item id="t0" content="c3[0:75]" alignment="p1"/>
    <item id="t1" content="c4[0:63]" alignment="p1"/>
  </tier>
</igt>
<igt id="i41787">
  <metadata type="xigt-meta">
    <meta type="language" name="iwaidja" iso-639-3="ibd" tiers="phrases words morphemes"/>
    <meta type="language" name="English" iso-639-3="eng" tiers="translations"/>
    <meta type="odin-source" doc-id="3501" line-range="1316-1318" line-types="L G+LN T"/>
  </metadata>
  <tier id="o" type="odin-raw">
    <item id="o1" line="1316" tag="L">  (40b) a-ldindi          k-aya-n               lda            jamin           kurrkbung</item>
    <item id="o2" line="1317" tag="G+LN">  Iw    3plS-stand:DU 3FemsgA&gt;3sgO-see-NPst and                3sgCONTR        louse</item>
    <item id="o3" line="1318" tag="T">        `They (two) are delousing one another.'</item>
  </tier>
  <tier id="c" type="odin-clean">
    <item id="c1" line="1316" tag="L">a-ldindi          k-aya-n               lda            jamin           kurrkbung</item>
    <item id="c2" line="1317" tag="G+LN">Iw    3plS-stand:DU 3FemsgA&gt;3sgO-see-NPst and                3sgCONTR        louse</item>
    <item id="c3" line="1318" tag="T">They (two) are delousing one another.</item>
  </tier>
  <tier id="p" type="phrases" content="c">
    <item id="p0" content="c1[0:80]"/>
  </tier>
  <tier id="g" type="glosses" content="c">
    <item id="g0" content="c2[0:82]" alignment="p1"/>
  </tier>
  <tier id="t" type="translations" content="c">
    <item id="t0" content="c3[0:37]" alignment="p1"/>
  </tier>
</igt>
<igt id="i41788">
  <metadata type="xigt-meta">
    <meta type="language" name="iwaidja" iso-639-3="ibd" tiers="phrases words morphemes"/>
    <meta type="language" name="English" iso-639-3="eng" tiers="translations"/>
    <meta type="odin-source" doc-id="3501" line-range="1320-1322" line-types="L G+LN T"/>
  </metadata>
  <tier id="o" type="odin-raw">
    <item id="o1" line="1320" tag="L">  (40c) anb-uku-n                     lda     wamin            a-ngurnaj</item>
    <item id="o2" line="1321" tag="G+LN">  Iw    3plA&gt;3plO-give-NPST           and     3plCONTR         3pl-name</item>
    <item id="o3" line="1322" tag="T">        `They used to give each other their (clan) names.'</item>
  </tier>
  <tier id="c" type="odin-clean">
    <item id="c1" line="1320" tag="L">anb-uku-n                     lda     wamin            a-ngurnaj</item>
    <item id="c2" line="1321" tag="G+LN">Iw    3plA&gt;3plO-give-NPST           and     3plCONTR         3pl-name</item>
    <item id="c3" line="1322" tag="T">They used to give each other their (clan) names.</item>
  </tier>
  <tier id="p" type="phrases" content="c">
    <item id="p0" content="c1[0:64]"/>
  </tier>
  <tier id="g" type="glosses" content="c">
    <item id="g0" content="c2[0:69]" alignment="p1"/>
  </tier>
  <tier id="t" type="translations" content="c">
    <item id="t0" content="c3[0:48]" alignment="p1"/>
  </tier>
</igt>
<igt id="i49243">
  <metadata type="xigt-meta">
    <meta type="language" name="iwaidja" iso-639-3="ibd" tiers="phrases words morphemes"/>
    <meta type="language" name="English" iso-639-3="eng" tiers="translations"/>
    <meta type="odin-source" doc-id="3408" line-range="484-486" line-types="L G+LN T"/>
  </metadata>
  <tier id="o" type="odin-raw">
    <item id="o1" line="484" tag="L">   (39)   ngabi j-ara-n                ajbud lda       jamin     yaw-urraka</item>
    <item id="o2" line="485" tag="G+LN">  Iwa     1sg     1sg.away-go-PST      beach and       3sg:CONTR 3sg.away-go.home</item>
    <item id="o3" line="486" tag="T">          `I went to the beach and he went home.'</item>
  </tier>
  <tier id="c" type="odin-clean">
    <item id="c1" line="484" tag="L">ngabi j-ara-n                ajbud lda       jamin     yaw-urraka</item>
    <item id="c2" line="485" tag="G+LN">Iwa     1sg     1sg.away-go-PST      beach and       3sg:CONTR 3sg.away-go.home</item>
    <item id="c3" line="486" tag="T">I went to the beach and he went home.</item>
  </tier>
  <tier id="p" type="phrases" content="c">
    <item id="p0" content="c1[0:65]"/>
  </tier>
  <tier id="g" type="glosses" content="c">
    <item id="g0" content="c2[0:79]" alignment="p1"/>
  </tier>
  <tier id="t" type="translations" content="c">
    <item id="t0" content="c3[0:37]" alignment="p1"/>
  </tier>
</igt>
<igt id="i49244">
  <metadata type="xigt-meta">
    <meta type="language" name="iwaidja" iso-639-3="ibd" tiers="phrases words morphemes"/>
    <meta type="language" name="English" iso-639-3="eng" tiers="translations"/>
    <meta type="odin-source" doc-id="3408" line-range="489-492" line-types="L G+LN T T+LT+AL"/>
  </metadata>
  <tier id="o" type="odin-raw">
    <item id="o1" line="489" tag="L">  (40a) K-aya-n                         lda     jamin.</item>
    <item id="o2" line="490" tag="G+LN">  Iw    3FemsgA&gt;3sgO-see-NPst           and     3sgCONTR</item>
    <item id="o3" line="491" tag="T">        `They two (including at least one female) are looking at/seeing one another.'</item>
    <item id="o4" line="492" tag="T+LT+AL">        [Literally: `she is looking at him/her and (s)he in turn' ....]</item>
  </tier>
  <tier id="c" type="odin-clean">
    <item id="c1" line="489" tag="L">K-aya-n                         lda     jamin.</item>
    <item id="c2" line="490" tag="G+LN">Iw    3FemsgA&gt;3sgO-see-NPst           and     3sgCONTR</item>
    <item id="c3" line="491" tag="T">They two (including at least one female) are looking at/seeing one another.</item>
    <item id="c4" line="492" tag="T+LT+AL">[Literally: `she is looking at him/her and (s)he in turn' ....]</item>
  </tier>
  <tier id="p" type="phrases" content="c">
    <item id="p0" content="c1[0:46]"/>
  </tier>
  <tier id="g" type="glosses" content="c">
    <item id="g0" content="c2[0:54]" alignment="p1"/>
  </tier>
  <tier id="t" type="translations" content="c">
    <item id="t0" content="c3[0:75]" alignment="p1"/>
    <item id="t1" content="c4[0:63]" alignment="p1"/>
  </tier>
</igt>
<igt id="i49245">
  <metadata type="xigt-meta">
    <meta type="language" name="iwaidja" iso-639-3="ibd" tiers="phrases words morphemes"/>
    <meta type="language" name="English" iso-639-3="eng" tiers="translations"/>
    <meta type="odin-source" doc-id="3408" line-range="494-496" line-types="L G+LN T"/>
  </metadata>
  <tier id="o" type="odin-raw">
    <item id="o1" line="494" tag="L">  (40b) a-ldindi          k-aya-n               lda             jamin            kurrkbung</item>
    <item id="o2" line="495" tag="G+LN">  Iw    3plS-stand:DU 3FemsgA&gt;3sgO-see-NPst and                 3sgCONTR         louse</item>
    <item id="o3" line="496" tag="T">        `They (two) are delousing one another.'</item>
  </tier>
  <tier id="c" type="odin-clean">
    <item id="c1" line="494" tag="L">a-ldindi          k-aya-n               lda             jamin            kurrkbung</item>
    <item id="c2" line="495" tag="G+LN">Iw    3plS-stand:DU 3FemsgA&gt;3sgO-see-NPst and                 3sgCONTR         louse</item>
    <item id="c3" line="496" tag="T">They (two) are delousing one another.</item>
  </tier>
  <tier id="p" type="phrases" content="c">
    <item id="p0" content="c1[0:82]"/>
  </tier>
  <tier id="g" type="glosses" content="c">
    <item id="g0" content="c2[0:84]" alignment="p1"/>
  </tier>
  <tier id="t" type="translations" content="c">
    <item id="t0" content="c3[0:37]" alignment="p1"/>
  </tier>
</igt>
<igt id="i49246">
  <metadata type="xigt-meta">
    <meta type="language" name="iwaidja" iso-639-3="ibd" tiers="phrases words morphemes"/>
    <meta type="language" name="English" iso-639-3="eng" tiers="translations"/>
    <meta type="odin-source" doc-id="3408" line-range="498-500" line-types="L G+LN T"/>
  </metadata>
  <tier id="o" type="odin-raw">
    <item id="o1" line="498" tag="L">  (40c) anb-uku-n                     lda     wamin             a-ngurnaj</item>
    <item id="o2" line="499" tag="G+LN">  Iw    3plA&gt;3plO-give-NPST           and     3plCONTR          3pl-name</item>
    <item id="o3" line="500" tag="T">        `They used to give each other their (clan) names.'</item>
  </tier>
  <tier id="c" type="odin-clean">
    <item id="c1" line="498" tag="L">anb-uku-n                     lda     wamin             a-ngurnaj</item>
    <item id="c2" line="499" tag="G+LN">Iw    3plA&gt;3plO-give-NPST           and     3plCONTR          3pl-name</item>
    <item id="c3" line="500" tag="T">They used to give each other their (clan) names.</item>
  </tier>
  <tier id="p" type="phrases" content="c">
    <item id="p0" content="c1[0:65]"/>
  </tier>
  <tier id="g" type="glosses" content="c">
    <item id="g0" content="c2[0:70]" alignment="p1"/>
  </tier>
  <tier id="t" type="translations" content="c">
    <item id="t0" content="c3[0:48]" alignment="p1"/>
  </tier>
</igt>
<igt id="i69271">
  <metadata type="xigt-meta">
    <meta type="language" name="iwaidja" iso-639-3="ibd" tiers="phrases words morphemes"/>
    <meta type="language" name="English" iso-639-3="eng" tiers="translations"/>
    <meta type="odin-source" doc-id="3087" line-range="80-85" line-types="L+AL L+LN G+CR G+CR T+CR T+LT+AL"/>
  </metadata>
  <tier id="o" type="odin-raw">
    <item id="o1" line="80" tag="L+AL">  (4a) kawun lda ja min</item>
    <item id="o2" line="81" tag="L+LN">  Iwa %K1-nga-wu-n                       lda jamin %</item>
    <item id="o3" line="82" tag="G+CR">       3sgO-3sg.femA-hit-NPst            CONJ 3sgCONTR</item>
    <item id="o4" line="83" tag="G+CR">                         2</item>
    <item id="o5" line="84" tag="T+CR">       `Th ey (2 , m &amp; f) hit each other.' [#3]</item>
    <item id="o6" line="85" tag="T+LT+AL">       Literally: `she hit him, and HE...'</item>
  </tier>
  <tier id="c" type="odin-clean">
    <item id="c1" line="80" tag="L+AL">kawun lda ja min</item>
    <item id="c2" line="81" tag="L+LN">Iwa %K1-nga-wu-n                       lda jamin %</item>
    <item id="c3" line="82" tag="G+CR">3sgO-3sg.femA-hit-NPst            CONJ 3sgCONTR</item>
    <item id="c5" line="84" tag="T+CR">Th ey (2 , m &amp; f) hit each other.' [#3]</item>
    <item id="c6" line="85" tag="T+LT+AL">`she hit him, and HE...</item>
  </tier>
  <tier id="p" type="phrases" content="c">
    <item id="p0" content="c1[0:16]"/>
    <item id="p1" content="c2[0:50]"/>
  </tier>
  <tier id="g" type="glosses" content="c">
    <item id="g0" content="c3[0:47]" alignment="p2"/>
  </tier>
  <tier id="t" type="translations" content="c">
    <item id="t0" content="c5[0:39]" alignment="p2"/>
    <item id="t1" content="c6[0:23]" alignment="p2"/>
  </tier>
</igt>
<igt id="i69273">
  <metadata type="xigt-meta">
    <meta type="language" name="iwaidja" iso-639-3="ibd" tiers="phrases words morphemes"/>
    <meta type="language" name="English" iso-639-3="eng" tiers="translations"/>
    <meta type="odin-source" doc-id="3087" line-range="92-95" line-types="L+AL L+LN G T+CR"/>
  </metadata>
  <tier id="o" type="odin-raw">
    <item id="o1" line="92" tag="L+AL">  (4c) kawun</item>
    <item id="o2" line="93" tag="L+LN">  Iwa K-nga-wu -n</item>
    <item id="o3" line="94" tag="G">          3sgO-3sg.femA-hit-NPst</item>
    <item id="o4" line="95" tag="T+CR">        `She hit hi m.'</item>
  </tier>
  <tier id="c" type="odin-clean">
    <item id="c1" line="92" tag="L+AL">kawun</item>
    <item id="c2" line="93" tag="L+LN">Iwa K-nga-wu-n</item>
    <item id="c3" line="94" tag="G">3sgO-3sg.femA-hit-NPst</item>
    <item id="c4" line="95" tag="T+CR">She hit hi m.</item>
  </tier>
  <tier id="p" type="phrases" content="c">
    <item id="p0" content="c1[0:5]"/>
    <item id="p1" content="c2[0:14]"/>
  </tier>
  <tier id="g" type="glosses" content="c">
    <item id="g0" content="c3[0:22]" alignment="p2"/>
  </tier>
  <tier id="t" type="translations" content="c">
    <item id="t0" content="c4[0:13]" alignment="p2"/>
  </tier>
</igt>
<igt id="i69275">
  <metadata type="xigt-meta">
    <meta type="language" name="iwaidja" iso-639-3="ibd" tiers="phrases words morphemes"/>
    <meta type="language" name="English" iso-639-3="eng" tiers="translations"/>
    <meta type="odin-source" doc-id="3087" line-range="138-140" line-types="L+CR G+LN T+AC"/>
  </metadata>
  <tier id="o" type="odin-raw">
    <item id="o1" line="138" tag="L+CR">  (5a)        n g a b i j -a r a -n     ajbud lda jamin         yaw-urraka</item>
    <item id="o2" line="139" tag="G+LN">  Iwa         1sg 1sg.away-go-PST beach CONJ 3sgCONTR 3sg.away-go.ho me</item>
    <item id="o3" line="140" tag="T+AC">              `I went to the beach and he went ho me.' (P&amp;L 1979:46 )</item>
  </tier>
  <tier id="c" type="odin-clean">
    <item id="c1" line="138" tag="L+CR">n g a b i j-a r a-n     ajbud lda jamin         yaw-urraka</item>
    <item id="c2" line="139" tag="G+LN">Iwa         1sg 1sg.away-go-PST beach CONJ 3sgCONTR 3sg.away-go.ho me</item>
    <item id="c3" line="140" tag="T+AC">I went to the beach and he went ho me.' (P&amp;L 1979:46 )</item>
  </tier>
  <tier id="p" type="phrases" content="c">
    <item id="p0" content="c1[0:58]"/>
  </tier>
  <tier id="g" type="glosses" content="c">
    <item id="g0" content="c2[0:69]" alignment="p1"/>
  </tier>
  <tier id="t" type="translations" content="c">
    <item id="t0" content="c3[0:54]" alignment="p1"/>
  </tier>
</igt>
<igt id="i69276">
  <metadata type="xigt-meta">
    <meta type="language" name="iwaidja" iso-639-3="ibd" tiers="phrases words morphemes"/>
    <meta type="language" name="English" iso-639-3="eng" tiers="translations"/>
    <meta type="odin-source" doc-id="3087" line-range="142-148" line-types="L G B L G T+CR T+EX"/>
  </metadata>
  <tier id="o" type="odin-raw">
    <item id="o1" line="142" tag="L">  (5b) Inga-w-ng                             parak,           la   ya min                      i n n y -u -n g</item>
    <item id="o2" line="143" tag="G">       3GEN3/3MA- give -PP                   AWAY             SEQ 3 MA.CONTR                   3MA/3MA- give -PP</item>
    <item id="o3" line="144" tag="B"></item>
    <item id="o4" line="145" tag="L">              parak</item>
    <item id="o5" line="146" tag="G">              AWAY</item>
    <item id="o6" line="147" tag="T+CR">              `She p assed it over to him and then he p assed it over to him (a second</item>
    <item id="o7" line="148" tag="T+EX">              male).' Reciprocals3 004</item>
  </tier>
  <tier id="c" type="odin-clean">
    <item id="c1" line="142" tag="L">Inga-w-ng                             parak,           la   ya min                      i n n y-u-n g</item>
    <item id="c2" line="143" tag="G">3GEN3/3MA-give-PP                   AWAY             SEQ 3 MA.CONTR                   3MA/3MA-give-PP</item>
    <item id="c3" line="144" tag="B"/>
    <item id="c4" line="145" tag="L">parak</item>
    <item id="c5" line="146" tag="G">AWAY</item>
    <item id="c6" line="147" tag="T+CR">She p assed it over to him and then he p assed it over to him (a second</item>
    <item id="c7" line="148" tag="T+EX">male).' Reciprocals3 004</item>
  </tier>
  <tier id="p" type="phrases" content="c">
    <item id="p0" content="c1[0:101]"/>
    <item id="p1" content="c4[0:5]"/>
  </tier>
  <tier id="g" type="glosses" content="c">
    <item id="g0" content="c2[0:101]" alignment="p1"/>
    <item id="g1" content="c5[0:4]" alignment="p2"/>
  </tier>
  <tier id="t" type="translations" content="c">
    <item id="t0" content="c6[0:71]" alignment="p2"/>
    <item id="t1" content="c7[0:24]" alignment="p2"/>
  </tier>
</igt>
<igt id="i69281">
  <metadata type="xigt-meta">
    <meta type="language" name="iwaidja" iso-639-3="ibd" tiers="phrases words morphemes"/>
    <meta type="language" name="English" iso-639-3="eng" tiers="translations"/>
    <meta type="odin-source" doc-id="3087" line-range="212-214" line-types="L+CR G+LN T+CR"/>
  </metadata>
  <tier id="o" type="odin-raw">
    <item id="o1" line="212" tag="L+CR">  (8a)   an-b-uku-n                lda wa min          a -n g u r n a j</item>
    <item id="o2" line="213" tag="G+LN">  Iwa    3plO-3pl A-give-NPstST and 3plCONTR 3pl-name</item>
    <item id="o3" line="214" tag="T+CR">         `Th ey used to give each other their (clan) names.'</item>
  </tier>
  <tier id="c" type="odin-clean">
    <item id="c1" line="212" tag="L+CR">an-b-uku-n                lda wa min          a-n g u r n a j</item>
    <item id="c2" line="213" tag="G+LN">Iwa    3plO-3pl A-give-NPstST and 3plCONTR 3pl-name</item>
    <item id="c3" line="214" tag="T+CR">Th ey used to give each other their (clan) names.</item>
  </tier>
  <tier id="p" type="phrases" content="c">
    <item id="p0" content="c1[0:61]"/>
  </tier>
  <tier id="g" type="glosses" content="c">
    <item id="g0" content="c2[0:51]" alignment="p1"/>
  </tier>
  <tier id="t" type="translations" content="c">
    <item id="t0" content="c3[0:49]" alignment="p1"/>
  </tier>
</igt>
<igt id="i69282">
  <metadata type="xigt-meta">
    <meta type="language" name="iwaidja" iso-639-3="ibd" tiers="phrases words morphemes"/>
    <meta type="language" name="English" iso-639-3="eng" tiers="translations"/>
    <meta type="odin-source" doc-id="3087" line-range="216-219" line-types="L L+LN+AL G T+CR"/>
  </metadata>
  <tier id="o" type="odin-raw">
    <item id="o1" line="216" tag="L">  (8b) ka-ma-ny                         lda jamin     angbal</item>
    <item id="o2" line="217" tag="L+LN+AL">  Iwa K-ng a-ma-ny</item>
    <item id="o3" line="218" tag="G">       3sgO-3sg.femA-grab -PST          CONJ 3sgCONTR hair</item>
    <item id="o4" line="219" tag="T+CR">       `Th ey [dual] are pulling each other's hair.'</item>
  </tier>
  <tier id="c" type="odin-clean">
    <item id="c1" line="216" tag="L">ka-ma-ny                         lda jamin     angbal</item>
    <item id="c2" line="217" tag="L+LN+AL">Iwa K-ng a-ma-ny</item>
    <item id="c3" line="218" tag="G">3sgO-3sg.femA-grab-PST          CONJ 3sgCONTR hair</item>
    <item id="c4" line="219" tag="T+CR">Th ey [dual] are pulling each other's hair.</item>
  </tier>
  <tier id="p" type="phrases" content="c">
    <item id="p0" content="c1[0:53]"/>
    <item id="p1" content="c2[0:16]"/>
  </tier>
  <tier id="g" type="glosses" content="c">
    <item id="g0" content="c3[0:50]" alignment="p2"/>
  </tier>
  <tier id="t" type="translations" content="c">
    <item id="t0" content="c4[0:43]" alignment="p2"/>
  </tier>
</igt>
<igt id="i69285">
  <metadata type="xigt-meta">
    <meta type="language" name="iwaidja" iso-639-3="ibd" tiers="phrases words morphemes"/>
    <meta type="language" name="English" iso-639-3="eng" tiers="translations"/>
    <meta type="odin-source" doc-id="3087" line-range="261-263" line-types="L G+LN T"/>
  </metadata>
  <tier id="o" type="odin-raw">
    <item id="o1" line="261" tag="L">  (9a)   yan-uku-n(g)             lda                  ngamung / ngabi mung          walij</item>
    <item id="o2" line="262" tag="G+LN">  Iwa    2sgA:1sgO-give-PST       CONJ                 1sgCONTR                      food</item>
    <item id="o3" line="263" tag="T">         `You and I gave each other food.'</item>
  </tier>
  <tier id="c" type="odin-clean">
    <item id="c1" line="261" tag="L">yan-uku-n(g)             lda                  ngamung / ngabi mung          walij</item>
    <item id="c2" line="262" tag="G+LN">Iwa    2sgA:1sgO-give-PST       CONJ                 1sgCONTR                      food</item>
    <item id="c3" line="263" tag="T">You and I gave each other food.</item>
  </tier>
  <tier id="p" type="phrases" content="c">
    <item id="p0" content="c1[0:81]"/>
  </tier>
  <tier id="g" type="glosses" content="c">
    <item id="g0" content="c2[0:87]" alignment="p1"/>
  </tier>
  <tier id="t" type="translations" content="c">
    <item id="t0" content="c3[0:31]" alignment="p1"/>
  </tier>
</igt>
<igt id="i69286">
  <metadata type="xigt-meta">
    <meta type="language" name="iwaidja" iso-639-3="ibd" tiers="phrases words morphemes"/>
    <meta type="language" name="English" iso-639-3="eng" tiers="translations"/>
    <meta type="odin-source" doc-id="3087" line-range="265-267" line-types="L G+LN T"/>
  </metadata>
  <tier id="o" type="odin-raw">
    <item id="o1" line="265" tag="L">  (9b) kun-uku-n(g)             lda                    ngabimung             walij</item>
    <item id="o2" line="266" tag="G+LN">  Iwa 1sgA:2sgO-give-PST        CONJ                   1sgCONTR              food</item>
    <item id="o3" line="267" tag="T">       `You and I gave each other food.'</item>
  </tier>
  <tier id="c" type="odin-clean">
    <item id="c1" line="265" tag="L">kun-uku-n(g)             lda                    ngabimung             walij</item>
    <item id="c2" line="266" tag="G+LN">Iwa 1sgA:2sgO-give-PST        CONJ                   1sgCONTR              food</item>
    <item id="c3" line="267" tag="T">You and I gave each other food.</item>
  </tier>
  <tier id="p" type="phrases" content="c">
    <item id="p0" content="c1[0:75]"/>
  </tier>
  <tier id="g" type="glosses" content="c">
    <item id="g0" content="c2[0:79]" alignment="p1"/>
  </tier>
  <tier id="t" type="translations" content="c">
    <item id="t0" content="c3[0:31]" alignment="p1"/>
  </tier>
</igt>
<igt id="i69287">
  <metadata type="xigt-meta">
    <meta type="language" name="iwaidja" iso-639-3="ibd" tiers="phrases words morphemes"/>
    <meta type="language" name="English" iso-639-3="eng" tiers="translations"/>
    <meta type="odin-source" doc-id="3087" line-range="269-271" line-types="L G+LN T"/>
  </metadata>
  <tier id="o" type="odin-raw">
    <item id="o1" line="269" tag="L">  (9c)   *kun-uku-n(g)            lda                  nuyimung              walij</item>
    <item id="o2" line="270" tag="G+LN">  Iwa    1sgA:2sgO-give-PST       CONJ                 2sgCONTR              food</item>
    <item id="o3" line="271" tag="T">         `You and I gave each other food.'</item>
  </tier>
  <tier id="c" type="odin-clean">
    <item id="c1" line="269" tag="L">*kun-uku-n(g)            lda                  nuyimung              walij</item>
    <item id="c2" line="270" tag="G+LN">Iwa    1sgA:2sgO-give-PST       CONJ                 2sgCONTR              food</item>
    <item id="c3" line="271" tag="T">You and I gave each other food.</item>
  </tier>
  <tier id="p" type="phrases" content="c">
    <item id="p0" content="c1[0:73]"/>
  </tier>
  <tier id="g" type="glosses" content="c">
    <item id="g0" content="c2[0:79]" alignment="p1"/>
  </tier>
  <tier id="t" type="translations" content="c">
    <item id="t0" content="c3[0:31]" alignment="p1"/>
  </tier>
</igt>
<igt id="i69288">
  <metadata type="xigt-meta">
    <meta type="language" name="iwaidja" iso-639-3="ibd" tiers="phrases words morphemes"/>
    <meta type="language" name="English" iso-639-3="eng" tiers="translations"/>
    <meta type="odin-source" doc-id="3087" line-range="303-305" line-types="L G+LN T+AC+DB"/>
  </metadata>
  <tier id="o" type="odin-raw">
    <item id="o1" line="303" tag="L">  (11) Ngani-wu-ng         la           ngapimung.</item>
    <item id="o2" line="304" tag="G+LN">  Maw 3MA&gt;1sg-hit-PP CONJ               1sg.CONTR</item>
    <item id="o3" line="305" tag="T+AC+DB">       `He and I hit each other (or He and I fought).' (Hewett et. al . 1990)</item>
  </tier>
  <tier id="c" type="odin-clean">
    <item id="c1" line="303" tag="L">Ngani-wu-ng         la           ngapimung.</item>
    <item id="c2" line="304" tag="G+LN">Maw 3MA&gt;1sg-hit-PP CONJ               1sg.CONTR</item>
    <item id="c3" line="305" tag="T+AC+DB">He and I hit each other (or He and I fought).' (Hewett et. al . 1990)</item>
  </tier>
  <tier id="p" type="phrases" content="c">
    <item id="p0" content="c1[0:43]"/>
  </tier>
  <tier id="g" type="glosses" content="c">
    <item id="g0" content="c2[0:47]" alignment="p1"/>
  </tier>
  <tier id="t" type="translations" content="c">
    <item id="t0" content="c3[0:69]" alignment="p1"/>
  </tier>
</igt>
<igt id="i118045">
  <metadata type="xigt-meta">
    <meta type="language" name="iwaidja" iso-639-3="ibd" tiers="phrases words morphemes"/>
    <meta type="language" name="English" iso-639-3="eng" tiers="translations"/>
    <meta type="odin-source" doc-id="3657" line-range="2069-2073" line-types="M+LN L L+AL G T+EX"/>
  </metadata>
  <tier id="o" type="odin-raw">
    <item id="o1" line="2069" tag="M+LN">  (1)    Iwaidja</item>
    <item id="o2" line="2070" tag="L">         Kawun                        lda           jamin</item>
    <item id="o3" line="2071" tag="L+AL">         K-nga-wu-n                   lda           jamin.</item>
    <item id="o4" line="2072" tag="G">         3sg,O-3sg.FE.A-hit-NPst CONJ               3sg.CONTR</item>
    <item id="o5" line="2073" tag="T+EX">         'They hit each other' (a male and a fem   ale).</item>
  </tier>
  <tier id="c" type="odin-clean">
    <item id="c1" line="2069" tag="M+LN">Iwaidja</item>
    <item id="c2" line="2070" tag="L">Kawun                        lda           jamin</item>
    <item id="c3" line="2071" tag="L+AL">K-nga-wu-n                   lda           jamin.</item>
    <item id="c4" line="2072" tag="G">3sg,O-3sg.FE.A-hit-NPst CONJ               3sg.CONTR</item>
    <item id="c5" line="2073" tag="T+EX">They hit each other' (a male and a fem   ale).</item>
  </tier>
  <tier id="p" type="phrases" content="c">
    <item id="p0" content="c2[0:48]"/>
    <item id="p1" content="c3[0:49]"/>
  </tier>
  <tier id="g" type="glosses" content="c">
    <item id="g0" content="c4[0:52]" alignment="p2"/>
  </tier>
  <tier id="t" type="translations" content="c">
    <item id="t0" content="c5[0:46]" alignment="p2"/>
  </tier>
</igt>
<igt id="i118047">
  <metadata type="xigt-meta">
    <meta type="language" name="iwaidja" iso-639-3="ibd" tiers="phrases words morphemes"/>
    <meta type="language" name="English" iso-639-3="eng" tiers="translations"/>
    <meta type="odin-source" doc-id="3657" line-range="2085-2088" line-types="M+LN L G T"/>
  </metadata>
  <tier id="o" type="odin-raw">
    <item id="o1" line="2085" tag="M+LN">  (3)  Iwaidja</item>
    <item id="o2" line="2086" tag="L">       Yan-uku-ng                  lda             ngabimung walij.</item>
    <item id="o3" line="2087" tag="G">       2sg.A:1sg.O-give-Pst        CONJ            1sg.CONTR food</item>
    <item id="o4" line="2088" tag="T">       'You and I gave each other food.'</item>
  </tier>
  <tier id="c" type="odin-clean">
    <item id="c1" line="2085" tag="M+LN">Iwaidja</item>
    <item id="c2" line="2086" tag="L">Yan-uku-ng                  lda             ngabimung walij.</item>
    <item id="c3" line="2087" tag="G">2sg.A:1sg.O-give-Pst        CONJ            1sg.CONTR food</item>
    <item id="c4" line="2088" tag="T">You and I gave each other food.</item>
  </tier>
  <tier id="p" type="phrases" content="c">
    <item id="p0" content="c2[0:60]"/>
  </tier>
  <tier id="g" type="glosses" content="c">
    <item id="g0" content="c3[0:58]" alignment="p1"/>
  </tier>
  <tier id="t" type="translations" content="c">
    <item id="t0" content="c4[0:31]" alignment="p1"/>
  </tier>
</igt>
<igt id="i118048">
  <metadata type="xigt-meta">
    <meta type="language" name="iwaidja" iso-639-3="ibd" tiers="phrases words morphemes"/>
    <meta type="language" name="English" iso-639-3="eng" tiers="translations"/>
    <meta type="odin-source" doc-id="3657" line-range="2089-2092" line-types="M+LN L G T"/>
  </metadata>
  <tier id="o" type="odin-raw">
    <item id="o1" line="2089" tag="M+LN">  ( 4) Iwaidja</item>
    <item id="o2" line="2090" tag="L">       Ka-ma-ny                    lda             jamin     angbal.</item>
    <item id="o3" line="2091" tag="G">       3sg.O-3sg.FE.A-give-NPst CONJ               3sg.CONTR hair</item>
    <item id="o4" line="2092" tag="T">       `They pulled eachother's hair.'</item>
  </tier>
  <tier id="c" type="odin-clean">
    <item id="c1" line="2089" tag="M+LN">Iwaidja</item>
    <item id="c2" line="2090" tag="L">Ka-ma-ny                    lda             jamin     angbal.</item>
    <item id="c3" line="2091" tag="G">3sg.O-3sg.FE.A-give-NPst CONJ               3sg.CONTR hair</item>
    <item id="c4" line="2092" tag="T">They pulled eachother's hair.</item>
  </tier>
  <tier id="p" type="phrases" content="c">
    <item id="p0" content="c2[0:61]"/>
  </tier>
  <tier id="g" type="glosses" content="c">
    <item id="g0" content="c3[0:58]" alignment="p1"/>
  </tier>
  <tier id="t" type="translations" content="c">
    <item id="t0" content="c4[0:29]" alignment="p1"/>
  </tier>
</igt>
<igt id="i118049">
  <metadata type="xigt-meta">
    <meta type="language" name="iwaidja" iso-639-3="ibd" tiers="phrases words morphemes"/>
    <meta type="language" name="English" iso-639-3="eng" tiers="translations"/>
    <meta type="odin-source" doc-id="3657" line-range="2093-2096" line-types="M+LN L G T"/>
  </metadata>
  <tier id="o" type="odin-raw">
    <item id="o1" line="2093" tag="M+LN">  ( 5) Iwaidja</item>
    <item id="o2" line="2094" tag="L">       K-u-ku-ng                                   lda     jamin  nguya</item>
    <item id="o3" line="2095" tag="G">       3sg,O/3sg.FE.A-give-REDUP-PST               CONJ 3sg.CONTR clan.name</item>
    <item id="o4" line="2096" tag="T">       'They used to give each other their (cl   an) names.</item>
  </tier>
  <tier id="c" type="odin-clean">
    <item id="c1" line="2093" tag="M+LN">Iwaidja</item>
    <item id="c2" line="2094" tag="L">K-u-ku-ng                                   lda     jamin  nguya</item>
    <item id="c3" line="2095" tag="G">3sg,O/3sg.FE.A-give-REDUP-PST               CONJ 3sg.CONTR clan.name</item>
    <item id="c4" line="2096" tag="T">They used to give each other their (cl   an) names.</item>
  </tier>
  <tier id="p" type="phrases" content="c">
    <item id="p0" content="c2[0:64]"/>
  </tier>
  <tier id="g" type="glosses" content="c">
    <item id="g0" content="c3[0:68]" alignment="p1"/>
  </tier>
  <tier id="t" type="translations" content="c">
    <item id="t0" content="c4[0:51]" alignment="p1"/>
  </tier>
</igt>
<igt id="i153602">
  <metadata type="xigt-meta">
    <meta type="language" name="iwaidja" iso-639-3="ibd" tiers="phrases words morphemes"/>
    <meta type="language" name="English" iso-639-3="eng" tiers="translations"/>
    <meta type="odin-source" doc-id="502" line-range="3061-3066" line-types="M+LN L G T T+LT+AL T+AL"/>
  </metadata>
  <tier id="o" type="odin-raw">
    <item id="o1" line="3061" tag="M+LN">  IWAIDJA</item>
    <item id="o2" line="3062" tag="L">  (80) &amp;abi         &amp;a-              -bu' agbu-                                   -(</item>
    <item id="o3" line="3063" tag="G">          1.SG      1.ERG/3.ABS      -have.as.younger.sibling / be.older.sibling.to -PAST</item>
    <item id="o4" line="3064" tag="T">          'My late younger sibling'</item>
    <item id="o5" line="3065" tag="T+LT+AL">          (lit. 'My (one such that) I had him as younger sibling';</item>
    <item id="o6" line="3066" tag="T+AL">          or 'My (one such that) I was older sibling to him)</item>
  </tier>
  <tier id="c" type="odin-clean">
    <item id="c1" line="3061" tag="M+LN">IWAIDJA</item>
    <item id="c2" line="3062" tag="L">&amp;abi         &amp;a--bu' agbu--(</item>
    <item id="c3" line="3063" tag="G">1.SG      1.ERG/3.ABS-have.as.younger.sibling / be.older.sibling.to-PAST</item>
    <item id="c4" line="3064" tag="T">My late younger sibling</item>
    <item id="c5" line="3065" tag="T+LT+AL">(lit. 'My (one such that) I had him as younger sibling';</item>
    <item id="c6" line="3066" tag="T+AL">or 'My (one such that) I was older sibling to him)</item>
  </tier>
  <tier id="p" type="phrases" content="c">
    <item id="p0" content="c2[0:28]"/>
  </tier>
  <tier id="g" type="glosses" content="c">
    <item id="g0" content="c3[0:72]" alignment="p1"/>
  </tier>
  <tier id="t" type="translations" content="c">
    <item id="t0" content="c4[0:23]" alignment="p1"/>
    <item id="t1" content="c5[0:56]" alignment="p1"/>
    <item id="t2" content="c6[0:50]" alignment="p1"/>
  </tier>
</igt>
</xigt-corpus>
