<?xml version="1.0" encoding="UTF-8"?>
<xigt-corpus>
<igt id="i116603">
  <metadata type="xigt-meta">
    <meta type="language" name="batticaloa portuguese" iso-639-3="idb" tiers="phrases words morphemes"/>
    <meta type="language" name="English" iso-639-3="eng" tiers="translations"/>
    <meta type="odin-source" doc-id="3648" line-range="608-612" line-types="M+AC+LN L G+CR G+CR T"/>
  </metadata>
  <tier id="o" type="odin-raw">
    <item id="o1" line="608" tag="M+AC+LN">  Batticaloa Portuguese (cited after Bruyn et al. 1999:337)</item>
    <item id="o2" line="609" tag="L">  (30) E:w eli-p´    dine:ru ja:-dá:.</item>
    <item id="o3" line="610" tag="G+CR">         1        3   SG-DAT        money                -give</item>
    <item id="o4" line="611" tag="G+CR">             SG                                   PAST</item>
    <item id="o5" line="612" tag="T">         'I gave money to him.'</item>
  </tier>
  <tier id="c" type="odin-clean">
    <item id="c1" line="608" tag="M+AC+LN">Batticaloa Portuguese (cited after Bruyn et al. 1999:337)</item>
    <item id="c2" line="609" tag="L">E:w eli-p´    dine:ru ja:-dá:.</item>
    <item id="c3" line="610 611" tag="G+CR">1   SG   3   SG-DAT        money         PAST-give</item>
    <item id="c5" line="612" tag="T">I gave money to him.</item>
  </tier>
  <tier id="p" type="phrases" content="c">
    <item id="p0" content="c2[0:30]"/>
  </tier>
  <tier id="g" type="glosses" content="c">
    <item id="g0" content="c3[0:50]" alignment="p1"/>
  </tier>
  <tier id="t" type="translations" content="c">
    <item id="t0" content="c5[0:20]" alignment="p1"/>
  </tier>
</igt>
<igt id="i116604">
  <metadata type="xigt-meta">
    <meta type="language" name="batticaloa portuguese" iso-639-3="idb" tiers="phrases words morphemes"/>
    <meta type="language" name="English" iso-639-3="eng" tiers="translations"/>
    <meta type="odin-source" doc-id="3648" line-range="614-619" line-types="M+AC+LN L+CR L+CR G+CR G+CR T"/>
  </metadata>
  <tier id="o" type="odin-raw">
    <item id="o1" line="614" tag="M+AC+LN">  Batticaloa Tamil (cited after Bruyn et al. 1999:337)</item>
    <item id="o2" line="615" tag="L+CR">                                       kút u-tt-an.</item>
    <item id="o3" line="616" tag="L+CR">  (31) Na:n avan-ukka calli-ya</item>
    <item id="o4" line="617" tag="G+CR">         1            3   SG-DAT           money-                give-   PAST-AGR</item>
    <item id="o5" line="618" tag="G+CR">             SG                                        ACC</item>
    <item id="o6" line="619" tag="T">         'I gave money to him.'</item>
  </tier>
  <tier id="c" type="odin-clean">
    <item id="c1" line="614" tag="M+AC+LN">Batticaloa Tamil (cited after Bruyn et al. 1999:337)</item>
    <item id="c2" line="615 616" tag="L+CR">Na:n avan-ukka calli-ya         kút u-tt-an.</item>
    <item id="c4" line="617 618" tag="G+CR">1   SG       3   SG-DAT           money-ACC       give-PAST-AGR</item>
    <item id="c6" line="619" tag="T">I gave money to him.</item>
  </tier>
  <tier id="p" type="phrases" content="c">
    <item id="p0" content="c2[0:44]"/>
  </tier>
  <tier id="g" type="glosses" content="c">
    <item id="g0" content="c4[0:63]" alignment="p1"/>
  </tier>
  <tier id="t" type="translations" content="c">
    <item id="t0" content="c6[0:20]" alignment="p1"/>
  </tier>
</igt>
</xigt-corpus>
