<?xml version="1.0" encoding="UTF-8"?>
<xigt-corpus>
<igt id="i9598">
  <metadata type="xigt-meta">
    <meta type="language" name="chengdu" iso-639-3="iii" tiers="phrases words morphemes"/>
    <meta type="language" name="English" iso-639-3="eng" tiers="translations"/>
    <meta type="odin-source" doc-id="1938" line-range="7162-7164" line-types="L+SY T G"/>
  </metadata>
  <tier id="o" type="odin-raw">
    <item id="o1" line="7162" tag="L+SY">  (15)   [NP     re [[dan chao] fan]]]</item>
    <item id="o2" line="7163" tag="T">                                                               'warm egg-fried rice'</item>
    <item id="o3" line="7164" tag="G">                 warm egg fry   rice</item>
  </tier>
  <tier id="c" type="odin-clean">
    <item id="c1" line="7162" tag="L+SY">[NP     re [[dan chao] fan]]]</item>
    <item id="c2" line="7163" tag="T">warm egg-fried rice</item>
    <item id="c3" line="7164" tag="G">warm egg fry   rice</item>
  </tier>
  <tier id="p" type="phrases" content="c">
    <item id="p0" content="c1[0:29]"/>
  </tier>
  <tier id="g" type="glosses" content="c">
    <item id="g0" content="c3[0:19]" alignment="p1"/>
  </tier>
  <tier id="t" type="translations" content="c">
    <item id="t0" content="c2[0:19]" alignment="p1"/>
  </tier>
</igt>
<igt id="i9599">
  <metadata type="xigt-meta">
    <meta type="language" name="chengdu" iso-639-3="iii" tiers="phrases words morphemes"/>
    <meta type="language" name="English" iso-639-3="eng" tiers="translations"/>
    <meta type="odin-source" doc-id="1938" line-range="7167-7169" line-types="L+SY T G"/>
  </metadata>
  <tier id="o" type="odin-raw">
    <item id="o1" line="7167" tag="L+SY">  (16)   [VP     chi [[dan chao] fan]]]</item>
    <item id="o2" line="7168" tag="T">                                                               'to eat egg-fried rice'</item>
    <item id="o3" line="7169" tag="G">                 eat   egg fry   rice</item>
  </tier>
  <tier id="c" type="odin-clean">
    <item id="c1" line="7167" tag="L+SY">[VP     chi [[dan chao] fan]]]</item>
    <item id="c2" line="7168" tag="T">to eat egg-fried rice</item>
    <item id="c3" line="7169" tag="G">eat   egg fry   rice</item>
  </tier>
  <tier id="p" type="phrases" content="c">
    <item id="p0" content="c1[0:30]"/>
  </tier>
  <tier id="g" type="glosses" content="c">
    <item id="g0" content="c3[0:20]" alignment="p1"/>
  </tier>
  <tier id="t" type="translations" content="c">
    <item id="t0" content="c2[0:21]" alignment="p1"/>
  </tier>
</igt>
<igt id="i9600">
  <metadata type="xigt-meta">
    <meta type="language" name="chengdu" iso-639-3="iii" tiers="phrases words morphemes"/>
    <meta type="language" name="English" iso-639-3="eng" tiers="translations"/>
    <meta type="odin-source" doc-id="1938" line-range="7174-7176" line-types="L+SY T G"/>
  </metadata>
  <tier id="o" type="odin-raw">
    <item id="o1" line="7174" tag="L+SY">  (17)   [NP     re [[dan chao] fan]]]</item>
    <item id="o2" line="7175" tag="T">                                                                'warm egg-fried rice'</item>
    <item id="o3" line="7176" tag="G">                 warm egg fry   rice</item>
  </tier>
  <tier id="c" type="odin-clean">
    <item id="c1" line="7174" tag="L+SY">[NP     re [[dan chao] fan]]]</item>
    <item id="c2" line="7175" tag="T">warm egg-fried rice</item>
    <item id="c3" line="7176" tag="G">warm egg fry   rice</item>
  </tier>
  <tier id="p" type="phrases" content="c">
    <item id="p0" content="c1[0:29]"/>
  </tier>
  <tier id="g" type="glosses" content="c">
    <item id="g0" content="c3[0:19]" alignment="p1"/>
  </tier>
  <tier id="t" type="translations" content="c">
    <item id="t0" content="c2[0:19]" alignment="p1"/>
  </tier>
</igt>
<igt id="i9601">
  <metadata type="xigt-meta">
    <meta type="language" name="chengdu" iso-639-3="iii" tiers="phrases words morphemes"/>
    <meta type="language" name="English" iso-639-3="eng" tiers="translations"/>
    <meta type="odin-source" doc-id="1938" line-range="7199-7201" line-types="L+SY T G"/>
  </metadata>
  <tier id="o" type="odin-raw">
    <item id="o1" line="7199" tag="L+SY">  (18)   [VP     chi [[dan chao] fan]]]</item>
    <item id="o2" line="7200" tag="T">                                                               'to eat egg-fried rice'</item>
    <item id="o3" line="7201" tag="G">                 eat   egg fry   rice</item>
  </tier>
  <tier id="c" type="odin-clean">
    <item id="c1" line="7199" tag="L+SY">[VP     chi [[dan chao] fan]]]</item>
    <item id="c2" line="7200" tag="T">to eat egg-fried rice</item>
    <item id="c3" line="7201" tag="G">eat   egg fry   rice</item>
  </tier>
  <tier id="p" type="phrases" content="c">
    <item id="p0" content="c1[0:30]"/>
  </tier>
  <tier id="g" type="glosses" content="c">
    <item id="g0" content="c3[0:20]" alignment="p1"/>
  </tier>
  <tier id="t" type="translations" content="c">
    <item id="t0" content="c2[0:21]" alignment="p1"/>
  </tier>
</igt>
<igt id="i9602">
  <metadata type="xigt-meta">
    <meta type="language" name="chengdu" iso-639-3="iii" tiers="phrases words morphemes"/>
    <meta type="language" name="English" iso-639-3="eng" tiers="translations"/>
    <meta type="odin-source" doc-id="1938" line-range="7227-7229" line-types="L+SY T G"/>
  </metadata>
  <tier id="o" type="odin-raw">
    <item id="o1" line="7227" tag="L+SY">  (19)   [NP     re [[dan chao] fan]]]</item>
    <item id="o2" line="7228" tag="T">                                                                'warm egg-fried rice'</item>
    <item id="o3" line="7229" tag="G">                 warm egg fry   rice</item>
  </tier>
  <tier id="c" type="odin-clean">
    <item id="c1" line="7227" tag="L+SY">[NP     re [[dan chao] fan]]]</item>
    <item id="c2" line="7228" tag="T">warm egg-fried rice</item>
    <item id="c3" line="7229" tag="G">warm egg fry   rice</item>
  </tier>
  <tier id="p" type="phrases" content="c">
    <item id="p0" content="c1[0:29]"/>
  </tier>
  <tier id="g" type="glosses" content="c">
    <item id="g0" content="c3[0:19]" alignment="p1"/>
  </tier>
  <tier id="t" type="translations" content="c">
    <item id="t0" content="c2[0:19]" alignment="p1"/>
  </tier>
</igt>
<igt id="i9603">
  <metadata type="xigt-meta">
    <meta type="language" name="chengdu" iso-639-3="iii" tiers="phrases words morphemes"/>
    <meta type="language" name="English" iso-639-3="eng" tiers="translations"/>
    <meta type="odin-source" doc-id="1938" line-range="7265-7267" line-types="L G T"/>
  </metadata>
  <tier id="o" type="odin-raw">
    <item id="o1" line="7265" tag="L">  (21)   a.        ta gan-chao le yi wan cai</item>
    <item id="o2" line="7266" tag="G">                   he dry fry ASP a bowl veg</item>
    <item id="o3" line="7267" tag="T">                   'He dry-fried a bowl of vegetable'</item>
  </tier>
  <tier id="c" type="odin-clean">
    <item id="c1" line="7265" tag="L">ta gan-chao le yi wan cai</item>
    <item id="c2" line="7266" tag="G">he dry fry ASP a bowl veg</item>
    <item id="c3" line="7267" tag="T">He dry-fried a bowl of vegetable</item>
  </tier>
  <tier id="p" type="phrases" content="c">
    <item id="p0" content="c1[0:25]"/>
  </tier>
  <tier id="g" type="glosses" content="c">
    <item id="g0" content="c2[0:25]" alignment="p1"/>
  </tier>
  <tier id="t" type="translations" content="c">
    <item id="t0" content="c3[0:32]" alignment="p1"/>
  </tier>
</igt>
<igt id="i9604">
  <metadata type="xigt-meta">
    <meta type="language" name="chengdu" iso-639-3="iii" tiers="phrases words morphemes"/>
    <meta type="language" name="English" iso-639-3="eng" tiers="translations"/>
    <meta type="odin-source" doc-id="1938" line-range="7269-7272" line-types="L G T T+AL"/>
  </metadata>
  <tier id="o" type="odin-raw">
    <item id="o1" line="7269" tag="L">         b.        ta chao-gan le yi wan cai</item>
    <item id="o2" line="7270" tag="G">                   he fry dry ASP a bowl veg</item>
    <item id="o3" line="7271" tag="T">                   'He fried-till-dry a bowl of vegetable'</item>
    <item id="o4" line="7272" tag="T+AL">                   ('He fried a bowl of vegetable till it was dry')</item>
  </tier>
  <tier id="c" type="odin-clean">
    <item id="c1" line="7269" tag="L">ta chao-gan le yi wan cai</item>
    <item id="c2" line="7270" tag="G">he fry dry ASP a bowl veg</item>
    <item id="c3" line="7271" tag="T">He fried-till-dry a bowl of vegetable</item>
    <item id="c4" line="7272" tag="T+AL">He fried a bowl of vegetable till it was dry</item>
  </tier>
  <tier id="p" type="phrases" content="c">
    <item id="p0" content="c1[0:25]"/>
  </tier>
  <tier id="g" type="glosses" content="c">
    <item id="g0" content="c2[0:25]" alignment="p1"/>
  </tier>
  <tier id="t" type="translations" content="c">
    <item id="t0" content="c3[0:37]" alignment="p1"/>
    <item id="t1" content="c4[0:44]" alignment="p1"/>
  </tier>
</igt>
<igt id="i11551">
  <metadata type="xigt-meta">
    <meta type="language" name="nuosu" iso-639-3="iii" tiers="phrases words morphemes"/>
    <meta type="language" name="English" iso-639-3="eng" tiers="translations"/>
    <meta type="odin-source" doc-id="2488" line-range="3079-3082" line-types="L B G T+DB"/>
  </metadata>
  <tier id="o" type="odin-raw">
    <item id="o1" line="3079" tag="L">  (18) m33 ka55 m33 ko44 ndu21</item>
    <item id="o2" line="3080" tag="B">       .         .</item>
    <item id="o3" line="3081" tag="G">       Muga Mugo beat</item>
    <item id="o4" line="3082" tag="T+DB">       `Muga beats Mugo' or `Mugo beats Muga'</item>
  </tier>
  <tier id="c" type="odin-clean">
    <item id="c1" line="3079" tag="L">m33 ka55 m33 ko44 ndu21</item>
    <item id="c2" line="3080" tag="B">.         .</item>
    <item id="c3" line="3081" tag="G">Muga Mugo beat</item>
    <item id="c4" line="3082" tag="T+DB">Muga beats Mugo' or `Mugo beats Muga</item>
  </tier>
  <tier id="p" type="phrases" content="c">
    <item id="p0" content="c1[0:23]"/>
  </tier>
  <tier id="g" type="glosses" content="c">
    <item id="g0" content="c3[0:14]" alignment="p1"/>
  </tier>
  <tier id="t" type="translations" content="c">
    <item id="t0" content="c4[0:36]" alignment="p1"/>
  </tier>
</igt>
<igt id="i47549">
  <metadata type="xigt-meta">
    <meta type="language" name="nosu" iso-639-3="iii" tiers="phrases words morphemes"/>
    <meta type="language" name="English" iso-639-3="eng" tiers="translations"/>
    <meta type="odin-source" doc-id="3413" line-range="10183-10188" line-types="L+CR L+CR G T T+AL M+AC"/>
  </metadata>
  <tier id="o" type="odin-raw">
    <item id="o1" line="10183" tag="L+CR">              a33 tshi34 gu33 tshi33 bo34 o33 o34 .</item>
    <item id="o2" line="10184" tag="L+CR">  (5 6 6 )</item>
    <item id="o3" line="10185" tag="G">             pants dem cls wash clean         prt</item>
    <item id="o4" line="10186" tag="T">             `These pants are clean from washing.'</item>
    <item id="o5" line="10187" tag="T+AL">             Or perhaps: `pro made these pants clean by washing.'10</item>
    <item id="o6" line="10188" tag="M+AC">             (Chen and Wu 1998: 85, tr. aw)</item>
  </tier>
  <tier id="c" type="odin-clean">
    <item id="c1" line="10183 10184" tag="L+CR">(5 6 6 )    a33 tshi34 gu33 tshi33 bo34 o33 o34 .</item>
    <item id="c3" line="10185" tag="G">pants dem cls wash clean         prt</item>
    <item id="c4" line="10186" tag="T">These pants are clean from washing.</item>
    <item id="c5" line="10187" tag="T+AL">`pro made these pants clean by washing.'10</item>
    <item id="c6" line="10188" tag="M+AC">Chen and Wu 1998: 85, tr. aw</item>
  </tier>
  <tier id="p" type="phrases" content="c">
    <item id="p0" content="c1[0:49]"/>
  </tier>
  <tier id="g" type="glosses" content="c">
    <item id="g0" content="c3[0:36]" alignment="p1"/>
  </tier>
  <tier id="t" type="translations" content="c">
    <item id="t0" content="c4[0:35]" alignment="p1"/>
    <item id="t1" content="c5[0:42]" alignment="p1"/>
  </tier>
</igt>
<igt id="i47557">
  <metadata type="xigt-meta">
    <meta type="language" name="nosu" iso-639-3="iii" tiers="phrases words morphemes"/>
    <meta type="language" name="English" iso-639-3="eng" tiers="translations"/>
    <meta type="odin-source" doc-id="3413" line-range="10278-10282" line-types="L+CR L+CR L+CR G T+AC"/>
  </metadata>
  <tier id="o" type="odin-raw">
    <item id="o1" line="10278" tag="L+CR">                       a55 bo34 -a21 - o33 o34 .</item>
    <item id="o2" line="10279" tag="L+CR">  (5 7 5 )</item>
    <item id="o3" line="10280" tag="L+CR">                       ¯</item>
    <item id="o4" line="10281" tag="G">                      pants `cle-' neg `-an' prt.</item>
    <item id="o5" line="10282" tag="T+AC">                      `The pants are not clean.' (Chen and Wu 1998: 162, tr. aw)</item>
  </tier>
  <tier id="c" type="odin-clean">
    <item id="c1" line="10278 10279" tag="L+CR">(5 7 5 )             a55 bo34-a21-o33 o34 .</item>
    <item id="c4" line="10281" tag="G">pants `cle-' neg `-an' prt.</item>
    <item id="c5" line="10282" tag="T+AC">The pants are not clean.' (Chen and Wu 1998: 162, tr. aw)</item>
  </tier>
  <tier id="p" type="phrases" content="c">
    <item id="p0" content="c1[0:43]"/>
  </tier>
  <tier id="g" type="glosses" content="c">
    <item id="g0" content="c4[0:27]" alignment="p1"/>
  </tier>
  <tier id="t" type="translations" content="c">
    <item id="t0" content="c5[0:57]" alignment="p1"/>
  </tier>
</igt>
<igt id="i47558">
  <metadata type="xigt-meta">
    <meta type="language" name="nosu" iso-639-3="iii" tiers="phrases words morphemes"/>
    <meta type="language" name="English" iso-639-3="eng" tiers="translations"/>
    <meta type="odin-source" doc-id="3413" line-range="10285-10288" line-types="L+CR L+CR G T+AC"/>
  </metadata>
  <tier id="o" type="odin-raw">
    <item id="o1" line="10285" tag="L+CR">                      Æo21 o21 a21 bo21 o34 .</item>
    <item id="o2" line="10286" tag="L+CR">  (5 7 6 )</item>
    <item id="o3" line="10287" tag="G">                      we `wo-' neg `-rk' prt</item>
    <item id="o4" line="10288" tag="T+AC">                      `We will not work.' (Chen and Wu 1998: 138, tr. aw)</item>
  </tier>
  <tier id="c" type="odin-clean">
    <item id="c1" line="10285 10286" tag="L+CR">(5 7 6 )            Æo21 o21 a21 bo21 o34 .</item>
    <item id="c3" line="10287" tag="G">we `wo-' neg `-rk' prt</item>
    <item id="c4" line="10288" tag="T+AC">We will not work.' (Chen and Wu 1998: 138, tr. aw)</item>
  </tier>
  <tier id="p" type="phrases" content="c">
    <item id="p0" content="c1[0:43]"/>
  </tier>
  <tier id="g" type="glosses" content="c">
    <item id="g0" content="c3[0:22]" alignment="p1"/>
  </tier>
  <tier id="t" type="translations" content="c">
    <item id="t0" content="c4[0:50]" alignment="p1"/>
  </tier>
</igt>
<igt id="i47597">
  <metadata type="xigt-meta">
    <meta type="language" name="nosu" iso-639-3="iii" tiers="phrases words morphemes"/>
    <meta type="language" name="English" iso-639-3="eng" tiers="translations"/>
    <meta type="odin-source" doc-id="3413" line-range="10937-10941" line-types="L+CR L+CR L+CR G T+AC"/>
  </metadata>
  <tier id="o" type="odin-raw">
    <item id="o1" line="10937" tag="L+CR">              nÏ33 do34 mu33 sÏ33 u33 sÁ34 Æa33 bi34 la33 .</item>
    <item id="o2" line="10938" tag="L+CR">  (619)</item>
    <item id="o3" line="10939" tag="L+CR">                                                   ¯</item>
    <item id="o4" line="10940" tag="G">              2s   dagger          seize si 1s give come</item>
    <item id="o5" line="10941" tag="T+AC">              `Hand the dagger over to me!' (Li and Ma 1982: 83)</item>
  </tier>
  <tier id="c" type="odin-clean">
    <item id="c1" line="10937 10938" tag="L+CR">nÏ33 do34 mu33 sÏ33 u33 sÁ34 Æa33 bi34 la33 .</item>
    <item id="c4" line="10940" tag="G">2s   dagger          seize si 1s give come</item>
    <item id="c5" line="10941" tag="T+AC">Hand the dagger over to me!' (Li and Ma 1982: 83)</item>
  </tier>
  <tier id="p" type="phrases" content="c">
    <item id="p0" content="c1[0:45]"/>
  </tier>
  <tier id="g" type="glosses" content="c">
    <item id="g0" content="c4[0:42]" alignment="p1"/>
  </tier>
  <tier id="t" type="translations" content="c">
    <item id="t0" content="c5[0:49]" alignment="p1"/>
  </tier>
</igt>
<igt id="i47598">
  <metadata type="xigt-meta">
    <meta type="language" name="nosu" iso-639-3="iii" tiers="phrases words morphemes"/>
    <meta type="language" name="English" iso-639-3="eng" tiers="translations"/>
    <meta type="odin-source" doc-id="3413" line-range="10942-10946" line-types="L+CR L+CR L+CR G T+AC"/>
  </metadata>
  <tier id="o" type="odin-raw">
    <item id="o1" line="10942" tag="L+CR">               e21 o55 a34 Á33 gÏ33 tshi33 pÁ55 sÁ21 la33 o34 .</item>
    <item id="o2" line="10943" tag="L+CR">  (620)</item>
    <item id="o3" line="10944" tag="L+CR">                    ¯</item>
    <item id="o4" line="10945" tag="G">              potato many cls 3s             dig si come prt</item>
    <item id="o5" line="10946" tag="T+AC">              `A lot of potatoes, he dug out.' (Li and Ma 1982: 83)</item>
  </tier>
  <tier id="c" type="odin-clean">
    <item id="c1" line="10942 10943" tag="L+CR">e21 o55 a34 Á33 gÏ33 tshi33 pÁ55 sÁ21 la33 o34 .</item>
    <item id="c4" line="10945" tag="G">potato many cls 3s             dig si come prt</item>
    <item id="c5" line="10946" tag="T+AC">A lot of potatoes, he dug out.' (Li and Ma 1982: 83)</item>
  </tier>
  <tier id="p" type="phrases" content="c">
    <item id="p0" content="c1[0:48]"/>
  </tier>
  <tier id="g" type="glosses" content="c">
    <item id="g0" content="c4[0:46]" alignment="p1"/>
  </tier>
  <tier id="t" type="translations" content="c">
    <item id="t0" content="c5[0:52]" alignment="p1"/>
  </tier>
</igt>
<igt id="i47599">
  <metadata type="xigt-meta">
    <meta type="language" name="nosu" iso-639-3="iii" tiers="phrases words morphemes"/>
    <meta type="language" name="English" iso-639-3="eng" tiers="translations"/>
    <meta type="odin-source" doc-id="3413" line-range="10947-10955" line-types="L+CR L+CR L+CR G+CR G+CR G+CR G+CR G+CR T+AC"/>
  </metadata>
  <tier id="o" type="odin-raw">
    <item id="o1" line="10947" tag="L+CR">                                  ko33 lo33 mu55 d i33 mu55 sÁ21 ko33 t o34 na33 .</item>
    <item id="o2" line="10948" tag="L+CR">              tshi21 a34 ta33</item>
    <item id="o3" line="10949" tag="L+CR">  (621)</item>
    <item id="o4" line="10950" tag="G+CR">                                            -gry redup -gry si 3smO dat ¦sk</item>
    <item id="o5" line="10951" tag="G+CR">                                   ¯¯                      ¯</item>
    <item id="o6" line="10952" tag="G+CR">                                              ¯</item>
    <item id="o7" line="10953" tag="G+CR">              3sposs father                                                    a</item>
    <item id="o8" line="10954" tag="G+CR">                                  an-</item>
    <item id="o9" line="10955" tag="T+AC">              `His father inter   rogated him very angrily.' (Li and Ma 1982: 83)</item>
  </tier>
  <tier id="c" type="odin-clean">
    <item id="c1" line="10947 10948 10949" tag="L+CR">tshi21 a34 ta33     ko33 lo33 mu55 d i33 mu55 sÁ21 ko33 t o34 na33 .</item>
    <item id="c4" line="10950 10953 10954" tag="G+CR">3sposs father       an--gry redup-gry si 3smO dat ¦sk   a</item>
    <item id="c9" line="10955" tag="T+AC">His father inter   rogated him very angrily.' (Li and Ma 1982: 83)</item>
  </tier>
  <tier id="p" type="phrases" content="c">
    <item id="p0" content="c1[0:68]"/>
  </tier>
  <tier id="g" type="glosses" content="c">
    <item id="g0" content="c4[0:57]" alignment="p1"/>
  </tier>
  <tier id="t" type="translations" content="c">
    <item id="t0" content="c9[0:66]" alignment="p1"/>
  </tier>
</igt>
<igt id="i47600">
  <metadata type="xigt-meta">
    <meta type="language" name="nosu" iso-639-3="iii" tiers="phrases words morphemes"/>
    <meta type="language" name="English" iso-639-3="eng" tiers="translations"/>
    <meta type="odin-source" doc-id="3413" line-range="10963-10967" line-types="L+CR L+CR G+CR G+CR T+AC"/>
  </metadata>
  <tier id="o" type="odin-raw">
    <item id="o1" line="10963" tag="L+CR">              tshi33 sÁ34 bo34 o33 d i33 bo34 o33 o34</item>
    <item id="o2" line="10964" tag="L+CR">  (6 2 2 )</item>
    <item id="o3" line="10965" tag="G+CR">              wash si clean                       prt</item>
    <item id="o4" line="10966" tag="G+CR">                                   redup clean</item>
    <item id="o5" line="10967" tag="T+AC">              `wash [it] very clean' (Chen and Wu 1998: 47, tr. aw)</item>
  </tier>
  <tier id="c" type="odin-clean">
    <item id="c1" line="10963 10964" tag="L+CR">(6 2 2 )    tshi33 sÁ34 bo34 o33 d i33 bo34 o33 o34</item>
    <item id="c3" line="10965 10966" tag="G+CR">wash si clean        redup clean    prt</item>
    <item id="c5" line="10967" tag="T+AC">wash [it] very clean' (Chen and Wu 1998: 47, tr. aw)</item>
  </tier>
  <tier id="p" type="phrases" content="c">
    <item id="p0" content="c1[0:51]"/>
  </tier>
  <tier id="g" type="glosses" content="c">
    <item id="g0" content="c3[0:39]" alignment="p1"/>
  </tier>
  <tier id="t" type="translations" content="c">
    <item id="t0" content="c5[0:52]" alignment="p1"/>
  </tier>
</igt>
<igt id="i47601">
  <metadata type="xigt-meta">
    <meta type="language" name="nosu" iso-639-3="iii" tiers="phrases words morphemes"/>
    <meta type="language" name="English" iso-639-3="eng" tiers="translations"/>
    <meta type="odin-source" doc-id="3413" line-range="10982-10987" line-types="L L+CR L+CR G+CR G+CR T+AC"/>
  </metadata>
  <tier id="o" type="odin-raw">
    <item id="o1" line="10982" tag="L">              tshi33 po55 nd Á33 .</item>
    <item id="o2" line="10983" tag="L+CR">  (6 2 3 )</item>
    <item id="o3" line="10984" tag="L+CR">                      ¯</item>
    <item id="o4" line="10985" tag="G+CR">                     run fast</item>
    <item id="o5" line="10986" tag="G+CR">              3s</item>
    <item id="o6" line="10987" tag="T+AC">              `He runs/ran fast.' (Chen and Wu 1998: 55)</item>
  </tier>
  <tier id="c" type="odin-clean">
    <item id="c1" line="10982 10983" tag="L+CR">(6 2 3 )    tshi33 po55 nd Á33 .</item>
    <item id="c4" line="10985 10986" tag="G+CR">3s     run fast</item>
    <item id="c6" line="10987" tag="T+AC">He runs/ran fast.' (Chen and Wu 1998: 55)</item>
  </tier>
  <tier id="p" type="phrases" content="c">
    <item id="p0" content="c1[0:32]"/>
  </tier>
  <tier id="g" type="glosses" content="c">
    <item id="g0" content="c4[0:15]" alignment="p1"/>
  </tier>
  <tier id="t" type="translations" content="c">
    <item id="t0" content="c6[0:41]" alignment="p1"/>
  </tier>
</igt>
<igt id="i47602">
  <metadata type="xigt-meta">
    <meta type="language" name="nosu" iso-639-3="iii" tiers="phrases words morphemes"/>
    <meta type="language" name="English" iso-639-3="eng" tiers="translations"/>
    <meta type="odin-source" doc-id="3413" line-range="10990-10995" line-types="L+CR L+CR L+CR G+CR G+CR T+AC"/>
  </metadata>
  <tier id="o" type="odin-raw">
    <item id="o1" line="10990" tag="L+CR">              nÏ33 bo33 Á55 ko33 o34 .</item>
    <item id="o2" line="10991" tag="L+CR">  (6 2 4 )</item>
    <item id="o3" line="10992" tag="L+CR">                            ¯</item>
    <item id="o4" line="10993" tag="G+CR">                    leave late to o prt</item>
    <item id="o5" line="10994" tag="G+CR">              2s</item>
    <item id="o6" line="10995" tag="T+AC">              `You left to o late.' (Chen and Wu 1998: 55)</item>
  </tier>
  <tier id="c" type="odin-clean">
    <item id="c1" line="10990 10991" tag="L+CR">(6 2 4 )    nÏ33 bo33 Á55 ko33 o34 .</item>
    <item id="c4" line="10993 10994" tag="G+CR">2s    leave late to o prt</item>
    <item id="c6" line="10995" tag="T+AC">You left to o late.' (Chen and Wu 1998: 55)</item>
  </tier>
  <tier id="p" type="phrases" content="c">
    <item id="p0" content="c1[0:36]"/>
  </tier>
  <tier id="g" type="glosses" content="c">
    <item id="g0" content="c4[0:25]" alignment="p1"/>
  </tier>
  <tier id="t" type="translations" content="c">
    <item id="t0" content="c6[0:43]" alignment="p1"/>
  </tier>
</igt>
<igt id="i47606">
  <metadata type="xigt-meta">
    <meta type="language" name="nosu" iso-639-3="iii" tiers="phrases words morphemes"/>
    <meta type="language" name="English" iso-639-3="eng" tiers="translations"/>
    <meta type="odin-source" doc-id="3413" line-range="11118-11124" line-types="L+CR L+CR L+CR G+CR G+CR B T+AC"/>
  </metadata>
  <tier id="o" type="odin-raw">
    <item id="o1" line="11118" tag="L+CR">                    tshi33 ndu21 sÁ21 si33 du33       o34 .</item>
    <item id="o2" line="11119" tag="L+CR">  (6 2 7 )</item>
    <item id="o3" line="11120" tag="L+CR">                                               ¯</item>
    <item id="o4" line="11121" tag="G+CR">                           beat si blo o d come out prt</item>
    <item id="o5" line="11122" tag="G+CR">                    3s</item>
    <item id="o6" line="11123" tag="B">                                                                                                          24</item>
    <item id="o7" line="11124" tag="T+AC">                    `He beat [him] till blo o d came out.' (Li and Ma 1982: 83, tr. aw)</item>
  </tier>
  <tier id="c" type="odin-clean">
    <item id="c1" line="11118 11119" tag="L+CR">(6 2 7 )          tshi33 ndu21 sÁ21 si33 du33       o34 .</item>
    <item id="c4" line="11121 11122" tag="G+CR">3s     beat si blo o d come out prt</item>
    <item id="c6" line="11123" tag="B">24</item>
    <item id="c7" line="11124" tag="T+AC">He beat [him] till blo o d came out.' (Li and Ma 1982: 83, tr. aw)</item>
  </tier>
  <tier id="p" type="phrases" content="c">
    <item id="p0" content="c1[0:57]"/>
  </tier>
  <tier id="g" type="glosses" content="c">
    <item id="g0" content="c4[0:35]" alignment="p1"/>
  </tier>
  <tier id="t" type="translations" content="c">
    <item id="t0" content="c7[0:66]" alignment="p1"/>
  </tier>
</igt>
<igt id="i47607">
  <metadata type="xigt-meta">
    <meta type="language" name="nosu" iso-639-3="iii" tiers="phrases words morphemes"/>
    <meta type="language" name="English" iso-639-3="eng" tiers="translations"/>
    <meta type="odin-source" doc-id="3413" line-range="11156-11165" line-types="L+CR L+CR G+CR G+CR G+CR G+CR G+CR G+CR T M+AC+CR"/>
  </metadata>
  <tier id="o" type="odin-raw">
    <item id="o1" line="11156" tag="L+CR">                    Æ a33 vÁ55 ga33 tshi34 tshi33           sÁ33 nÁ21 tshi33 sÁ34 lo55 bu33 a33 nÁ33 o34 .</item>
    <item id="o2" line="11157" tag="L+CR">  (6 3 0 )</item>
    <item id="o3" line="11158" tag="G+CR">                                                                                            red ¦ prt</item>
    <item id="o4" line="11159" tag="G+CR">                                                                                   ¯</item>
    <item id="o5" line="11160" tag="G+CR">                           ¯</item>
    <item id="o6" line="11161" tag="G+CR">                                                                      wash si palms</item>
    <item id="o7" line="11162" tag="G+CR">                                                            and</item>
    <item id="o8" line="11163" tag="G+CR">                    1s clothes wash wash</item>
    <item id="o9" line="11164" tag="T">                    `I washed and washed the                 clothes, and washed till my palms were red.'</item>
    <item id="o10" line="11165" tag="M+AC+CR">                    (Chen and Wu 1998: 88, t                r. aw)</item>
  </tier>
  <tier id="c" type="odin-clean">
    <item id="c1" line="11156 11157" tag="L+CR">(6 3 0 )          Æ a33 vÁ55 ga33 tshi34 tshi33           sÁ33 nÁ21 tshi33 sÁ34 lo55 bu33 a33 nÁ33 o34 .</item>
    <item id="c3" line="11158 11159 11160 11161 11162" tag="G+CR">¯                               and       wash si palms¯       red ¦ prt</item>
    <item id="c9" line="11164" tag="T">I washed and washed the                 clothes, and washed till my palms were red.</item>
    <item id="c10" line="11165" tag="M+AC+CR">Chen and Wu 1998: 88, t                r. aw</item>
  </tier>
  <tier id="p" type="phrases" content="c">
    <item id="p0" content="c1[0:104]"/>
  </tier>
  <tier id="g" type="glosses" content="c">
    <item id="g0" content="c3[0:72]" alignment="p1"/>
  </tier>
  <tier id="t" type="translations" content="c">
    <item id="t0" content="c9[0:83]" alignment="p1"/>
  </tier>
</igt>
<igt id="i47609">
  <metadata type="xigt-meta">
    <meta type="language" name="nosu" iso-639-3="iii" tiers="phrases words morphemes"/>
    <meta type="language" name="English" iso-639-3="eng" tiers="translations"/>
    <meta type="odin-source" doc-id="3413" line-range="11181-11182" line-types="L-T+CR+SY L-T+CR+SY"/>
  </metadata>
  <tier id="o" type="odin-raw">
    <item id="o1" line="11181" tag="L-T+CR+SY">                                      a33 nÁ33 ] `palms are red'</item>
    <item id="o2" line="11182" tag="L-T+CR+SY">                   [XP lo55 bu   33</item>
  </tier>
  <tier id="c" type="odin-clean">
    <item id="c1" line="11181 11182" tag="L-T+CR+SY">[XP lo55 bu   33   a33 nÁ33 ] `palms are red</item>
  </tier>
</igt>
<igt id="i112285">
  <metadata type="xigt-meta">
    <meta type="language" name="yi" iso-639-3="iii" tiers="phrases words morphemes"/>
    <meta type="language" name="English" iso-639-3="eng" tiers="translations"/>
    <meta type="odin-source" doc-id="410" line-range="1806-1808" line-types="L+AC G T"/>
  </metadata>
  <tier id="o" type="odin-raw">
    <item id="o1" line="1806" tag="L+AC">       (82) a. a vi       t)'    v va xu t)'                              (Wheatley 1985:413)</item>
    <item id="o2" line="1807" tag="G">               my sister scales take pig flesh weigh</item>
    <item id="o3" line="1808" tag="T">                  `My sister weighed the pork with the scales.'</item>
  </tier>
  <tier id="c" type="odin-clean">
    <item id="c1" line="1806" tag="L+AC">a. a vi       t)'    v va xu t)'                              (Wheatley 1985:413</item>
    <item id="c2" line="1807" tag="G">my sister scales take pig flesh weigh</item>
    <item id="c3" line="1808" tag="T">My sister weighed the pork with the scales.</item>
  </tier>
  <tier id="p" type="phrases" content="c">
    <item id="p0" content="c1[0:80]"/>
  </tier>
  <tier id="g" type="glosses" content="c">
    <item id="g0" content="c2[0:37]" alignment="p1"/>
  </tier>
  <tier id="t" type="translations" content="c">
    <item id="t0" content="c3[0:43]" alignment="p1"/>
  </tier>
</igt>
<igt id="i112286">
  <metadata type="xigt-meta">
    <meta type="language" name="yi" iso-639-3="iii" tiers="phrases words morphemes"/>
    <meta type="language" name="English" iso-639-3="eng" tiers="translations"/>
    <meta type="odin-source" doc-id="410" line-range="1809-1812" line-types="L+AC G T T"/>
  </metadata>
  <tier id="o" type="odin-raw">
    <item id="o1" line="1809" tag="L+AC">            b. t&lt;'i u dz8 fi         t'i À: zu d{                         (Wheatley 1985:407)</item>
    <item id="o2" line="1810" tag="G">               dog that pair divide his brother give</item>
    <item id="o3" line="1811" tag="T">                  `[He] gave the pair of dogs to his younger</item>
    <item id="o4" line="1812" tag="T">                  brother as his share.'</item>
  </tier>
  <tier id="c" type="odin-clean">
    <item id="c1" line="1809" tag="L+AC">t&lt;'i u dz8 fi         t'i À: zu d{                         (Wheatley 1985:407)</item>
    <item id="c2" line="1810" tag="G">dog that pair divide his brother give</item>
    <item id="c3" line="1811" tag="T">[He] gave the pair of dogs to his younger</item>
    <item id="c4" line="1812" tag="T">brother as his share.</item>
  </tier>
  <tier id="p" type="phrases" content="c">
    <item id="p0" content="c1[0:78]"/>
  </tier>
  <tier id="g" type="glosses" content="c">
    <item id="g0" content="c2[0:37]" alignment="p1"/>
  </tier>
  <tier id="t" type="translations" content="c">
    <item id="t0" content="c3[0:41]" alignment="p1"/>
    <item id="t1" content="c4[0:21]" alignment="p1"/>
  </tier>
</igt>
<igt id="i115617">
  <metadata type="xigt-meta">
    <meta type="language" name="yi" iso-639-3="iii" tiers="phrases words morphemes"/>
    <meta type="language" name="English" iso-639-3="eng" tiers="translations"/>
    <meta type="odin-source" doc-id="3380" line-range="2210-2214" line-types="M+LN B L G T+AC"/>
  </metadata>
  <tier id="o" type="odin-raw">
    <item id="o1" line="2210" tag="M+LN">         b.   Yi</item>
    <item id="o2" line="2211" tag="B"></item>
    <item id="o3" line="2212" tag="L">              va55 dzr33 va55</item>
    <item id="o4" line="2213" tag="G">              good very     good</item>
    <item id="o5" line="2214" tag="T+AC">              `very good' (Ch'en, Pien, and Li 1985: 101)</item>
  </tier>
  <tier id="c" type="odin-clean">
    <item id="c1" line="2210" tag="M+LN">Yi</item>
    <item id="c2" line="2211" tag="B"/>
    <item id="c3" line="2212" tag="L">va55 dzr33 va55</item>
    <item id="c4" line="2213" tag="G">good very     good</item>
    <item id="c5" line="2214" tag="T+AC">very good' (Ch'en, Pien, and Li 1985: 101)</item>
  </tier>
  <tier id="p" type="phrases" content="c">
    <item id="p0" content="c3[0:15]"/>
  </tier>
  <tier id="g" type="glosses" content="c">
    <item id="g0" content="c4[0:18]" alignment="p1"/>
  </tier>
  <tier id="t" type="translations" content="c">
    <item id="t0" content="c5[0:42]" alignment="p1"/>
  </tier>
</igt>
<igt id="i123561">
  <metadata type="xigt-meta">
    <meta type="language" name="nuosu" iso-639-3="iii" tiers="phrases words morphemes"/>
    <meta type="language" name="English" iso-639-3="eng" tiers="translations"/>
    <meta type="odin-source" doc-id="4052" line-range="92-96" line-types="L+CR L+CR L+CR G T+LN"/>
  </metadata>
  <tier id="o" type="odin-raw">
    <item id="o1" line="92" tag="L+CR">  m33 ka55 m33 ko44 ndu21</item>
    <item id="o2" line="93" tag="L+CR">           .</item>
    <item id="o3" line="94" tag="L+CR">  .</item>
    <item id="o4" line="95" tag="G">  Muga     Mugo     beat</item>
    <item id="o5" line="96" tag="T+LN">  `Muga beats Mugo' or `Mugo beats Muga'            Liangshan Nuosu</item>
  </tier>
  <tier id="c" type="odin-clean">
    <item id="c1" line="92" tag="L+CR">m33 ka55 m33 ko44 ndu21</item>
    <item id="c4" line="95" tag="G">Muga     Mugo     beat</item>
    <item id="c5" line="96" tag="T+LN">Muga beats Mugo' or `Mugo beats Muga'            Liangshan Nuosu</item>
  </tier>
  <tier id="p" type="phrases" content="c">
    <item id="p0" content="c1[0:23]"/>
  </tier>
  <tier id="g" type="glosses" content="c">
    <item id="g0" content="c4[0:22]" alignment="p1"/>
  </tier>
  <tier id="t" type="translations" content="c">
    <item id="t0" content="c5[0:64]" alignment="p1"/>
  </tier>
</igt>
<igt id="i124981">
  <metadata type="xigt-meta">
    <meta type="language" name="nuosu" iso-639-3="iii" tiers="phrases words morphemes"/>
    <meta type="language" name="English" iso-639-3="eng" tiers="translations"/>
    <meta type="odin-source" doc-id="4037" line-range="2133-2138" line-types="L+CR L+CR L+CR G T+LN+DB M"/>
  </metadata>
  <tier id="o" type="odin-raw">
    <item id="o1" line="2133" tag="L+CR">  m33 ka55 m33 ko44 ndu21</item>
    <item id="o2" line="2134" tag="L+CR">           .</item>
    <item id="o3" line="2135" tag="L+CR">  .</item>
    <item id="o4" line="2136" tag="G">  Muga     Mugo     beat</item>
    <item id="o5" line="2137" tag="T+LN+DB">  `Muga beats Mugo' or `Mugo beats Muga'            Liangshan Nuosu</item>
    <item id="o6" line="2138" tag="M">  (superscripts represent tones)</item>
  </tier>
  <tier id="c" type="odin-clean">
    <item id="c1" line="2133" tag="L+CR">m33 ka55 m33 ko44 ndu21</item>
    <item id="c4" line="2136" tag="G">Muga     Mugo     beat</item>
    <item id="c5" line="2137" tag="T+LN+DB">Muga beats Mugo' or `Mugo beats Muga'            Liangshan Nuosu</item>
    <item id="c6" line="2138" tag="M">superscripts represent tones</item>
  </tier>
  <tier id="p" type="phrases" content="c">
    <item id="p0" content="c1[0:23]"/>
  </tier>
  <tier id="g" type="glosses" content="c">
    <item id="g0" content="c4[0:22]" alignment="p1"/>
  </tier>
  <tier id="t" type="translations" content="c">
    <item id="t0" content="c5[0:64]" alignment="p1"/>
  </tier>
</igt>
</xigt-corpus>
