<?xml version="1.0" encoding="UTF-8"?>
<xigt-corpus>
<igt id="i47624">
  <metadata type="xigt-meta">
    <meta type="language" name="inuit" iso-639-3="ike:kal" tiers="phrases words morphemes"/>
    <meta type="language" name="English" iso-639-3="eng" tiers="translations"/>
    <meta type="odin-source" doc-id="3415" line-range="159-161" line-types="L G T"/>
  </metadata>
  <tier id="o" type="odin-raw">
    <item id="o1" line="159" tag="L">  (6) a.     *Hansiup i immii          asap-puq</item>
    <item id="o2" line="160" tag="G">             Hansi:ERG himself:ABS wash-IND.3SG.3SG.</item>
    <item id="o3" line="161" tag="T">             `Hansi washed himself'</item>
  </tier>
  <tier id="c" type="odin-clean">
    <item id="c1" line="159" tag="L">*Hansiup i immii          asap-puq</item>
    <item id="c2" line="160" tag="G">Hansi:ERG himself:ABS wash-IND.3SG.3SG.</item>
    <item id="c3" line="161" tag="T">Hansi washed himself</item>
  </tier>
  <tier id="p" type="phrases" content="c">
    <item id="p0" content="c1[0:34]"/>
  </tier>
  <tier id="g" type="glosses" content="c">
    <item id="g0" content="c2[0:39]" alignment="p1"/>
  </tier>
  <tier id="t" type="translations" content="c">
    <item id="t0" content="c3[0:20]" alignment="p1"/>
  </tier>
</igt>
<igt id="i47625">
  <metadata type="xigt-meta">
    <meta type="language" name="inuit" iso-639-3="ike:kal" tiers="phrases words morphemes"/>
    <meta type="language" name="English" iso-639-3="eng" tiers="translations"/>
    <meta type="odin-source" doc-id="3415" line-range="162-164" line-types="L G T"/>
  </metadata>
  <tier id="o" type="odin-raw">
    <item id="o1" line="162" tag="L">        b.   Asap-puq</item>
    <item id="o2" line="163" tag="G">             wash-IND.3SG</item>
    <item id="o3" line="164" tag="T">             `He washed himself'</item>
  </tier>
  <tier id="c" type="odin-clean">
    <item id="c1" line="162" tag="L">Asap-puq</item>
    <item id="c2" line="163" tag="G">wash-IND.3SG</item>
    <item id="c3" line="164" tag="T">He washed himself</item>
  </tier>
  <tier id="p" type="phrases" content="c">
    <item id="p0" content="c1[0:8]"/>
  </tier>
  <tier id="g" type="glosses" content="c">
    <item id="g0" content="c2[0:12]" alignment="p1"/>
  </tier>
  <tier id="t" type="translations" content="c">
    <item id="t0" content="c3[0:17]" alignment="p1"/>
  </tier>
</igt>
</xigt-corpus>
