<?xml version="1.0" encoding="UTF-8"?>
<xigt-corpus>
<igt id="i18182">
  <metadata type="xigt-meta">
    <meta type="language" name="kangiryuarmiut" iso-639-3="ikt" tiers="phrases words morphemes"/>
    <meta type="language" name="English" iso-639-3="eng" tiers="translations"/>
    <meta type="odin-source" doc-id="2895" line-range="88-90" line-types="L G T"/>
  </metadata>
  <tier id="o" type="odin-raw">
    <item id="o1" line="88" tag="L">  (1)    umimak-hiu-riaqtu-qati-gi-tqi-limaiq-t-a-ra</item>
    <item id="o2" line="89" tag="G">         muskox-hunt-go.for-partner-have.as-again-will.no.more-DEC-IND-1SG.3SG</item>
    <item id="o3" line="90" tag="T">         `I'll never go muskox hunting with him again.'</item>
  </tier>
  <tier id="c" type="odin-clean">
    <item id="c1" line="88" tag="L">umimak-hiu-riaqtu-qati-gi-tqi-limaiq-t-a-ra</item>
    <item id="c2" line="89" tag="G">muskox-hunt-go.for-partner-have.as-again-will.no.more-DEC-IND-1SG.3SG</item>
    <item id="c3" line="90" tag="T">I'll never go muskox hunting with him again.</item>
  </tier>
  <tier id="p" type="phrases" content="c">
    <item id="p0" content="c1[0:43]"/>
  </tier>
  <tier id="g" type="glosses" content="c">
    <item id="g0" content="c2[0:69]" alignment="p1"/>
  </tier>
  <tier id="t" type="translations" content="c">
    <item id="t0" content="c3[0:44]" alignment="p1"/>
  </tier>
</igt>
<igt id="i22449">
  <metadata type="xigt-meta">
    <meta type="language" name="inuit" iso-639-3="ikt" tiers="phrases words morphemes"/>
    <meta type="language" name="English" iso-639-3="eng" tiers="translations"/>
    <meta type="odin-source" doc-id="3234" line-range="65-67" line-types="L G T+AC"/>
  </metadata>
  <tier id="o" type="odin-raw">
    <item id="o1" line="65" tag="L">  (2)   a.    tuqu-ssa-atit.</item>
    <item id="o2" line="66" tag="G">              die.FUT.IND-2SG `</item>
    <item id="o3" line="67" tag="T+AC">              You will die (e.g., if you drink the poison).'    (Shaer, 2003)</item>
  </tier>
  <tier id="c" type="odin-clean">
    <item id="c1" line="65" tag="L">tuqu-ssa-atit.</item>
    <item id="c2" line="66" tag="G">die.FUT.IND-2SG</item>
    <item id="c3" line="67" tag="T+AC">You will die (e.g., if you drink the poison).'    (Shaer, 2003)</item>
  </tier>
  <tier id="p" type="phrases" content="c">
    <item id="p0" content="c1[0:14]"/>
  </tier>
  <tier id="g" type="glosses" content="c">
    <item id="g0" content="c2[0:15]" alignment="p1"/>
  </tier>
  <tier id="t" type="translations" content="c">
    <item id="t0" content="c3[0:63]" alignment="p1"/>
  </tier>
</igt>
<igt id="i41840">
  <metadata type="xigt-meta">
    <meta type="language" name="kangiryuarmiut eskimo" iso-639-3="ikt" tiers="phrases words morphemes"/>
    <meta type="language" name="English" iso-639-3="eng" tiers="translations"/>
    <meta type="odin-source" doc-id="3512" line-range="8071-8073" line-types="L+EX G T+AC"/>
  </metadata>
  <tier id="o" type="odin-raw">
    <item id="o1" line="8071" tag="L+EX">      c. taku-gu-pku apir-niaq-tara                                                (K)</item>
    <item id="o2" line="8072" tag="G">          see-if-1s/3s ask-n.fut.trans.part.1s/3s</item>
    <item id="o3" line="8073" tag="T+AC">          `If I see him, I will ask him.'                                 (Lowe 1985)</item>
  </tier>
  <tier id="c" type="odin-clean">
    <item id="c1" line="8071" tag="L+EX">taku-gu-pku apir-niaq-tara                                                (K)</item>
    <item id="c2" line="8072" tag="G">see-if-1s/3s ask-n.fut.trans.part.1s/3s</item>
    <item id="c3" line="8073" tag="T+AC">If I see him, I will ask him.'                                 (Lowe 1985)</item>
  </tier>
  <tier id="p" type="phrases" content="c">
    <item id="p0" content="c1[0:77]"/>
  </tier>
  <tier id="g" type="glosses" content="c">
    <item id="g0" content="c2[0:39]" alignment="p1"/>
  </tier>
  <tier id="t" type="translations" content="c">
    <item id="t0" content="c3[0:74]" alignment="p1"/>
  </tier>
</igt>
<igt id="i75118">
  <metadata type="xigt-meta">
    <meta type="language" name="inuktitut" iso-639-3="ikt" tiers="phrases words morphemes"/>
    <meta type="language" name="English" iso-639-3="eng" tiers="translations"/>
    <meta type="odin-source" doc-id="3700" line-range="1204-1206" line-types="L G T"/>
  </metadata>
  <tier id="o" type="odin-raw">
    <item id="o1" line="1204" tag="L">        (41)   a.   angut-Ø anijuq</item>
    <item id="o2" line="1205" tag="G">                    man-ABS went out</item>
    <item id="o3" line="1206" tag="T">                    `The man went out'</item>
  </tier>
  <tier id="c" type="odin-clean">
    <item id="c1" line="1204" tag="L">angut-Ø anijuq</item>
    <item id="c2" line="1205" tag="G">man-ABS went out</item>
    <item id="c3" line="1206" tag="T">The man went out</item>
  </tier>
  <tier id="p" type="phrases" content="c">
    <item id="p0" content="c1[0:14]"/>
  </tier>
  <tier id="g" type="glosses" content="c">
    <item id="g0" content="c2[0:16]" alignment="p1"/>
  </tier>
  <tier id="t" type="translations" content="c">
    <item id="t0" content="c3[0:16]" alignment="p1"/>
  </tier>
</igt>
<igt id="i75119">
  <metadata type="xigt-meta">
    <meta type="language" name="inuktitut" iso-639-3="ikt" tiers="phrases words morphemes"/>
    <meta type="language" name="English" iso-639-3="eng" tiers="translations"/>
    <meta type="odin-source" doc-id="3700" line-range="1207-1209" line-types="L G T"/>
  </metadata>
  <tier id="o" type="odin-raw">
    <item id="o1" line="1207" tag="L">               b.   arna-up    angut-Ø kunigaa</item>
    <item id="o2" line="1208" tag="G">                    woman-ERG man-ABS kissed</item>
    <item id="o3" line="1209" tag="T">                    `The woman kissed the man'</item>
  </tier>
  <tier id="c" type="odin-clean">
    <item id="c1" line="1207" tag="L">arna-up    angut-Ø kunigaa</item>
    <item id="c2" line="1208" tag="G">woman-ERG man-ABS kissed</item>
    <item id="c3" line="1209" tag="T">The woman kissed the man</item>
  </tier>
  <tier id="p" type="phrases" content="c">
    <item id="p0" content="c1[0:26]"/>
  </tier>
  <tier id="g" type="glosses" content="c">
    <item id="g0" content="c2[0:24]" alignment="p1"/>
  </tier>
  <tier id="t" type="translations" content="c">
    <item id="t0" content="c3[0:24]" alignment="p1"/>
  </tier>
</igt>
<igt id="i75120">
  <metadata type="xigt-meta">
    <meta type="language" name="inuktitut" iso-639-3="ikt" tiers="phrases words morphemes"/>
    <meta type="language" name="English" iso-639-3="eng" tiers="translations"/>
    <meta type="odin-source" doc-id="3700" line-range="1210-1212" line-types="L G T"/>
  </metadata>
  <tier id="o" type="odin-raw">
    <item id="o1" line="1210" tag="L">               c.   Jaani-up nasaa</item>
    <item id="o2" line="1211" tag="G">                    John-ERG hat</item>
    <item id="o3" line="1212" tag="T">                    `John's hat'</item>
  </tier>
  <tier id="c" type="odin-clean">
    <item id="c1" line="1210" tag="L">Jaani-up nasaa</item>
    <item id="c2" line="1211" tag="G">John-ERG hat</item>
    <item id="c3" line="1212" tag="T">John's hat</item>
  </tier>
  <tier id="p" type="phrases" content="c">
    <item id="p0" content="c1[0:14]"/>
  </tier>
  <tier id="g" type="glosses" content="c">
    <item id="g0" content="c2[0:12]" alignment="p1"/>
  </tier>
  <tier id="t" type="translations" content="c">
    <item id="t0" content="c3[0:10]" alignment="p1"/>
  </tier>
</igt>
<igt id="i75121">
  <metadata type="xigt-meta">
    <meta type="language" name="inuktitut" iso-639-3="ikt" tiers="phrases words morphemes"/>
    <meta type="language" name="English" iso-639-3="eng" tiers="translations"/>
    <meta type="odin-source" doc-id="3700" line-range="1228-1230" line-types="L G T"/>
  </metadata>
  <tier id="o" type="odin-raw">
    <item id="o1" line="1228" tag="L">        (42)        kapi-jaq</item>
    <item id="o2" line="1229" tag="G">                    stab-NOM</item>
    <item id="o3" line="1230" tag="T">                    `the stabbed one'</item>
  </tier>
  <tier id="c" type="odin-clean">
    <item id="c1" line="1228" tag="L">kapi-jaq</item>
    <item id="c2" line="1229" tag="G">stab-NOM</item>
    <item id="c3" line="1230" tag="T">the stabbed one</item>
  </tier>
  <tier id="p" type="phrases" content="c">
    <item id="p0" content="c1[0:8]"/>
  </tier>
  <tier id="g" type="glosses" content="c">
    <item id="g0" content="c2[0:8]" alignment="p1"/>
  </tier>
  <tier id="t" type="translations" content="c">
    <item id="t0" content="c3[0:15]" alignment="p1"/>
  </tier>
</igt>
<igt id="i75122">
  <metadata type="xigt-meta">
    <meta type="language" name="inuktitut" iso-639-3="ikt" tiers="phrases words morphemes"/>
    <meta type="language" name="English" iso-639-3="eng" tiers="translations"/>
    <meta type="odin-source" doc-id="3700" line-range="1234-1236" line-types="L G T"/>
  </metadata>
  <tier id="o" type="odin-raw">
    <item id="o1" line="1234" tag="L">        (43)        anguti-up       kapi-ja-a</item>
    <item id="o2" line="1235" tag="G">                    man-ERG/GEN stab-NOM-3s</item>
    <item id="o3" line="1236" tag="T">                    `the man's stabbed one'</item>
  </tier>
  <tier id="c" type="odin-clean">
    <item id="c1" line="1234" tag="L">anguti-up       kapi-ja-a</item>
    <item id="c2" line="1235" tag="G">man-ERG/GEN stab-NOM-3s</item>
    <item id="c3" line="1236" tag="T">the man's stabbed one</item>
  </tier>
  <tier id="p" type="phrases" content="c">
    <item id="p0" content="c1[0:25]"/>
  </tier>
  <tier id="g" type="glosses" content="c">
    <item id="g0" content="c2[0:23]" alignment="p1"/>
  </tier>
  <tier id="t" type="translations" content="c">
    <item id="t0" content="c3[0:21]" alignment="p1"/>
  </tier>
</igt>
<igt id="i75123">
  <metadata type="xigt-meta">
    <meta type="language" name="inuktitut" iso-639-3="ikt" tiers="phrases words morphemes"/>
    <meta type="language" name="English" iso-639-3="eng" tiers="translations"/>
    <meta type="odin-source" doc-id="3700" line-range="1251-1253" line-types="L G T+DB"/>
  </metadata>
  <tier id="o" type="odin-raw">
    <item id="o1" line="1251" tag="L">      (44)        anguti-up        nanuq-Ø kapi-ja-a-Ø</item>
    <item id="o2" line="1252" tag="G">                  man-ERG/GEN bear-ABS stab-NOM-3s-3s</item>
    <item id="o3" line="1253" tag="T+DB">                  `The bear is the man's stabbed one; the man stabbed the bear'</item>
  </tier>
  <tier id="c" type="odin-clean">
    <item id="c1" line="1251" tag="L">anguti-up        nanuq-Ø kapi-ja-a-Ø</item>
    <item id="c2" line="1252" tag="G">man-ERG/GEN bear-ABS stab-NOM-3s-3s</item>
    <item id="c3" line="1253" tag="T+DB">The bear is the man's stabbed one; the man stabbed the bear</item>
  </tier>
  <tier id="p" type="phrases" content="c">
    <item id="p0" content="c1[0:36]"/>
  </tier>
  <tier id="g" type="glosses" content="c">
    <item id="g0" content="c2[0:35]" alignment="p1"/>
  </tier>
  <tier id="t" type="translations" content="c">
    <item id="t0" content="c3[0:59]" alignment="p1"/>
  </tier>
</igt>
<igt id="i149465">
  <metadata type="xigt-meta">
    <meta type="language" name="inuktitut" iso-639-3="ikt" tiers="phrases words morphemes"/>
    <meta type="language" name="English" iso-639-3="eng" tiers="translations"/>
    <meta type="odin-source" doc-id="3463" line-range="16-19" line-types="L+LN L+AC+AL L T"/>
  </metadata>
  <tier id="o" type="odin-raw">
    <item id="o1" line="16" tag="L+LN">  (2)                   pii!                             Inuktitut</item>
    <item id="o2" line="17" tag="L+AC+AL">                        Piiq ­ Ø                         (Swift &amp; Allen, 2002)</item>
    <item id="o3" line="18" tag="L">                        Remove­no.infl.</item>
    <item id="o4" line="19" tag="T">                        `(you) get off.'</item>
  </tier>
  <tier id="c" type="odin-clean">
    <item id="c1" line="16" tag="L+LN">pii!                             Inuktitut</item>
    <item id="c2" line="17" tag="L+AC+AL">Piiq ­ Ø                         (Swift &amp; Allen, 2002)</item>
    <item id="c3" line="18" tag="L">Remove­no.infl.</item>
    <item id="c4" line="19" tag="T">(you) get off.</item>
  </tier>
  <tier id="p" type="phrases" content="c">
    <item id="p0" content="c1[0:42]"/>
    <item id="p1" content="c2[0:54]"/>
    <item id="p2" content="c3[0:15]"/>
  </tier>
  <tier id="t" type="translations" content="c">
    <item id="t0" content="c4[0:14]" alignment="p3"/>
  </tier>
</igt>
<igt id="i154590">
  <metadata type="xigt-meta">
    <meta type="language" name="central arctic inuktitut" iso-639-3="ikt" tiers="phrases words morphemes"/>
    <meta type="language" name="English" iso-639-3="eng" tiers="translations"/>
    <meta type="odin-source" doc-id="520" line-range="1713-1717" line-types="M+LN L G T M+AC"/>
  </metadata>
  <tier id="o" type="odin-raw">
    <item id="o1" line="1713" tag="M+LN">  (23)   a.      Central Arctic   Inuktitut</item>
    <item id="o2" line="1714" tag="L">                 Anguti-up        titiraut        nutarar-mut   tuni</item>
    <item id="o3" line="1715" tag="G">                 man -ERG         pencil (ABS) child-DAT        give-v-a-a</item>
    <item id="o4" line="1716" tag="T">                 `the man gave    the pencil to the child'</item>
    <item id="o5" line="1717" tag="M+AC">                                                                              (Johnson (1980))</item>
  </tier>
  <tier id="c" type="odin-clean">
    <item id="c1" line="1713" tag="M+LN">Central Arctic   Inuktitut</item>
    <item id="c2" line="1714" tag="L">Anguti-up        titiraut        nutarar-mut   tuni</item>
    <item id="c3" line="1715" tag="G">man-ERG         pencil (ABS) child-DAT        give-v-a-a</item>
    <item id="c4" line="1716" tag="T">the man gave    the pencil to the child</item>
    <item id="c5" line="1717" tag="M+AC">Johnson (1980)</item>
  </tier>
  <tier id="p" type="phrases" content="c">
    <item id="p0" content="c2[0:51]"/>
  </tier>
  <tier id="g" type="glosses" content="c">
    <item id="g0" content="c3[0:56]" alignment="p1"/>
  </tier>
  <tier id="t" type="translations" content="c">
    <item id="t0" content="c4[0:39]" alignment="p1"/>
  </tier>
</igt>
</xigt-corpus>
