<?xml version="1.0" encoding="UTF-8"?>
<xigt-corpus>
<igt id="i41744">
  <metadata type="xigt-meta">
    <meta type="language" name="ilgar" iso-639-3="ilg" tiers="phrases words morphemes"/>
    <meta type="language" name="English" iso-639-3="eng" tiers="translations"/>
    <meta type="odin-source" doc-id="3501" line-range="384-386" line-types="L G T+DB"/>
  </metadata>
  <tier id="o" type="odin-raw">
    <item id="o1" line="384" tag="L">  (4a)   Nga(n)-ni-ma-ny                wunyarru.</item>
    <item id="o2" line="385" tag="G">  I lg   1OBJ-3ERG-get-PST              sickness</item>
    <item id="o3" line="386" tag="T+DB">         `I got sick.' (Sickness got/caught me.)</item>
  </tier>
  <tier id="c" type="odin-clean">
    <item id="c1" line="384" tag="L">Nga(n)-ni-ma-ny                wunyarru.</item>
    <item id="c2" line="385" tag="G">I lg   1OBJ-3ERG-get-PST              sickness</item>
    <item id="c3" line="386" tag="T+DB">I got sick.' (Sickness got/caught me.)</item>
  </tier>
  <tier id="p" type="phrases" content="c">
    <item id="p0" content="c1[0:40]"/>
  </tier>
  <tier id="g" type="glosses" content="c">
    <item id="g0" content="c2[0:46]" alignment="p1"/>
  </tier>
  <tier id="t" type="translations" content="c">
    <item id="t0" content="c3[0:38]" alignment="p1"/>
  </tier>
</igt>
<igt id="i49202">
  <metadata type="xigt-meta">
    <meta type="language" name="garig-ilgar" iso-639-3="ilg" tiers="phrases words morphemes"/>
    <meta type="language" name="English" iso-639-3="eng" tiers="translations"/>
    <meta type="odin-source" doc-id="3408" line-range="85-87" line-types="L G+LN T"/>
  </metadata>
  <tier id="o" type="odin-raw">
    <item id="o1" line="85" tag="L">  (4a)   Nga(n)-ni-ma-ny                wunyarru.</item>
    <item id="o2" line="86" tag="G+LN">  I lg   1OBJ-3ERG-get-PST              sickness</item>
    <item id="o3" line="87" tag="T">         `I got sick.' (Sickness got/caught me.)</item>
  </tier>
  <tier id="c" type="odin-clean">
    <item id="c1" line="85" tag="L">Nga(n)-ni-ma-ny                wunyarru.</item>
    <item id="c2" line="86" tag="G+LN">I lg   1OBJ-3ERG-get-PST              sickness</item>
    <item id="c3" line="87" tag="T">I got sick.' (Sickness got/caught me.)</item>
  </tier>
  <tier id="p" type="phrases" content="c">
    <item id="p0" content="c1[0:40]"/>
  </tier>
  <tier id="g" type="glosses" content="c">
    <item id="g0" content="c2[0:46]" alignment="p1"/>
  </tier>
  <tier id="t" type="translations" content="c">
    <item id="t0" content="c3[0:38]" alignment="p1"/>
  </tier>
</igt>
<igt id="i108239">
  <metadata type="xigt-meta">
    <meta type="language" name="ilgar" iso-639-3="ilg" tiers="phrases words morphemes"/>
    <meta type="language" name="English" iso-639-3="eng" tiers="translations"/>
    <meta type="odin-source" doc-id="919" line-range="430-433" line-types="M+AC+LN L+DB G+DB T+DB"/>
  </metadata>
  <tier id="o" type="odin-raw">
    <item id="o1" line="430" tag="M+AC+LN">        Ilgar (Evans 2000: 117)                                                   Upper Necaxa        Totonac</item>
    <item id="o2" line="431" tag="L+DB">   (1a) ngan­nga­wulang                                                      (1b) na­k­wi:lí:          x­pé'hxtún   mé:sa</item>
    <item id="o3" line="432" tag="G+DB">          1SG.OBJ   ­3SG:FEM:ERG­be.mother.to:NON-PAST                            FUT­1SG­put          3PO­shoulder table</item>
    <item id="o4" line="433" tag="T+DB">          `my mother' (lit. `she's my mother')                                    `I'll put it next   to the table'</item>
  </tier>
  <tier id="c" type="odin-clean">
    <item id="c1" line="430" tag="M+AC+LN">Ilgar (Evans 2000: 117)                                                   Upper Necaxa        Totonac</item>
    <item id="c2" line="431" tag="L+DB">ngan­nga­wulang                                                      (1b) na­k­wi:lí:          x­pé'hxtún   mé:sa</item>
    <item id="c3" line="432" tag="G+DB">1SG.OBJ   ­3SG:FEM:ERG­be.mother.to:NON-PAST                            FUT­1SG­put          3PO­shoulder table</item>
    <item id="c4" line="433" tag="T+DB">my mother' (lit. `she's my mother')                                    `I'll put it next   to the table</item>
  </tier>
  <tier id="p" type="phrases" content="c">
    <item id="p0" content="c2[0:113]"/>
  </tier>
  <tier id="g" type="glosses" content="c">
    <item id="g0" content="c3[0:111]" alignment="p1"/>
  </tier>
  <tier id="t" type="translations" content="c">
    <item id="t0" content="c4[0:103]" alignment="p1"/>
  </tier>
</igt>
</xigt-corpus>
