<?xml version="1.0" encoding="UTF-8"?>
<xigt-corpus>
<igt id="i29232">
  <metadata type="xigt-meta">
    <meta type="language" name="ilocano" iso-639-3="ilo" tiers="phrases words morphemes"/>
    <meta type="language" name="English" iso-639-3="eng" tiers="translations"/>
    <meta type="odin-source" doc-id="2791" line-range="721-722" line-types="M+LN+CR+EX L-T+DB"/>
  </metadata>
  <tier id="o" type="odin-raw">
    <item id="o1" line="721" tag="M+LN+CR+EX">  Ilocano Cla   ss I:</item>
    <item id="o2" line="722" tag="L-T+DB">  maputed        `get cut off '           puted     `s.t. severed'      putd-en         `be   cut off '</item>
  </tier>
  <tier id="c" type="odin-clean">
    <item id="c1" line="721" tag="M+LN+CR+EX">Ilocano Cla   ss I:</item>
    <item id="c2" line="722" tag="L-T+DB">maputed        `get cut off '           puted     `s.t. severed'      putd-en         `be   cut off</item>
  </tier>
</igt>
<igt id="i29233">
  <metadata type="xigt-meta">
    <meta type="language" name="ilocano" iso-639-3="ilo" tiers="phrases words morphemes"/>
    <meta type="language" name="English" iso-639-3="eng" tiers="translations"/>
    <meta type="odin-source" doc-id="2791" line-range="723-723" line-types="L-T+DB"/>
  </metadata>
  <tier id="o" type="odin-raw">
    <item id="o1" line="723" tag="L-T+DB">  makita         `be seen/visible'        kita      `appearance'        kita-en         `be   looked at'</item>
  </tier>
  <tier id="c" type="odin-clean">
    <item id="c1" line="723" tag="L-T+DB">makita         `be seen/visible'        kita      `appearance'        kita-en         `be   looked at</item>
  </tier>
</igt>
<igt id="i29234">
  <metadata type="xigt-meta">
    <meta type="language" name="ilocano" iso-639-3="ilo" tiers="phrases words morphemes"/>
    <meta type="language" name="English" iso-639-3="eng" tiers="translations"/>
    <meta type="odin-source" doc-id="2791" line-range="724-724" line-types="L-T+DB"/>
  </metadata>
  <tier id="o" type="odin-raw">
    <item id="o1" line="724" tag="L-T+DB">  malipít'       `get squeezed'           lipít     `narrow passage'    lipit-én        `be   squeezed'</item>
  </tier>
  <tier id="c" type="odin-clean">
    <item id="c1" line="724" tag="L-T+DB">malipít'       `get squeezed'           lipít     `narrow passage'    lipit-én        `be   squeezed</item>
  </tier>
</igt>
<igt id="i29235">
  <metadata type="xigt-meta">
    <meta type="language" name="ilocano" iso-639-3="ilo" tiers="phrases words morphemes"/>
    <meta type="language" name="English" iso-639-3="eng" tiers="translations"/>
    <meta type="odin-source" doc-id="2791" line-range="725-725" line-types="L-T+DB"/>
  </metadata>
  <tier id="o" type="odin-raw">
    <item id="o1" line="725" tag="L-T+DB">  maapúy         `get burnt (of rice)'    apúy      `²re'               apuy-én         `be   cooked'</item>
  </tier>
  <tier id="c" type="odin-clean">
    <item id="c1" line="725" tag="L-T+DB">maapúy         `get burnt (of rice)'    apúy      `²re'               apuy-én         `be   cooked</item>
  </tier>
</igt>
<igt id="i29236">
  <metadata type="xigt-meta">
    <meta type="language" name="ilocano" iso-639-3="ilo" tiers="phrases words morphemes"/>
    <meta type="language" name="English" iso-639-3="eng" tiers="translations"/>
    <meta type="odin-source" doc-id="2791" line-range="726-726" line-types="L-T+DB"/>
  </metadata>
  <tier id="o" type="odin-raw">
    <item id="o1" line="726" tag="L-T+DB">  malussók       `be pierced'             lussók    `perforated'        lussok-én       `be   bored into'</item>
  </tier>
  <tier id="c" type="odin-clean">
    <item id="c1" line="726" tag="L-T+DB">malussók       `be pierced'             lussók    `perforated'        lussok-én       `be   bored into</item>
  </tier>
</igt>
<igt id="i29237">
  <metadata type="xigt-meta">
    <meta type="language" name="ilocano" iso-639-3="ilo" tiers="phrases words morphemes"/>
    <meta type="language" name="English" iso-639-3="eng" tiers="translations"/>
    <meta type="odin-source" doc-id="2791" line-range="727-727" line-types="L-T+DB"/>
  </metadata>
  <tier id="o" type="odin-raw">
    <item id="o1" line="727" tag="L-T+DB">  mabuténg       `be afraid'              buténg    `fear'              but-buteng-én   `be   frightened'</item>
  </tier>
  <tier id="c" type="odin-clean">
    <item id="c1" line="727" tag="L-T+DB">mabuténg       `be afraid'              buténg    `fear'              but-buteng-én   `be   frightened</item>
  </tier>
</igt>
<igt id="i29238">
  <metadata type="xigt-meta">
    <meta type="language" name="ilocano" iso-639-3="ilo" tiers="phrases words morphemes"/>
    <meta type="language" name="English" iso-639-3="eng" tiers="translations"/>
    <meta type="odin-source" doc-id="2791" line-range="728-728" line-types="L-T+DB"/>
  </metadata>
  <tier id="o" type="odin-raw">
    <item id="o1" line="728" tag="L-T+DB">  maluksáw       `be angry'               luksáw    `anger'             --</item>
  </tier>
  <tier id="c" type="odin-clean">
    <item id="c1" line="728" tag="L-T+DB">maluksáw       `be angry'               luksáw    `anger'--</item>
  </tier>
</igt>
<igt id="i29239">
  <metadata type="xigt-meta">
    <meta type="language" name="ilocano" iso-639-3="ilo" tiers="phrases words morphemes"/>
    <meta type="language" name="English" iso-639-3="eng" tiers="translations"/>
    <meta type="odin-source" doc-id="2791" line-range="729-729" line-types="L-T+DB"/>
  </metadata>
  <tier id="o" type="odin-raw">
    <item id="o1" line="729" tag="L-T+DB">  maturog        `sleep'                  turog     `sleep (N)'         --</item>
  </tier>
  <tier id="c" type="odin-clean">
    <item id="c1" line="729" tag="L-T+DB">maturog        `sleep'                  turog     `sleep (N)'--</item>
  </tier>
</igt>
<igt id="i29240">
  <metadata type="xigt-meta">
    <meta type="language" name="ilocano" iso-639-3="ilo" tiers="phrases words morphemes"/>
    <meta type="language" name="English" iso-639-3="eng" tiers="translations"/>
    <meta type="odin-source" doc-id="2791" line-range="731-732" line-types="M+LN+CR+EX L-T+DB"/>
  </metadata>
  <tier id="o" type="odin-raw">
    <item id="o1" line="731" tag="M+LN+CR+EX">  Ilocano C   lass II:</item>
    <item id="o2" line="732" tag="L-T+DB">  nabannóg      `tired'                  bannóg    `fatigue'           ag-bannóg   `tire oneself '</item>
  </tier>
  <tier id="c" type="odin-clean">
    <item id="c1" line="731" tag="M+LN+CR+EX">Ilocano C   lass II:</item>
    <item id="c2" line="732" tag="L-T+DB">nabannóg      `tired'                  bannóg    `fatigue'           ag-bannóg   `tire oneself</item>
  </tier>
</igt>
<igt id="i29241">
  <metadata type="xigt-meta">
    <meta type="language" name="ilocano" iso-639-3="ilo" tiers="phrases words morphemes"/>
    <meta type="language" name="English" iso-639-3="eng" tiers="translations"/>
    <meta type="odin-source" doc-id="2791" line-range="733-733" line-types="L-T+DB"/>
  </metadata>
  <tier id="o" type="odin-raw">
    <item id="o1" line="733" tag="L-T+DB">  naluóm        `ripe'                   --                            ag-luóm     `ripen'</item>
  </tier>
  <tier id="c" type="odin-clean">
    <item id="c1" line="733" tag="L-T+DB">naluóm        `ripe'--ag-luóm     `ripen</item>
  </tier>
</igt>
<igt id="i29242">
  <metadata type="xigt-meta">
    <meta type="language" name="ilocano" iso-639-3="ilo" tiers="phrases words morphemes"/>
    <meta type="language" name="English" iso-639-3="eng" tiers="translations"/>
    <meta type="odin-source" doc-id="2791" line-range="734-734" line-types="L-T+DB"/>
  </metadata>
  <tier id="o" type="odin-raw">
    <item id="o1" line="734" tag="L-T+DB">  naangin       `windy'                  angin     `wind'              ag-angin    `be windy'</item>
  </tier>
  <tier id="c" type="odin-clean">
    <item id="c1" line="734" tag="L-T+DB">naangin       `windy'                  angin     `wind'              ag-angin    `be windy</item>
  </tier>
</igt>
<igt id="i29243">
  <metadata type="xigt-meta">
    <meta type="language" name="ilocano" iso-639-3="ilo" tiers="phrases words morphemes"/>
    <meta type="language" name="English" iso-639-3="eng" tiers="translations"/>
    <meta type="odin-source" doc-id="2791" line-range="735-736" line-types="L-T+DB+CR L-T+DB+CR"/>
  </metadata>
  <tier id="o" type="odin-raw">
    <item id="o1" line="735" tag="L-T+DB+CR">                `sick, aching'*          sakít     `sickness, pain'    ag-sakít    `be sick'</item>
    <item id="o2" line="736" tag="L-T+DB+CR">  nasakít</item>
  </tier>
  <tier id="c" type="odin-clean">
    <item id="c1" line="735 736" tag="L-T+DB+CR">nasakít      `sick, aching'*          sakít     `sickness, pain'    ag-sakít    `be sick</item>
  </tier>
</igt>
<igt id="i29244">
  <metadata type="xigt-meta">
    <meta type="language" name="ilocano" iso-639-3="ilo" tiers="phrases words morphemes"/>
    <meta type="language" name="English" iso-639-3="eng" tiers="translations"/>
    <meta type="odin-source" doc-id="2791" line-range="737-737" line-types="L-T+DB"/>
  </metadata>
  <tier id="o" type="odin-raw">
    <item id="o1" line="737" tag="L-T+DB">  napigsá       `strong'                 pigsá     `strength'          ag-pigsá    `have strong desire'</item>
  </tier>
  <tier id="c" type="odin-clean">
    <item id="c1" line="737" tag="L-T+DB">napigsá       `strong'                 pigsá     `strength'          ag-pigsá    `have strong desire</item>
  </tier>
</igt>
<igt id="i29245">
  <metadata type="xigt-meta">
    <meta type="language" name="ilocano" iso-639-3="ilo" tiers="phrases words morphemes"/>
    <meta type="language" name="English" iso-639-3="eng" tiers="translations"/>
    <meta type="odin-source" doc-id="2791" line-range="738-738" line-types="L-T+DB"/>
  </metadata>
  <tier id="o" type="odin-raw">
    <item id="o1" line="738" tag="L-T+DB">  nalawág       `bright, clear'          lawág     `brightness'        ag-lawág    `get light'</item>
  </tier>
  <tier id="c" type="odin-clean">
    <item id="c1" line="738" tag="L-T+DB">nalawág       `bright, clear'          lawág     `brightness'        ag-lawág    `get light</item>
  </tier>
</igt>
<igt id="i29246">
  <metadata type="xigt-meta">
    <meta type="language" name="ilocano" iso-639-3="ilo" tiers="phrases words morphemes"/>
    <meta type="language" name="English" iso-639-3="eng" tiers="translations"/>
    <meta type="odin-source" doc-id="2791" line-range="739-739" line-types="L-T+DB"/>
  </metadata>
  <tier id="o" type="odin-raw">
    <item id="o1" line="739" tag="L-T+DB">  nalidáy       `sad, grieving'          lidáy     `sadness'           ag-lidáy    `be sad'</item>
  </tier>
  <tier id="c" type="odin-clean">
    <item id="c1" line="739" tag="L-T+DB">nalidáy       `sad, grieving'          lidáy     `sadness'           ag-lidáy    `be sad</item>
  </tier>
</igt>
<igt id="i29247">
  <metadata type="xigt-meta">
    <meta type="language" name="ilocano" iso-639-3="ilo" tiers="phrases words morphemes"/>
    <meta type="language" name="English" iso-639-3="eng" tiers="translations"/>
    <meta type="odin-source" doc-id="2791" line-range="740-740" line-types="L-T+DB"/>
  </metadata>
  <tier id="o" type="odin-raw">
    <item id="o1" line="740" tag="L-T+DB">  mabisín       `hungry'                 bisín     `famine'            ag-bisín    `go hungry'</item>
  </tier>
  <tier id="c" type="odin-clean">
    <item id="c1" line="740" tag="L-T+DB">mabisín       `hungry'                 bisín     `famine'            ag-bisín    `go hungry</item>
  </tier>
</igt>
<igt id="i29248">
  <metadata type="xigt-meta">
    <meta type="language" name="ilocano" iso-639-3="ilo" tiers="phrases words morphemes"/>
    <meta type="language" name="English" iso-639-3="eng" tiers="translations"/>
    <meta type="odin-source" doc-id="2791" line-range="741-741" line-types="L-T+DB"/>
  </metadata>
  <tier id="o" type="odin-raw">
    <item id="o1" line="741" tag="L-T+DB">  nagatél       `itchy'                  gatél     `itch (N)'          ag-gatél    `itch'</item>
  </tier>
  <tier id="c" type="odin-clean">
    <item id="c1" line="741" tag="L-T+DB">nagatél       `itchy'                  gatél     `itch (N)'          ag-gatél    `itch</item>
  </tier>
</igt>
<igt id="i29249">
  <metadata type="xigt-meta">
    <meta type="language" name="ilocano" iso-639-3="ilo" tiers="phrases words morphemes"/>
    <meta type="language" name="English" iso-639-3="eng" tiers="translations"/>
    <meta type="odin-source" doc-id="2791" line-range="742-742" line-types="L-T+DB"/>
  </metadata>
  <tier id="o" type="odin-raw">
    <item id="o1" line="742" tag="L-T+DB">  nakayo        `with many trees'        kayo      `tree'              --</item>
  </tier>
  <tier id="c" type="odin-clean">
    <item id="c1" line="742" tag="L-T+DB">nakayo        `with many trees'        kayo      `tree'--</item>
  </tier>
</igt>
<igt id="i47712">
  <metadata type="xigt-meta">
    <meta type="language" name="ilokano" iso-639-3="ilo" tiers="phrases words morphemes"/>
    <meta type="language" name="English" iso-639-3="eng" tiers="translations"/>
    <meta type="odin-source" doc-id="3421" line-range="1456-1458" line-types="L G T"/>
  </metadata>
  <tier id="o" type="odin-raw">
    <item id="o1" line="1456" tag="L">  (50) p-in-ag-taray    n-ak       ni                       Juan</item>
    <item id="o2" line="1457" tag="G">       CS-PST-INTR -run 3GEN -1NOM det                      John</item>
    <item id="o3" line="1458" tag="T">       `John made me run.'</item>
  </tier>
  <tier id="c" type="odin-clean">
    <item id="c1" line="1456" tag="L">p-in-ag-taray    n-ak       ni                       Juan</item>
    <item id="c2" line="1457" tag="G">CS-PST-INTR-run 3GEN-1NOM det                      John</item>
    <item id="c3" line="1458" tag="T">John made me run.</item>
  </tier>
  <tier id="p" type="phrases" content="c">
    <item id="p0" content="c1[0:57]"/>
  </tier>
  <tier id="g" type="glosses" content="c">
    <item id="g0" content="c2[0:55]" alignment="p1"/>
  </tier>
  <tier id="t" type="translations" content="c">
    <item id="t0" content="c3[0:17]" alignment="p1"/>
  </tier>
</igt>
<igt id="i47713">
  <metadata type="xigt-meta">
    <meta type="language" name="ilokano" iso-639-3="ilo" tiers="phrases words morphemes"/>
    <meta type="language" name="English" iso-639-3="eng" tiers="translations"/>
    <meta type="odin-source" doc-id="3421" line-range="1462-1465" line-types="L G+CR G+CR T"/>
  </metadata>
  <tier id="o" type="odin-raw">
    <item id="o1" line="1462" tag="L">  (51) p-in-a-kan   diay taraken       ti    linugaw                        i-ti        ubing</item>
    <item id="o2" line="1463" tag="G+CR">       CS-PST -eat  det maid           det porri dge                               -det child</item>
    <item id="o3" line="1464" tag="G+CR">                                                                            OBL</item>
    <item id="o4" line="1465" tag="T">       `The maid had the child eat the porridge.'</item>
  </tier>
  <tier id="c" type="odin-clean">
    <item id="c1" line="1462" tag="L">p-in-a-kan   diay taraken       ti    linugaw                        i-ti        ubing</item>
    <item id="c2" line="1463 1464" tag="G+CR">CS-PST-eat  det maid           det porri dge                        OBL-det child</item>
    <item id="c4" line="1465" tag="T">The maid had the child eat the porridge.</item>
  </tier>
  <tier id="p" type="phrases" content="c">
    <item id="p0" content="c1[0:86]"/>
  </tier>
  <tier id="g" type="glosses" content="c">
    <item id="g0" content="c2[0:81]" alignment="p1"/>
  </tier>
  <tier id="t" type="translations" content="c">
    <item id="t0" content="c4[0:40]" alignment="p1"/>
  </tier>
</igt>
<igt id="i47714">
  <metadata type="xigt-meta">
    <meta type="language" name="ilokano" iso-639-3="ilo" tiers="phrases words morphemes"/>
    <meta type="language" name="English" iso-639-3="eng" tiers="translations"/>
    <meta type="odin-source" doc-id="3421" line-range="1486-1489" line-types="L G+CR G+CR T"/>
  </metadata>
  <tier id="o" type="odin-raw">
    <item id="o1" line="1486" tag="L">  (52) p-in-a-pa-turog ko         diay ubing                 i-ti        daydiay taraken</item>
    <item id="o2" line="1487" tag="G+CR">       CS-PST -CS -sleep 1GEN     det child                         -det det     maid</item>
    <item id="o3" line="1488" tag="G+CR">                                                             OBL</item>
    <item id="o4" line="1489" tag="T">       `I had the maid put the child to sleep.'</item>
  </tier>
  <tier id="c" type="odin-clean">
    <item id="c1" line="1486" tag="L">p-in-a-pa-turog ko         diay ubing                 i-ti        daydiay taraken</item>
    <item id="c2" line="1487 1488" tag="G+CR">CS-PST-CS-sleep 1GEN     det child                  OBL-det det     maid</item>
    <item id="c4" line="1489" tag="T">I had the maid put the child to sleep.</item>
  </tier>
  <tier id="p" type="phrases" content="c">
    <item id="p0" content="c1[0:81]"/>
  </tier>
  <tier id="g" type="glosses" content="c">
    <item id="g0" content="c2[0:72]" alignment="p1"/>
  </tier>
  <tier id="t" type="translations" content="c">
    <item id="t0" content="c4[0:38]" alignment="p1"/>
  </tier>
</igt>
<igt id="i47715">
  <metadata type="xigt-meta">
    <meta type="language" name="ilokano" iso-639-3="ilo" tiers="phrases words morphemes"/>
    <meta type="language" name="English" iso-639-3="eng" tiers="translations"/>
    <meta type="odin-source" doc-id="3421" line-range="1495-1501" line-types="L G+CR G+CR B L G T"/>
  </metadata>
  <tier id="o" type="odin-raw">
    <item id="o1" line="1495" tag="L">  (53) p-in-a-i-pa-kan                    ko        diay linugaw           ti    daydiay ubing</item>
    <item id="o2" line="1496" tag="G+CR">                                -eat      1GEN      det porri dge          det   det     child</item>
    <item id="o3" line="1497" tag="G+CR">         CS-PST-AFF.OBJ-CS</item>
    <item id="o4" line="1498" tag="B"></item>
    <item id="o5" line="1499" tag="L">         ken daydiay taraken29</item>
    <item id="o6" line="1500" tag="G">         OBL det        maid</item>
    <item id="o7" line="1501" tag="T">         `I had the maid feed the child porridge.'</item>
  </tier>
  <tier id="c" type="odin-clean">
    <item id="c1" line="1495" tag="L">p-in-a-i-pa-kan                    ko        diay linugaw           ti    daydiay ubing</item>
    <item id="c2" line="1496 1497" tag="G+CR">CS-PST-AFF.OBJ-CS-eat      1GEN      det porri dge          det   det     child</item>
    <item id="c4" line="1498" tag="B"/>
    <item id="c5" line="1499" tag="L">ken daydiay taraken29</item>
    <item id="c6" line="1500" tag="G">OBL det        maid</item>
    <item id="c7" line="1501" tag="T">I had the maid feed the child porridge.</item>
  </tier>
  <tier id="p" type="phrases" content="c">
    <item id="p0" content="c1[0:87]"/>
    <item id="p1" content="c5[0:21]"/>
  </tier>
  <tier id="g" type="glosses" content="c">
    <item id="g0" content="c2[0:79]" alignment="p1"/>
    <item id="g1" content="c6[0:19]" alignment="p2"/>
  </tier>
  <tier id="t" type="translations" content="c">
    <item id="t0" content="c7[0:39]" alignment="p2"/>
  </tier>
</igt>
<igt id="i47735">
  <metadata type="xigt-meta">
    <meta type="language" name="ilokano" iso-639-3="ilo" tiers="phrases words morphemes"/>
    <meta type="language" name="English" iso-639-3="eng" tiers="translations"/>
    <meta type="odin-source" doc-id="3421" line-range="2351-2353" line-types="L G T"/>
  </metadata>
  <tier id="o" type="odin-raw">
    <item id="o1" line="2351" tag="L">  (76) P-in-a-pa-turog ko         diay ubing               i-ti    daydiay taraken</item>
    <item id="o2" line="2352" tag="G">       CS-PST-CS -sleep 1GEN      det child                obl-det det     maid</item>
    <item id="o3" line="2353" tag="T">       `I had the maid put the child to sleep.'</item>
  </tier>
  <tier id="c" type="odin-clean">
    <item id="c1" line="2351" tag="L">P-in-a-pa-turog ko         diay ubing               i-ti    daydiay taraken</item>
    <item id="c2" line="2352" tag="G">CS-PST-CS-sleep 1GEN      det child                obl-det det     maid</item>
    <item id="c3" line="2353" tag="T">I had the maid put the child to sleep.</item>
  </tier>
  <tier id="p" type="phrases" content="c">
    <item id="p0" content="c1[0:75]"/>
  </tier>
  <tier id="g" type="glosses" content="c">
    <item id="g0" content="c2[0:71]" alignment="p1"/>
  </tier>
  <tier id="t" type="translations" content="c">
    <item id="t0" content="c3[0:38]" alignment="p1"/>
  </tier>
</igt>
<igt id="i47750">
  <metadata type="xigt-meta">
    <meta type="language" name="ilokano" iso-639-3="ilo" tiers="phrases words morphemes"/>
    <meta type="language" name="English" iso-639-3="eng" tiers="translations"/>
    <meta type="odin-source" doc-id="3421" line-range="3165-3167" line-types="L G T"/>
  </metadata>
  <tier id="o" type="odin-raw">
    <item id="o1" line="3165" tag="L">  (90) a. p-in-ag-taray-n-ak                          ni     Juan</item>
    <item id="o2" line="3166" tag="G">          CS-PST-INTR -run-3GEN -1NOM                 det    John</item>
    <item id="o3" line="3167" tag="T">          `John made me run.'</item>
  </tier>
  <tier id="c" type="odin-clean">
    <item id="c1" line="3165" tag="L">p-in-ag-taray-n-ak                          ni     Juan</item>
    <item id="c2" line="3166" tag="G">CS-PST-INTR-run-3GEN-1NOM                 det    John</item>
    <item id="c3" line="3167" tag="T">John made me run.</item>
  </tier>
  <tier id="p" type="phrases" content="c">
    <item id="p0" content="c1[0:55]"/>
  </tier>
  <tier id="g" type="glosses" content="c">
    <item id="g0" content="c2[0:53]" alignment="p1"/>
  </tier>
  <tier id="t" type="translations" content="c">
    <item id="t0" content="c3[0:17]" alignment="p1"/>
  </tier>
</igt>
<igt id="i47751">
  <metadata type="xigt-meta">
    <meta type="language" name="ilokano" iso-639-3="ilo" tiers="phrases words morphemes"/>
    <meta type="language" name="English" iso-639-3="eng" tiers="translations"/>
    <meta type="odin-source" doc-id="3421" line-range="3188-3191" line-types="L G+CR G+CR T"/>
  </metadata>
  <tier id="o" type="odin-raw">
    <item id="o1" line="3188" tag="L">  (91) a. p-in-a-kan   diay taraken       ti    linugaw                     i-ti        ubing</item>
    <item id="o2" line="3189" tag="G+CR">          CS-PST -eat  det maid           det porri dge                            -det child</item>
    <item id="o3" line="3190" tag="G+CR">                                                                            OBL</item>
    <item id="o4" line="3191" tag="T">          `The maid had the child eat the porridge.'</item>
  </tier>
  <tier id="c" type="odin-clean">
    <item id="c1" line="3188" tag="L">p-in-a-kan   diay taraken       ti    linugaw                     i-ti        ubing</item>
    <item id="c2" line="3189 3190" tag="G+CR">CS-PST-eat  det maid           det porri dge                     OBL-det child</item>
    <item id="c4" line="3191" tag="T">The maid had the child eat the porridge.</item>
  </tier>
  <tier id="p" type="phrases" content="c">
    <item id="p0" content="c1[0:83]"/>
  </tier>
  <tier id="g" type="glosses" content="c">
    <item id="g0" content="c2[0:78]" alignment="p1"/>
  </tier>
  <tier id="t" type="translations" content="c">
    <item id="t0" content="c4[0:40]" alignment="p1"/>
  </tier>
</igt>
<igt id="i47752">
  <metadata type="xigt-meta">
    <meta type="language" name="ilokano" iso-639-3="ilo" tiers="phrases words morphemes"/>
    <meta type="language" name="English" iso-639-3="eng" tiers="translations"/>
    <meta type="odin-source" doc-id="3421" line-range="3228-3231" line-types="L G+CR G+CR T"/>
  </metadata>
  <tier id="o" type="odin-raw">
    <item id="o1" line="3228" tag="L">  (92) a. p-in-a-pa-turog ko         diay ubing                            i-ti        daydiay taraken</item>
    <item id="o2" line="3229" tag="G+CR">          CS-PST -CS -sleep 1GEN     det child                                    -det det     maid</item>
    <item id="o3" line="3230" tag="G+CR">                                                                           OBL</item>
    <item id="o4" line="3231" tag="T">          `I had the maid put the child to sleep.'</item>
  </tier>
  <tier id="c" type="odin-clean">
    <item id="c1" line="3228" tag="L">p-in-a-pa-turog ko         diay ubing                            i-ti        daydiay taraken</item>
    <item id="c2" line="3229 3230" tag="G+CR">CS-PST-CS-sleep 1GEN     det child                             OBL-det det     maid</item>
    <item id="c4" line="3231" tag="T">I had the maid put the child to sleep.</item>
  </tier>
  <tier id="p" type="phrases" content="c">
    <item id="p0" content="c1[0:92]"/>
  </tier>
  <tier id="g" type="glosses" content="c">
    <item id="g0" content="c2[0:83]" alignment="p1"/>
  </tier>
  <tier id="t" type="translations" content="c">
    <item id="t0" content="c4[0:38]" alignment="p1"/>
  </tier>
</igt>
<igt id="i47753">
  <metadata type="xigt-meta">
    <meta type="language" name="ilokano" iso-639-3="ilo" tiers="phrases words morphemes"/>
    <meta type="language" name="English" iso-639-3="eng" tiers="translations"/>
    <meta type="odin-source" doc-id="3421" line-range="3250-3256" line-types="L G+CR G+CR B L G T"/>
  </metadata>
  <tier id="o" type="odin-raw">
    <item id="o1" line="3250" tag="L">  (93) a. p-in-a-i-pa-kan                             ko         diay linugaw             ti    daydiay ubing</item>
    <item id="o2" line="3251" tag="G+CR">                                           -eat       1GEN       det porri dge            det   det     child</item>
    <item id="o3" line="3252" tag="G+CR">             CS-PST-AFF.OBJ-CS</item>
    <item id="o4" line="3253" tag="B"></item>
    <item id="o5" line="3254" tag="L">             ken daydiay taraken</item>
    <item id="o6" line="3255" tag="G">             OBL det        maid</item>
    <item id="o7" line="3256" tag="T">             `I had the maid feed the child porridge.'</item>
  </tier>
  <tier id="c" type="odin-clean">
    <item id="c1" line="3250" tag="L">p-in-a-i-pa-kan                             ko         diay linugaw             ti    daydiay ubing</item>
    <item id="c2" line="3251 3252" tag="G+CR">CS-PST-AFF.OBJ-CS-eat       1GEN       det porri dge            det   det     child</item>
    <item id="c4" line="3253" tag="B"/>
    <item id="c5" line="3254" tag="L">ken daydiay taraken</item>
    <item id="c6" line="3255" tag="G">OBL det        maid</item>
    <item id="c7" line="3256" tag="T">I had the maid feed the child porridge.</item>
  </tier>
  <tier id="p" type="phrases" content="c">
    <item id="p0" content="c1[0:99]"/>
    <item id="p1" content="c5[0:19]"/>
  </tier>
  <tier id="g" type="glosses" content="c">
    <item id="g0" content="c2[0:83]" alignment="p1"/>
    <item id="g1" content="c6[0:19]" alignment="p2"/>
  </tier>
  <tier id="t" type="translations" content="c">
    <item id="t0" content="c7[0:39]" alignment="p2"/>
  </tier>
</igt>
<igt id="i47767">
  <metadata type="xigt-meta">
    <meta type="language" name="ilokano" iso-639-3="ilo" tiers="phrases words morphemes"/>
    <meta type="language" name="English" iso-639-3="eng" tiers="translations"/>
    <meta type="odin-source" doc-id="3421" line-range="4392-4398" line-types="L G+CR G+CR B L G T"/>
  </metadata>
  <tier id="o" type="odin-raw">
    <item id="o1" line="4392" tag="L">  (108) a. p-in-a-i-pa-kan                   ko      diay linugaw        ti     daydiay ubing</item>
    <item id="o2" line="4393" tag="G+CR">                                     -eat    1GEN    det porri dge       det    det     child</item>
    <item id="o3" line="4394" tag="G+CR">             CS-PST-AFF.OBJ-CS</item>
    <item id="o4" line="4395" tag="B"></item>
    <item id="o5" line="4396" tag="L">             ken daydiay taraken</item>
    <item id="o6" line="4397" tag="G">             OBL det        maid</item>
    <item id="o7" line="4398" tag="T">             `I had the maid feed the child porridge.'</item>
  </tier>
  <tier id="c" type="odin-clean">
    <item id="c1" line="4392" tag="L">p-in-a-i-pa-kan                   ko      diay linugaw        ti     daydiay ubing</item>
    <item id="c2" line="4393 4394" tag="G+CR">CS-PST-AFF.OBJ-CS-eat    1GEN    det porri dge       det    det     child</item>
    <item id="c4" line="4395" tag="B"/>
    <item id="c5" line="4396" tag="L">ken daydiay taraken</item>
    <item id="c6" line="4397" tag="G">OBL det        maid</item>
    <item id="c7" line="4398" tag="T">I had the maid feed the child porridge.</item>
  </tier>
  <tier id="p" type="phrases" content="c">
    <item id="p0" content="c1[0:82]"/>
    <item id="p1" content="c5[0:19]"/>
  </tier>
  <tier id="g" type="glosses" content="c">
    <item id="g0" content="c2[0:73]" alignment="p1"/>
    <item id="g1" content="c6[0:19]" alignment="p2"/>
  </tier>
  <tier id="t" type="translations" content="c">
    <item id="t0" content="c7[0:39]" alignment="p2"/>
  </tier>
</igt>
<igt id="i50039">
  <metadata type="xigt-meta">
    <meta type="language" name="ilocano" iso-639-3="ilo" tiers="phrases words morphemes"/>
    <meta type="language" name="English" iso-639-3="eng" tiers="translations"/>
    <meta type="odin-source" doc-id="1788" line-range="704-706" line-types="L+LN G T"/>
  </metadata>
  <tier id="o" type="odin-raw">
    <item id="o1" line="704" tag="L+LN">  (64)    Nasayaat ni Dolores, sumangka-sayaat pay ni Enkarnasion.                              Ilocano</item>
    <item id="o2" line="705" tag="G">          pretty-one SUBJ Dolores, more-pretty    even SUBJ Enkarnasion</item>
    <item id="o3" line="706" tag="T">          `Enkarnasion is prettier than Dolores.'</item>
  </tier>
  <tier id="c" type="odin-clean">
    <item id="c1" line="704" tag="L+LN">Nasayaat ni Dolores, sumangka-sayaat pay ni Enkarnasion.                              Ilocano</item>
    <item id="c2" line="705" tag="G">pretty-one SUBJ Dolores, more-pretty    even SUBJ Enkarnasion</item>
    <item id="c3" line="706" tag="T">Enkarnasion is prettier than Dolores.</item>
  </tier>
  <tier id="p" type="phrases" content="c">
    <item id="p0" content="c1[0:93]"/>
  </tier>
  <tier id="g" type="glosses" content="c">
    <item id="g0" content="c2[0:61]" alignment="p1"/>
  </tier>
  <tier id="t" type="translations" content="c">
    <item id="t0" content="c3[0:37]" alignment="p1"/>
  </tier>
</igt>
<igt id="i58946">
  <metadata type="xigt-meta">
    <meta type="language" name="ilokano" iso-639-3="ilo" tiers="phrases words morphemes"/>
    <meta type="language" name="English" iso-639-3="eng" tiers="translations"/>
    <meta type="odin-source" doc-id="3193" line-range="2855-2861" line-types="M+LN B L B G B T+CR"/>
  </metadata>
  <tier id="o" type="odin-raw">
    <item id="o1" line="2855" tag="M+LN">          (60)  Ilokano</item>
    <item id="o2" line="2856" tag="B"></item>
    <item id="o3" line="2857" tag="L">               a.    nagp aBaguio                 ni        Ju an.</item>
    <item id="o4" line="2858" tag="B"></item>
    <item id="o5" line="2859" tag="G">                     pastntrngo Baguio            No m      Ju an</item>
    <item id="o6" line="2860" tag="B"></item>
    <item id="o7" line="2861" tag="T+CR">                     `Ju an went to Baguio .'</item>
  </tier>
  <tier id="c" type="odin-clean">
    <item id="c1" line="2855" tag="M+LN">Ilokano</item>
    <item id="c2" line="2856" tag="B"/>
    <item id="c3" line="2857" tag="L">nagp aBaguio                 ni        Ju an.</item>
    <item id="c4" line="2858" tag="B"/>
    <item id="c5" line="2859" tag="G">pastntrngo Baguio            No m      Ju an</item>
    <item id="c6" line="2860" tag="B"/>
    <item id="c7" line="2861" tag="T+CR">Ju an went to Baguio .</item>
  </tier>
  <tier id="p" type="phrases" content="c">
    <item id="p0" content="c3[0:45]"/>
  </tier>
  <tier id="g" type="glosses" content="c">
    <item id="g0" content="c5[0:44]" alignment="p1"/>
  </tier>
  <tier id="t" type="translations" content="c">
    <item id="t0" content="c7[0:22]" alignment="p1"/>
  </tier>
</igt>
<igt id="i58947">
  <metadata type="xigt-meta">
    <meta type="language" name="ilokano" iso-639-3="ilo" tiers="phrases words morphemes"/>
    <meta type="language" name="English" iso-639-3="eng" tiers="translations"/>
    <meta type="odin-source" doc-id="3193" line-range="2863-2867" line-types="L B G B T+CR"/>
  </metadata>
  <tier id="o" type="odin-raw">
    <item id="o1" line="2863" tag="L">               b.  pangáto</item>
    <item id="o2" line="2864" tag="B"></item>
    <item id="o3" line="2865" tag="G">                     go up</item>
    <item id="o4" line="2866" tag="B"></item>
    <item id="o5" line="2867" tag="T+CR">                     `up ward'</item>
  </tier>
  <tier id="c" type="odin-clean">
    <item id="c1" line="2863" tag="L">pangáto</item>
    <item id="c2" line="2864" tag="B"/>
    <item id="c3" line="2865" tag="G">go up</item>
    <item id="c4" line="2866" tag="B"/>
    <item id="c5" line="2867" tag="T+CR">up ward</item>
  </tier>
  <tier id="p" type="phrases" content="c">
    <item id="p0" content="c1[0:7]"/>
  </tier>
  <tier id="g" type="glosses" content="c">
    <item id="g0" content="c3[0:5]" alignment="p1"/>
  </tier>
  <tier id="t" type="translations" content="c">
    <item id="t0" content="c5[0:7]" alignment="p1"/>
  </tier>
</igt>
<igt id="i73245">
  <metadata type="xigt-meta">
    <meta type="language" name="ilocano" iso-639-3="ilo" tiers="phrases words morphemes"/>
    <meta type="language" name="English" iso-639-3="eng" tiers="translations"/>
    <meta type="odin-source" doc-id="990" line-range="278-281" line-types="L+CR L+CR G T"/>
  </metadata>
  <tier id="o" type="odin-raw">
    <item id="o1" line="278" tag="L+CR">                                           [ni</item>
    <item id="o2" line="279" tag="L+CR">  (18) a. nakíta=n-ak                                         Maria]</item>
    <item id="o3" line="280" tag="G">                see=3SG.ERG-1SG.ABS PROPER.CORE.SG Maria</item>
    <item id="o4" line="281" tag="T">                `Maria saw me'</item>
  </tier>
  <tier id="c" type="odin-clean">
    <item id="c1" line="278 279" tag="L+CR">nakíta=n-ak                     [ni                 Maria]</item>
    <item id="c3" line="280" tag="G">see=3SG.ERG-1SG.ABS PROPER.CORE.SG Maria</item>
    <item id="c4" line="281" tag="T">Maria saw me</item>
  </tier>
  <tier id="p" type="phrases" content="c">
    <item id="p0" content="c1[0:58]"/>
  </tier>
  <tier id="g" type="glosses" content="c">
    <item id="g0" content="c3[0:40]" alignment="p1"/>
  </tier>
  <tier id="t" type="translations" content="c">
    <item id="t0" content="c4[0:12]" alignment="p1"/>
  </tier>
</igt>
<igt id="i73246">
  <metadata type="xigt-meta">
    <meta type="language" name="ilocano" iso-639-3="ilo" tiers="phrases words morphemes"/>
    <meta type="language" name="English" iso-639-3="eng" tiers="translations"/>
    <meta type="odin-source" doc-id="990" line-range="282-285" line-types="L+CR L+CR G T"/>
  </metadata>
  <tier id="o" type="odin-raw">
    <item id="o1" line="282" tag="L+CR">                                       [ti                  babái] [iti</item>
    <item id="o2" line="283" tag="L+CR">        b. nakíta=n-ak                                                                 madióngan]</item>
    <item id="o3" line="284" tag="G">              see=3SG.ERG-1SG.ABS COMMON.CORE.SG girl COMMON.OBL.SG mah.jong.parlour</item>
    <item id="o4" line="285" tag="T">              `the girl saw me at the mah jong parlour'</item>
  </tier>
  <tier id="c" type="odin-clean">
    <item id="c1" line="282 283" tag="L+CR">nakíta=n-ak                [ti                  babái] [iti                madióngan]</item>
    <item id="c3" line="284" tag="G">see=3SG.ERG-1SG.ABS COMMON.CORE.SG girl COMMON.OBL.SG mah.jong.parlour</item>
    <item id="c4" line="285" tag="T">the girl saw me at the mah jong parlour</item>
  </tier>
  <tier id="p" type="phrases" content="c">
    <item id="p0" content="c1[0:85]"/>
  </tier>
  <tier id="g" type="glosses" content="c">
    <item id="g0" content="c3[0:70]" alignment="p1"/>
  </tier>
  <tier id="t" type="translations" content="c">
    <item id="t0" content="c4[0:39]" alignment="p1"/>
  </tier>
</igt>
<igt id="i77807">
  <metadata type="xigt-meta">
    <meta type="language" name="ilocano" iso-639-3="ilo" tiers="phrases words morphemes"/>
    <meta type="language" name="English" iso-639-3="eng" tiers="translations"/>
    <meta type="odin-source" doc-id="2521" line-range="581-584" line-types="L G+CR G+CR T"/>
  </metadata>
  <tier id="o" type="odin-raw">
    <item id="o1" line="581" tag="L">  (45) a. ti              nalaíng nga             ubíng</item>
    <item id="o2" line="582" tag="G+CR">                  ART smart                       child</item>
    <item id="o3" line="583" tag="G+CR">                                       LINK</item>
    <item id="o4" line="584" tag="T">                  `the smart child'</item>
  </tier>
  <tier id="c" type="odin-clean">
    <item id="c1" line="581" tag="L">ti              nalaíng nga             ubíng</item>
    <item id="c2" line="582 583" tag="G+CR">ART smart            LINK       child</item>
    <item id="c4" line="584" tag="T">the smart child</item>
  </tier>
  <tier id="p" type="phrases" content="c">
    <item id="p0" content="c1[0:45]"/>
  </tier>
  <tier id="g" type="glosses" content="c">
    <item id="g0" content="c2[0:37]" alignment="p1"/>
  </tier>
  <tier id="t" type="translations" content="c">
    <item id="t0" content="c4[0:15]" alignment="p1"/>
  </tier>
</igt>
<igt id="i77808">
  <metadata type="xigt-meta">
    <meta type="language" name="ilocano" iso-639-3="ilo" tiers="phrases words morphemes"/>
    <meta type="language" name="English" iso-639-3="eng" tiers="translations"/>
    <meta type="odin-source" doc-id="2521" line-range="585-588" line-types="L G+CR G+CR T"/>
  </metadata>
  <tier id="o" type="odin-raw">
    <item id="o1" line="585" tag="L">           b. ti          ubíng        a          nalaíng</item>
    <item id="o2" line="586" tag="G+CR">                  ART child                       smart</item>
    <item id="o3" line="587" tag="G+CR">                                       LINK</item>
    <item id="o4" line="588" tag="T">                  `the smart child (as opposed to the others)'</item>
  </tier>
  <tier id="c" type="odin-clean">
    <item id="c1" line="585" tag="L">ti          ubíng        a          nalaíng</item>
    <item id="c2" line="586 587" tag="G+CR">ART child            LINK       smart</item>
    <item id="c4" line="588" tag="T">the smart child (as opposed to the others)</item>
  </tier>
  <tier id="p" type="phrases" content="c">
    <item id="p0" content="c1[0:43]"/>
  </tier>
  <tier id="g" type="glosses" content="c">
    <item id="g0" content="c2[0:37]" alignment="p1"/>
  </tier>
  <tier id="t" type="translations" content="c">
    <item id="t0" content="c4[0:42]" alignment="p1"/>
  </tier>
</igt>
<igt id="i99928">
  <metadata type="xigt-meta">
    <meta type="language" name="ilokano" iso-639-3="ilo" tiers="phrases words morphemes"/>
    <meta type="language" name="English" iso-639-3="eng" tiers="translations"/>
    <meta type="odin-source" doc-id="2427" line-range="4708-4711" line-types="L+DB+CR L+DB+CR L+DB+AL T+DB"/>
  </metadata>
  <tier id="o" type="odin-raw">
    <item id="o1" line="4708" tag="L+DB+CR">                                                   nag.a.ra.do ~ na.ga.ra.do</item>
    <item id="o2" line="4709" tag="L+DB+CR">                       arádo</item>
    <item id="o3" line="4710" tag="L+DB+AL">          /arado/                   /nag-arado/</item>
    <item id="o4" line="4711" tag="T+DB">                       `plow'                       `plow-actor focus past'</item>
  </tier>
  <tier id="c" type="odin-clean">
    <item id="c1" line="4708 4709" tag="L+DB+CR">arádo                      nag.a.ra.do ~ na.ga.ra.do</item>
    <item id="c3" line="4710" tag="L+DB+AL">/arado/                   /nag-arado/</item>
    <item id="c4" line="4711" tag="T+DB">plow'                       `plow-actor focus past</item>
  </tier>
  <tier id="p" type="phrases" content="c">
    <item id="p0" content="c1[0:52]"/>
    <item id="p1" content="c3[0:37]"/>
  </tier>
  <tier id="t" type="translations" content="c">
    <item id="t0" content="c4[0:50]" alignment="p2"/>
  </tier>
</igt>
<igt id="i99929">
  <metadata type="xigt-meta">
    <meta type="language" name="ilokano" iso-639-3="ilo" tiers="phrases words morphemes"/>
    <meta type="language" name="English" iso-639-3="eng" tiers="translations"/>
    <meta type="odin-source" doc-id="2427" line-range="4712-4716" line-types="L+DB+CR L+DB+CR L+DB+AL T+DB+CR T+DB+CR"/>
  </metadata>
  <tier id="o" type="odin-raw">
    <item id="o1" line="4712" tag="L+DB+CR">                                                   as.aso ~ a.saso</item>
    <item id="o2" line="4713" tag="L+DB+CR">                       áso</item>
    <item id="o3" line="4714" tag="L+DB+AL">          /aso/                     /RED-aso/</item>
    <item id="o4" line="4715" tag="T+DB+CR">                                                    `dogs'</item>
    <item id="o5" line="4716" tag="T+DB+CR">                       `dog'</item>
  </tier>
  <tier id="c" type="odin-clean">
    <item id="c1" line="4712 4713" tag="L+DB+CR">áso                        as.aso ~ a.saso</item>
    <item id="c3" line="4714 4715 4716" tag="L+DB+AL+T+CR">/aso/        `dog'        /RED-aso/       `dogs</item>
  </tier>
  <tier id="p" type="phrases" content="c">
    <item id="p0" content="c1[0:42]"/>
    <item id="p1" content="c3[0:47]"/>
  </tier>
</igt>
<igt id="i99930">
  <metadata type="xigt-meta">
    <meta type="language" name="ilokano" iso-639-3="ilo" tiers="phrases words morphemes"/>
    <meta type="language" name="English" iso-639-3="eng" tiers="translations"/>
    <meta type="odin-source" doc-id="2427" line-range="4718-4720" line-types="L L+AL T"/>
  </metadata>
  <tier id="o" type="odin-raw">
    <item id="o1" line="4718" tag="L">                               tu.la.den, *tu.lad.en</item>
    <item id="o2" line="4719" tag="L+AL">          /tulad-en/</item>
    <item id="o3" line="4720" tag="T">                                `mimic-goal focus'</item>
  </tier>
  <tier id="c" type="odin-clean">
    <item id="c1" line="4718" tag="L">tu.la.den, *tu.lad.en</item>
    <item id="c2" line="4719" tag="L+AL">/tulad-en/</item>
    <item id="c3" line="4720" tag="T">mimic-goal focus</item>
  </tier>
  <tier id="p" type="phrases" content="c">
    <item id="p0" content="c1[0:21]"/>
    <item id="p1" content="c2[0:10]"/>
  </tier>
  <tier id="t" type="translations" content="c">
    <item id="t0" content="c3[0:16]" alignment="p2"/>
  </tier>
</igt>
<igt id="i99931">
  <metadata type="xigt-meta">
    <meta type="language" name="ilokano" iso-639-3="ilo" tiers="phrases words morphemes"/>
    <meta type="language" name="English" iso-639-3="eng" tiers="translations"/>
    <meta type="odin-source" doc-id="2427" line-range="4721-4723" line-types="L L+AL T"/>
  </metadata>
  <tier id="o" type="odin-raw">
    <item id="o1" line="4721" tag="L">                               tu.mu.gaw, *tum.u.gaw</item>
    <item id="o2" line="4722" tag="L+AL">          /um-tugaw/</item>
    <item id="o3" line="4723" tag="T">                                `to sit down'</item>
  </tier>
  <tier id="c" type="odin-clean">
    <item id="c1" line="4721" tag="L">tu.mu.gaw, *tum.u.gaw</item>
    <item id="c2" line="4722" tag="L+AL">/um-tugaw/</item>
    <item id="c3" line="4723" tag="T">to sit down</item>
  </tier>
  <tier id="p" type="phrases" content="c">
    <item id="p0" content="c1[0:21]"/>
    <item id="p1" content="c2[0:10]"/>
  </tier>
  <tier id="t" type="translations" content="c">
    <item id="t0" content="c3[0:11]" alignment="p2"/>
  </tier>
</igt>
<igt id="i99932">
  <metadata type="xigt-meta">
    <meta type="language" name="ilokano" iso-639-3="ilo" tiers="phrases words morphemes"/>
    <meta type="language" name="English" iso-639-3="eng" tiers="translations"/>
    <meta type="odin-source" doc-id="2427" line-range="4729-4731" line-types="L+DB L+DB+AL T+DB"/>
  </metadata>
  <tier id="o" type="odin-raw">
    <item id="o1" line="4729" tag="L+DB">                    bao                           pag-baw-án ~ pag-baw-án</item>
    <item id="o2" line="4730" tag="L+DB+AL">          /bao/                   /pag-bao-an/</item>
    <item id="o3" line="4731" tag="T+DB">                    `rat'                         `place where rats live'</item>
  </tier>
  <tier id="c" type="odin-clean">
    <item id="c1" line="4729" tag="L+DB">bao                           pag-baw-án ~ pag-baw-án</item>
    <item id="c2" line="4730" tag="L+DB+AL">/bao/                   /pag-bao-an/</item>
    <item id="c3" line="4731" tag="T+DB">rat'                         `place where rats live</item>
  </tier>
  <tier id="p" type="phrases" content="c">
    <item id="p0" content="c1[0:53]"/>
    <item id="p1" content="c2[0:36]"/>
  </tier>
  <tier id="t" type="translations" content="c">
    <item id="t0" content="c3[0:51]" alignment="p2"/>
  </tier>
</igt>
<igt id="i99933">
  <metadata type="xigt-meta">
    <meta type="language" name="ilokano" iso-639-3="ilo" tiers="phrases words morphemes"/>
    <meta type="language" name="English" iso-639-3="eng" tiers="translations"/>
    <meta type="odin-source" doc-id="2427" line-range="4732-4734" line-types="L+DB L+DB+AL T+DB"/>
  </metadata>
  <tier id="o" type="odin-raw">
    <item id="o1" line="4732" tag="L+DB">                    táo                           taw-én ~ taw-én</item>
    <item id="o2" line="4733" tag="L+DB+AL">          /tao/                   /tao-en/</item>
    <item id="o3" line="4734" tag="T+DB">                    `person'                      `to repopulate'</item>
  </tier>
  <tier id="c" type="odin-clean">
    <item id="c1" line="4732" tag="L+DB">táo                           taw-én ~ taw-én</item>
    <item id="c2" line="4733" tag="L+DB+AL">/tao/                   /tao-en/</item>
    <item id="c3" line="4734" tag="T+DB">person'                      `to repopulate</item>
  </tier>
  <tier id="p" type="phrases" content="c">
    <item id="p0" content="c1[0:45]"/>
    <item id="p1" content="c2[0:32]"/>
  </tier>
  <tier id="t" type="translations" content="c">
    <item id="t0" content="c3[0:43]" alignment="p2"/>
  </tier>
</igt>
<igt id="i99934">
  <metadata type="xigt-meta">
    <meta type="language" name="ilokano" iso-639-3="ilo" tiers="phrases words morphemes"/>
    <meta type="language" name="English" iso-639-3="eng" tiers="translations"/>
    <meta type="odin-source" doc-id="2427" line-range="4735-4737" line-types="L+DB L+DB+AL T+DB"/>
  </metadata>
  <tier id="o" type="odin-raw">
    <item id="o1" line="4735" tag="L+DB">                    saó                           pag-saw-én ~ pag-saw-én</item>
    <item id="o2" line="4736" tag="L+DB+AL">          /sao/                   /pag-sao-en/</item>
    <item id="o3" line="4737" tag="T+DB">                    `to speak'                    `to cause to speak'</item>
  </tier>
  <tier id="c" type="odin-clean">
    <item id="c1" line="4735" tag="L+DB">saó                           pag-saw-én ~ pag-saw-én</item>
    <item id="c2" line="4736" tag="L+DB+AL">/sao/                   /pag-sao-en/</item>
    <item id="c3" line="4737" tag="T+DB">to speak'                    `to cause to speak</item>
  </tier>
  <tier id="p" type="phrases" content="c">
    <item id="p0" content="c1[0:53]"/>
    <item id="p1" content="c2[0:36]"/>
  </tier>
  <tier id="t" type="translations" content="c">
    <item id="t0" content="c3[0:47]" alignment="p2"/>
  </tier>
</igt>
<igt id="i113441">
  <metadata type="xigt-meta">
    <meta type="language" name="ilocano" iso-639-3="ilo" tiers="phrases words morphemes"/>
    <meta type="language" name="English" iso-639-3="eng" tiers="translations"/>
    <meta type="odin-source" doc-id="3382" line-range="639-642" line-types="L G+CR G+CR T"/>
  </metadata>
  <tier id="o" type="odin-raw">
    <item id="o1" line="639" tag="L">  (45) a. ti               nalaíng nga              ubíng</item>
    <item id="o2" line="640" tag="G+CR">                  ART smart                         child</item>
    <item id="o3" line="641" tag="G+CR">                                         LINK</item>
    <item id="o4" line="642" tag="T">                  `the smart child'</item>
  </tier>
  <tier id="c" type="odin-clean">
    <item id="c1" line="639" tag="L">ti               nalaíng nga              ubíng</item>
    <item id="c2" line="640 641" tag="G+CR">ART smart              LINK       child</item>
    <item id="c4" line="642" tag="T">the smart child</item>
  </tier>
  <tier id="p" type="phrases" content="c">
    <item id="p0" content="c1[0:47]"/>
  </tier>
  <tier id="g" type="glosses" content="c">
    <item id="g0" content="c2[0:39]" alignment="p1"/>
  </tier>
  <tier id="t" type="translations" content="c">
    <item id="t0" content="c4[0:15]" alignment="p1"/>
  </tier>
</igt>
<igt id="i113442">
  <metadata type="xigt-meta">
    <meta type="language" name="ilocano" iso-639-3="ilo" tiers="phrases words morphemes"/>
    <meta type="language" name="English" iso-639-3="eng" tiers="translations"/>
    <meta type="odin-source" doc-id="3382" line-range="643-646" line-types="L G+CR G+CR T"/>
  </metadata>
  <tier id="o" type="odin-raw">
    <item id="o1" line="643" tag="L">           b. ti           ubíng         a          nalaíng</item>
    <item id="o2" line="644" tag="G+CR">                  ART child                         smart</item>
    <item id="o3" line="645" tag="G+CR">                                         LINK</item>
    <item id="o4" line="646" tag="T">                  `the smart child (as opposed to the others)'</item>
  </tier>
  <tier id="c" type="odin-clean">
    <item id="c1" line="643" tag="L">ti           ubíng         a          nalaíng</item>
    <item id="c2" line="644 645" tag="G+CR">ART child              LINK       smart</item>
    <item id="c4" line="646" tag="T">the smart child (as opposed to the others)</item>
  </tier>
  <tier id="p" type="phrases" content="c">
    <item id="p0" content="c1[0:45]"/>
  </tier>
  <tier id="g" type="glosses" content="c">
    <item id="g0" content="c2[0:39]" alignment="p1"/>
  </tier>
  <tier id="t" type="translations" content="c">
    <item id="t0" content="c4[0:42]" alignment="p1"/>
  </tier>
</igt>
</xigt-corpus>
