<?xml version="1.0" encoding="UTF-8"?>
<xigt-corpus>
<igt id="i48619">
  <metadata type="xigt-meta">
    <meta type="language" name="imonda" iso-639-3="imn" tiers="phrases words morphemes"/>
    <meta type="language" name="English" iso-639-3="eng" tiers="translations"/>
    <meta type="odin-source" doc-id="3428" line-range="879-883" line-types="L G+CR G+CR T T+LT+AL"/>
  </metadata>
  <tier id="o" type="odin-raw">
    <item id="o1" line="879" tag="L">  (68) a. ne-na               motorbike kai li-f-me</item>
    <item id="o2" line="880" tag="G+CR">                              motorbike Q lie-PRES-Q</item>
    <item id="o3" line="881" tag="G+CR">                2-GEN</item>
    <item id="o4" line="882" tag="T">                `do you have a motorbike?'</item>
    <item id="o5" line="883" tag="T+LT+AL">                (literally: `does your motorbike exist?')</item>
  </tier>
  <tier id="c" type="odin-clean">
    <item id="c1" line="879" tag="L">ne-na               motorbike kai li-f-me</item>
    <item id="c2" line="880 881" tag="G+CR">2-GEN         motorbike Q lie-PRES-Q</item>
    <item id="c4" line="882" tag="T">do you have a motorbike?</item>
    <item id="c5" line="883" tag="T+LT+AL">`does your motorbike exist?</item>
  </tier>
  <tier id="p" type="phrases" content="c">
    <item id="p0" content="c1[0:41]"/>
  </tier>
  <tier id="g" type="glosses" content="c">
    <item id="g0" content="c2[0:36]" alignment="p1"/>
  </tier>
  <tier id="t" type="translations" content="c">
    <item id="t0" content="c4[0:24]" alignment="p1"/>
    <item id="t1" content="c5[0:27]" alignment="p1"/>
  </tier>
</igt>
<igt id="i63169">
  <metadata type="xigt-meta">
    <meta type="language" name="imonda" iso-639-3="imn" tiers="phrases words morphemes"/>
    <meta type="language" name="English" iso-639-3="eng" tiers="translations"/>
    <meta type="odin-source" doc-id="2559" line-range="294-298" line-types="M+LN L G T M+AC"/>
  </metadata>
  <tier id="o" type="odin-raw">
    <item id="o1" line="294" tag="M+LN">              Imonda (TNG/Northern):</item>
    <item id="o2" line="295" tag="L">              f.    uòs     lèha -kubui fe      - f.</item>
    <item id="o3" line="296" tag="G">                    Moon shine -INT do          -PRES</item>
    <item id="o4" line="297" tag="T">                    `The moon shines brightly.'</item>
    <item id="o5" line="298" tag="M+AC">                    (Seiler 1985: 111)</item>
  </tier>
  <tier id="c" type="odin-clean">
    <item id="c1" line="294" tag="M+LN">Imonda (TNG/Northern):</item>
    <item id="c2" line="295" tag="L">uòs     lèha-kubui fe-f.</item>
    <item id="c3" line="296" tag="G">Moon shine-INT do-PRES</item>
    <item id="c4" line="297" tag="T">The moon shines brightly.</item>
    <item id="c5" line="298" tag="M+AC">111</item>
  </tier>
  <tier id="p" type="phrases" content="c">
    <item id="p0" content="c2[0:24]"/>
  </tier>
  <tier id="g" type="glosses" content="c">
    <item id="g0" content="c3[0:22]" alignment="p1"/>
  </tier>
  <tier id="t" type="translations" content="c">
    <item id="t0" content="c4[0:25]" alignment="p1"/>
  </tier>
</igt>
<igt id="i74194">
  <metadata type="xigt-meta">
    <meta type="language" name="imonda" iso-639-3="imn" tiers="phrases words morphemes"/>
    <meta type="language" name="English" iso-639-3="eng" tiers="translations"/>
    <meta type="odin-source" doc-id="989" line-range="892-896" line-types="L G+CR G+CR T T+LT+AL"/>
  </metadata>
  <tier id="o" type="odin-raw">
    <item id="o1" line="892" tag="L">  (68) a. ne-na              motorbike kai li-f-me</item>
    <item id="o2" line="893" tag="G+CR">                             motorbike Q lie-PRES-Q</item>
    <item id="o3" line="894" tag="G+CR">               2-GEN</item>
    <item id="o4" line="895" tag="T">               `do you have a motorbike?'</item>
    <item id="o5" line="896" tag="T+LT+AL">               (literally: `does your motorbike exist?')</item>
  </tier>
  <tier id="c" type="odin-clean">
    <item id="c1" line="892" tag="L">ne-na              motorbike kai li-f-me</item>
    <item id="c2" line="893 894" tag="G+CR">2-GEN         motorbike Q lie-PRES-Q</item>
    <item id="c4" line="895" tag="T">do you have a motorbike?</item>
    <item id="c5" line="896" tag="T+LT+AL">`does your motorbike exist?</item>
  </tier>
  <tier id="p" type="phrases" content="c">
    <item id="p0" content="c1[0:40]"/>
  </tier>
  <tier id="g" type="glosses" content="c">
    <item id="g0" content="c2[0:36]" alignment="p1"/>
  </tier>
  <tier id="t" type="translations" content="c">
    <item id="t0" content="c4[0:24]" alignment="p1"/>
    <item id="t1" content="c5[0:27]" alignment="p1"/>
  </tier>
</igt>
<igt id="i106233">
  <metadata type="xigt-meta">
    <meta type="language" name="imonda" iso-639-3="imn" tiers="phrases words morphemes"/>
    <meta type="language" name="English" iso-639-3="eng" tiers="translations"/>
    <meta type="odin-source" doc-id="1509" line-range="11-37" line-types="L G+CR T L G T L G T L G T L G T L G T L G T L G T L G T"/>
  </metadata>
  <tier id="o" type="odin-raw">
    <item id="o1" line="11" tag="L">  1)   id     kubui isi                   -ia -m      foho    -n.    tela        -1    -uo    eg        -1        -n.</item>
    <item id="o2" line="12" tag="G+CR">       men IN T   hunt pigs-uoc-GL go down-PST husband-U0M-T0 follow-OB/ns-PST</item>
    <item id="o3" line="13" tag="T">       A lot of men went pig hunting.   Her husband followed them.</item>
    <item id="o4" line="14" tag="L">  2)   ago     -1        -m    6    -na -n       -6    ias    ha-pia -u ,        oso     -ia -m.</item>
    <item id="o5" line="15" tag="G">       woman-NOM-GL say-BEN-PST-D PR T MO-come-iMP garden-uyc-GL</item>
    <item id="o6" line="16" tag="T">       He said to his wife: come to the garden later.</item>
    <item id="o7" line="17" tag="L">  3)   mag-m        toad-ianei-m           6    -na -i       -ba uai-pia.        ed-la         ka-fa iam</item>
    <item id="o8" line="18" tag="G">       one-GL boys-nvi, -GL sa#-BEN-iMM-TO ACC-come px-area   1 -T O later</item>
    <item id="o9" line="19" tag="T">       Having asked one of the boys, you come.      I will come</item>
    <item id="o10" line="20" tag="L">  4)   ha-pia        fe-f           isi          -1     -m    foho    -na -ba, isi                  -tagla</item>
    <item id="o11" line="21" tag="G">       no-come db-PPS hunt pigs -NOM-GL go down-PST-TO hunt pigs-go round</item>
    <item id="o12" line="22" tag="T">       there later.    Having gone pig hunting, they hunted pigs for a</item>
    <item id="o13" line="23" tag="L">  5)   -n     -b,         isi             -tagla       -n    -b      auaia.</item>
    <item id="o14" line="24" tag="G">       -PST-DUR hunt pigs-go round-PST-DUP. no</item>
    <item id="o15" line="25" tag="T">       long time, they hunted pigs for a long time but no,                                   they did not kill any.</item>
    <item id="o16" line="26" tag="L">  6)   tela         -1        -fa   isi            -tagla     -n.      sugo      pekama-ia -nei           puho.</item>
    <item id="o17" line="27" tag="G">       husband-U0K-T0 hunt pigs-go round-PST ghost grave -LOC-SRC come up</item>
    <item id="o18" line="28" tag="T">       Her husband hunted for pigs.  A ghost came out of his grave.</item>
    <item id="o19" line="29" tag="L">  7)   pekama-ia -nei               puho        -na -ba.      ehe-fa 6      -n    -o ka-na         tela      -1</item>
    <item id="o20" line="30" tag="G">       grave -LOC-SRC come wp-PST-TO 3 -TO say-PST-D 1 -POS husband-moM.</item>
    <item id="o21" line="31" tag="T">       Having come up out of his grave. She thought: my husband is</item>
    <item id="o22" line="32" tag="L">  8)   ha-pia -f              -e.   ehe-f       -na    16      mos   kouasada.         tela        -1     -na</item>
    <item id="o23" line="33" tag="G">       MO-come-PBS-D 3 -EMP-POS tooth nose put on                                     husband-tfOM-POS</item>
    <item id="o24" line="34" tag="T">       coming.       He had put on his face.                                           Her husband's</item>
    <item id="o25" line="35" tag="L">  9)   lo       mos.</item>
    <item id="o26" line="36" tag="G">       tooth nose</item>
    <item id="o27" line="37" tag="T">       face.</item>
  </tier>
  <tier id="c" type="odin-clean">
    <item id="c1" line="11" tag="L">id     kubui isi-ia-m      foho-n.    tela-1-uo    eg-1-n.</item>
    <item id="c2" line="12" tag="G+CR">men IN T   hunt pigs-uoc-GL go down-PST husband-U0M-T0 follow-OB/ns-PST</item>
    <item id="c3" line="13" tag="T">A lot of men went pig hunting.   Her husband followed them.</item>
    <item id="c4" line="14" tag="L">ago-1-m    6-na-n-6    ias    ha-pia-u ,        oso-ia-m.</item>
    <item id="c5" line="15" tag="G">woman-NOM-GL say-BEN-PST-D PR T MO-come-iMP garden-uyc-GL</item>
    <item id="c6" line="16" tag="T">He said to his wife: come to the garden later.</item>
    <item id="c7" line="17" tag="L">mag-m        toad-ianei-m           6-na-i-ba uai-pia.        ed-la         ka-fa iam</item>
    <item id="c8" line="18" tag="G">one-GL boys-nvi,-GL sa#-BEN-iMM-TO ACC-come px-area   1-T O later</item>
    <item id="c9" line="19" tag="T">Having asked one of the boys, you come.      I will come</item>
    <item id="c10" line="20" tag="L">ha-pia        fe-f           isi-1-m    foho-na-ba, isi-tagla</item>
    <item id="c11" line="21" tag="G">no-come db-PPS hunt pigs-NOM-GL go down-PST-TO hunt pigs-go round</item>
    <item id="c12" line="22" tag="T">there later.    Having gone pig hunting, they hunted pigs for a</item>
    <item id="c13" line="23" tag="L">-n-b,         isi-tagla-n-b      auaia.</item>
    <item id="c14" line="24" tag="G">-PST-DUR hunt pigs-go round-PST-DUP. no</item>
    <item id="c15" line="25" tag="T">long time, they hunted pigs for a long time but no,                                   they did not kill any.</item>
    <item id="c16" line="26" tag="L">tela-1-fa   isi-tagla-n.      sugo      pekama-ia-nei           puho.</item>
    <item id="c17" line="27" tag="G">husband-U0K-T0 hunt pigs-go round-PST ghost grave-LOC-SRC come up</item>
    <item id="c18" line="28" tag="T">Her husband hunted for pigs.  A ghost came out of his grave.</item>
    <item id="c19" line="29" tag="L">pekama-ia-nei               puho-na-ba.      ehe-fa 6-n-o ka-na         tela-1</item>
    <item id="c20" line="30" tag="G">grave-LOC-SRC come wp-PST-TO 3-TO say-PST-D 1-POS husband-moM.</item>
    <item id="c21" line="31" tag="T">Having come up out of his grave. She thought: my husband is</item>
    <item id="c22" line="32" tag="L">ha-pia-f-e.   ehe-f-na    16      mos   kouasada.         tela-1-na</item>
    <item id="c23" line="33" tag="G">MO-come-PBS-D 3-EMP-POS tooth nose put on                                     husband-tfOM-POS</item>
    <item id="c24" line="34" tag="T">coming.       He had put on his face.                                           Her husband's</item>
    <item id="c25" line="35" tag="L">lo       mos.</item>
    <item id="c26" line="36" tag="G">tooth nose</item>
    <item id="c27" line="37" tag="T">face.</item>
  </tier>
  <tier id="p" type="phrases" content="c">
    <item id="p0" content="c1[0:58]"/>
    <item id="p1" content="c4[0:57]"/>
    <item id="p2" content="c7[0:85]"/>
    <item id="p3" content="c10[0:61]"/>
    <item id="p4" content="c13[0:39]"/>
    <item id="p5" content="c16[0:69]"/>
    <item id="p6" content="c19[0:78]"/>
    <item id="p7" content="c22[0:67]"/>
    <item id="p8" content="c25[0:13]"/>
  </tier>
  <tier id="g" type="glosses" content="c">
    <item id="g0" content="c2[0:71]" alignment="p1"/>
    <item id="g1" content="c5[0:57]" alignment="p2"/>
    <item id="g2" content="c8[0:65]" alignment="p3"/>
    <item id="g3" content="c11[0:65]" alignment="p4"/>
    <item id="g4" content="c14[0:39]" alignment="p5"/>
    <item id="g5" content="c17[0:65]" alignment="p6"/>
    <item id="g6" content="c20[0:62]" alignment="p7"/>
    <item id="g7" content="c23[0:94]" alignment="p8"/>
    <item id="g8" content="c26[0:10]" alignment="p9"/>
  </tier>
  <tier id="t" type="translations" content="c">
    <item id="t0" content="c3[0:59]" alignment="p1"/>
    <item id="t1" content="c6[0:46]" alignment="p2"/>
    <item id="t2" content="c9[0:56]" alignment="p3"/>
    <item id="t3" content="c12[0:63]" alignment="p4"/>
    <item id="t4" content="c15[0:108]" alignment="p5"/>
    <item id="t5" content="c18[0:60]" alignment="p6"/>
    <item id="t6" content="c21[0:59]" alignment="p7"/>
    <item id="t7" content="c24[0:93]" alignment="p8"/>
    <item id="t8" content="c27[0:5]" alignment="p9"/>
  </tier>
</igt>
<igt id="i106234">
  <metadata type="xigt-meta">
    <meta type="language" name="imonda" iso-639-3="imn" tiers="phrases words morphemes"/>
    <meta type="language" name="English" iso-639-3="eng" tiers="translations"/>
    <meta type="odin-source" doc-id="1509" line-range="44-144" line-types="L G+CR G+CR T L G+CR G+CR T L G T L G+CR G+CR T L G+CR G+CR T L G+CR G+CR T L G T L G T L G T L G T L G T L G T L G T L G T L G T B M B L G T L G T L G T L G T L G T L G+CR G+CR T L G G L G T L G M T L G T L G+CR G+CR T L G T L G T L G T L G T"/>
  </metadata>
  <tier id="o" type="odin-raw">
    <item id="o1" line="44" tag="L">  ha-pia -na. falgo i -ab-ho -na -ba.         falgo i -ab-ho -na -ba nne</item>
    <item id="o2" line="45" tag="G+CR">  MO-come-VST bow                             bow    CL-PL-pwt-PST-TO food</item>
    <item id="o3" line="46" tag="G+CR">                      CL-PL~pwt-PST-TO</item>
    <item id="o4" line="47" tag="T">  Having come. Having put down his bow.       Having put down his bow he</item>
    <item id="o5" line="48" tag="L">  i -6b. safa, ueb. ed-nei ne -n ~b atha               i -6b.</item>
    <item id="o6" line="49" tag="G+CR">            taro yam     PX-SRC eat-PST-DUR sugarcane CL-PL</item>
    <item id="o7" line="50" tag="G+CR">  CL-PL</item>
    <item id="o8" line="51" tag="T">  got food.    Taro, yam.   He ate this and then got sugarcane.</item>
    <item id="o9" line="52" tag="L">  atha      ne -n -b    es -e .   es -na    sog -na     poi.</item>
    <item id="o10" line="53" tag="G">  sugarcane eat-PST-DUR sago-D     sago-CO    apika-CO     pitpit</item>
    <item id="o11" line="54" tag="T">  He ate sugarcane and then sago.   Sago, apika and pitpit.</item>
    <item id="o12" line="55" tag="L">  ed-nei-na ne.          ed-nei-na ne -n -b      sapoh    uatei</item>
    <item id="o13" line="56" tag="G+CR">                 eat                                         tobacco   betelnut</item>
    <item id="o14" line="57" tag="G+CR">  PX-SRC-C O                  PX-SRC-C O       eat-PST-DUR</item>
    <item id="o15" line="58" tag="T">  He ate this with sago.    He ate this and then got tobacco and</item>
    <item id="o16" line="59" tag="L">  i -6b.       udo     guas-ia -na -ba.       sapoh  uatei</item>
    <item id="o17" line="60" tag="G+CR">                netbag CL -get-PST-TO        tobacco   betelnut</item>
    <item id="o18" line="61" tag="G+CR">  CL-P L</item>
    <item id="o19" line="62" tag="T">  betelnut.   Having fetched his netbag.      Having fetched tobacco</item>
    <item id="o20" line="63" tag="L">  i -6b-na -ba. fil fie.                 ed-nei ne -n -b ago -ianei-m</item>
    <item id="o21" line="64" tag="G+CR">                   lime pepper           PX-SRC eat-PST-DUR women-NVL -GL</item>
    <item id="o22" line="65" tag="G+CR">  CL-PL-PST-T O</item>
    <item id="o23" line="66" tag="T">  and betelnut. Lime and pepper.         He ate this and then quickly</item>
    <item id="o24" line="67" tag="L">  ainam     fa-i -koho fa-eha kse.                           kse -n -b</item>
    <item id="o25" line="68" tag="G">  quickly CL-LNK-^o     CL-put fuck                           fuck-PST-Dm</item>
    <item id="o26" line="69" tag="T">  grabbed the woman, laid her down and fucked her.           He fucked and</item>
    <item id="o27" line="70" tag="L">  kse -n -b kse -n -b.          kse -pada -na -ba,                  utafo.</item>
    <item id="o28" line="71" tag="G">  /wcfc-PST-DUR /acfc-PST-DUR fuck-finish-PST-TO                    go</item>
    <item id="o29" line="72" tag="T">  fucked and fucked her.        Hairing finished fucking     her, he went.</item>
    <item id="o30" line="73" tag="L">  falgo i -6b.             haifo mugo          uagl fe.      ago -ianei sum</item>
    <item id="o31" line="74" tag="G">  bow CL-P L               again completely go     do        women-UPL     behind</item>
    <item id="o32" line="75" tag="T">  He collected his bow.  He went away again.                 The woman</item>
    <item id="o33" line="76" tag="L">  pada -na.        sum    eg     -n -b     eg      -n -b</item>
    <item id="o34" line="77" tag="G">  stand-BEN       behind follow-PST-DUR     follow-PST-DUR</item>
    <item id="o35" line="78" tag="T">  followed him.    She followed him and followed him</item>
    <item id="o36" line="79" tag="L">  nagla- i -e g     -a -n -b .                  pekama-ia -m peha        -f.</item>
    <item id="o37" line="80" tag="G">  see -LNK-ZoZZou-LNK-PST-DUR                   grave -LOC-GL go down-PRS</item>
    <item id="o38" line="81" tag="T">  and followed him, watching him closely.       He descended into his grave.</item>
    <item id="o39" line="82" tag="L">  feth e keual-n a -ba ,      ed-l a -su o peha ,     haif o pekama -i a -m.</item>
    <item id="o40" line="83" tag="G">  ground open -PST-TO         PX-area-EMP go down again grave -LOC-GL</item>
    <item id="o41" line="84" tag="T">  The earth having opened, there he descended again into his grave.</item>
    <item id="o42" line="85" tag="L">  ehe- f   -na   pekama-ia -m .   peha    -n a -ba ,   ago   -iane i nagla-n ,</item>
    <item id="o43" line="86" tag="G">  3     -EMP-POS grave -LOC-GL deseewJ-PST-TO      women-WL         see    -PS T</item>
    <item id="o44" line="87" tag="T">  Into his own grave.           Having descended, the woman looked,</item>
    <item id="o45" line="88" tag="L">  ed peha     -f.          nagla-hape.                  nagla-hape -na -ba,</item>
    <item id="o46" line="89" tag="G">  PX descend-PRS          see -return                   see -retwrw-PST-TO</item>
    <item id="o47" line="90" tag="T">  there he descended.      She looked and came back.       Having looked and</item>
    <item id="o48" line="91" tag="L">  haifo ehe-fa ha-pia -f.            tela     -1  puho.         tela    -1</item>
    <item id="o49" line="92" tag="G">  again 3 -T O W3-come-PRS           husband-NOM come up         husband-iiOM</item>
    <item id="o50" line="93" tag="T">  returned, she came back again.      Her husband arrived.       Her husband</item>
    <item id="o51" line="94" tag="B"></item>
    <item id="o52" line="95" tag="M">                                                                                       221</item>
    <item id="o53" line="96" tag="B"></item>
    <item id="o54" line="97" tag="L">  25)   puho -na           ia!    nne ka~na i -bb-na -u!         pon     ka-m</item>
    <item id="o55" line="98" tag="G">        come up-PST        EX C food 1 -P0S CL-PL-BEN-IM P hunger l -G L</item>
    <item id="o56" line="99" tag="T">        having arrived, well! Bring me my food!</item>
    <item id="o57" line="100" tag="L">  26)   ha       -f.     pon     ka-m ha      -f.      nne ka-m i -bb-na -u !</item>
    <item id="o58" line="101" tag="G">        affect-FRS     hunger 1 -GL affect-VRS     food 1 -GL CL-PL-BEN-IM P</item>
    <item id="o59" line="102" tag="T">        J am hungry. I am hungry.                       Bring me my food!</item>
    <item id="o60" line="103" tag="L">  27)   o -na -n -6 haifo besei nne. nne -fa ne-fa nomot                    at</item>
    <item id="o61" line="104" tag="G">        saz/-BEN-PST-D again what         food food-TO 2 -T O earlier COM</item>
    <item id="o62" line="105" tag="T">        She said: what food again.        You have eaten your food</item>
    <item id="o63" line="106" tag="L">  28)   ne -ha-uagl-n.       ne-na auaia. auaia, nomot ka-fa ah-nei-nam</item>
    <item id="o64" line="107" tag="G">        eat-HO-go -PST 2 -POS no             no       earlier 1 -TO Q -SRC-DER</item>
    <item id="o65" line="108" tag="T">        earlier on.      Your food is gone.     No, when did I come earlier.</item>
    <item id="o66" line="109" tag="L">  29)   ha-pia -n.      ka-fa oh mugo          ha-pia fe-f.      ma ! be-f -auo</item>
    <item id="o67" line="110" tag="G">        MO-come-PST 1 -TO PX completely MO-come do-VRS EXC 2 -EMP-EMP</item>
    <item id="o68" line="111" tag="T">                        It is only now that I arrive here.      Oh! You stay on</item>
    <item id="o69" line="112" tag="L">  30)   ale -la -u!       ka toad-m 161 -nbg</item>
    <item id="o70" line="113" tag="G+CR">                                boys-GL talk-in vain</item>
    <item id="o71" line="114" tag="G+CR">        s£ai/-EMP-lMP 1</item>
    <item id="o72" line="115" tag="T">        your own!         I talked to the boys</item>
    <item id="o73" line="116" tag="L">  31)    fe-seloh -n         -e -n -b.      ka toad-m 161 -nbg</item>
    <item id="o74" line="117" tag="G">        do-in yain-BEN/NS-LNK-PST-DUR 1            boys-GL talk-in vain</item>
    <item id="o75" line="118" tag="G">        in vain.                            I talked and talked</item>
    <item id="o76" line="119" tag="L">  32)    fe-seloh -n         -e -n -b , mag ha-pia ha-pia, auaia,</item>
    <item id="o77" line="120" tag="G">         do-in yain-BEN/NS-LNK-PST-DUR one MO-come MO-come no</item>
    <item id="o78" line="121" tag="T">         to the boys in vain, one is coming or not, but no, the boys simply</item>
    <item id="o79" line="122" tag="L">  33)    toad agu-pa fi-n.                ka ka-f -auo-suo ha-pia. ed-uo.</item>
    <item id="o80" line="123" tag="G">         boys ear-? do-PST                       1 -EMP-EMP-EMP VO-come PX-T O</item>
    <item id="o81" line="124" tag="M">                                          1</item>
    <item id="o82" line="125" tag="T">         listened, but did not come. I came on my own.                     And then.</item>
    <item id="o83" line="126" tag="L">  34)     ief -ia -m.      nne ed-nei ne -n -b         ief -ia -m utafo.</item>
    <item id="o84" line="127" tag="G">         house-LOC-GL      food PX-SR C eat-PST-DUR house-LOC-GL go</item>
    <item id="o85" line="128" tag="T">         Homeward.         He ate that food and then went home.</item>
    <item id="o86" line="129" tag="L">  35)    e -uagl-ual. ief -ia -m e -uagl-ual-na -ba, si              -nam-fa</item>
    <item id="o87" line="130" tag="G+CR">        UL-go             house-LOC-GL Dh-go                   night-DER-TO</item>
    <item id="o88" line="131" tag="G+CR">                 -DL                            -DL -PST-TO</item>
    <item id="o89" line="132" tag="T">        They went.     Having gone home, at night she was</item>
    <item id="o90" line="133" tag="L">  36)   iaha-fna. si     -nam iaha-na -ba, tela -1      sabeha-na koual-e.</item>
    <item id="o91" line="134" tag="G">        die -PRO night-DER die -PST-TO husband-non magic -IN S cut -D</item>
    <item id="o92" line="135" tag="T">        dying.     She having died at night, her husband worked magic.</item>
    <item id="o93" line="136" tag="L">  37)   toad-m abo      fe-na -6 mugo       fe-na -o mugo        defo fe.</item>
    <item id="o94" line="137" tag="G">        boys-GL simply do-PST-D completely &lt;2O~PST-D completely die do</item>
    <item id="o95" line="138" tag="T">        The boys simply did, completely did, completely died.</item>
    <item id="o96" line="139" tag="L">  38)   ale hoi ale hoi toad-m mugo           defo.</item>
    <item id="o97" line="140" tag="G">        stay NEG stay NEG boys-GL completely die</item>
    <item id="o98" line="141" tag="T">        There was none of them, none of them left, all of the boys died.</item>
    <item id="o99" line="142" tag="L">  39)   ed-nei uus -ia koual-na -ba, mugo eg        -t.</item>
    <item id="o100" line="143" tag="G">        PX-SRC wrath-CAU cut -PST-TO one follow-CF</item>
    <item id="o101" line="144" tag="T">        Because of that I worked magic, one should have followed her.</item>
  </tier>
  <tier id="c" type="odin-clean">
    <item id="c1" line="44" tag="L">ha-pia-na. falgo i-ab-ho-na-ba.         falgo i-ab-ho-na-ba nne</item>
    <item id="c2" line="45 46" tag="G+CR">MO-come-VST bow     CL-PL~pwt-PST-TO        bow    CL-PL-pwt-PST-TO food</item>
    <item id="c4" line="47" tag="T">Having come. Having put down his bow.       Having put down his bow he</item>
    <item id="c5" line="48" tag="L">i-6b. safa, ueb. ed-nei ne-n ~b atha               i-6b.</item>
    <item id="c6" line="49 50" tag="G+CR">CL-PL     taro yam     PX-SRC eat-PST-DUR sugarcane CL-PL</item>
    <item id="c8" line="51" tag="T">got food.    Taro, yam.   He ate this and then got sugarcane.</item>
    <item id="c9" line="52" tag="L">atha      ne-n-b    es-e .   es-na    sog-na     poi.</item>
    <item id="c10" line="53" tag="G">sugarcane eat-PST-DUR sago-D     sago-CO    apika-CO     pitpit</item>
    <item id="c11" line="54" tag="T">He ate sugarcane and then sago.   Sago, apika and pitpit.</item>
    <item id="c12" line="55" tag="L">ed-nei-na ne.          ed-nei-na ne-n-b      sapoh    uatei</item>
    <item id="c13" line="56 57" tag="G+CR">PX-SRC-C O     eat          PX-SRC-C O       eat-PST-DUR   tobacco   betelnut</item>
    <item id="c15" line="58" tag="T">He ate this with sago.    He ate this and then got tobacco and</item>
    <item id="c16" line="59" tag="L">i-6b.       udo     guas-ia-na-ba.       sapoh  uatei</item>
    <item id="c17" line="60 61" tag="G+CR">CL-P L        netbag CL-get-PST-TO        tobacco   betelnut</item>
    <item id="c19" line="62" tag="T">betelnut.   Having fetched his netbag.      Having fetched tobacco</item>
    <item id="c20" line="63" tag="L">i-6b-na-ba. fil fie.                 ed-nei ne-n-b ago-ianei-m</item>
    <item id="c21" line="64 65" tag="G+CR">CL-PL-PST-T O    lime pepper           PX-SRC eat-PST-DUR women-NVL-GL</item>
    <item id="c23" line="66" tag="T">and betelnut. Lime and pepper.         He ate this and then quickly</item>
    <item id="c24" line="67" tag="L">ainam     fa-i-koho fa-eha kse.                           kse-n-b</item>
    <item id="c25" line="68" tag="G">quickly CL-LNK-^o     CL-put fuck                           fuck-PST-Dm</item>
    <item id="c26" line="69" tag="T">grabbed the woman, laid her down and fucked her.           He fucked and</item>
    <item id="c27" line="70" tag="L">kse-n-b kse-n-b.          kse-pada-na-ba,                  utafo.</item>
    <item id="c28" line="71" tag="G">/wcfc-PST-DUR /acfc-PST-DUR fuck-finish-PST-TO                    go</item>
    <item id="c29" line="72" tag="T">fucked and fucked her.        Hairing finished fucking     her, he went.</item>
    <item id="c30" line="73" tag="L">falgo i-6b.             haifo mugo          uagl fe.      ago-ianei sum</item>
    <item id="c31" line="74" tag="G">bow CL-P L               again completely go     do        women-UPL     behind</item>
    <item id="c32" line="75" tag="T">He collected his bow.  He went away again.                 The woman</item>
    <item id="c33" line="76" tag="L">pada-na.        sum    eg-n-b     eg-n-b</item>
    <item id="c34" line="77" tag="G">stand-BEN       behind follow-PST-DUR     follow-PST-DUR</item>
    <item id="c35" line="78" tag="T">followed him.    She followed him and followed him</item>
    <item id="c36" line="79" tag="L">nagla-i-e g-a-n-b .                  pekama-ia-m peha-f.</item>
    <item id="c37" line="80" tag="G">see-LNK-ZoZZou-LNK-PST-DUR                   grave-LOC-GL go down-PRS</item>
    <item id="c38" line="81" tag="T">and followed him, watching him closely.       He descended into his grave.</item>
    <item id="c39" line="82" tag="L">feth e keual-n a-ba ,      ed-l a-su o peha ,     haif o pekama-i a-m.</item>
    <item id="c40" line="83" tag="G">ground open-PST-TO         PX-area-EMP go down again grave-LOC-GL</item>
    <item id="c41" line="84" tag="T">The earth having opened, there he descended again into his grave.</item>
    <item id="c42" line="85" tag="L">ehe-f-na   pekama-ia-m .   peha-n a-ba ,   ago-iane i nagla-n ,</item>
    <item id="c43" line="86" tag="G">3-EMP-POS grave-LOC-GL deseewJ-PST-TO      women-WL         see-PS T</item>
    <item id="c44" line="87" tag="T">Into his own grave.           Having descended, the woman looked,</item>
    <item id="c45" line="88" tag="L">ed peha-f.          nagla-hape.                  nagla-hape-na-ba,</item>
    <item id="c46" line="89" tag="G">PX descend-PRS          see-return                   see-retwrw-PST-TO</item>
    <item id="c47" line="90" tag="T">there he descended.      She looked and came back.       Having looked and</item>
    <item id="c48" line="91" tag="L">haifo ehe-fa ha-pia-f.            tela-1  puho.         tela-1</item>
    <item id="c49" line="92" tag="G">again 3-T O W3-come-PRS           husband-NOM come up         husband-iiOM</item>
    <item id="c50" line="93" tag="T">returned, she came back again.      Her husband arrived.       Her husband</item>
    <item id="c51" line="94" tag="B"/>
    <item id="c52" line="95" tag="M">221</item>
    <item id="c53" line="96" tag="B"/>
    <item id="c54" line="97" tag="L">puho-na           ia!    nne ka~na i-bb-na-u!         pon     ka-m</item>
    <item id="c55" line="98" tag="G">come up-PST        EX C food 1-P0S CL-PL-BEN-IM P hunger l-G L</item>
    <item id="c56" line="99" tag="T">having arrived, well! Bring me my food!</item>
    <item id="c57" line="100" tag="L">ha-f.     pon     ka-m ha-f.      nne ka-m i-bb-na-u !</item>
    <item id="c58" line="101" tag="G">affect-FRS     hunger 1-GL affect-VRS     food 1-GL CL-PL-BEN-IM P</item>
    <item id="c59" line="102" tag="T">J am hungry. I am hungry.                       Bring me my food!</item>
    <item id="c60" line="103" tag="L">o-na-n-6 haifo besei nne. nne-fa ne-fa nomot                    at</item>
    <item id="c61" line="104" tag="G">saz/-BEN-PST-D again what         food food-TO 2-T O earlier COM</item>
    <item id="c62" line="105" tag="T">what food again.        You have eaten your food</item>
    <item id="c63" line="106" tag="L">ne-ha-uagl-n.       ne-na auaia. auaia, nomot ka-fa ah-nei-nam</item>
    <item id="c64" line="107" tag="G">eat-HO-go-PST 2-POS no             no       earlier 1-TO Q-SRC-DER</item>
    <item id="c65" line="108" tag="T">earlier on.      Your food is gone.     No, when did I come earlier.</item>
    <item id="c66" line="109" tag="L">ha-pia-n.      ka-fa oh mugo          ha-pia fe-f.      ma ! be-f-auo</item>
    <item id="c67" line="110" tag="G">MO-come-PST 1-TO PX completely MO-come do-VRS EXC 2-EMP-EMP</item>
    <item id="c68" line="111" tag="T">It is only now that I arrive here.      Oh! You stay on</item>
    <item id="c69" line="112" tag="L">ale-la-u!       ka toad-m 161-nbg</item>
    <item id="c70" line="113 114" tag="G+CR">s£ai/-EMP-lMP 1        boys-GL talk-in vain</item>
    <item id="c72" line="115" tag="T">your own!         I talked to the boys</item>
    <item id="c73" line="116" tag="L">fe-seloh-n-e-n-b.      ka toad-m 161-nbg</item>
    <item id="c74" line="117" tag="G">do-in yain-BEN/NS-LNK-PST-DUR 1            boys-GL talk-in vain</item>
    <item id="c75" line="118" tag="G">in vain.                            I talked and talked</item>
    <item id="c76" line="119" tag="L">fe-seloh-n-e-n-b , mag ha-pia ha-pia, auaia,</item>
    <item id="c77" line="120" tag="G">do-in yain-BEN/NS-LNK-PST-DUR one MO-come MO-come no</item>
    <item id="c78" line="121" tag="T">to the boys in vain, one is coming or not, but no, the boys simply</item>
    <item id="c79" line="122" tag="L">toad agu-pa fi-n.                ka ka-f-auo-suo ha-pia. ed-uo.</item>
    <item id="c80" line="123" tag="G">boys ear-? do-PST                       1-EMP-EMP-EMP VO-come PX-T O</item>
    <item id="c81" line="124" tag="M">1</item>
    <item id="c82" line="125" tag="T">listened, but did not come. I came on my own.                     And then.</item>
    <item id="c83" line="126" tag="L">ief-ia-m.      nne ed-nei ne-n-b         ief-ia-m utafo.</item>
    <item id="c84" line="127" tag="G">house-LOC-GL      food PX-SR C eat-PST-DUR house-LOC-GL go</item>
    <item id="c85" line="128" tag="T">Homeward.         He ate that food and then went home.</item>
    <item id="c86" line="129" tag="L">e-uagl-ual. ief-ia-m e-uagl-ual-na-ba, si-nam-fa</item>
    <item id="c87" line="130 131" tag="G+CR">UL-go-DL      house-LOC-GL Dh-go-DL-PST-TO    night-DER-TO</item>
    <item id="c89" line="132" tag="T">They went.     Having gone home, at night she was</item>
    <item id="c90" line="133" tag="L">iaha-fna. si-nam iaha-na-ba, tela-1      sabeha-na koual-e.</item>
    <item id="c91" line="134" tag="G">die-PRO night-DER die-PST-TO husband-non magic-IN S cut-D</item>
    <item id="c92" line="135" tag="T">dying.     She having died at night, her husband worked magic.</item>
    <item id="c93" line="136" tag="L">toad-m abo      fe-na-6 mugo       fe-na-o mugo        defo fe.</item>
    <item id="c94" line="137" tag="G">boys-GL simply do-PST-D completely &lt;2O~PST-D completely die do</item>
    <item id="c95" line="138" tag="T">The boys simply did, completely did, completely died.</item>
    <item id="c96" line="139" tag="L">ale hoi ale hoi toad-m mugo           defo.</item>
    <item id="c97" line="140" tag="G">stay NEG stay NEG boys-GL completely die</item>
    <item id="c98" line="141" tag="T">There was none of them, none of them left, all of the boys died.</item>
    <item id="c99" line="142" tag="L">ed-nei uus-ia koual-na-ba, mugo eg-t.</item>
    <item id="c100" line="143" tag="G">PX-SRC wrath-CAU cut-PST-TO one follow-CF</item>
    <item id="c101" line="144" tag="T">Because of that I worked magic, one should have followed her.</item>
  </tier>
  <tier id="p" type="phrases" content="c">
    <item id="p0" content="c1[0:63]"/>
    <item id="p1" content="c5[0:56]"/>
    <item id="p2" content="c9[0:53]"/>
    <item id="p3" content="c12[0:59]"/>
    <item id="p4" content="c16[0:53]"/>
    <item id="p5" content="c20[0:62]"/>
    <item id="p6" content="c24[0:65]"/>
    <item id="p7" content="c27[0:65]"/>
    <item id="p8" content="c30[0:71]"/>
    <item id="p9" content="c33[0:40]"/>
    <item id="p10" content="c36[0:56]"/>
    <item id="p11" content="c39[0:70]"/>
    <item id="p12" content="c42[0:63]"/>
    <item id="p13" content="c45[0:66]"/>
    <item id="p14" content="c48[0:62]"/>
    <item id="p15" content="c54[0:66]"/>
    <item id="p16" content="c57[0:54]"/>
    <item id="p17" content="c60[0:66]"/>
    <item id="p18" content="c63[0:62]"/>
    <item id="p19" content="c66[0:69]"/>
    <item id="p20" content="c69[0:33]"/>
    <item id="p21" content="c73[0:40]"/>
    <item id="p22" content="c76[0:44]"/>
    <item id="p23" content="c79[0:63]"/>
    <item id="p24" content="c83[0:56]"/>
    <item id="p25" content="c86[0:48]"/>
    <item id="p26" content="c90[0:59]"/>
    <item id="p27" content="c93[0:63]"/>
    <item id="p28" content="c96[0:43]"/>
    <item id="p29" content="c99[0:37]"/>
  </tier>
  <tier id="g" type="glosses" content="c">
    <item id="g0" content="c2[0:72]" alignment="p1"/>
    <item id="g1" content="c6[0:57]" alignment="p2"/>
    <item id="g2" content="c10[0:63]" alignment="p3"/>
    <item id="g3" content="c13[0:77]" alignment="p4"/>
    <item id="g4" content="c17[0:60]" alignment="p5"/>
    <item id="g5" content="c21[0:70]" alignment="p6"/>
    <item id="g6" content="c25[0:71]" alignment="p7"/>
    <item id="g7" content="c28[0:68]" alignment="p8"/>
    <item id="g8" content="c31[0:79]" alignment="p9"/>
    <item id="g9" content="c34[0:56]" alignment="p10"/>
    <item id="g10" content="c37[0:69]" alignment="p11"/>
    <item id="g11" content="c40[0:65]" alignment="p12"/>
    <item id="g12" content="c43[0:68]" alignment="p13"/>
    <item id="g13" content="c46[0:70]" alignment="p14"/>
    <item id="g14" content="c49[0:74]" alignment="p15"/>
    <item id="g15" content="c55[0:62]" alignment="p16"/>
    <item id="g16" content="c58[0:66]" alignment="p17"/>
    <item id="g17" content="c61[0:64]" alignment="p18"/>
    <item id="g18" content="c64[0:66]" alignment="p19"/>
    <item id="g19" content="c67[0:59]" alignment="p20"/>
    <item id="g20" content="c70[0:43]" alignment="p21"/>
    <item id="g21" content="c74[0:63]" alignment="p22"/>
    <item id="g22" content="c75[0:55]" alignment="p22"/>
    <item id="g23" content="c77[0:52]" alignment="p23"/>
    <item id="g24" content="c80[0:68]" alignment="p24"/>
    <item id="g25" content="c84[0:58]" alignment="p25"/>
    <item id="g26" content="c87[0:58]" alignment="p26"/>
    <item id="g27" content="c91[0:57]" alignment="p27"/>
    <item id="g28" content="c94[0:62]" alignment="p28"/>
    <item id="g29" content="c97[0:40]" alignment="p29"/>
    <item id="g30" content="c100[0:41]" alignment="p30"/>
  </tier>
  <tier id="t" type="translations" content="c">
    <item id="t0" content="c4[0:70]" alignment="p1"/>
    <item id="t1" content="c8[0:61]" alignment="p2"/>
    <item id="t2" content="c11[0:57]" alignment="p3"/>
    <item id="t3" content="c15[0:62]" alignment="p4"/>
    <item id="t4" content="c19[0:66]" alignment="p5"/>
    <item id="t5" content="c23[0:67]" alignment="p6"/>
    <item id="t6" content="c26[0:72]" alignment="p7"/>
    <item id="t7" content="c29[0:72]" alignment="p8"/>
    <item id="t8" content="c32[0:68]" alignment="p9"/>
    <item id="t9" content="c35[0:50]" alignment="p10"/>
    <item id="t10" content="c38[0:74]" alignment="p11"/>
    <item id="t11" content="c41[0:65]" alignment="p12"/>
    <item id="t12" content="c44[0:65]" alignment="p13"/>
    <item id="t13" content="c47[0:74]" alignment="p14"/>
    <item id="t14" content="c50[0:74]" alignment="p15"/>
    <item id="t15" content="c56[0:39]" alignment="p16"/>
    <item id="t16" content="c59[0:65]" alignment="p17"/>
    <item id="t17" content="c62[0:48]" alignment="p18"/>
    <item id="t18" content="c65[0:68]" alignment="p19"/>
    <item id="t19" content="c68[0:55]" alignment="p20"/>
    <item id="t20" content="c72[0:38]" alignment="p21"/>
    <item id="t21" content="c78[0:66]" alignment="p23"/>
    <item id="t22" content="c82[0:75]" alignment="p24"/>
    <item id="t23" content="c85[0:54]" alignment="p25"/>
    <item id="t24" content="c89[0:49]" alignment="p26"/>
    <item id="t25" content="c92[0:62]" alignment="p27"/>
    <item id="t26" content="c95[0:53]" alignment="p28"/>
    <item id="t27" content="c98[0:64]" alignment="p29"/>
    <item id="t28" content="c101[0:61]" alignment="p30"/>
  </tier>
</igt>
<igt id="i106235">
  <metadata type="xigt-meta">
    <meta type="language" name="imonda" iso-639-3="imn" tiers="phrases words morphemes"/>
    <meta type="language" name="English" iso-639-3="eng" tiers="translations"/>
    <meta type="odin-source" doc-id="1509" line-range="150-188" line-types="L G T L G+CR T L G T L G T L G T L G T L G+CR T L G+CR T L G+CR T L G T L G+CR T L G T L G+CR T"/>
  </metadata>
  <tier id="o" type="odin-raw">
    <item id="o1" line="150" tag="L">  40)    ne-m maga-t a - m sa h -no g      fe-selo h - n     -n .              mag n e s e</item>
    <item id="o2" line="151" tag="G">         2 -GL what-LOC-GL call-in vain do-in va£rz-BEN/NS-PST               one 2     NEG</item>
    <item id="o3" line="152" tag="T">         Why did she call out for you in vain.                                  Hone of you</item>
    <item id="o4" line="153" tag="L">  41)    eg      - i -me . sabeha-n a koual-e . ed-u o    semei a  segfi .</item>
    <item id="o5" line="154" tag="G+CR">         follow-PST-UEG magic -IN S cut    -D   PX-T O     morning bury</item>
    <item id="o6" line="155" tag="T">         followed her.    He worked magic.       Then next morning they buried                          her.</item>
    <item id="o7" line="156" tag="L">  42 )   semei a    kubu i segfi .                   pekama fi-n i    -ba ,</item>
    <item id="o8" line="157" tag="G">         morning   INT     bury                       grave   do-PST-T O</item>
    <item id="o9" line="158" tag="T">         Early morning they buried her.              Having dug the grave *</item>
    <item id="o10" line="159" tag="L">  43)    segfi .                    segfi-n i -ba ,        feth e -n a haif o fb f -n i -ba .</item>
    <item id="o11" line="160" tag="G">         bury                        bury -PST-TO            ground-INS again couer-PST-T O</item>
    <item id="o12" line="161" tag="T">         they buried her.            Having buried her.     Having covered the grave again</item>
    <item id="o13" line="162" tag="L">  44)                   ief .                   ie f   nibie-ni .</item>
    <item id="o14" line="163" tag="G">                        house                     house build-BEN</item>
    <item id="o15" line="164" tag="T">         with soil.     Next the      house.      They built a house      for her.</item>
    <item id="o16" line="165" tag="L">  45 )   nn e   sobsab a fi-n i - n -b .           ueb , neg a -mo . os o    -i a -ne i</item>
    <item id="o17" line="166" tag="G">         food cut        &lt;fo-BEN-PST-DUR            yam think-COU     garden-LOC-SBC</item>
    <item id="o18" line="167" tag="T">         They cut garden food for her.           Yam* and -- er --. From the garden</item>
    <item id="o19" line="168" tag="L">  46 )   atha ,        poi ,          safa .       ed-ne i sobsab a fi-n i - n - b   ese-e .</item>
    <item id="o20" line="169" tag="G+CR">         sugarcane    pitpit        taro           PX-SR C cut      cfc?-BEN-PST-DUR EXC-D</item>
    <item id="o21" line="170" tag="T">         sugarcane,   pitpit and taro.               They were cutting this, and then.</item>
    <item id="o22" line="171" tag="L">  47)    sebuhe- 1  mugo         uag l fe-na , ehe- f -su o haif o mugo</item>
    <item id="o23" line="172" tag="G+CR">         ghost -NOM completely go      do-vsT  3  -EMP-EM P again completely</item>
    <item id="o24" line="173" tag="T">         Her soul having gone altogether,     he himself married her again</item>
    <item id="o25" line="174" tag="L">  48)    ed-l a -g o f -ia , ed-l a -g o mena -m .     ed-l a -g o mugo</item>
    <item id="o26" line="175" tag="G+CR">         PX-area-E L  CL-get    "PX-area-EL road -LOC     VX-area-EL    completely</item>
    <item id="o27" line="176" tag="T">         down there, down there.                   Having altogether married her</item>
    <item id="o28" line="177" tag="L">  49 )   f -i a fe-n a -b a ehe- f    mugo         al e -ual .       al e -ual-n a -ba .</item>
    <item id="o29" line="178" tag="G">         CL-get dc?-PST-TO 3      -EMP completely stay-DL           stay-UL -PST-T O</item>
    <item id="o30" line="179" tag="T">         down there, the two of them stayed there.                   Having   stayed    there.</item>
    <item id="o31" line="180" tag="L">  50)    ed-nei-m , tel a  -1    sabeh a koual-n a -ba , i d -m ,</item>
    <item id="o32" line="181" tag="G+CR">         PX-SRC-G L husband-n&lt;M magic cut    -PST-T O men-GL</item>
    <item id="o33" line="182" tag="T">         Those,  her husband having worked magic,    the men,</item>
    <item id="o34" line="183" tag="L">  51)    i d ag o -n a toad-m ,         ed-nei- m segfi-ula-f .    fe- n -b .</item>
    <item id="o35" line="184" tag="G">         men women-vos boys-GL          PX-SRC-GL bury -INT-PR S &lt;&amp;?-PST-DU R</item>
    <item id="o36" line="185" tag="T">         the sons of the people, those they buried.               They did this.</item>
    <item id="o37" line="186" tag="L">  52)    mugo          def o fe .      human-pul-ga s      al e -fna .               e m tasol .</item>
    <item id="o38" line="187" tag="G+CR">         completely die    do         inlaw-?   -EMP       stay-PR O</item>
    <item id="o39" line="188" tag="T">         They had all died.              Only their relatives lived on.              That   is   it .</item>
  </tier>
  <tier id="c" type="odin-clean">
    <item id="c1" line="150" tag="L">ne-m maga-t a-m sa h-no g      fe-selo h-n-n .              mag n e s e</item>
    <item id="c2" line="151" tag="G">2-GL what-LOC-GL call-in vain do-in va£rz-BEN/NS-PST               one 2     NEG</item>
    <item id="c3" line="152" tag="T">Why did she call out for you in vain.                                  Hone of you</item>
    <item id="c4" line="153" tag="L">eg-i-me . sabeha-n a koual-e . ed-u o    semei a  segfi .</item>
    <item id="c5" line="154" tag="G+CR">follow-PST-UEG magic-IN S cut-D   PX-T O     morning bury</item>
    <item id="c6" line="155" tag="T">followed her.    He worked magic.       Then next morning they buried                          her.</item>
    <item id="c7" line="156" tag="L">42 )   semei a    kubu i segfi .                   pekama fi-n i-ba ,</item>
    <item id="c8" line="157" tag="G">morning   INT     bury                       grave   do-PST-T O</item>
    <item id="c9" line="158" tag="T">Early morning they buried her.              Having dug the grave *</item>
    <item id="c10" line="159" tag="L">segfi .                    segfi-n i-ba ,        feth e-n a haif o fb f-n i-ba .</item>
    <item id="c11" line="160" tag="G">bury                        bury-PST-TO            ground-INS again couer-PST-T O</item>
    <item id="c12" line="161" tag="T">they buried her.            Having buried her.     Having covered the grave again</item>
    <item id="c13" line="162" tag="L">ief .                   ie f   nibie-ni .</item>
    <item id="c14" line="163" tag="G">house                     house build-BEN</item>
    <item id="c15" line="164" tag="T">with soil.     Next the      house.      They built a house      for her.</item>
    <item id="c16" line="165" tag="L">45 )   nn e   sobsab a fi-n i-n-b .           ueb , neg a-mo . os o-i a-ne i</item>
    <item id="c17" line="166" tag="G">food cut        &lt;fo-BEN-PST-DUR            yam think-COU     garden-LOC-SBC</item>
    <item id="c18" line="167" tag="T">They cut garden food for her.           Yam* and--er--. From the garden</item>
    <item id="c19" line="168" tag="L">46 )   atha ,        poi ,          safa .       ed-ne i sobsab a fi-n i-n-b   ese-e .</item>
    <item id="c20" line="169" tag="G+CR">sugarcane    pitpit        taro           PX-SR C cut      cfc?-BEN-PST-DUR EXC-D</item>
    <item id="c21" line="170" tag="T">sugarcane,   pitpit and taro.               They were cutting this, and then.</item>
    <item id="c22" line="171" tag="L">sebuhe-1  mugo         uag l fe-na , ehe-f-su o haif o mugo</item>
    <item id="c23" line="172" tag="G+CR">ghost-NOM completely go      do-vsT  3-EMP-EM P again completely</item>
    <item id="c24" line="173" tag="T">Her soul having gone altogether,     he himself married her again</item>
    <item id="c25" line="174" tag="L">ed-l a-g o f-ia , ed-l a-g o mena-m .     ed-l a-g o mugo</item>
    <item id="c26" line="175" tag="G+CR">PX-area-E L  CL-get    "PX-area-EL road-LOC     VX-area-EL    completely</item>
    <item id="c27" line="176" tag="T">down there, down there.                   Having altogether married her</item>
    <item id="c28" line="177" tag="L">49 )   f-i a fe-n a-b a ehe-f    mugo         al e-ual .       al e-ual-n a-ba .</item>
    <item id="c29" line="178" tag="G">CL-get dc?-PST-TO 3-EMP completely stay-DL           stay-UL-PST-T O</item>
    <item id="c30" line="179" tag="T">down there, the two of them stayed there.                   Having   stayed    there.</item>
    <item id="c31" line="180" tag="L">ed-nei-m , tel a-1    sabeh a koual-n a-ba , i d-m ,</item>
    <item id="c32" line="181" tag="G+CR">PX-SRC-G L husband-n&lt;M magic cut-PST-T O men-GL</item>
    <item id="c33" line="182" tag="T">Those,  her husband having worked magic,    the men,</item>
    <item id="c34" line="183" tag="L">i d ag o-n a toad-m ,         ed-nei-m segfi-ula-f .    fe-n-b .</item>
    <item id="c35" line="184" tag="G">men women-vos boys-GL          PX-SRC-GL bury-INT-PR S &lt;&amp;?-PST-DU R</item>
    <item id="c36" line="185" tag="T">the sons of the people, those they buried.               They did this.</item>
    <item id="c37" line="186" tag="L">mugo          def o fe .      human-pul-ga s      al e-fna .               e m tasol .</item>
    <item id="c38" line="187" tag="G+CR">completely die    do         inlaw-?-EMP       stay-PR O</item>
    <item id="c39" line="188" tag="T">They had all died.              Only their relatives lived on.              That   is   it .</item>
  </tier>
  <tier id="p" type="phrases" content="c">
    <item id="p0" content="c1[0:71]"/>
    <item id="p1" content="c4[0:57]"/>
    <item id="p2" content="c7[0:69]"/>
    <item id="p3" content="c10[0:80]"/>
    <item id="p4" content="c13[0:41]"/>
    <item id="p5" content="c16[0:76]"/>
    <item id="p6" content="c19[0:86]"/>
    <item id="p7" content="c22[0:59]"/>
    <item id="p8" content="c25[0:57]"/>
    <item id="p9" content="c28[0:80]"/>
    <item id="p10" content="c31[0:52]"/>
    <item id="p11" content="c34[0:64]"/>
    <item id="p12" content="c37[0:86]"/>
  </tier>
  <tier id="g" type="glosses" content="c">
    <item id="g0" content="c2[0:80]" alignment="p1"/>
    <item id="g1" content="c5[0:57]" alignment="p2"/>
    <item id="g2" content="c8[0:63]" alignment="p3"/>
    <item id="g3" content="c11[0:81]" alignment="p4"/>
    <item id="g4" content="c14[0:41]" alignment="p5"/>
    <item id="g5" content="c17[0:75]" alignment="p6"/>
    <item id="g6" content="c20[0:81]" alignment="p7"/>
    <item id="g7" content="c23[0:64]" alignment="p8"/>
    <item id="g8" content="c26[0:72]" alignment="p9"/>
    <item id="g9" content="c29[0:68]" alignment="p10"/>
    <item id="g10" content="c32[0:47]" alignment="p11"/>
    <item id="g11" content="c35[0:67]" alignment="p12"/>
    <item id="g12" content="c38[0:56]" alignment="p13"/>
  </tier>
  <tier id="t" type="translations" content="c">
    <item id="t0" content="c3[0:82]" alignment="p1"/>
    <item id="t1" content="c6[0:99]" alignment="p2"/>
    <item id="t2" content="c9[0:66]" alignment="p3"/>
    <item id="t3" content="c12[0:81]" alignment="p4"/>
    <item id="t4" content="c15[0:73]" alignment="p5"/>
    <item id="t5" content="c18[0:71]" alignment="p6"/>
    <item id="t6" content="c21[0:77]" alignment="p7"/>
    <item id="t7" content="c24[0:65]" alignment="p8"/>
    <item id="t8" content="c27[0:71]" alignment="p9"/>
    <item id="t9" content="c30[0:85]" alignment="p10"/>
    <item id="t10" content="c33[0:52]" alignment="p11"/>
    <item id="t11" content="c36[0:71]" alignment="p12"/>
    <item id="t12" content="c39[0:92]" alignment="p13"/>
  </tier>
</igt>
</xigt-corpus>
