<?xml version="1.0" encoding="UTF-8"?>
<xigt-corpus>
<igt id="i17858">
  <metadata type="xigt-meta">
    <meta type="language" name="iraqw" iso-639-3="irk" tiers="phrases words morphemes"/>
    <meta type="language" name="English" iso-639-3="eng" tiers="translations"/>
    <meta type="odin-source" doc-id="1605" line-range="70-73" line-types="M+AC+LN+CN L G T"/>
  </metadata>
  <tier id="o" type="odin-raw">
    <item id="o1" line="70" tag="M+AC+LN+CN">  (2)   monosyndeti     c: Iraqw (Mous°, ex. 29)</item>
    <item id="o2" line="71" tag="L">        kwa/angw        nee du'uma</item>
    <item id="o3" line="72" tag="G">        hare            and leopard</item>
    <item id="o4" line="73" tag="T">        'the hare and   the leopard'</item>
  </tier>
  <tier id="c" type="odin-clean">
    <item id="c1" line="70" tag="M+AC+LN+CN">monosyndeti     c: Iraqw (Mous°, ex. 29</item>
    <item id="c2" line="71" tag="L">kwa/angw        nee du'uma</item>
    <item id="c3" line="72" tag="G">hare            and leopard</item>
    <item id="c4" line="73" tag="T">the hare and   the leopard</item>
  </tier>
  <tier id="p" type="phrases" content="c">
    <item id="p0" content="c2[0:26]"/>
  </tier>
  <tier id="g" type="glosses" content="c">
    <item id="g0" content="c3[0:27]" alignment="p1"/>
  </tier>
  <tier id="t" type="translations" content="c">
    <item id="t0" content="c4[0:26]" alignment="p1"/>
  </tier>
</igt>
<igt id="i17860">
  <metadata type="xigt-meta">
    <meta type="language" name="iraqw" iso-639-3="irk" tiers="phrases words morphemes"/>
    <meta type="language" name="English" iso-639-3="eng" tiers="translations"/>
    <meta type="odin-source" doc-id="1605" line-range="87-90" line-types="M+AC+LN+CN L G T"/>
  </metadata>
  <tier id="o" type="odin-raw">
    <item id="o1" line="87" tag="M+AC+LN+CN">  (4)   monosyndetic: Iraqw (Mous°, ex. 16)</item>
    <item id="o2" line="88" tag="L">        Kwermuhl, nee Tlawi, nee Dongobesh, nee Haydom nee Daudi</item>
    <item id="o3" line="89" tag="G">        Kwermuhl and Tlawi and Dongobesh and Haydom and Daudi</item>
    <item id="o4" line="90" tag="T">        `Kwermuhl, Tlawi, Dongobesh, Haydom, and Daudi [place names]'</item>
  </tier>
  <tier id="c" type="odin-clean">
    <item id="c1" line="87" tag="M+AC+LN+CN">Iraqw (Mous°, ex. 16</item>
    <item id="c2" line="88" tag="L">Kwermuhl, nee Tlawi, nee Dongobesh, nee Haydom nee Daudi</item>
    <item id="c3" line="89" tag="G">Kwermuhl and Tlawi and Dongobesh and Haydom and Daudi</item>
    <item id="c4" line="90" tag="T">Kwermuhl, Tlawi, Dongobesh, Haydom, and Daudi [place names]</item>
  </tier>
  <tier id="p" type="phrases" content="c">
    <item id="p0" content="c2[0:56]"/>
  </tier>
  <tier id="g" type="glosses" content="c">
    <item id="g0" content="c3[0:53]" alignment="p1"/>
  </tier>
  <tier id="t" type="translations" content="c">
    <item id="t0" content="c4[0:59]" alignment="p1"/>
  </tier>
</igt>
<igt id="i17865">
  <metadata type="xigt-meta">
    <meta type="language" name="iraqw" iso-639-3="irk" tiers="phrases words morphemes"/>
    <meta type="language" name="English" iso-639-3="eng" tiers="translations"/>
    <meta type="odin-source" doc-id="1605" line-range="140-143" line-types="M+AC+LN+CN L G T"/>
  </metadata>
  <tier id="o" type="odin-raw">
    <item id="o1" line="140" tag="M+AC+LN+CN">  (9)   disjunction: Iraqw (Mous°, ex. 17)</item>
    <item id="o2" line="141" tag="L">        tsíiyáhh laqáa tám laqáa tsár</item>
    <item id="o3" line="142" tag="G">        four      or     three or      two</item>
    <item id="o4" line="143" tag="T">        'four or three or two'</item>
  </tier>
  <tier id="c" type="odin-clean">
    <item id="c1" line="140" tag="M+AC+LN+CN">Iraqw (Mous°, ex. 17</item>
    <item id="c2" line="141" tag="L">tsíiyáhh laqáa tám laqáa tsár</item>
    <item id="c3" line="142" tag="G">four      or     three or      two</item>
    <item id="c4" line="143" tag="T">four or three or two</item>
  </tier>
  <tier id="p" type="phrases" content="c">
    <item id="p0" content="c2[0:29]"/>
  </tier>
  <tier id="g" type="glosses" content="c">
    <item id="g0" content="c3[0:34]" alignment="p1"/>
  </tier>
  <tier id="t" type="translations" content="c">
    <item id="t0" content="c4[0:20]" alignment="p1"/>
  </tier>
</igt>
<igt id="i17869">
  <metadata type="xigt-meta">
    <meta type="language" name="iraqw" iso-639-3="irk" tiers="phrases words morphemes"/>
    <meta type="language" name="English" iso-639-3="eng" tiers="translations"/>
    <meta type="odin-source" doc-id="1605" line-range="233-236" line-types="M+AC+LN L G T"/>
  </metadata>
  <tier id="o" type="odin-raw">
    <item id="o1" line="233" tag="M+AC+LN">       b. Iraqw (Mous°, ex. 35)</item>
    <item id="o2" line="234" tag="L">          nee     masoomo bir-ta               doog-iyé'        laqáa dasi...</item>
    <item id="o3" line="235" tag="G">          with youth       COND-REC:PERF meet-3PL:PAST or              gi rl</item>
    <item id="o4" line="236" tag="T">          `If he meets a youth or a girl, ...'</item>
  </tier>
  <tier id="c" type="odin-clean">
    <item id="c1" line="233" tag="M+AC+LN">Iraqw (Mous°, ex. 35)</item>
    <item id="c2" line="234" tag="L">nee     masoomo bir-ta               doog-iyé'        laqáa dasi...</item>
    <item id="c3" line="235" tag="G">with youth       COND-REC:PERF meet-3PL:PAST or              gi rl</item>
    <item id="c4" line="236" tag="T">If he meets a youth or a girl, ...</item>
  </tier>
  <tier id="p" type="phrases" content="c">
    <item id="p0" content="c2[0:67]"/>
  </tier>
  <tier id="g" type="glosses" content="c">
    <item id="g0" content="c3[0:66]" alignment="p1"/>
  </tier>
  <tier id="t" type="translations" content="c">
    <item id="t0" content="c4[0:34]" alignment="p1"/>
  </tier>
</igt>
<igt id="i17893">
  <metadata type="xigt-meta">
    <meta type="language" name="iraqw" iso-639-3="irk" tiers="phrases words morphemes"/>
    <meta type="language" name="English" iso-639-3="eng" tiers="translations"/>
    <meta type="odin-source" doc-id="1605" line-range="634-638" line-types="M+AC+LN L G T T+AL"/>
  </metadata>
  <tier id="o" type="odin-raw">
    <item id="o1" line="634" tag="M+AC+LN">  (32) Iraqw (Mous°, ex. 11)</item>
    <item id="o2" line="635" tag="L">       Muu-dá'      nee dama-r-ín          ta-ri    waráahh.</item>
    <item id="o3" line="636" tag="G">       people-DEM4 and calf-F-3PL.POSS IMPS-NAR pass:PAS                  T</item>
    <item id="o4" line="637" tag="T">       `Those people and their cattle passed.'</item>
    <item id="o5" line="638" tag="T+AL">       Or: `Those people passed with their cattle.'</item>
  </tier>
  <tier id="c" type="odin-clean">
    <item id="c1" line="634" tag="M+AC+LN">Iraqw (Mous°, ex. 11</item>
    <item id="c2" line="635" tag="L">Muu-dá'      nee dama-r-ín          ta-ri    waráahh.</item>
    <item id="c3" line="636" tag="G">people-DEM4 and calf-F-3PL.POSS IMPS-NAR pass:PAS                  T</item>
    <item id="c4" line="637" tag="T">Those people and their cattle passed.</item>
    <item id="c5" line="638" tag="T+AL">`Those people passed with their cattle.</item>
  </tier>
  <tier id="p" type="phrases" content="c">
    <item id="p0" content="c2[0:53]"/>
  </tier>
  <tier id="g" type="glosses" content="c">
    <item id="g0" content="c3[0:68]" alignment="p1"/>
  </tier>
  <tier id="t" type="translations" content="c">
    <item id="t0" content="c4[0:37]" alignment="p1"/>
    <item id="t1" content="c5[0:39]" alignment="p1"/>
  </tier>
</igt>
<igt id="i49030">
  <metadata type="xigt-meta">
    <meta type="language" name="iraqw" iso-639-3="irk" tiers="phrases words morphemes"/>
    <meta type="language" name="English" iso-639-3="eng" tiers="translations"/>
    <meta type="odin-source" doc-id="3405" line-range="6742-6744" line-types="M+AC+LN M L-G"/>
  </metadata>
  <tier id="o" type="odin-raw">
    <item id="o1" line="6742" tag="M+AC+LN">  (128) Iraqw (Afro-Asiatic, Cushitic), (Mous 1992)</item>
    <item id="o2" line="6743" tag="M">        `come'</item>
    <item id="o3" line="6744" tag="L-G">        xawn      come here.2.SG.IND</item>
  </tier>
  <tier id="c" type="odin-clean">
    <item id="c1" line="6742" tag="M+AC+LN">Iraqw (Afro-Asiatic, Cushitic), (Mous 1992</item>
    <item id="c2" line="6743" tag="M">come</item>
    <item id="c3" line="6744" tag="L-G">xawn      come here.2.SG.IND</item>
  </tier>
</igt>
<igt id="i49031">
  <metadata type="xigt-meta">
    <meta type="language" name="iraqw" iso-639-3="irk" tiers="phrases words morphemes"/>
    <meta type="language" name="English" iso-639-3="eng" tiers="translations"/>
    <meta type="odin-source" doc-id="3405" line-range="6745-6746" line-types="G L"/>
  </metadata>
  <tier id="o" type="odin-raw">
    <item id="o1" line="6745" tag="G">                  come here.2.SG.IMP</item>
    <item id="o2" line="6746" tag="L">        xawé'</item>
  </tier>
  <tier id="c" type="odin-clean">
    <item id="c1" line="6745" tag="G">come here.2.SG.IMP</item>
    <item id="c2" line="6746" tag="L">xawé</item>
  </tier>
  <tier id="p" type="phrases" content="c">
    <item id="p0" content="c2[0:4]"/>
  </tier>
  <tier id="g" type="glosses" content="c">
    <item id="g0" content="c1[0:18]"/>
  </tier>
</igt>
<igt id="i49032">
  <metadata type="xigt-meta">
    <meta type="language" name="iraqw" iso-639-3="irk" tiers="phrases words morphemes"/>
    <meta type="language" name="English" iso-639-3="eng" tiers="translations"/>
    <meta type="odin-source" doc-id="3405" line-range="6747-6747" line-types="L-G"/>
  </metadata>
  <tier id="o" type="odin-raw">
    <item id="o1" line="6747" tag="L-G">        qwalá     come here.2.SG.IMP</item>
  </tier>
  <tier id="c" type="odin-clean">
    <item id="c1" line="6747" tag="L-G">qwalá     come here.2.SG.IMP</item>
  </tier>
</igt>
<igt id="i49058">
  <metadata type="xigt-meta">
    <meta type="language" name="iraqw" iso-639-3="irk" tiers="phrases words morphemes"/>
    <meta type="language" name="English" iso-639-3="eng" tiers="translations"/>
    <meta type="odin-source" doc-id="3405" line-range="6997-6998" line-types="L-T L+AL"/>
  </metadata>
  <tier id="o" type="odin-raw">
    <item id="o1" line="6997" tag="L-T">                      Iraqw                       xawn                  xawé'         `come'</item>
    <item id="o2" line="6998" tag="L+AL">                                                                        qwalá</item>
  </tier>
  <tier id="c" type="odin-clean">
    <item id="c1" line="6997" tag="L-T">Iraqw                       xawn                  xawé'         `come</item>
    <item id="c2" line="6998" tag="L+AL">qwalá</item>
  </tier>
  <tier id="p" type="phrases" content="c">
    <item id="p0" content="c2[0:5]"/>
  </tier>
</igt>
</xigt-corpus>
